dataset_id,repeat_id,fold_id,sample_id,split,class_label
GDS2771,1,1,GSM93997,train,no_cancer
GDS2771,1,1,GSM94077,train,no_cancer
GDS2771,1,1,GSM94078,train,no_cancer
GDS2771,1,1,GSM94080,train,no_cancer
GDS2771,1,1,GSM94082,train,no_cancer
GDS2771,1,1,GSM94083,train,no_cancer
GDS2771,1,1,GSM94084,train,no_cancer
GDS2771,1,1,GSM94085,train,no_cancer
GDS2771,1,1,GSM94086,train,no_cancer
GDS2771,1,1,GSM94087,train,no_cancer
GDS2771,1,1,GSM94088,train,no_cancer
GDS2771,1,1,GSM94089,train,no_cancer
GDS2771,1,1,GSM94090,train,no_cancer
GDS2771,1,1,GSM94091,train,no_cancer
GDS2771,1,1,GSM94092,train,no_cancer
GDS2771,1,1,GSM94093,train,no_cancer
GDS2771,1,1,GSM94094,train,no_cancer
GDS2771,1,1,GSM94095,train,no_cancer
GDS2771,1,1,GSM94096,train,no_cancer
GDS2771,1,1,GSM94097,train,no_cancer
GDS2771,1,1,GSM94099,train,no_cancer
GDS2771,1,1,GSM94100,train,no_cancer
GDS2771,1,1,GSM94101,train,no_cancer
GDS2771,1,1,GSM94102,train,no_cancer
GDS2771,1,1,GSM94103,train,no_cancer
GDS2771,1,1,GSM94104,train,no_cancer
GDS2771,1,1,GSM94105,train,no_cancer
GDS2771,1,1,GSM94106,train,no_cancer
GDS2771,1,1,GSM94107,train,no_cancer
GDS2771,1,1,GSM94108,train,no_cancer
GDS2771,1,1,GSM94109,train,no_cancer
GDS2771,1,1,GSM94110,train,no_cancer
GDS2771,1,1,GSM94111,train,no_cancer
GDS2771,1,1,GSM94113,train,no_cancer
GDS2771,1,1,GSM94114,train,no_cancer
GDS2771,1,1,GSM94115,train,no_cancer
GDS2771,1,1,GSM94116,train,no_cancer
GDS2771,1,1,GSM94117,train,no_cancer
GDS2771,1,1,GSM94119,train,no_cancer
GDS2771,1,1,GSM94120,train,no_cancer
GDS2771,1,1,GSM94121,train,no_cancer
GDS2771,1,1,GSM94122,train,no_cancer
GDS2771,1,1,GSM94123,train,no_cancer
GDS2771,1,1,GSM94124,train,no_cancer
GDS2771,1,1,GSM94125,train,no_cancer
GDS2771,1,1,GSM94126,train,no_cancer
GDS2771,1,1,GSM94127,train,no_cancer
GDS2771,1,1,GSM94128,train,no_cancer
GDS2771,1,1,GSM94129,train,no_cancer
GDS2771,1,1,GSM94130,train,no_cancer
GDS2771,1,1,GSM94131,train,no_cancer
GDS2771,1,1,GSM94132,train,no_cancer
GDS2771,1,1,GSM94133,train,no_cancer
GDS2771,1,1,GSM94135,train,no_cancer
GDS2771,1,1,GSM94136,train,no_cancer
GDS2771,1,1,GSM94137,train,no_cancer
GDS2771,1,1,GSM94138,train,no_cancer
GDS2771,1,1,GSM94139,train,no_cancer
GDS2771,1,1,GSM94140,train,no_cancer
GDS2771,1,1,GSM94141,train,no_cancer
GDS2771,1,1,GSM94142,train,no_cancer
GDS2771,1,1,GSM94144,train,no_cancer
GDS2771,1,1,GSM94145,train,no_cancer
GDS2771,1,1,GSM94146,train,no_cancer
GDS2771,1,1,GSM94147,train,no_cancer
GDS2771,1,1,GSM94148,train,no_cancer
GDS2771,1,1,GSM98785,train,no_cancer
GDS2771,1,1,GSM98787,train,no_cancer
GDS2771,1,1,GSM98788,train,no_cancer
GDS2771,1,1,GSM98789,train,no_cancer
GDS2771,1,1,GSM98790,train,no_cancer
GDS2771,1,1,GSM98791,train,no_cancer
GDS2771,1,1,GSM98792,train,no_cancer
GDS2771,1,1,GSM98793,train,no_cancer
GDS2771,1,1,GSM98794,train,no_cancer
GDS2771,1,1,GSM98795,train,no_cancer
GDS2771,1,1,GSM98796,train,no_cancer
GDS2771,1,1,GSM98797,train,no_cancer
GDS2771,1,1,GSM98798,train,no_cancer
GDS2771,1,1,GSM98799,train,no_cancer
GDS2771,1,1,GSM98801,train,no_cancer
GDS2771,1,1,GSM94019,train,cancer
GDS2771,1,1,GSM94020,train,cancer
GDS2771,1,1,GSM94021,train,cancer
GDS2771,1,1,GSM94022,train,cancer
GDS2771,1,1,GSM94023,train,cancer
GDS2771,1,1,GSM94024,train,cancer
GDS2771,1,1,GSM94025,train,cancer
GDS2771,1,1,GSM94026,train,cancer
GDS2771,1,1,GSM94027,train,cancer
GDS2771,1,1,GSM94029,train,cancer
GDS2771,1,1,GSM94030,train,cancer
GDS2771,1,1,GSM94031,train,cancer
GDS2771,1,1,GSM94032,train,cancer
GDS2771,1,1,GSM94034,train,cancer
GDS2771,1,1,GSM94035,train,cancer
GDS2771,1,1,GSM94036,train,cancer
GDS2771,1,1,GSM94037,train,cancer
GDS2771,1,1,GSM94039,train,cancer
GDS2771,1,1,GSM94040,train,cancer
GDS2771,1,1,GSM94041,train,cancer
GDS2771,1,1,GSM94042,train,cancer
GDS2771,1,1,GSM94043,train,cancer
GDS2771,1,1,GSM94044,train,cancer
GDS2771,1,1,GSM94046,train,cancer
GDS2771,1,1,GSM94047,train,cancer
GDS2771,1,1,GSM94048,train,cancer
GDS2771,1,1,GSM94049,train,cancer
GDS2771,1,1,GSM94050,train,cancer
GDS2771,1,1,GSM94052,train,cancer
GDS2771,1,1,GSM94053,train,cancer
GDS2771,1,1,GSM94054,train,cancer
GDS2771,1,1,GSM94055,train,cancer
GDS2771,1,1,GSM94056,train,cancer
GDS2771,1,1,GSM94057,train,cancer
GDS2771,1,1,GSM94058,train,cancer
GDS2771,1,1,GSM94059,train,cancer
GDS2771,1,1,GSM94060,train,cancer
GDS2771,1,1,GSM94061,train,cancer
GDS2771,1,1,GSM94062,train,cancer
GDS2771,1,1,GSM94064,train,cancer
GDS2771,1,1,GSM94065,train,cancer
GDS2771,1,1,GSM94066,train,cancer
GDS2771,1,1,GSM94067,train,cancer
GDS2771,1,1,GSM94068,train,cancer
GDS2771,1,1,GSM94069,train,cancer
GDS2771,1,1,GSM94070,train,cancer
GDS2771,1,1,GSM94071,train,cancer
GDS2771,1,1,GSM94072,train,cancer
GDS2771,1,1,GSM94073,train,cancer
GDS2771,1,1,GSM94074,train,cancer
GDS2771,1,1,GSM94075,train,cancer
GDS2771,1,1,GSM94155,train,cancer
GDS2771,1,1,GSM94156,train,cancer
GDS2771,1,1,GSM94157,train,cancer
GDS2771,1,1,GSM94160,train,cancer
GDS2771,1,1,GSM94161,train,cancer
GDS2771,1,1,GSM94162,train,cancer
GDS2771,1,1,GSM94163,train,cancer
GDS2771,1,1,GSM94164,train,cancer
GDS2771,1,1,GSM94165,train,cancer
GDS2771,1,1,GSM94167,train,cancer
GDS2771,1,1,GSM94168,train,cancer
GDS2771,1,1,GSM94169,train,cancer
GDS2771,1,1,GSM94170,train,cancer
GDS2771,1,1,GSM94171,train,cancer
GDS2771,1,1,GSM94172,train,cancer
GDS2771,1,1,GSM94173,train,cancer
GDS2771,1,1,GSM94174,train,cancer
GDS2771,1,1,GSM94176,train,cancer
GDS2771,1,1,GSM94178,train,cancer
GDS2771,1,1,GSM98767,train,cancer
GDS2771,1,1,GSM98768,train,cancer
GDS2771,1,1,GSM98769,train,cancer
GDS2771,1,1,GSM98770,train,cancer
GDS2771,1,1,GSM98771,train,cancer
GDS2771,1,1,GSM98772,train,cancer
GDS2771,1,1,GSM98773,train,cancer
GDS2771,1,1,GSM98774,train,cancer
GDS2771,1,1,GSM98775,train,cancer
GDS2771,1,1,GSM98776,train,cancer
GDS2771,1,1,GSM98777,train,cancer
GDS2771,1,1,GSM98778,train,cancer
GDS2771,1,1,GSM98779,train,cancer
GDS2771,1,1,GSM98780,train,cancer
GDS2771,1,1,GSM98781,train,cancer
GDS2771,1,1,GSM98782,train,cancer
GDS2771,1,1,GSM98784,train,cancer
GDS2771,1,1,GSM98871,train,cancer
GDS2771,1,1,GSM98872,train,cancer
GDS2771,1,1,GSM98874,train,cancer
GDS2771,1,1,GSM98875,train,cancer
GDS2771,1,1,GSM94079,test,no_cancer
GDS2771,1,1,GSM94081,test,no_cancer
GDS2771,1,1,GSM94098,test,no_cancer
GDS2771,1,1,GSM94112,test,no_cancer
GDS2771,1,1,GSM94118,test,no_cancer
GDS2771,1,1,GSM94134,test,no_cancer
GDS2771,1,1,GSM94143,test,no_cancer
GDS2771,1,1,GSM98786,test,no_cancer
GDS2771,1,1,GSM98800,test,no_cancer
GDS2771,1,1,GSM94028,test,cancer
GDS2771,1,1,GSM94033,test,cancer
GDS2771,1,1,GSM94038,test,cancer
GDS2771,1,1,GSM94045,test,cancer
GDS2771,1,1,GSM94051,test,cancer
GDS2771,1,1,GSM94063,test,cancer
GDS2771,1,1,GSM94166,test,cancer
GDS2771,1,1,GSM94175,test,cancer
GDS2771,1,1,GSM94177,test,cancer
GDS2771,1,1,GSM98783,test,cancer
GDS2771,1,1,GSM98873,test,cancer
GDS2771,1,2,GSM93997,train,no_cancer
GDS2771,1,2,GSM94077,train,no_cancer
GDS2771,1,2,GSM94078,train,no_cancer
GDS2771,1,2,GSM94079,train,no_cancer
GDS2771,1,2,GSM94080,train,no_cancer
GDS2771,1,2,GSM94081,train,no_cancer
GDS2771,1,2,GSM94083,train,no_cancer
GDS2771,1,2,GSM94084,train,no_cancer
GDS2771,1,2,GSM94085,train,no_cancer
GDS2771,1,2,GSM94086,train,no_cancer
GDS2771,1,2,GSM94087,train,no_cancer
GDS2771,1,2,GSM94088,train,no_cancer
GDS2771,1,2,GSM94089,train,no_cancer
GDS2771,1,2,GSM94090,train,no_cancer
GDS2771,1,2,GSM94091,train,no_cancer
GDS2771,1,2,GSM94092,train,no_cancer
GDS2771,1,2,GSM94093,train,no_cancer
GDS2771,1,2,GSM94094,train,no_cancer
GDS2771,1,2,GSM94095,train,no_cancer
GDS2771,1,2,GSM94096,train,no_cancer
GDS2771,1,2,GSM94097,train,no_cancer
GDS2771,1,2,GSM94098,train,no_cancer
GDS2771,1,2,GSM94099,train,no_cancer
GDS2771,1,2,GSM94100,train,no_cancer
GDS2771,1,2,GSM94102,train,no_cancer
GDS2771,1,2,GSM94103,train,no_cancer
GDS2771,1,2,GSM94104,train,no_cancer
GDS2771,1,2,GSM94105,train,no_cancer
GDS2771,1,2,GSM94106,train,no_cancer
GDS2771,1,2,GSM94108,train,no_cancer
GDS2771,1,2,GSM94109,train,no_cancer
GDS2771,1,2,GSM94111,train,no_cancer
GDS2771,1,2,GSM94112,train,no_cancer
GDS2771,1,2,GSM94113,train,no_cancer
GDS2771,1,2,GSM94114,train,no_cancer
GDS2771,1,2,GSM94115,train,no_cancer
GDS2771,1,2,GSM94116,train,no_cancer
GDS2771,1,2,GSM94117,train,no_cancer
GDS2771,1,2,GSM94118,train,no_cancer
GDS2771,1,2,GSM94119,train,no_cancer
GDS2771,1,2,GSM94120,train,no_cancer
GDS2771,1,2,GSM94121,train,no_cancer
GDS2771,1,2,GSM94122,train,no_cancer
GDS2771,1,2,GSM94123,train,no_cancer
GDS2771,1,2,GSM94124,train,no_cancer
GDS2771,1,2,GSM94125,train,no_cancer
GDS2771,1,2,GSM94126,train,no_cancer
GDS2771,1,2,GSM94127,train,no_cancer
GDS2771,1,2,GSM94128,train,no_cancer
GDS2771,1,2,GSM94129,train,no_cancer
GDS2771,1,2,GSM94130,train,no_cancer
GDS2771,1,2,GSM94131,train,no_cancer
GDS2771,1,2,GSM94132,train,no_cancer
GDS2771,1,2,GSM94133,train,no_cancer
GDS2771,1,2,GSM94134,train,no_cancer
GDS2771,1,2,GSM94135,train,no_cancer
GDS2771,1,2,GSM94136,train,no_cancer
GDS2771,1,2,GSM94137,train,no_cancer
GDS2771,1,2,GSM94138,train,no_cancer
GDS2771,1,2,GSM94140,train,no_cancer
GDS2771,1,2,GSM94141,train,no_cancer
GDS2771,1,2,GSM94142,train,no_cancer
GDS2771,1,2,GSM94143,train,no_cancer
GDS2771,1,2,GSM94144,train,no_cancer
GDS2771,1,2,GSM94145,train,no_cancer
GDS2771,1,2,GSM94146,train,no_cancer
GDS2771,1,2,GSM94147,train,no_cancer
GDS2771,1,2,GSM94148,train,no_cancer
GDS2771,1,2,GSM98785,train,no_cancer
GDS2771,1,2,GSM98786,train,no_cancer
GDS2771,1,2,GSM98787,train,no_cancer
GDS2771,1,2,GSM98789,train,no_cancer
GDS2771,1,2,GSM98790,train,no_cancer
GDS2771,1,2,GSM98791,train,no_cancer
GDS2771,1,2,GSM98792,train,no_cancer
GDS2771,1,2,GSM98793,train,no_cancer
GDS2771,1,2,GSM98794,train,no_cancer
GDS2771,1,2,GSM98795,train,no_cancer
GDS2771,1,2,GSM98798,train,no_cancer
GDS2771,1,2,GSM98799,train,no_cancer
GDS2771,1,2,GSM98800,train,no_cancer
GDS2771,1,2,GSM94019,train,cancer
GDS2771,1,2,GSM94020,train,cancer
GDS2771,1,2,GSM94021,train,cancer
GDS2771,1,2,GSM94022,train,cancer
GDS2771,1,2,GSM94023,train,cancer
GDS2771,1,2,GSM94024,train,cancer
GDS2771,1,2,GSM94025,train,cancer
GDS2771,1,2,GSM94026,train,cancer
GDS2771,1,2,GSM94027,train,cancer
GDS2771,1,2,GSM94028,train,cancer
GDS2771,1,2,GSM94029,train,cancer
GDS2771,1,2,GSM94031,train,cancer
GDS2771,1,2,GSM94032,train,cancer
GDS2771,1,2,GSM94033,train,cancer
GDS2771,1,2,GSM94034,train,cancer
GDS2771,1,2,GSM94035,train,cancer
GDS2771,1,2,GSM94036,train,cancer
GDS2771,1,2,GSM94037,train,cancer
GDS2771,1,2,GSM94038,train,cancer
GDS2771,1,2,GSM94039,train,cancer
GDS2771,1,2,GSM94040,train,cancer
GDS2771,1,2,GSM94041,train,cancer
GDS2771,1,2,GSM94042,train,cancer
GDS2771,1,2,GSM94043,train,cancer
GDS2771,1,2,GSM94044,train,cancer
GDS2771,1,2,GSM94045,train,cancer
GDS2771,1,2,GSM94046,train,cancer
GDS2771,1,2,GSM94047,train,cancer
GDS2771,1,2,GSM94048,train,cancer
GDS2771,1,2,GSM94049,train,cancer
GDS2771,1,2,GSM94050,train,cancer
GDS2771,1,2,GSM94051,train,cancer
GDS2771,1,2,GSM94053,train,cancer
GDS2771,1,2,GSM94054,train,cancer
GDS2771,1,2,GSM94055,train,cancer
GDS2771,1,2,GSM94056,train,cancer
GDS2771,1,2,GSM94057,train,cancer
GDS2771,1,2,GSM94058,train,cancer
GDS2771,1,2,GSM94059,train,cancer
GDS2771,1,2,GSM94060,train,cancer
GDS2771,1,2,GSM94061,train,cancer
GDS2771,1,2,GSM94063,train,cancer
GDS2771,1,2,GSM94065,train,cancer
GDS2771,1,2,GSM94067,train,cancer
GDS2771,1,2,GSM94068,train,cancer
GDS2771,1,2,GSM94069,train,cancer
GDS2771,1,2,GSM94072,train,cancer
GDS2771,1,2,GSM94073,train,cancer
GDS2771,1,2,GSM94074,train,cancer
GDS2771,1,2,GSM94075,train,cancer
GDS2771,1,2,GSM94155,train,cancer
GDS2771,1,2,GSM94156,train,cancer
GDS2771,1,2,GSM94160,train,cancer
GDS2771,1,2,GSM94162,train,cancer
GDS2771,1,2,GSM94163,train,cancer
GDS2771,1,2,GSM94164,train,cancer
GDS2771,1,2,GSM94165,train,cancer
GDS2771,1,2,GSM94166,train,cancer
GDS2771,1,2,GSM94167,train,cancer
GDS2771,1,2,GSM94168,train,cancer
GDS2771,1,2,GSM94169,train,cancer
GDS2771,1,2,GSM94170,train,cancer
GDS2771,1,2,GSM94171,train,cancer
GDS2771,1,2,GSM94172,train,cancer
GDS2771,1,2,GSM94173,train,cancer
GDS2771,1,2,GSM94174,train,cancer
GDS2771,1,2,GSM94175,train,cancer
GDS2771,1,2,GSM94176,train,cancer
GDS2771,1,2,GSM94177,train,cancer
GDS2771,1,2,GSM94178,train,cancer
GDS2771,1,2,GSM98767,train,cancer
GDS2771,1,2,GSM98768,train,cancer
GDS2771,1,2,GSM98769,train,cancer
GDS2771,1,2,GSM98771,train,cancer
GDS2771,1,2,GSM98772,train,cancer
GDS2771,1,2,GSM98773,train,cancer
GDS2771,1,2,GSM98774,train,cancer
GDS2771,1,2,GSM98775,train,cancer
GDS2771,1,2,GSM98776,train,cancer
GDS2771,1,2,GSM98777,train,cancer
GDS2771,1,2,GSM98779,train,cancer
GDS2771,1,2,GSM98780,train,cancer
GDS2771,1,2,GSM98781,train,cancer
GDS2771,1,2,GSM98782,train,cancer
GDS2771,1,2,GSM98783,train,cancer
GDS2771,1,2,GSM98784,train,cancer
GDS2771,1,2,GSM98871,train,cancer
GDS2771,1,2,GSM98872,train,cancer
GDS2771,1,2,GSM98873,train,cancer
GDS2771,1,2,GSM98874,train,cancer
GDS2771,1,2,GSM98875,train,cancer
GDS2771,1,2,GSM94082,test,no_cancer
GDS2771,1,2,GSM94101,test,no_cancer
GDS2771,1,2,GSM94107,test,no_cancer
GDS2771,1,2,GSM94110,test,no_cancer
GDS2771,1,2,GSM94139,test,no_cancer
GDS2771,1,2,GSM98788,test,no_cancer
GDS2771,1,2,GSM98796,test,no_cancer
GDS2771,1,2,GSM98797,test,no_cancer
GDS2771,1,2,GSM98801,test,no_cancer
GDS2771,1,2,GSM94030,test,cancer
GDS2771,1,2,GSM94052,test,cancer
GDS2771,1,2,GSM94062,test,cancer
GDS2771,1,2,GSM94064,test,cancer
GDS2771,1,2,GSM94066,test,cancer
GDS2771,1,2,GSM94070,test,cancer
GDS2771,1,2,GSM94071,test,cancer
GDS2771,1,2,GSM94157,test,cancer
GDS2771,1,2,GSM94161,test,cancer
GDS2771,1,2,GSM98770,test,cancer
GDS2771,1,2,GSM98778,test,cancer
GDS2771,1,3,GSM93997,train,no_cancer
GDS2771,1,3,GSM94077,train,no_cancer
GDS2771,1,3,GSM94078,train,no_cancer
GDS2771,1,3,GSM94079,train,no_cancer
GDS2771,1,3,GSM94080,train,no_cancer
GDS2771,1,3,GSM94081,train,no_cancer
GDS2771,1,3,GSM94082,train,no_cancer
GDS2771,1,3,GSM94083,train,no_cancer
GDS2771,1,3,GSM94084,train,no_cancer
GDS2771,1,3,GSM94085,train,no_cancer
GDS2771,1,3,GSM94089,train,no_cancer
GDS2771,1,3,GSM94090,train,no_cancer
GDS2771,1,3,GSM94091,train,no_cancer
GDS2771,1,3,GSM94092,train,no_cancer
GDS2771,1,3,GSM94093,train,no_cancer
GDS2771,1,3,GSM94094,train,no_cancer
GDS2771,1,3,GSM94095,train,no_cancer
GDS2771,1,3,GSM94096,train,no_cancer
GDS2771,1,3,GSM94097,train,no_cancer
GDS2771,1,3,GSM94098,train,no_cancer
GDS2771,1,3,GSM94099,train,no_cancer
GDS2771,1,3,GSM94100,train,no_cancer
GDS2771,1,3,GSM94101,train,no_cancer
GDS2771,1,3,GSM94103,train,no_cancer
GDS2771,1,3,GSM94104,train,no_cancer
GDS2771,1,3,GSM94105,train,no_cancer
GDS2771,1,3,GSM94106,train,no_cancer
GDS2771,1,3,GSM94107,train,no_cancer
GDS2771,1,3,GSM94108,train,no_cancer
GDS2771,1,3,GSM94110,train,no_cancer
GDS2771,1,3,GSM94111,train,no_cancer
GDS2771,1,3,GSM94112,train,no_cancer
GDS2771,1,3,GSM94113,train,no_cancer
GDS2771,1,3,GSM94114,train,no_cancer
GDS2771,1,3,GSM94115,train,no_cancer
GDS2771,1,3,GSM94116,train,no_cancer
GDS2771,1,3,GSM94117,train,no_cancer
GDS2771,1,3,GSM94118,train,no_cancer
GDS2771,1,3,GSM94119,train,no_cancer
GDS2771,1,3,GSM94121,train,no_cancer
GDS2771,1,3,GSM94122,train,no_cancer
GDS2771,1,3,GSM94123,train,no_cancer
GDS2771,1,3,GSM94125,train,no_cancer
GDS2771,1,3,GSM94126,train,no_cancer
GDS2771,1,3,GSM94127,train,no_cancer
GDS2771,1,3,GSM94128,train,no_cancer
GDS2771,1,3,GSM94129,train,no_cancer
GDS2771,1,3,GSM94130,train,no_cancer
GDS2771,1,3,GSM94131,train,no_cancer
GDS2771,1,3,GSM94132,train,no_cancer
GDS2771,1,3,GSM94133,train,no_cancer
GDS2771,1,3,GSM94134,train,no_cancer
GDS2771,1,3,GSM94135,train,no_cancer
GDS2771,1,3,GSM94136,train,no_cancer
GDS2771,1,3,GSM94137,train,no_cancer
GDS2771,1,3,GSM94138,train,no_cancer
GDS2771,1,3,GSM94139,train,no_cancer
GDS2771,1,3,GSM94140,train,no_cancer
GDS2771,1,3,GSM94142,train,no_cancer
GDS2771,1,3,GSM94143,train,no_cancer
GDS2771,1,3,GSM94144,train,no_cancer
GDS2771,1,3,GSM94145,train,no_cancer
GDS2771,1,3,GSM94146,train,no_cancer
GDS2771,1,3,GSM94147,train,no_cancer
GDS2771,1,3,GSM98785,train,no_cancer
GDS2771,1,3,GSM98786,train,no_cancer
GDS2771,1,3,GSM98787,train,no_cancer
GDS2771,1,3,GSM98788,train,no_cancer
GDS2771,1,3,GSM98789,train,no_cancer
GDS2771,1,3,GSM98790,train,no_cancer
GDS2771,1,3,GSM98791,train,no_cancer
GDS2771,1,3,GSM98792,train,no_cancer
GDS2771,1,3,GSM98793,train,no_cancer
GDS2771,1,3,GSM98794,train,no_cancer
GDS2771,1,3,GSM98795,train,no_cancer
GDS2771,1,3,GSM98796,train,no_cancer
GDS2771,1,3,GSM98797,train,no_cancer
GDS2771,1,3,GSM98798,train,no_cancer
GDS2771,1,3,GSM98799,train,no_cancer
GDS2771,1,3,GSM98800,train,no_cancer
GDS2771,1,3,GSM98801,train,no_cancer
GDS2771,1,3,GSM94019,train,cancer
GDS2771,1,3,GSM94020,train,cancer
GDS2771,1,3,GSM94022,train,cancer
GDS2771,1,3,GSM94023,train,cancer
GDS2771,1,3,GSM94024,train,cancer
GDS2771,1,3,GSM94025,train,cancer
GDS2771,1,3,GSM94026,train,cancer
GDS2771,1,3,GSM94027,train,cancer
GDS2771,1,3,GSM94028,train,cancer
GDS2771,1,3,GSM94029,train,cancer
GDS2771,1,3,GSM94030,train,cancer
GDS2771,1,3,GSM94031,train,cancer
GDS2771,1,3,GSM94032,train,cancer
GDS2771,1,3,GSM94033,train,cancer
GDS2771,1,3,GSM94034,train,cancer
GDS2771,1,3,GSM94035,train,cancer
GDS2771,1,3,GSM94036,train,cancer
GDS2771,1,3,GSM94037,train,cancer
GDS2771,1,3,GSM94038,train,cancer
GDS2771,1,3,GSM94039,train,cancer
GDS2771,1,3,GSM94040,train,cancer
GDS2771,1,3,GSM94041,train,cancer
GDS2771,1,3,GSM94042,train,cancer
GDS2771,1,3,GSM94043,train,cancer
GDS2771,1,3,GSM94044,train,cancer
GDS2771,1,3,GSM94045,train,cancer
GDS2771,1,3,GSM94046,train,cancer
GDS2771,1,3,GSM94047,train,cancer
GDS2771,1,3,GSM94048,train,cancer
GDS2771,1,3,GSM94049,train,cancer
GDS2771,1,3,GSM94050,train,cancer
GDS2771,1,3,GSM94051,train,cancer
GDS2771,1,3,GSM94052,train,cancer
GDS2771,1,3,GSM94053,train,cancer
GDS2771,1,3,GSM94054,train,cancer
GDS2771,1,3,GSM94055,train,cancer
GDS2771,1,3,GSM94056,train,cancer
GDS2771,1,3,GSM94057,train,cancer
GDS2771,1,3,GSM94058,train,cancer
GDS2771,1,3,GSM94059,train,cancer
GDS2771,1,3,GSM94060,train,cancer
GDS2771,1,3,GSM94061,train,cancer
GDS2771,1,3,GSM94062,train,cancer
GDS2771,1,3,GSM94063,train,cancer
GDS2771,1,3,GSM94064,train,cancer
GDS2771,1,3,GSM94065,train,cancer
GDS2771,1,3,GSM94066,train,cancer
GDS2771,1,3,GSM94067,train,cancer
GDS2771,1,3,GSM94068,train,cancer
GDS2771,1,3,GSM94069,train,cancer
GDS2771,1,3,GSM94070,train,cancer
GDS2771,1,3,GSM94071,train,cancer
GDS2771,1,3,GSM94072,train,cancer
GDS2771,1,3,GSM94073,train,cancer
GDS2771,1,3,GSM94074,train,cancer
GDS2771,1,3,GSM94075,train,cancer
GDS2771,1,3,GSM94156,train,cancer
GDS2771,1,3,GSM94157,train,cancer
GDS2771,1,3,GSM94160,train,cancer
GDS2771,1,3,GSM94161,train,cancer
GDS2771,1,3,GSM94162,train,cancer
GDS2771,1,3,GSM94163,train,cancer
GDS2771,1,3,GSM94164,train,cancer
GDS2771,1,3,GSM94165,train,cancer
GDS2771,1,3,GSM94166,train,cancer
GDS2771,1,3,GSM94167,train,cancer
GDS2771,1,3,GSM94170,train,cancer
GDS2771,1,3,GSM94171,train,cancer
GDS2771,1,3,GSM94172,train,cancer
GDS2771,1,3,GSM94173,train,cancer
GDS2771,1,3,GSM94175,train,cancer
GDS2771,1,3,GSM94176,train,cancer
GDS2771,1,3,GSM94177,train,cancer
GDS2771,1,3,GSM98767,train,cancer
GDS2771,1,3,GSM98768,train,cancer
GDS2771,1,3,GSM98769,train,cancer
GDS2771,1,3,GSM98770,train,cancer
GDS2771,1,3,GSM98771,train,cancer
GDS2771,1,3,GSM98772,train,cancer
GDS2771,1,3,GSM98773,train,cancer
GDS2771,1,3,GSM98775,train,cancer
GDS2771,1,3,GSM98777,train,cancer
GDS2771,1,3,GSM98778,train,cancer
GDS2771,1,3,GSM98779,train,cancer
GDS2771,1,3,GSM98780,train,cancer
GDS2771,1,3,GSM98781,train,cancer
GDS2771,1,3,GSM98783,train,cancer
GDS2771,1,3,GSM98784,train,cancer
GDS2771,1,3,GSM98871,train,cancer
GDS2771,1,3,GSM98872,train,cancer
GDS2771,1,3,GSM98873,train,cancer
GDS2771,1,3,GSM98874,train,cancer
GDS2771,1,3,GSM94086,test,no_cancer
GDS2771,1,3,GSM94087,test,no_cancer
GDS2771,1,3,GSM94088,test,no_cancer
GDS2771,1,3,GSM94102,test,no_cancer
GDS2771,1,3,GSM94109,test,no_cancer
GDS2771,1,3,GSM94120,test,no_cancer
GDS2771,1,3,GSM94124,test,no_cancer
GDS2771,1,3,GSM94141,test,no_cancer
GDS2771,1,3,GSM94148,test,no_cancer
GDS2771,1,3,GSM94021,test,cancer
GDS2771,1,3,GSM94155,test,cancer
GDS2771,1,3,GSM94168,test,cancer
GDS2771,1,3,GSM94169,test,cancer
GDS2771,1,3,GSM94174,test,cancer
GDS2771,1,3,GSM94178,test,cancer
GDS2771,1,3,GSM98774,test,cancer
GDS2771,1,3,GSM98776,test,cancer
GDS2771,1,3,GSM98782,test,cancer
GDS2771,1,3,GSM98875,test,cancer
GDS2771,1,4,GSM93997,train,no_cancer
GDS2771,1,4,GSM94077,train,no_cancer
GDS2771,1,4,GSM94078,train,no_cancer
GDS2771,1,4,GSM94079,train,no_cancer
GDS2771,1,4,GSM94080,train,no_cancer
GDS2771,1,4,GSM94081,train,no_cancer
GDS2771,1,4,GSM94082,train,no_cancer
GDS2771,1,4,GSM94083,train,no_cancer
GDS2771,1,4,GSM94084,train,no_cancer
GDS2771,1,4,GSM94085,train,no_cancer
GDS2771,1,4,GSM94086,train,no_cancer
GDS2771,1,4,GSM94087,train,no_cancer
GDS2771,1,4,GSM94088,train,no_cancer
GDS2771,1,4,GSM94090,train,no_cancer
GDS2771,1,4,GSM94091,train,no_cancer
GDS2771,1,4,GSM94092,train,no_cancer
GDS2771,1,4,GSM94093,train,no_cancer
GDS2771,1,4,GSM94094,train,no_cancer
GDS2771,1,4,GSM94095,train,no_cancer
GDS2771,1,4,GSM94096,train,no_cancer
GDS2771,1,4,GSM94097,train,no_cancer
GDS2771,1,4,GSM94098,train,no_cancer
GDS2771,1,4,GSM94099,train,no_cancer
GDS2771,1,4,GSM94100,train,no_cancer
GDS2771,1,4,GSM94101,train,no_cancer
GDS2771,1,4,GSM94102,train,no_cancer
GDS2771,1,4,GSM94103,train,no_cancer
GDS2771,1,4,GSM94105,train,no_cancer
GDS2771,1,4,GSM94106,train,no_cancer
GDS2771,1,4,GSM94107,train,no_cancer
GDS2771,1,4,GSM94108,train,no_cancer
GDS2771,1,4,GSM94109,train,no_cancer
GDS2771,1,4,GSM94110,train,no_cancer
GDS2771,1,4,GSM94111,train,no_cancer
GDS2771,1,4,GSM94112,train,no_cancer
GDS2771,1,4,GSM94113,train,no_cancer
GDS2771,1,4,GSM94115,train,no_cancer
GDS2771,1,4,GSM94116,train,no_cancer
GDS2771,1,4,GSM94117,train,no_cancer
GDS2771,1,4,GSM94118,train,no_cancer
GDS2771,1,4,GSM94119,train,no_cancer
GDS2771,1,4,GSM94120,train,no_cancer
GDS2771,1,4,GSM94121,train,no_cancer
GDS2771,1,4,GSM94122,train,no_cancer
GDS2771,1,4,GSM94124,train,no_cancer
GDS2771,1,4,GSM94125,train,no_cancer
GDS2771,1,4,GSM94126,train,no_cancer
GDS2771,1,4,GSM94127,train,no_cancer
GDS2771,1,4,GSM94128,train,no_cancer
GDS2771,1,4,GSM94129,train,no_cancer
GDS2771,1,4,GSM94130,train,no_cancer
GDS2771,1,4,GSM94132,train,no_cancer
GDS2771,1,4,GSM94133,train,no_cancer
GDS2771,1,4,GSM94134,train,no_cancer
GDS2771,1,4,GSM94135,train,no_cancer
GDS2771,1,4,GSM94136,train,no_cancer
GDS2771,1,4,GSM94137,train,no_cancer
GDS2771,1,4,GSM94138,train,no_cancer
GDS2771,1,4,GSM94139,train,no_cancer
GDS2771,1,4,GSM94140,train,no_cancer
GDS2771,1,4,GSM94141,train,no_cancer
GDS2771,1,4,GSM94143,train,no_cancer
GDS2771,1,4,GSM94144,train,no_cancer
GDS2771,1,4,GSM94146,train,no_cancer
GDS2771,1,4,GSM94147,train,no_cancer
GDS2771,1,4,GSM94148,train,no_cancer
GDS2771,1,4,GSM98785,train,no_cancer
GDS2771,1,4,GSM98786,train,no_cancer
GDS2771,1,4,GSM98787,train,no_cancer
GDS2771,1,4,GSM98788,train,no_cancer
GDS2771,1,4,GSM98789,train,no_cancer
GDS2771,1,4,GSM98790,train,no_cancer
GDS2771,1,4,GSM98791,train,no_cancer
GDS2771,1,4,GSM98792,train,no_cancer
GDS2771,1,4,GSM98793,train,no_cancer
GDS2771,1,4,GSM98794,train,no_cancer
GDS2771,1,4,GSM98796,train,no_cancer
GDS2771,1,4,GSM98797,train,no_cancer
GDS2771,1,4,GSM98798,train,no_cancer
GDS2771,1,4,GSM98800,train,no_cancer
GDS2771,1,4,GSM98801,train,no_cancer
GDS2771,1,4,GSM94019,train,cancer
GDS2771,1,4,GSM94020,train,cancer
GDS2771,1,4,GSM94021,train,cancer
GDS2771,1,4,GSM94022,train,cancer
GDS2771,1,4,GSM94023,train,cancer
GDS2771,1,4,GSM94025,train,cancer
GDS2771,1,4,GSM94027,train,cancer
GDS2771,1,4,GSM94028,train,cancer
GDS2771,1,4,GSM94029,train,cancer
GDS2771,1,4,GSM94030,train,cancer
GDS2771,1,4,GSM94031,train,cancer
GDS2771,1,4,GSM94032,train,cancer
GDS2771,1,4,GSM94033,train,cancer
GDS2771,1,4,GSM94034,train,cancer
GDS2771,1,4,GSM94035,train,cancer
GDS2771,1,4,GSM94036,train,cancer
GDS2771,1,4,GSM94037,train,cancer
GDS2771,1,4,GSM94038,train,cancer
GDS2771,1,4,GSM94040,train,cancer
GDS2771,1,4,GSM94041,train,cancer
GDS2771,1,4,GSM94042,train,cancer
GDS2771,1,4,GSM94043,train,cancer
GDS2771,1,4,GSM94044,train,cancer
GDS2771,1,4,GSM94045,train,cancer
GDS2771,1,4,GSM94046,train,cancer
GDS2771,1,4,GSM94047,train,cancer
GDS2771,1,4,GSM94048,train,cancer
GDS2771,1,4,GSM94049,train,cancer
GDS2771,1,4,GSM94050,train,cancer
GDS2771,1,4,GSM94051,train,cancer
GDS2771,1,4,GSM94052,train,cancer
GDS2771,1,4,GSM94053,train,cancer
GDS2771,1,4,GSM94054,train,cancer
GDS2771,1,4,GSM94055,train,cancer
GDS2771,1,4,GSM94056,train,cancer
GDS2771,1,4,GSM94057,train,cancer
GDS2771,1,4,GSM94058,train,cancer
GDS2771,1,4,GSM94059,train,cancer
GDS2771,1,4,GSM94060,train,cancer
GDS2771,1,4,GSM94061,train,cancer
GDS2771,1,4,GSM94062,train,cancer
GDS2771,1,4,GSM94063,train,cancer
GDS2771,1,4,GSM94064,train,cancer
GDS2771,1,4,GSM94065,train,cancer
GDS2771,1,4,GSM94066,train,cancer
GDS2771,1,4,GSM94067,train,cancer
GDS2771,1,4,GSM94068,train,cancer
GDS2771,1,4,GSM94069,train,cancer
GDS2771,1,4,GSM94070,train,cancer
GDS2771,1,4,GSM94071,train,cancer
GDS2771,1,4,GSM94072,train,cancer
GDS2771,1,4,GSM94073,train,cancer
GDS2771,1,4,GSM94075,train,cancer
GDS2771,1,4,GSM94155,train,cancer
GDS2771,1,4,GSM94156,train,cancer
GDS2771,1,4,GSM94157,train,cancer
GDS2771,1,4,GSM94160,train,cancer
GDS2771,1,4,GSM94161,train,cancer
GDS2771,1,4,GSM94163,train,cancer
GDS2771,1,4,GSM94164,train,cancer
GDS2771,1,4,GSM94165,train,cancer
GDS2771,1,4,GSM94166,train,cancer
GDS2771,1,4,GSM94167,train,cancer
GDS2771,1,4,GSM94168,train,cancer
GDS2771,1,4,GSM94169,train,cancer
GDS2771,1,4,GSM94174,train,cancer
GDS2771,1,4,GSM94175,train,cancer
GDS2771,1,4,GSM94176,train,cancer
GDS2771,1,4,GSM94177,train,cancer
GDS2771,1,4,GSM94178,train,cancer
GDS2771,1,4,GSM98767,train,cancer
GDS2771,1,4,GSM98768,train,cancer
GDS2771,1,4,GSM98769,train,cancer
GDS2771,1,4,GSM98770,train,cancer
GDS2771,1,4,GSM98771,train,cancer
GDS2771,1,4,GSM98772,train,cancer
GDS2771,1,4,GSM98773,train,cancer
GDS2771,1,4,GSM98774,train,cancer
GDS2771,1,4,GSM98776,train,cancer
GDS2771,1,4,GSM98777,train,cancer
GDS2771,1,4,GSM98778,train,cancer
GDS2771,1,4,GSM98779,train,cancer
GDS2771,1,4,GSM98780,train,cancer
GDS2771,1,4,GSM98781,train,cancer
GDS2771,1,4,GSM98782,train,cancer
GDS2771,1,4,GSM98783,train,cancer
GDS2771,1,4,GSM98784,train,cancer
GDS2771,1,4,GSM98871,train,cancer
GDS2771,1,4,GSM98872,train,cancer
GDS2771,1,4,GSM98873,train,cancer
GDS2771,1,4,GSM98874,train,cancer
GDS2771,1,4,GSM98875,train,cancer
GDS2771,1,4,GSM94089,test,no_cancer
GDS2771,1,4,GSM94104,test,no_cancer
GDS2771,1,4,GSM94114,test,no_cancer
GDS2771,1,4,GSM94123,test,no_cancer
GDS2771,1,4,GSM94131,test,no_cancer
GDS2771,1,4,GSM94142,test,no_cancer
GDS2771,1,4,GSM94145,test,no_cancer
GDS2771,1,4,GSM98795,test,no_cancer
GDS2771,1,4,GSM98799,test,no_cancer
GDS2771,1,4,GSM94024,test,cancer
GDS2771,1,4,GSM94026,test,cancer
GDS2771,1,4,GSM94039,test,cancer
GDS2771,1,4,GSM94074,test,cancer
GDS2771,1,4,GSM94162,test,cancer
GDS2771,1,4,GSM94170,test,cancer
GDS2771,1,4,GSM94171,test,cancer
GDS2771,1,4,GSM94172,test,cancer
GDS2771,1,4,GSM94173,test,cancer
GDS2771,1,4,GSM98775,test,cancer
GDS2771,1,5,GSM93997,train,no_cancer
GDS2771,1,5,GSM94077,train,no_cancer
GDS2771,1,5,GSM94078,train,no_cancer
GDS2771,1,5,GSM94079,train,no_cancer
GDS2771,1,5,GSM94080,train,no_cancer
GDS2771,1,5,GSM94081,train,no_cancer
GDS2771,1,5,GSM94082,train,no_cancer
GDS2771,1,5,GSM94083,train,no_cancer
GDS2771,1,5,GSM94084,train,no_cancer
GDS2771,1,5,GSM94085,train,no_cancer
GDS2771,1,5,GSM94086,train,no_cancer
GDS2771,1,5,GSM94087,train,no_cancer
GDS2771,1,5,GSM94088,train,no_cancer
GDS2771,1,5,GSM94089,train,no_cancer
GDS2771,1,5,GSM94091,train,no_cancer
GDS2771,1,5,GSM94093,train,no_cancer
GDS2771,1,5,GSM94094,train,no_cancer
GDS2771,1,5,GSM94096,train,no_cancer
GDS2771,1,5,GSM94097,train,no_cancer
GDS2771,1,5,GSM94098,train,no_cancer
GDS2771,1,5,GSM94099,train,no_cancer
GDS2771,1,5,GSM94100,train,no_cancer
GDS2771,1,5,GSM94101,train,no_cancer
GDS2771,1,5,GSM94102,train,no_cancer
GDS2771,1,5,GSM94103,train,no_cancer
GDS2771,1,5,GSM94104,train,no_cancer
GDS2771,1,5,GSM94105,train,no_cancer
GDS2771,1,5,GSM94107,train,no_cancer
GDS2771,1,5,GSM94108,train,no_cancer
GDS2771,1,5,GSM94109,train,no_cancer
GDS2771,1,5,GSM94110,train,no_cancer
GDS2771,1,5,GSM94111,train,no_cancer
GDS2771,1,5,GSM94112,train,no_cancer
GDS2771,1,5,GSM94113,train,no_cancer
GDS2771,1,5,GSM94114,train,no_cancer
GDS2771,1,5,GSM94115,train,no_cancer
GDS2771,1,5,GSM94116,train,no_cancer
GDS2771,1,5,GSM94117,train,no_cancer
GDS2771,1,5,GSM94118,train,no_cancer
GDS2771,1,5,GSM94119,train,no_cancer
GDS2771,1,5,GSM94120,train,no_cancer
GDS2771,1,5,GSM94121,train,no_cancer
GDS2771,1,5,GSM94122,train,no_cancer
GDS2771,1,5,GSM94123,train,no_cancer
GDS2771,1,5,GSM94124,train,no_cancer
GDS2771,1,5,GSM94125,train,no_cancer
GDS2771,1,5,GSM94126,train,no_cancer
GDS2771,1,5,GSM94127,train,no_cancer
GDS2771,1,5,GSM94128,train,no_cancer
GDS2771,1,5,GSM94129,train,no_cancer
GDS2771,1,5,GSM94131,train,no_cancer
GDS2771,1,5,GSM94132,train,no_cancer
GDS2771,1,5,GSM94133,train,no_cancer
GDS2771,1,5,GSM94134,train,no_cancer
GDS2771,1,5,GSM94135,train,no_cancer
GDS2771,1,5,GSM94136,train,no_cancer
GDS2771,1,5,GSM94137,train,no_cancer
GDS2771,1,5,GSM94138,train,no_cancer
GDS2771,1,5,GSM94139,train,no_cancer
GDS2771,1,5,GSM94140,train,no_cancer
GDS2771,1,5,GSM94141,train,no_cancer
GDS2771,1,5,GSM94142,train,no_cancer
GDS2771,1,5,GSM94143,train,no_cancer
GDS2771,1,5,GSM94144,train,no_cancer
GDS2771,1,5,GSM94145,train,no_cancer
GDS2771,1,5,GSM94146,train,no_cancer
GDS2771,1,5,GSM94148,train,no_cancer
GDS2771,1,5,GSM98785,train,no_cancer
GDS2771,1,5,GSM98786,train,no_cancer
GDS2771,1,5,GSM98787,train,no_cancer
GDS2771,1,5,GSM98788,train,no_cancer
GDS2771,1,5,GSM98789,train,no_cancer
GDS2771,1,5,GSM98790,train,no_cancer
GDS2771,1,5,GSM98791,train,no_cancer
GDS2771,1,5,GSM98794,train,no_cancer
GDS2771,1,5,GSM98795,train,no_cancer
GDS2771,1,5,GSM98796,train,no_cancer
GDS2771,1,5,GSM98797,train,no_cancer
GDS2771,1,5,GSM98799,train,no_cancer
GDS2771,1,5,GSM98800,train,no_cancer
GDS2771,1,5,GSM98801,train,no_cancer
GDS2771,1,5,GSM94020,train,cancer
GDS2771,1,5,GSM94021,train,cancer
GDS2771,1,5,GSM94022,train,cancer
GDS2771,1,5,GSM94023,train,cancer
GDS2771,1,5,GSM94024,train,cancer
GDS2771,1,5,GSM94025,train,cancer
GDS2771,1,5,GSM94026,train,cancer
GDS2771,1,5,GSM94027,train,cancer
GDS2771,1,5,GSM94028,train,cancer
GDS2771,1,5,GSM94029,train,cancer
GDS2771,1,5,GSM94030,train,cancer
GDS2771,1,5,GSM94031,train,cancer
GDS2771,1,5,GSM94032,train,cancer
GDS2771,1,5,GSM94033,train,cancer
GDS2771,1,5,GSM94034,train,cancer
GDS2771,1,5,GSM94035,train,cancer
GDS2771,1,5,GSM94036,train,cancer
GDS2771,1,5,GSM94038,train,cancer
GDS2771,1,5,GSM94039,train,cancer
GDS2771,1,5,GSM94040,train,cancer
GDS2771,1,5,GSM94041,train,cancer
GDS2771,1,5,GSM94042,train,cancer
GDS2771,1,5,GSM94043,train,cancer
GDS2771,1,5,GSM94044,train,cancer
GDS2771,1,5,GSM94045,train,cancer
GDS2771,1,5,GSM94046,train,cancer
GDS2771,1,5,GSM94047,train,cancer
GDS2771,1,5,GSM94048,train,cancer
GDS2771,1,5,GSM94050,train,cancer
GDS2771,1,5,GSM94051,train,cancer
GDS2771,1,5,GSM94052,train,cancer
GDS2771,1,5,GSM94053,train,cancer
GDS2771,1,5,GSM94054,train,cancer
GDS2771,1,5,GSM94055,train,cancer
GDS2771,1,5,GSM94056,train,cancer
GDS2771,1,5,GSM94057,train,cancer
GDS2771,1,5,GSM94058,train,cancer
GDS2771,1,5,GSM94059,train,cancer
GDS2771,1,5,GSM94060,train,cancer
GDS2771,1,5,GSM94061,train,cancer
GDS2771,1,5,GSM94062,train,cancer
GDS2771,1,5,GSM94063,train,cancer
GDS2771,1,5,GSM94064,train,cancer
GDS2771,1,5,GSM94065,train,cancer
GDS2771,1,5,GSM94066,train,cancer
GDS2771,1,5,GSM94067,train,cancer
GDS2771,1,5,GSM94068,train,cancer
GDS2771,1,5,GSM94070,train,cancer
GDS2771,1,5,GSM94071,train,cancer
GDS2771,1,5,GSM94072,train,cancer
GDS2771,1,5,GSM94073,train,cancer
GDS2771,1,5,GSM94074,train,cancer
GDS2771,1,5,GSM94155,train,cancer
GDS2771,1,5,GSM94157,train,cancer
GDS2771,1,5,GSM94160,train,cancer
GDS2771,1,5,GSM94161,train,cancer
GDS2771,1,5,GSM94162,train,cancer
GDS2771,1,5,GSM94163,train,cancer
GDS2771,1,5,GSM94164,train,cancer
GDS2771,1,5,GSM94165,train,cancer
GDS2771,1,5,GSM94166,train,cancer
GDS2771,1,5,GSM94167,train,cancer
GDS2771,1,5,GSM94168,train,cancer
GDS2771,1,5,GSM94169,train,cancer
GDS2771,1,5,GSM94170,train,cancer
GDS2771,1,5,GSM94171,train,cancer
GDS2771,1,5,GSM94172,train,cancer
GDS2771,1,5,GSM94173,train,cancer
GDS2771,1,5,GSM94174,train,cancer
GDS2771,1,5,GSM94175,train,cancer
GDS2771,1,5,GSM94176,train,cancer
GDS2771,1,5,GSM94177,train,cancer
GDS2771,1,5,GSM94178,train,cancer
GDS2771,1,5,GSM98768,train,cancer
GDS2771,1,5,GSM98769,train,cancer
GDS2771,1,5,GSM98770,train,cancer
GDS2771,1,5,GSM98771,train,cancer
GDS2771,1,5,GSM98772,train,cancer
GDS2771,1,5,GSM98774,train,cancer
GDS2771,1,5,GSM98775,train,cancer
GDS2771,1,5,GSM98776,train,cancer
GDS2771,1,5,GSM98777,train,cancer
GDS2771,1,5,GSM98778,train,cancer
GDS2771,1,5,GSM98779,train,cancer
GDS2771,1,5,GSM98780,train,cancer
GDS2771,1,5,GSM98782,train,cancer
GDS2771,1,5,GSM98783,train,cancer
GDS2771,1,5,GSM98784,train,cancer
GDS2771,1,5,GSM98872,train,cancer
GDS2771,1,5,GSM98873,train,cancer
GDS2771,1,5,GSM98874,train,cancer
GDS2771,1,5,GSM98875,train,cancer
GDS2771,1,5,GSM94090,test,no_cancer
GDS2771,1,5,GSM94092,test,no_cancer
GDS2771,1,5,GSM94095,test,no_cancer
GDS2771,1,5,GSM94106,test,no_cancer
GDS2771,1,5,GSM94130,test,no_cancer
GDS2771,1,5,GSM94147,test,no_cancer
GDS2771,1,5,GSM98792,test,no_cancer
GDS2771,1,5,GSM98793,test,no_cancer
GDS2771,1,5,GSM98798,test,no_cancer
GDS2771,1,5,GSM94019,test,cancer
GDS2771,1,5,GSM94037,test,cancer
GDS2771,1,5,GSM94049,test,cancer
GDS2771,1,5,GSM94069,test,cancer
GDS2771,1,5,GSM94075,test,cancer
GDS2771,1,5,GSM94156,test,cancer
GDS2771,1,5,GSM98767,test,cancer
GDS2771,1,5,GSM98773,test,cancer
GDS2771,1,5,GSM98781,test,cancer
GDS2771,1,5,GSM98871,test,cancer
GDS2771,1,6,GSM93997,train,no_cancer
GDS2771,1,6,GSM94077,train,no_cancer
GDS2771,1,6,GSM94078,train,no_cancer
GDS2771,1,6,GSM94079,train,no_cancer
GDS2771,1,6,GSM94081,train,no_cancer
GDS2771,1,6,GSM94082,train,no_cancer
GDS2771,1,6,GSM94083,train,no_cancer
GDS2771,1,6,GSM94086,train,no_cancer
GDS2771,1,6,GSM94087,train,no_cancer
GDS2771,1,6,GSM94088,train,no_cancer
GDS2771,1,6,GSM94089,train,no_cancer
GDS2771,1,6,GSM94090,train,no_cancer
GDS2771,1,6,GSM94091,train,no_cancer
GDS2771,1,6,GSM94092,train,no_cancer
GDS2771,1,6,GSM94093,train,no_cancer
GDS2771,1,6,GSM94095,train,no_cancer
GDS2771,1,6,GSM94096,train,no_cancer
GDS2771,1,6,GSM94097,train,no_cancer
GDS2771,1,6,GSM94098,train,no_cancer
GDS2771,1,6,GSM94099,train,no_cancer
GDS2771,1,6,GSM94100,train,no_cancer
GDS2771,1,6,GSM94101,train,no_cancer
GDS2771,1,6,GSM94102,train,no_cancer
GDS2771,1,6,GSM94103,train,no_cancer
GDS2771,1,6,GSM94104,train,no_cancer
GDS2771,1,6,GSM94105,train,no_cancer
GDS2771,1,6,GSM94106,train,no_cancer
GDS2771,1,6,GSM94107,train,no_cancer
GDS2771,1,6,GSM94108,train,no_cancer
GDS2771,1,6,GSM94109,train,no_cancer
GDS2771,1,6,GSM94110,train,no_cancer
GDS2771,1,6,GSM94111,train,no_cancer
GDS2771,1,6,GSM94112,train,no_cancer
GDS2771,1,6,GSM94114,train,no_cancer
GDS2771,1,6,GSM94115,train,no_cancer
GDS2771,1,6,GSM94116,train,no_cancer
GDS2771,1,6,GSM94117,train,no_cancer
GDS2771,1,6,GSM94118,train,no_cancer
GDS2771,1,6,GSM94119,train,no_cancer
GDS2771,1,6,GSM94120,train,no_cancer
GDS2771,1,6,GSM94121,train,no_cancer
GDS2771,1,6,GSM94122,train,no_cancer
GDS2771,1,6,GSM94123,train,no_cancer
GDS2771,1,6,GSM94124,train,no_cancer
GDS2771,1,6,GSM94125,train,no_cancer
GDS2771,1,6,GSM94126,train,no_cancer
GDS2771,1,6,GSM94130,train,no_cancer
GDS2771,1,6,GSM94131,train,no_cancer
GDS2771,1,6,GSM94132,train,no_cancer
GDS2771,1,6,GSM94133,train,no_cancer
GDS2771,1,6,GSM94134,train,no_cancer
GDS2771,1,6,GSM94135,train,no_cancer
GDS2771,1,6,GSM94137,train,no_cancer
GDS2771,1,6,GSM94138,train,no_cancer
GDS2771,1,6,GSM94139,train,no_cancer
GDS2771,1,6,GSM94140,train,no_cancer
GDS2771,1,6,GSM94141,train,no_cancer
GDS2771,1,6,GSM94142,train,no_cancer
GDS2771,1,6,GSM94143,train,no_cancer
GDS2771,1,6,GSM94144,train,no_cancer
GDS2771,1,6,GSM94145,train,no_cancer
GDS2771,1,6,GSM94146,train,no_cancer
GDS2771,1,6,GSM94147,train,no_cancer
GDS2771,1,6,GSM94148,train,no_cancer
GDS2771,1,6,GSM98785,train,no_cancer
GDS2771,1,6,GSM98786,train,no_cancer
GDS2771,1,6,GSM98787,train,no_cancer
GDS2771,1,6,GSM98788,train,no_cancer
GDS2771,1,6,GSM98789,train,no_cancer
GDS2771,1,6,GSM98790,train,no_cancer
GDS2771,1,6,GSM98791,train,no_cancer
GDS2771,1,6,GSM98792,train,no_cancer
GDS2771,1,6,GSM98793,train,no_cancer
GDS2771,1,6,GSM98794,train,no_cancer
GDS2771,1,6,GSM98795,train,no_cancer
GDS2771,1,6,GSM98796,train,no_cancer
GDS2771,1,6,GSM98797,train,no_cancer
GDS2771,1,6,GSM98798,train,no_cancer
GDS2771,1,6,GSM98799,train,no_cancer
GDS2771,1,6,GSM98800,train,no_cancer
GDS2771,1,6,GSM98801,train,no_cancer
GDS2771,1,6,GSM94019,train,cancer
GDS2771,1,6,GSM94020,train,cancer
GDS2771,1,6,GSM94021,train,cancer
GDS2771,1,6,GSM94022,train,cancer
GDS2771,1,6,GSM94023,train,cancer
GDS2771,1,6,GSM94024,train,cancer
GDS2771,1,6,GSM94025,train,cancer
GDS2771,1,6,GSM94026,train,cancer
GDS2771,1,6,GSM94028,train,cancer
GDS2771,1,6,GSM94029,train,cancer
GDS2771,1,6,GSM94030,train,cancer
GDS2771,1,6,GSM94032,train,cancer
GDS2771,1,6,GSM94033,train,cancer
GDS2771,1,6,GSM94034,train,cancer
GDS2771,1,6,GSM94035,train,cancer
GDS2771,1,6,GSM94036,train,cancer
GDS2771,1,6,GSM94037,train,cancer
GDS2771,1,6,GSM94038,train,cancer
GDS2771,1,6,GSM94039,train,cancer
GDS2771,1,6,GSM94042,train,cancer
GDS2771,1,6,GSM94043,train,cancer
GDS2771,1,6,GSM94044,train,cancer
GDS2771,1,6,GSM94045,train,cancer
GDS2771,1,6,GSM94047,train,cancer
GDS2771,1,6,GSM94048,train,cancer
GDS2771,1,6,GSM94049,train,cancer
GDS2771,1,6,GSM94051,train,cancer
GDS2771,1,6,GSM94052,train,cancer
GDS2771,1,6,GSM94053,train,cancer
GDS2771,1,6,GSM94054,train,cancer
GDS2771,1,6,GSM94055,train,cancer
GDS2771,1,6,GSM94056,train,cancer
GDS2771,1,6,GSM94057,train,cancer
GDS2771,1,6,GSM94058,train,cancer
GDS2771,1,6,GSM94059,train,cancer
GDS2771,1,6,GSM94060,train,cancer
GDS2771,1,6,GSM94061,train,cancer
GDS2771,1,6,GSM94062,train,cancer
GDS2771,1,6,GSM94063,train,cancer
GDS2771,1,6,GSM94064,train,cancer
GDS2771,1,6,GSM94065,train,cancer
GDS2771,1,6,GSM94066,train,cancer
GDS2771,1,6,GSM94067,train,cancer
GDS2771,1,6,GSM94068,train,cancer
GDS2771,1,6,GSM94069,train,cancer
GDS2771,1,6,GSM94070,train,cancer
GDS2771,1,6,GSM94071,train,cancer
GDS2771,1,6,GSM94073,train,cancer
GDS2771,1,6,GSM94074,train,cancer
GDS2771,1,6,GSM94075,train,cancer
GDS2771,1,6,GSM94155,train,cancer
GDS2771,1,6,GSM94156,train,cancer
GDS2771,1,6,GSM94157,train,cancer
GDS2771,1,6,GSM94160,train,cancer
GDS2771,1,6,GSM94161,train,cancer
GDS2771,1,6,GSM94162,train,cancer
GDS2771,1,6,GSM94164,train,cancer
GDS2771,1,6,GSM94165,train,cancer
GDS2771,1,6,GSM94166,train,cancer
GDS2771,1,6,GSM94167,train,cancer
GDS2771,1,6,GSM94168,train,cancer
GDS2771,1,6,GSM94169,train,cancer
GDS2771,1,6,GSM94170,train,cancer
GDS2771,1,6,GSM94171,train,cancer
GDS2771,1,6,GSM94172,train,cancer
GDS2771,1,6,GSM94173,train,cancer
GDS2771,1,6,GSM94174,train,cancer
GDS2771,1,6,GSM94175,train,cancer
GDS2771,1,6,GSM94176,train,cancer
GDS2771,1,6,GSM94177,train,cancer
GDS2771,1,6,GSM94178,train,cancer
GDS2771,1,6,GSM98767,train,cancer
GDS2771,1,6,GSM98768,train,cancer
GDS2771,1,6,GSM98769,train,cancer
GDS2771,1,6,GSM98770,train,cancer
GDS2771,1,6,GSM98771,train,cancer
GDS2771,1,6,GSM98772,train,cancer
GDS2771,1,6,GSM98773,train,cancer
GDS2771,1,6,GSM98774,train,cancer
GDS2771,1,6,GSM98775,train,cancer
GDS2771,1,6,GSM98776,train,cancer
GDS2771,1,6,GSM98777,train,cancer
GDS2771,1,6,GSM98778,train,cancer
GDS2771,1,6,GSM98779,train,cancer
GDS2771,1,6,GSM98781,train,cancer
GDS2771,1,6,GSM98782,train,cancer
GDS2771,1,6,GSM98783,train,cancer
GDS2771,1,6,GSM98784,train,cancer
GDS2771,1,6,GSM98871,train,cancer
GDS2771,1,6,GSM98872,train,cancer
GDS2771,1,6,GSM98873,train,cancer
GDS2771,1,6,GSM98875,train,cancer
GDS2771,1,6,GSM94080,test,no_cancer
GDS2771,1,6,GSM94084,test,no_cancer
GDS2771,1,6,GSM94085,test,no_cancer
GDS2771,1,6,GSM94094,test,no_cancer
GDS2771,1,6,GSM94113,test,no_cancer
GDS2771,1,6,GSM94127,test,no_cancer
GDS2771,1,6,GSM94128,test,no_cancer
GDS2771,1,6,GSM94129,test,no_cancer
GDS2771,1,6,GSM94136,test,no_cancer
GDS2771,1,6,GSM94027,test,cancer
GDS2771,1,6,GSM94031,test,cancer
GDS2771,1,6,GSM94040,test,cancer
GDS2771,1,6,GSM94041,test,cancer
GDS2771,1,6,GSM94046,test,cancer
GDS2771,1,6,GSM94050,test,cancer
GDS2771,1,6,GSM94072,test,cancer
GDS2771,1,6,GSM94163,test,cancer
GDS2771,1,6,GSM98780,test,cancer
GDS2771,1,6,GSM98874,test,cancer
GDS2771,1,7,GSM94077,train,no_cancer
GDS2771,1,7,GSM94078,train,no_cancer
GDS2771,1,7,GSM94079,train,no_cancer
GDS2771,1,7,GSM94080,train,no_cancer
GDS2771,1,7,GSM94081,train,no_cancer
GDS2771,1,7,GSM94082,train,no_cancer
GDS2771,1,7,GSM94083,train,no_cancer
GDS2771,1,7,GSM94084,train,no_cancer
GDS2771,1,7,GSM94085,train,no_cancer
GDS2771,1,7,GSM94086,train,no_cancer
GDS2771,1,7,GSM94087,train,no_cancer
GDS2771,1,7,GSM94088,train,no_cancer
GDS2771,1,7,GSM94089,train,no_cancer
GDS2771,1,7,GSM94090,train,no_cancer
GDS2771,1,7,GSM94092,train,no_cancer
GDS2771,1,7,GSM94094,train,no_cancer
GDS2771,1,7,GSM94095,train,no_cancer
GDS2771,1,7,GSM94097,train,no_cancer
GDS2771,1,7,GSM94098,train,no_cancer
GDS2771,1,7,GSM94099,train,no_cancer
GDS2771,1,7,GSM94100,train,no_cancer
GDS2771,1,7,GSM94101,train,no_cancer
GDS2771,1,7,GSM94102,train,no_cancer
GDS2771,1,7,GSM94103,train,no_cancer
GDS2771,1,7,GSM94104,train,no_cancer
GDS2771,1,7,GSM94105,train,no_cancer
GDS2771,1,7,GSM94106,train,no_cancer
GDS2771,1,7,GSM94107,train,no_cancer
GDS2771,1,7,GSM94108,train,no_cancer
GDS2771,1,7,GSM94109,train,no_cancer
GDS2771,1,7,GSM94110,train,no_cancer
GDS2771,1,7,GSM94111,train,no_cancer
GDS2771,1,7,GSM94112,train,no_cancer
GDS2771,1,7,GSM94113,train,no_cancer
GDS2771,1,7,GSM94114,train,no_cancer
GDS2771,1,7,GSM94115,train,no_cancer
GDS2771,1,7,GSM94116,train,no_cancer
GDS2771,1,7,GSM94118,train,no_cancer
GDS2771,1,7,GSM94119,train,no_cancer
GDS2771,1,7,GSM94120,train,no_cancer
GDS2771,1,7,GSM94121,train,no_cancer
GDS2771,1,7,GSM94122,train,no_cancer
GDS2771,1,7,GSM94123,train,no_cancer
GDS2771,1,7,GSM94124,train,no_cancer
GDS2771,1,7,GSM94125,train,no_cancer
GDS2771,1,7,GSM94127,train,no_cancer
GDS2771,1,7,GSM94128,train,no_cancer
GDS2771,1,7,GSM94129,train,no_cancer
GDS2771,1,7,GSM94130,train,no_cancer
GDS2771,1,7,GSM94131,train,no_cancer
GDS2771,1,7,GSM94132,train,no_cancer
GDS2771,1,7,GSM94133,train,no_cancer
GDS2771,1,7,GSM94134,train,no_cancer
GDS2771,1,7,GSM94135,train,no_cancer
GDS2771,1,7,GSM94136,train,no_cancer
GDS2771,1,7,GSM94137,train,no_cancer
GDS2771,1,7,GSM94138,train,no_cancer
GDS2771,1,7,GSM94139,train,no_cancer
GDS2771,1,7,GSM94140,train,no_cancer
GDS2771,1,7,GSM94141,train,no_cancer
GDS2771,1,7,GSM94142,train,no_cancer
GDS2771,1,7,GSM94143,train,no_cancer
GDS2771,1,7,GSM94144,train,no_cancer
GDS2771,1,7,GSM94145,train,no_cancer
GDS2771,1,7,GSM94147,train,no_cancer
GDS2771,1,7,GSM94148,train,no_cancer
GDS2771,1,7,GSM98785,train,no_cancer
GDS2771,1,7,GSM98786,train,no_cancer
GDS2771,1,7,GSM98788,train,no_cancer
GDS2771,1,7,GSM98789,train,no_cancer
GDS2771,1,7,GSM98790,train,no_cancer
GDS2771,1,7,GSM98792,train,no_cancer
GDS2771,1,7,GSM98793,train,no_cancer
GDS2771,1,7,GSM98794,train,no_cancer
GDS2771,1,7,GSM98795,train,no_cancer
GDS2771,1,7,GSM98796,train,no_cancer
GDS2771,1,7,GSM98797,train,no_cancer
GDS2771,1,7,GSM98798,train,no_cancer
GDS2771,1,7,GSM98799,train,no_cancer
GDS2771,1,7,GSM98800,train,no_cancer
GDS2771,1,7,GSM98801,train,no_cancer
GDS2771,1,7,GSM94019,train,cancer
GDS2771,1,7,GSM94020,train,cancer
GDS2771,1,7,GSM94021,train,cancer
GDS2771,1,7,GSM94022,train,cancer
GDS2771,1,7,GSM94023,train,cancer
GDS2771,1,7,GSM94024,train,cancer
GDS2771,1,7,GSM94026,train,cancer
GDS2771,1,7,GSM94027,train,cancer
GDS2771,1,7,GSM94028,train,cancer
GDS2771,1,7,GSM94029,train,cancer
GDS2771,1,7,GSM94030,train,cancer
GDS2771,1,7,GSM94031,train,cancer
GDS2771,1,7,GSM94032,train,cancer
GDS2771,1,7,GSM94033,train,cancer
GDS2771,1,7,GSM94034,train,cancer
GDS2771,1,7,GSM94035,train,cancer
GDS2771,1,7,GSM94036,train,cancer
GDS2771,1,7,GSM94037,train,cancer
GDS2771,1,7,GSM94038,train,cancer
GDS2771,1,7,GSM94039,train,cancer
GDS2771,1,7,GSM94040,train,cancer
GDS2771,1,7,GSM94041,train,cancer
GDS2771,1,7,GSM94043,train,cancer
GDS2771,1,7,GSM94044,train,cancer
GDS2771,1,7,GSM94045,train,cancer
GDS2771,1,7,GSM94046,train,cancer
GDS2771,1,7,GSM94049,train,cancer
GDS2771,1,7,GSM94050,train,cancer
GDS2771,1,7,GSM94051,train,cancer
GDS2771,1,7,GSM94052,train,cancer
GDS2771,1,7,GSM94053,train,cancer
GDS2771,1,7,GSM94054,train,cancer
GDS2771,1,7,GSM94057,train,cancer
GDS2771,1,7,GSM94058,train,cancer
GDS2771,1,7,GSM94060,train,cancer
GDS2771,1,7,GSM94061,train,cancer
GDS2771,1,7,GSM94062,train,cancer
GDS2771,1,7,GSM94063,train,cancer
GDS2771,1,7,GSM94064,train,cancer
GDS2771,1,7,GSM94066,train,cancer
GDS2771,1,7,GSM94067,train,cancer
GDS2771,1,7,GSM94069,train,cancer
GDS2771,1,7,GSM94070,train,cancer
GDS2771,1,7,GSM94071,train,cancer
GDS2771,1,7,GSM94072,train,cancer
GDS2771,1,7,GSM94073,train,cancer
GDS2771,1,7,GSM94074,train,cancer
GDS2771,1,7,GSM94075,train,cancer
GDS2771,1,7,GSM94155,train,cancer
GDS2771,1,7,GSM94156,train,cancer
GDS2771,1,7,GSM94157,train,cancer
GDS2771,1,7,GSM94161,train,cancer
GDS2771,1,7,GSM94162,train,cancer
GDS2771,1,7,GSM94163,train,cancer
GDS2771,1,7,GSM94164,train,cancer
GDS2771,1,7,GSM94165,train,cancer
GDS2771,1,7,GSM94166,train,cancer
GDS2771,1,7,GSM94167,train,cancer
GDS2771,1,7,GSM94168,train,cancer
GDS2771,1,7,GSM94169,train,cancer
GDS2771,1,7,GSM94170,train,cancer
GDS2771,1,7,GSM94171,train,cancer
GDS2771,1,7,GSM94172,train,cancer
GDS2771,1,7,GSM94173,train,cancer
GDS2771,1,7,GSM94174,train,cancer
GDS2771,1,7,GSM94175,train,cancer
GDS2771,1,7,GSM94176,train,cancer
GDS2771,1,7,GSM94177,train,cancer
GDS2771,1,7,GSM94178,train,cancer
GDS2771,1,7,GSM98767,train,cancer
GDS2771,1,7,GSM98768,train,cancer
GDS2771,1,7,GSM98769,train,cancer
GDS2771,1,7,GSM98770,train,cancer
GDS2771,1,7,GSM98771,train,cancer
GDS2771,1,7,GSM98772,train,cancer
GDS2771,1,7,GSM98773,train,cancer
GDS2771,1,7,GSM98774,train,cancer
GDS2771,1,7,GSM98775,train,cancer
GDS2771,1,7,GSM98776,train,cancer
GDS2771,1,7,GSM98777,train,cancer
GDS2771,1,7,GSM98778,train,cancer
GDS2771,1,7,GSM98779,train,cancer
GDS2771,1,7,GSM98780,train,cancer
GDS2771,1,7,GSM98781,train,cancer
GDS2771,1,7,GSM98782,train,cancer
GDS2771,1,7,GSM98783,train,cancer
GDS2771,1,7,GSM98784,train,cancer
GDS2771,1,7,GSM98871,train,cancer
GDS2771,1,7,GSM98872,train,cancer
GDS2771,1,7,GSM98873,train,cancer
GDS2771,1,7,GSM98874,train,cancer
GDS2771,1,7,GSM98875,train,cancer
GDS2771,1,7,GSM93997,test,no_cancer
GDS2771,1,7,GSM94091,test,no_cancer
GDS2771,1,7,GSM94093,test,no_cancer
GDS2771,1,7,GSM94096,test,no_cancer
GDS2771,1,7,GSM94117,test,no_cancer
GDS2771,1,7,GSM94126,test,no_cancer
GDS2771,1,7,GSM94146,test,no_cancer
GDS2771,1,7,GSM98787,test,no_cancer
GDS2771,1,7,GSM98791,test,no_cancer
GDS2771,1,7,GSM94025,test,cancer
GDS2771,1,7,GSM94042,test,cancer
GDS2771,1,7,GSM94047,test,cancer
GDS2771,1,7,GSM94048,test,cancer
GDS2771,1,7,GSM94055,test,cancer
GDS2771,1,7,GSM94056,test,cancer
GDS2771,1,7,GSM94059,test,cancer
GDS2771,1,7,GSM94065,test,cancer
GDS2771,1,7,GSM94068,test,cancer
GDS2771,1,7,GSM94160,test,cancer
GDS2771,1,8,GSM93997,train,no_cancer
GDS2771,1,8,GSM94077,train,no_cancer
GDS2771,1,8,GSM94078,train,no_cancer
GDS2771,1,8,GSM94079,train,no_cancer
GDS2771,1,8,GSM94080,train,no_cancer
GDS2771,1,8,GSM94081,train,no_cancer
GDS2771,1,8,GSM94082,train,no_cancer
GDS2771,1,8,GSM94084,train,no_cancer
GDS2771,1,8,GSM94085,train,no_cancer
GDS2771,1,8,GSM94086,train,no_cancer
GDS2771,1,8,GSM94087,train,no_cancer
GDS2771,1,8,GSM94088,train,no_cancer
GDS2771,1,8,GSM94089,train,no_cancer
GDS2771,1,8,GSM94090,train,no_cancer
GDS2771,1,8,GSM94091,train,no_cancer
GDS2771,1,8,GSM94092,train,no_cancer
GDS2771,1,8,GSM94093,train,no_cancer
GDS2771,1,8,GSM94094,train,no_cancer
GDS2771,1,8,GSM94095,train,no_cancer
GDS2771,1,8,GSM94096,train,no_cancer
GDS2771,1,8,GSM94098,train,no_cancer
GDS2771,1,8,GSM94099,train,no_cancer
GDS2771,1,8,GSM94100,train,no_cancer
GDS2771,1,8,GSM94101,train,no_cancer
GDS2771,1,8,GSM94102,train,no_cancer
GDS2771,1,8,GSM94104,train,no_cancer
GDS2771,1,8,GSM94105,train,no_cancer
GDS2771,1,8,GSM94106,train,no_cancer
GDS2771,1,8,GSM94107,train,no_cancer
GDS2771,1,8,GSM94108,train,no_cancer
GDS2771,1,8,GSM94109,train,no_cancer
GDS2771,1,8,GSM94110,train,no_cancer
GDS2771,1,8,GSM94112,train,no_cancer
GDS2771,1,8,GSM94113,train,no_cancer
GDS2771,1,8,GSM94114,train,no_cancer
GDS2771,1,8,GSM94116,train,no_cancer
GDS2771,1,8,GSM94117,train,no_cancer
GDS2771,1,8,GSM94118,train,no_cancer
GDS2771,1,8,GSM94119,train,no_cancer
GDS2771,1,8,GSM94120,train,no_cancer
GDS2771,1,8,GSM94121,train,no_cancer
GDS2771,1,8,GSM94122,train,no_cancer
GDS2771,1,8,GSM94123,train,no_cancer
GDS2771,1,8,GSM94124,train,no_cancer
GDS2771,1,8,GSM94126,train,no_cancer
GDS2771,1,8,GSM94127,train,no_cancer
GDS2771,1,8,GSM94128,train,no_cancer
GDS2771,1,8,GSM94129,train,no_cancer
GDS2771,1,8,GSM94130,train,no_cancer
GDS2771,1,8,GSM94131,train,no_cancer
GDS2771,1,8,GSM94132,train,no_cancer
GDS2771,1,8,GSM94134,train,no_cancer
GDS2771,1,8,GSM94135,train,no_cancer
GDS2771,1,8,GSM94136,train,no_cancer
GDS2771,1,8,GSM94137,train,no_cancer
GDS2771,1,8,GSM94139,train,no_cancer
GDS2771,1,8,GSM94140,train,no_cancer
GDS2771,1,8,GSM94141,train,no_cancer
GDS2771,1,8,GSM94142,train,no_cancer
GDS2771,1,8,GSM94143,train,no_cancer
GDS2771,1,8,GSM94144,train,no_cancer
GDS2771,1,8,GSM94145,train,no_cancer
GDS2771,1,8,GSM94146,train,no_cancer
GDS2771,1,8,GSM94147,train,no_cancer
GDS2771,1,8,GSM94148,train,no_cancer
GDS2771,1,8,GSM98785,train,no_cancer
GDS2771,1,8,GSM98786,train,no_cancer
GDS2771,1,8,GSM98787,train,no_cancer
GDS2771,1,8,GSM98788,train,no_cancer
GDS2771,1,8,GSM98789,train,no_cancer
GDS2771,1,8,GSM98791,train,no_cancer
GDS2771,1,8,GSM98792,train,no_cancer
GDS2771,1,8,GSM98793,train,no_cancer
GDS2771,1,8,GSM98794,train,no_cancer
GDS2771,1,8,GSM98795,train,no_cancer
GDS2771,1,8,GSM98796,train,no_cancer
GDS2771,1,8,GSM98797,train,no_cancer
GDS2771,1,8,GSM98798,train,no_cancer
GDS2771,1,8,GSM98799,train,no_cancer
GDS2771,1,8,GSM98800,train,no_cancer
GDS2771,1,8,GSM98801,train,no_cancer
GDS2771,1,8,GSM94019,train,cancer
GDS2771,1,8,GSM94020,train,cancer
GDS2771,1,8,GSM94021,train,cancer
GDS2771,1,8,GSM94023,train,cancer
GDS2771,1,8,GSM94024,train,cancer
GDS2771,1,8,GSM94025,train,cancer
GDS2771,1,8,GSM94026,train,cancer
GDS2771,1,8,GSM94027,train,cancer
GDS2771,1,8,GSM94028,train,cancer
GDS2771,1,8,GSM94029,train,cancer
GDS2771,1,8,GSM94030,train,cancer
GDS2771,1,8,GSM94031,train,cancer
GDS2771,1,8,GSM94032,train,cancer
GDS2771,1,8,GSM94033,train,cancer
GDS2771,1,8,GSM94034,train,cancer
GDS2771,1,8,GSM94035,train,cancer
GDS2771,1,8,GSM94036,train,cancer
GDS2771,1,8,GSM94037,train,cancer
GDS2771,1,8,GSM94038,train,cancer
GDS2771,1,8,GSM94039,train,cancer
GDS2771,1,8,GSM94040,train,cancer
GDS2771,1,8,GSM94041,train,cancer
GDS2771,1,8,GSM94042,train,cancer
GDS2771,1,8,GSM94044,train,cancer
GDS2771,1,8,GSM94045,train,cancer
GDS2771,1,8,GSM94046,train,cancer
GDS2771,1,8,GSM94047,train,cancer
GDS2771,1,8,GSM94048,train,cancer
GDS2771,1,8,GSM94049,train,cancer
GDS2771,1,8,GSM94050,train,cancer
GDS2771,1,8,GSM94051,train,cancer
GDS2771,1,8,GSM94052,train,cancer
GDS2771,1,8,GSM94053,train,cancer
GDS2771,1,8,GSM94054,train,cancer
GDS2771,1,8,GSM94055,train,cancer
GDS2771,1,8,GSM94056,train,cancer
GDS2771,1,8,GSM94058,train,cancer
GDS2771,1,8,GSM94059,train,cancer
GDS2771,1,8,GSM94062,train,cancer
GDS2771,1,8,GSM94063,train,cancer
GDS2771,1,8,GSM94064,train,cancer
GDS2771,1,8,GSM94065,train,cancer
GDS2771,1,8,GSM94066,train,cancer
GDS2771,1,8,GSM94067,train,cancer
GDS2771,1,8,GSM94068,train,cancer
GDS2771,1,8,GSM94069,train,cancer
GDS2771,1,8,GSM94070,train,cancer
GDS2771,1,8,GSM94071,train,cancer
GDS2771,1,8,GSM94072,train,cancer
GDS2771,1,8,GSM94073,train,cancer
GDS2771,1,8,GSM94074,train,cancer
GDS2771,1,8,GSM94075,train,cancer
GDS2771,1,8,GSM94155,train,cancer
GDS2771,1,8,GSM94156,train,cancer
GDS2771,1,8,GSM94157,train,cancer
GDS2771,1,8,GSM94160,train,cancer
GDS2771,1,8,GSM94161,train,cancer
GDS2771,1,8,GSM94162,train,cancer
GDS2771,1,8,GSM94163,train,cancer
GDS2771,1,8,GSM94165,train,cancer
GDS2771,1,8,GSM94166,train,cancer
GDS2771,1,8,GSM94168,train,cancer
GDS2771,1,8,GSM94169,train,cancer
GDS2771,1,8,GSM94170,train,cancer
GDS2771,1,8,GSM94171,train,cancer
GDS2771,1,8,GSM94172,train,cancer
GDS2771,1,8,GSM94173,train,cancer
GDS2771,1,8,GSM94174,train,cancer
GDS2771,1,8,GSM94175,train,cancer
GDS2771,1,8,GSM94176,train,cancer
GDS2771,1,8,GSM94177,train,cancer
GDS2771,1,8,GSM94178,train,cancer
GDS2771,1,8,GSM98767,train,cancer
GDS2771,1,8,GSM98768,train,cancer
GDS2771,1,8,GSM98770,train,cancer
GDS2771,1,8,GSM98771,train,cancer
GDS2771,1,8,GSM98772,train,cancer
GDS2771,1,8,GSM98773,train,cancer
GDS2771,1,8,GSM98774,train,cancer
GDS2771,1,8,GSM98775,train,cancer
GDS2771,1,8,GSM98776,train,cancer
GDS2771,1,8,GSM98777,train,cancer
GDS2771,1,8,GSM98778,train,cancer
GDS2771,1,8,GSM98780,train,cancer
GDS2771,1,8,GSM98781,train,cancer
GDS2771,1,8,GSM98782,train,cancer
GDS2771,1,8,GSM98783,train,cancer
GDS2771,1,8,GSM98784,train,cancer
GDS2771,1,8,GSM98871,train,cancer
GDS2771,1,8,GSM98873,train,cancer
GDS2771,1,8,GSM98874,train,cancer
GDS2771,1,8,GSM98875,train,cancer
GDS2771,1,8,GSM94083,test,no_cancer
GDS2771,1,8,GSM94097,test,no_cancer
GDS2771,1,8,GSM94103,test,no_cancer
GDS2771,1,8,GSM94111,test,no_cancer
GDS2771,1,8,GSM94115,test,no_cancer
GDS2771,1,8,GSM94125,test,no_cancer
GDS2771,1,8,GSM94133,test,no_cancer
GDS2771,1,8,GSM94138,test,no_cancer
GDS2771,1,8,GSM98790,test,no_cancer
GDS2771,1,8,GSM94022,test,cancer
GDS2771,1,8,GSM94043,test,cancer
GDS2771,1,8,GSM94057,test,cancer
GDS2771,1,8,GSM94060,test,cancer
GDS2771,1,8,GSM94061,test,cancer
GDS2771,1,8,GSM94164,test,cancer
GDS2771,1,8,GSM94167,test,cancer
GDS2771,1,8,GSM98769,test,cancer
GDS2771,1,8,GSM98779,test,cancer
GDS2771,1,8,GSM98872,test,cancer
GDS2771,1,9,GSM93997,train,no_cancer
GDS2771,1,9,GSM94077,train,no_cancer
GDS2771,1,9,GSM94079,train,no_cancer
GDS2771,1,9,GSM94080,train,no_cancer
GDS2771,1,9,GSM94081,train,no_cancer
GDS2771,1,9,GSM94082,train,no_cancer
GDS2771,1,9,GSM94083,train,no_cancer
GDS2771,1,9,GSM94084,train,no_cancer
GDS2771,1,9,GSM94085,train,no_cancer
GDS2771,1,9,GSM94086,train,no_cancer
GDS2771,1,9,GSM94087,train,no_cancer
GDS2771,1,9,GSM94088,train,no_cancer
GDS2771,1,9,GSM94089,train,no_cancer
GDS2771,1,9,GSM94090,train,no_cancer
GDS2771,1,9,GSM94091,train,no_cancer
GDS2771,1,9,GSM94092,train,no_cancer
GDS2771,1,9,GSM94093,train,no_cancer
GDS2771,1,9,GSM94094,train,no_cancer
GDS2771,1,9,GSM94095,train,no_cancer
GDS2771,1,9,GSM94096,train,no_cancer
GDS2771,1,9,GSM94097,train,no_cancer
GDS2771,1,9,GSM94098,train,no_cancer
GDS2771,1,9,GSM94100,train,no_cancer
GDS2771,1,9,GSM94101,train,no_cancer
GDS2771,1,9,GSM94102,train,no_cancer
GDS2771,1,9,GSM94103,train,no_cancer
GDS2771,1,9,GSM94104,train,no_cancer
GDS2771,1,9,GSM94106,train,no_cancer
GDS2771,1,9,GSM94107,train,no_cancer
GDS2771,1,9,GSM94108,train,no_cancer
GDS2771,1,9,GSM94109,train,no_cancer
GDS2771,1,9,GSM94110,train,no_cancer
GDS2771,1,9,GSM94111,train,no_cancer
GDS2771,1,9,GSM94112,train,no_cancer
GDS2771,1,9,GSM94113,train,no_cancer
GDS2771,1,9,GSM94114,train,no_cancer
GDS2771,1,9,GSM94115,train,no_cancer
GDS2771,1,9,GSM94116,train,no_cancer
GDS2771,1,9,GSM94117,train,no_cancer
GDS2771,1,9,GSM94118,train,no_cancer
GDS2771,1,9,GSM94120,train,no_cancer
GDS2771,1,9,GSM94121,train,no_cancer
GDS2771,1,9,GSM94122,train,no_cancer
GDS2771,1,9,GSM94123,train,no_cancer
GDS2771,1,9,GSM94124,train,no_cancer
GDS2771,1,9,GSM94125,train,no_cancer
GDS2771,1,9,GSM94126,train,no_cancer
GDS2771,1,9,GSM94127,train,no_cancer
GDS2771,1,9,GSM94128,train,no_cancer
GDS2771,1,9,GSM94129,train,no_cancer
GDS2771,1,9,GSM94130,train,no_cancer
GDS2771,1,9,GSM94131,train,no_cancer
GDS2771,1,9,GSM94132,train,no_cancer
GDS2771,1,9,GSM94133,train,no_cancer
GDS2771,1,9,GSM94134,train,no_cancer
GDS2771,1,9,GSM94136,train,no_cancer
GDS2771,1,9,GSM94138,train,no_cancer
GDS2771,1,9,GSM94139,train,no_cancer
GDS2771,1,9,GSM94141,train,no_cancer
GDS2771,1,9,GSM94142,train,no_cancer
GDS2771,1,9,GSM94143,train,no_cancer
GDS2771,1,9,GSM94145,train,no_cancer
GDS2771,1,9,GSM94146,train,no_cancer
GDS2771,1,9,GSM94147,train,no_cancer
GDS2771,1,9,GSM94148,train,no_cancer
GDS2771,1,9,GSM98786,train,no_cancer
GDS2771,1,9,GSM98787,train,no_cancer
GDS2771,1,9,GSM98788,train,no_cancer
GDS2771,1,9,GSM98789,train,no_cancer
GDS2771,1,9,GSM98790,train,no_cancer
GDS2771,1,9,GSM98791,train,no_cancer
GDS2771,1,9,GSM98792,train,no_cancer
GDS2771,1,9,GSM98793,train,no_cancer
GDS2771,1,9,GSM98794,train,no_cancer
GDS2771,1,9,GSM98795,train,no_cancer
GDS2771,1,9,GSM98796,train,no_cancer
GDS2771,1,9,GSM98797,train,no_cancer
GDS2771,1,9,GSM98798,train,no_cancer
GDS2771,1,9,GSM98799,train,no_cancer
GDS2771,1,9,GSM98800,train,no_cancer
GDS2771,1,9,GSM98801,train,no_cancer
GDS2771,1,9,GSM94019,train,cancer
GDS2771,1,9,GSM94021,train,cancer
GDS2771,1,9,GSM94022,train,cancer
GDS2771,1,9,GSM94023,train,cancer
GDS2771,1,9,GSM94024,train,cancer
GDS2771,1,9,GSM94025,train,cancer
GDS2771,1,9,GSM94026,train,cancer
GDS2771,1,9,GSM94027,train,cancer
GDS2771,1,9,GSM94028,train,cancer
GDS2771,1,9,GSM94030,train,cancer
GDS2771,1,9,GSM94031,train,cancer
GDS2771,1,9,GSM94033,train,cancer
GDS2771,1,9,GSM94034,train,cancer
GDS2771,1,9,GSM94035,train,cancer
GDS2771,1,9,GSM94037,train,cancer
GDS2771,1,9,GSM94038,train,cancer
GDS2771,1,9,GSM94039,train,cancer
GDS2771,1,9,GSM94040,train,cancer
GDS2771,1,9,GSM94041,train,cancer
GDS2771,1,9,GSM94042,train,cancer
GDS2771,1,9,GSM94043,train,cancer
GDS2771,1,9,GSM94044,train,cancer
GDS2771,1,9,GSM94045,train,cancer
GDS2771,1,9,GSM94046,train,cancer
GDS2771,1,9,GSM94047,train,cancer
GDS2771,1,9,GSM94048,train,cancer
GDS2771,1,9,GSM94049,train,cancer
GDS2771,1,9,GSM94050,train,cancer
GDS2771,1,9,GSM94051,train,cancer
GDS2771,1,9,GSM94052,train,cancer
GDS2771,1,9,GSM94054,train,cancer
GDS2771,1,9,GSM94055,train,cancer
GDS2771,1,9,GSM94056,train,cancer
GDS2771,1,9,GSM94057,train,cancer
GDS2771,1,9,GSM94058,train,cancer
GDS2771,1,9,GSM94059,train,cancer
GDS2771,1,9,GSM94060,train,cancer
GDS2771,1,9,GSM94061,train,cancer
GDS2771,1,9,GSM94062,train,cancer
GDS2771,1,9,GSM94063,train,cancer
GDS2771,1,9,GSM94064,train,cancer
GDS2771,1,9,GSM94065,train,cancer
GDS2771,1,9,GSM94066,train,cancer
GDS2771,1,9,GSM94068,train,cancer
GDS2771,1,9,GSM94069,train,cancer
GDS2771,1,9,GSM94070,train,cancer
GDS2771,1,9,GSM94071,train,cancer
GDS2771,1,9,GSM94072,train,cancer
GDS2771,1,9,GSM94073,train,cancer
GDS2771,1,9,GSM94074,train,cancer
GDS2771,1,9,GSM94075,train,cancer
GDS2771,1,9,GSM94155,train,cancer
GDS2771,1,9,GSM94156,train,cancer
GDS2771,1,9,GSM94157,train,cancer
GDS2771,1,9,GSM94160,train,cancer
GDS2771,1,9,GSM94161,train,cancer
GDS2771,1,9,GSM94162,train,cancer
GDS2771,1,9,GSM94163,train,cancer
GDS2771,1,9,GSM94164,train,cancer
GDS2771,1,9,GSM94166,train,cancer
GDS2771,1,9,GSM94167,train,cancer
GDS2771,1,9,GSM94168,train,cancer
GDS2771,1,9,GSM94169,train,cancer
GDS2771,1,9,GSM94170,train,cancer
GDS2771,1,9,GSM94171,train,cancer
GDS2771,1,9,GSM94172,train,cancer
GDS2771,1,9,GSM94173,train,cancer
GDS2771,1,9,GSM94174,train,cancer
GDS2771,1,9,GSM94175,train,cancer
GDS2771,1,9,GSM94177,train,cancer
GDS2771,1,9,GSM94178,train,cancer
GDS2771,1,9,GSM98767,train,cancer
GDS2771,1,9,GSM98768,train,cancer
GDS2771,1,9,GSM98769,train,cancer
GDS2771,1,9,GSM98770,train,cancer
GDS2771,1,9,GSM98773,train,cancer
GDS2771,1,9,GSM98774,train,cancer
GDS2771,1,9,GSM98775,train,cancer
GDS2771,1,9,GSM98776,train,cancer
GDS2771,1,9,GSM98777,train,cancer
GDS2771,1,9,GSM98778,train,cancer
GDS2771,1,9,GSM98779,train,cancer
GDS2771,1,9,GSM98780,train,cancer
GDS2771,1,9,GSM98781,train,cancer
GDS2771,1,9,GSM98782,train,cancer
GDS2771,1,9,GSM98783,train,cancer
GDS2771,1,9,GSM98784,train,cancer
GDS2771,1,9,GSM98871,train,cancer
GDS2771,1,9,GSM98872,train,cancer
GDS2771,1,9,GSM98873,train,cancer
GDS2771,1,9,GSM98874,train,cancer
GDS2771,1,9,GSM98875,train,cancer
GDS2771,1,9,GSM94078,test,no_cancer
GDS2771,1,9,GSM94099,test,no_cancer
GDS2771,1,9,GSM94105,test,no_cancer
GDS2771,1,9,GSM94119,test,no_cancer
GDS2771,1,9,GSM94135,test,no_cancer
GDS2771,1,9,GSM94137,test,no_cancer
GDS2771,1,9,GSM94140,test,no_cancer
GDS2771,1,9,GSM94144,test,no_cancer
GDS2771,1,9,GSM98785,test,no_cancer
GDS2771,1,9,GSM94020,test,cancer
GDS2771,1,9,GSM94029,test,cancer
GDS2771,1,9,GSM94032,test,cancer
GDS2771,1,9,GSM94036,test,cancer
GDS2771,1,9,GSM94053,test,cancer
GDS2771,1,9,GSM94067,test,cancer
GDS2771,1,9,GSM94165,test,cancer
GDS2771,1,9,GSM94176,test,cancer
GDS2771,1,9,GSM98771,test,cancer
GDS2771,1,9,GSM98772,test,cancer
GDS2771,1,10,GSM93997,train,no_cancer
GDS2771,1,10,GSM94078,train,no_cancer
GDS2771,1,10,GSM94079,train,no_cancer
GDS2771,1,10,GSM94080,train,no_cancer
GDS2771,1,10,GSM94081,train,no_cancer
GDS2771,1,10,GSM94082,train,no_cancer
GDS2771,1,10,GSM94083,train,no_cancer
GDS2771,1,10,GSM94084,train,no_cancer
GDS2771,1,10,GSM94085,train,no_cancer
GDS2771,1,10,GSM94086,train,no_cancer
GDS2771,1,10,GSM94087,train,no_cancer
GDS2771,1,10,GSM94088,train,no_cancer
GDS2771,1,10,GSM94089,train,no_cancer
GDS2771,1,10,GSM94090,train,no_cancer
GDS2771,1,10,GSM94091,train,no_cancer
GDS2771,1,10,GSM94092,train,no_cancer
GDS2771,1,10,GSM94093,train,no_cancer
GDS2771,1,10,GSM94094,train,no_cancer
GDS2771,1,10,GSM94095,train,no_cancer
GDS2771,1,10,GSM94096,train,no_cancer
GDS2771,1,10,GSM94097,train,no_cancer
GDS2771,1,10,GSM94098,train,no_cancer
GDS2771,1,10,GSM94099,train,no_cancer
GDS2771,1,10,GSM94101,train,no_cancer
GDS2771,1,10,GSM94102,train,no_cancer
GDS2771,1,10,GSM94103,train,no_cancer
GDS2771,1,10,GSM94104,train,no_cancer
GDS2771,1,10,GSM94105,train,no_cancer
GDS2771,1,10,GSM94106,train,no_cancer
GDS2771,1,10,GSM94107,train,no_cancer
GDS2771,1,10,GSM94109,train,no_cancer
GDS2771,1,10,GSM94110,train,no_cancer
GDS2771,1,10,GSM94111,train,no_cancer
GDS2771,1,10,GSM94112,train,no_cancer
GDS2771,1,10,GSM94113,train,no_cancer
GDS2771,1,10,GSM94114,train,no_cancer
GDS2771,1,10,GSM94115,train,no_cancer
GDS2771,1,10,GSM94117,train,no_cancer
GDS2771,1,10,GSM94118,train,no_cancer
GDS2771,1,10,GSM94119,train,no_cancer
GDS2771,1,10,GSM94120,train,no_cancer
GDS2771,1,10,GSM94123,train,no_cancer
GDS2771,1,10,GSM94124,train,no_cancer
GDS2771,1,10,GSM94125,train,no_cancer
GDS2771,1,10,GSM94126,train,no_cancer
GDS2771,1,10,GSM94127,train,no_cancer
GDS2771,1,10,GSM94128,train,no_cancer
GDS2771,1,10,GSM94129,train,no_cancer
GDS2771,1,10,GSM94130,train,no_cancer
GDS2771,1,10,GSM94131,train,no_cancer
GDS2771,1,10,GSM94133,train,no_cancer
GDS2771,1,10,GSM94134,train,no_cancer
GDS2771,1,10,GSM94135,train,no_cancer
GDS2771,1,10,GSM94136,train,no_cancer
GDS2771,1,10,GSM94137,train,no_cancer
GDS2771,1,10,GSM94138,train,no_cancer
GDS2771,1,10,GSM94139,train,no_cancer
GDS2771,1,10,GSM94140,train,no_cancer
GDS2771,1,10,GSM94141,train,no_cancer
GDS2771,1,10,GSM94142,train,no_cancer
GDS2771,1,10,GSM94143,train,no_cancer
GDS2771,1,10,GSM94144,train,no_cancer
GDS2771,1,10,GSM94145,train,no_cancer
GDS2771,1,10,GSM94146,train,no_cancer
GDS2771,1,10,GSM94147,train,no_cancer
GDS2771,1,10,GSM94148,train,no_cancer
GDS2771,1,10,GSM98785,train,no_cancer
GDS2771,1,10,GSM98786,train,no_cancer
GDS2771,1,10,GSM98787,train,no_cancer
GDS2771,1,10,GSM98788,train,no_cancer
GDS2771,1,10,GSM98790,train,no_cancer
GDS2771,1,10,GSM98791,train,no_cancer
GDS2771,1,10,GSM98792,train,no_cancer
GDS2771,1,10,GSM98793,train,no_cancer
GDS2771,1,10,GSM98795,train,no_cancer
GDS2771,1,10,GSM98796,train,no_cancer
GDS2771,1,10,GSM98797,train,no_cancer
GDS2771,1,10,GSM98798,train,no_cancer
GDS2771,1,10,GSM98799,train,no_cancer
GDS2771,1,10,GSM98800,train,no_cancer
GDS2771,1,10,GSM98801,train,no_cancer
GDS2771,1,10,GSM94019,train,cancer
GDS2771,1,10,GSM94020,train,cancer
GDS2771,1,10,GSM94021,train,cancer
GDS2771,1,10,GSM94022,train,cancer
GDS2771,1,10,GSM94024,train,cancer
GDS2771,1,10,GSM94025,train,cancer
GDS2771,1,10,GSM94026,train,cancer
GDS2771,1,10,GSM94027,train,cancer
GDS2771,1,10,GSM94028,train,cancer
GDS2771,1,10,GSM94029,train,cancer
GDS2771,1,10,GSM94030,train,cancer
GDS2771,1,10,GSM94031,train,cancer
GDS2771,1,10,GSM94032,train,cancer
GDS2771,1,10,GSM94033,train,cancer
GDS2771,1,10,GSM94036,train,cancer
GDS2771,1,10,GSM94037,train,cancer
GDS2771,1,10,GSM94038,train,cancer
GDS2771,1,10,GSM94039,train,cancer
GDS2771,1,10,GSM94040,train,cancer
GDS2771,1,10,GSM94041,train,cancer
GDS2771,1,10,GSM94042,train,cancer
GDS2771,1,10,GSM94043,train,cancer
GDS2771,1,10,GSM94045,train,cancer
GDS2771,1,10,GSM94046,train,cancer
GDS2771,1,10,GSM94047,train,cancer
GDS2771,1,10,GSM94048,train,cancer
GDS2771,1,10,GSM94049,train,cancer
GDS2771,1,10,GSM94050,train,cancer
GDS2771,1,10,GSM94051,train,cancer
GDS2771,1,10,GSM94052,train,cancer
GDS2771,1,10,GSM94053,train,cancer
GDS2771,1,10,GSM94055,train,cancer
GDS2771,1,10,GSM94056,train,cancer
GDS2771,1,10,GSM94057,train,cancer
GDS2771,1,10,GSM94059,train,cancer
GDS2771,1,10,GSM94060,train,cancer
GDS2771,1,10,GSM94061,train,cancer
GDS2771,1,10,GSM94062,train,cancer
GDS2771,1,10,GSM94063,train,cancer
GDS2771,1,10,GSM94064,train,cancer
GDS2771,1,10,GSM94065,train,cancer
GDS2771,1,10,GSM94066,train,cancer
GDS2771,1,10,GSM94067,train,cancer
GDS2771,1,10,GSM94068,train,cancer
GDS2771,1,10,GSM94069,train,cancer
GDS2771,1,10,GSM94070,train,cancer
GDS2771,1,10,GSM94071,train,cancer
GDS2771,1,10,GSM94072,train,cancer
GDS2771,1,10,GSM94074,train,cancer
GDS2771,1,10,GSM94075,train,cancer
GDS2771,1,10,GSM94155,train,cancer
GDS2771,1,10,GSM94156,train,cancer
GDS2771,1,10,GSM94157,train,cancer
GDS2771,1,10,GSM94160,train,cancer
GDS2771,1,10,GSM94161,train,cancer
GDS2771,1,10,GSM94162,train,cancer
GDS2771,1,10,GSM94163,train,cancer
GDS2771,1,10,GSM94164,train,cancer
GDS2771,1,10,GSM94165,train,cancer
GDS2771,1,10,GSM94166,train,cancer
GDS2771,1,10,GSM94167,train,cancer
GDS2771,1,10,GSM94168,train,cancer
GDS2771,1,10,GSM94169,train,cancer
GDS2771,1,10,GSM94170,train,cancer
GDS2771,1,10,GSM94171,train,cancer
GDS2771,1,10,GSM94172,train,cancer
GDS2771,1,10,GSM94173,train,cancer
GDS2771,1,10,GSM94174,train,cancer
GDS2771,1,10,GSM94175,train,cancer
GDS2771,1,10,GSM94176,train,cancer
GDS2771,1,10,GSM94177,train,cancer
GDS2771,1,10,GSM94178,train,cancer
GDS2771,1,10,GSM98767,train,cancer
GDS2771,1,10,GSM98769,train,cancer
GDS2771,1,10,GSM98770,train,cancer
GDS2771,1,10,GSM98771,train,cancer
GDS2771,1,10,GSM98772,train,cancer
GDS2771,1,10,GSM98773,train,cancer
GDS2771,1,10,GSM98774,train,cancer
GDS2771,1,10,GSM98775,train,cancer
GDS2771,1,10,GSM98776,train,cancer
GDS2771,1,10,GSM98778,train,cancer
GDS2771,1,10,GSM98779,train,cancer
GDS2771,1,10,GSM98780,train,cancer
GDS2771,1,10,GSM98781,train,cancer
GDS2771,1,10,GSM98782,train,cancer
GDS2771,1,10,GSM98783,train,cancer
GDS2771,1,10,GSM98871,train,cancer
GDS2771,1,10,GSM98872,train,cancer
GDS2771,1,10,GSM98873,train,cancer
GDS2771,1,10,GSM98874,train,cancer
GDS2771,1,10,GSM98875,train,cancer
GDS2771,1,10,GSM94077,test,no_cancer
GDS2771,1,10,GSM94100,test,no_cancer
GDS2771,1,10,GSM94108,test,no_cancer
GDS2771,1,10,GSM94116,test,no_cancer
GDS2771,1,10,GSM94121,test,no_cancer
GDS2771,1,10,GSM94122,test,no_cancer
GDS2771,1,10,GSM94132,test,no_cancer
GDS2771,1,10,GSM98789,test,no_cancer
GDS2771,1,10,GSM98794,test,no_cancer
GDS2771,1,10,GSM94023,test,cancer
GDS2771,1,10,GSM94034,test,cancer
GDS2771,1,10,GSM94035,test,cancer
GDS2771,1,10,GSM94044,test,cancer
GDS2771,1,10,GSM94054,test,cancer
GDS2771,1,10,GSM94058,test,cancer
GDS2771,1,10,GSM94073,test,cancer
GDS2771,1,10,GSM98768,test,cancer
GDS2771,1,10,GSM98777,test,cancer
GDS2771,1,10,GSM98784,test,cancer
GDS2771,2,1,GSM93997,train,no_cancer
GDS2771,2,1,GSM94077,train,no_cancer
GDS2771,2,1,GSM94078,train,no_cancer
GDS2771,2,1,GSM94079,train,no_cancer
GDS2771,2,1,GSM94080,train,no_cancer
GDS2771,2,1,GSM94081,train,no_cancer
GDS2771,2,1,GSM94082,train,no_cancer
GDS2771,2,1,GSM94083,train,no_cancer
GDS2771,2,1,GSM94084,train,no_cancer
GDS2771,2,1,GSM94085,train,no_cancer
GDS2771,2,1,GSM94086,train,no_cancer
GDS2771,2,1,GSM94087,train,no_cancer
GDS2771,2,1,GSM94088,train,no_cancer
GDS2771,2,1,GSM94089,train,no_cancer
GDS2771,2,1,GSM94090,train,no_cancer
GDS2771,2,1,GSM94091,train,no_cancer
GDS2771,2,1,GSM94092,train,no_cancer
GDS2771,2,1,GSM94093,train,no_cancer
GDS2771,2,1,GSM94094,train,no_cancer
GDS2771,2,1,GSM94095,train,no_cancer
GDS2771,2,1,GSM94096,train,no_cancer
GDS2771,2,1,GSM94097,train,no_cancer
GDS2771,2,1,GSM94099,train,no_cancer
GDS2771,2,1,GSM94100,train,no_cancer
GDS2771,2,1,GSM94101,train,no_cancer
GDS2771,2,1,GSM94102,train,no_cancer
GDS2771,2,1,GSM94103,train,no_cancer
GDS2771,2,1,GSM94104,train,no_cancer
GDS2771,2,1,GSM94105,train,no_cancer
GDS2771,2,1,GSM94106,train,no_cancer
GDS2771,2,1,GSM94107,train,no_cancer
GDS2771,2,1,GSM94108,train,no_cancer
GDS2771,2,1,GSM94109,train,no_cancer
GDS2771,2,1,GSM94111,train,no_cancer
GDS2771,2,1,GSM94112,train,no_cancer
GDS2771,2,1,GSM94113,train,no_cancer
GDS2771,2,1,GSM94114,train,no_cancer
GDS2771,2,1,GSM94115,train,no_cancer
GDS2771,2,1,GSM94116,train,no_cancer
GDS2771,2,1,GSM94117,train,no_cancer
GDS2771,2,1,GSM94118,train,no_cancer
GDS2771,2,1,GSM94119,train,no_cancer
GDS2771,2,1,GSM94120,train,no_cancer
GDS2771,2,1,GSM94121,train,no_cancer
GDS2771,2,1,GSM94122,train,no_cancer
GDS2771,2,1,GSM94124,train,no_cancer
GDS2771,2,1,GSM94125,train,no_cancer
GDS2771,2,1,GSM94126,train,no_cancer
GDS2771,2,1,GSM94127,train,no_cancer
GDS2771,2,1,GSM94128,train,no_cancer
GDS2771,2,1,GSM94129,train,no_cancer
GDS2771,2,1,GSM94131,train,no_cancer
GDS2771,2,1,GSM94133,train,no_cancer
GDS2771,2,1,GSM94134,train,no_cancer
GDS2771,2,1,GSM94138,train,no_cancer
GDS2771,2,1,GSM94139,train,no_cancer
GDS2771,2,1,GSM94140,train,no_cancer
GDS2771,2,1,GSM94141,train,no_cancer
GDS2771,2,1,GSM94142,train,no_cancer
GDS2771,2,1,GSM94143,train,no_cancer
GDS2771,2,1,GSM94144,train,no_cancer
GDS2771,2,1,GSM94145,train,no_cancer
GDS2771,2,1,GSM94146,train,no_cancer
GDS2771,2,1,GSM94148,train,no_cancer
GDS2771,2,1,GSM98785,train,no_cancer
GDS2771,2,1,GSM98786,train,no_cancer
GDS2771,2,1,GSM98787,train,no_cancer
GDS2771,2,1,GSM98788,train,no_cancer
GDS2771,2,1,GSM98789,train,no_cancer
GDS2771,2,1,GSM98790,train,no_cancer
GDS2771,2,1,GSM98791,train,no_cancer
GDS2771,2,1,GSM98792,train,no_cancer
GDS2771,2,1,GSM98793,train,no_cancer
GDS2771,2,1,GSM98794,train,no_cancer
GDS2771,2,1,GSM98795,train,no_cancer
GDS2771,2,1,GSM98796,train,no_cancer
GDS2771,2,1,GSM98797,train,no_cancer
GDS2771,2,1,GSM98798,train,no_cancer
GDS2771,2,1,GSM98799,train,no_cancer
GDS2771,2,1,GSM98800,train,no_cancer
GDS2771,2,1,GSM98801,train,no_cancer
GDS2771,2,1,GSM94019,train,cancer
GDS2771,2,1,GSM94020,train,cancer
GDS2771,2,1,GSM94022,train,cancer
GDS2771,2,1,GSM94023,train,cancer
GDS2771,2,1,GSM94024,train,cancer
GDS2771,2,1,GSM94025,train,cancer
GDS2771,2,1,GSM94026,train,cancer
GDS2771,2,1,GSM94027,train,cancer
GDS2771,2,1,GSM94028,train,cancer
GDS2771,2,1,GSM94029,train,cancer
GDS2771,2,1,GSM94031,train,cancer
GDS2771,2,1,GSM94032,train,cancer
GDS2771,2,1,GSM94033,train,cancer
GDS2771,2,1,GSM94034,train,cancer
GDS2771,2,1,GSM94035,train,cancer
GDS2771,2,1,GSM94036,train,cancer
GDS2771,2,1,GSM94037,train,cancer
GDS2771,2,1,GSM94038,train,cancer
GDS2771,2,1,GSM94040,train,cancer
GDS2771,2,1,GSM94041,train,cancer
GDS2771,2,1,GSM94042,train,cancer
GDS2771,2,1,GSM94043,train,cancer
GDS2771,2,1,GSM94046,train,cancer
GDS2771,2,1,GSM94047,train,cancer
GDS2771,2,1,GSM94048,train,cancer
GDS2771,2,1,GSM94050,train,cancer
GDS2771,2,1,GSM94051,train,cancer
GDS2771,2,1,GSM94052,train,cancer
GDS2771,2,1,GSM94053,train,cancer
GDS2771,2,1,GSM94054,train,cancer
GDS2771,2,1,GSM94055,train,cancer
GDS2771,2,1,GSM94057,train,cancer
GDS2771,2,1,GSM94058,train,cancer
GDS2771,2,1,GSM94059,train,cancer
GDS2771,2,1,GSM94060,train,cancer
GDS2771,2,1,GSM94061,train,cancer
GDS2771,2,1,GSM94062,train,cancer
GDS2771,2,1,GSM94063,train,cancer
GDS2771,2,1,GSM94064,train,cancer
GDS2771,2,1,GSM94065,train,cancer
GDS2771,2,1,GSM94066,train,cancer
GDS2771,2,1,GSM94067,train,cancer
GDS2771,2,1,GSM94068,train,cancer
GDS2771,2,1,GSM94069,train,cancer
GDS2771,2,1,GSM94070,train,cancer
GDS2771,2,1,GSM94071,train,cancer
GDS2771,2,1,GSM94072,train,cancer
GDS2771,2,1,GSM94073,train,cancer
GDS2771,2,1,GSM94074,train,cancer
GDS2771,2,1,GSM94075,train,cancer
GDS2771,2,1,GSM94155,train,cancer
GDS2771,2,1,GSM94156,train,cancer
GDS2771,2,1,GSM94157,train,cancer
GDS2771,2,1,GSM94160,train,cancer
GDS2771,2,1,GSM94161,train,cancer
GDS2771,2,1,GSM94162,train,cancer
GDS2771,2,1,GSM94163,train,cancer
GDS2771,2,1,GSM94164,train,cancer
GDS2771,2,1,GSM94165,train,cancer
GDS2771,2,1,GSM94166,train,cancer
GDS2771,2,1,GSM94167,train,cancer
GDS2771,2,1,GSM94168,train,cancer
GDS2771,2,1,GSM94169,train,cancer
GDS2771,2,1,GSM94170,train,cancer
GDS2771,2,1,GSM94171,train,cancer
GDS2771,2,1,GSM94172,train,cancer
GDS2771,2,1,GSM94173,train,cancer
GDS2771,2,1,GSM94174,train,cancer
GDS2771,2,1,GSM94175,train,cancer
GDS2771,2,1,GSM94176,train,cancer
GDS2771,2,1,GSM94177,train,cancer
GDS2771,2,1,GSM94178,train,cancer
GDS2771,2,1,GSM98767,train,cancer
GDS2771,2,1,GSM98769,train,cancer
GDS2771,2,1,GSM98770,train,cancer
GDS2771,2,1,GSM98771,train,cancer
GDS2771,2,1,GSM98772,train,cancer
GDS2771,2,1,GSM98773,train,cancer
GDS2771,2,1,GSM98774,train,cancer
GDS2771,2,1,GSM98775,train,cancer
GDS2771,2,1,GSM98776,train,cancer
GDS2771,2,1,GSM98777,train,cancer
GDS2771,2,1,GSM98778,train,cancer
GDS2771,2,1,GSM98779,train,cancer
GDS2771,2,1,GSM98780,train,cancer
GDS2771,2,1,GSM98781,train,cancer
GDS2771,2,1,GSM98782,train,cancer
GDS2771,2,1,GSM98783,train,cancer
GDS2771,2,1,GSM98784,train,cancer
GDS2771,2,1,GSM98871,train,cancer
GDS2771,2,1,GSM98874,train,cancer
GDS2771,2,1,GSM94098,test,no_cancer
GDS2771,2,1,GSM94110,test,no_cancer
GDS2771,2,1,GSM94123,test,no_cancer
GDS2771,2,1,GSM94130,test,no_cancer
GDS2771,2,1,GSM94132,test,no_cancer
GDS2771,2,1,GSM94135,test,no_cancer
GDS2771,2,1,GSM94136,test,no_cancer
GDS2771,2,1,GSM94137,test,no_cancer
GDS2771,2,1,GSM94147,test,no_cancer
GDS2771,2,1,GSM94021,test,cancer
GDS2771,2,1,GSM94030,test,cancer
GDS2771,2,1,GSM94039,test,cancer
GDS2771,2,1,GSM94044,test,cancer
GDS2771,2,1,GSM94045,test,cancer
GDS2771,2,1,GSM94049,test,cancer
GDS2771,2,1,GSM94056,test,cancer
GDS2771,2,1,GSM98768,test,cancer
GDS2771,2,1,GSM98872,test,cancer
GDS2771,2,1,GSM98873,test,cancer
GDS2771,2,1,GSM98875,test,cancer
GDS2771,2,2,GSM94077,train,no_cancer
GDS2771,2,2,GSM94078,train,no_cancer
GDS2771,2,2,GSM94079,train,no_cancer
GDS2771,2,2,GSM94080,train,no_cancer
GDS2771,2,2,GSM94081,train,no_cancer
GDS2771,2,2,GSM94082,train,no_cancer
GDS2771,2,2,GSM94083,train,no_cancer
GDS2771,2,2,GSM94084,train,no_cancer
GDS2771,2,2,GSM94086,train,no_cancer
GDS2771,2,2,GSM94087,train,no_cancer
GDS2771,2,2,GSM94088,train,no_cancer
GDS2771,2,2,GSM94089,train,no_cancer
GDS2771,2,2,GSM94091,train,no_cancer
GDS2771,2,2,GSM94092,train,no_cancer
GDS2771,2,2,GSM94093,train,no_cancer
GDS2771,2,2,GSM94094,train,no_cancer
GDS2771,2,2,GSM94095,train,no_cancer
GDS2771,2,2,GSM94097,train,no_cancer
GDS2771,2,2,GSM94098,train,no_cancer
GDS2771,2,2,GSM94099,train,no_cancer
GDS2771,2,2,GSM94100,train,no_cancer
GDS2771,2,2,GSM94101,train,no_cancer
GDS2771,2,2,GSM94102,train,no_cancer
GDS2771,2,2,GSM94103,train,no_cancer
GDS2771,2,2,GSM94104,train,no_cancer
GDS2771,2,2,GSM94105,train,no_cancer
GDS2771,2,2,GSM94106,train,no_cancer
GDS2771,2,2,GSM94107,train,no_cancer
GDS2771,2,2,GSM94108,train,no_cancer
GDS2771,2,2,GSM94109,train,no_cancer
GDS2771,2,2,GSM94110,train,no_cancer
GDS2771,2,2,GSM94111,train,no_cancer
GDS2771,2,2,GSM94112,train,no_cancer
GDS2771,2,2,GSM94114,train,no_cancer
GDS2771,2,2,GSM94115,train,no_cancer
GDS2771,2,2,GSM94116,train,no_cancer
GDS2771,2,2,GSM94117,train,no_cancer
GDS2771,2,2,GSM94118,train,no_cancer
GDS2771,2,2,GSM94119,train,no_cancer
GDS2771,2,2,GSM94120,train,no_cancer
GDS2771,2,2,GSM94121,train,no_cancer
GDS2771,2,2,GSM94122,train,no_cancer
GDS2771,2,2,GSM94123,train,no_cancer
GDS2771,2,2,GSM94125,train,no_cancer
GDS2771,2,2,GSM94127,train,no_cancer
GDS2771,2,2,GSM94128,train,no_cancer
GDS2771,2,2,GSM94129,train,no_cancer
GDS2771,2,2,GSM94130,train,no_cancer
GDS2771,2,2,GSM94131,train,no_cancer
GDS2771,2,2,GSM94132,train,no_cancer
GDS2771,2,2,GSM94133,train,no_cancer
GDS2771,2,2,GSM94134,train,no_cancer
GDS2771,2,2,GSM94135,train,no_cancer
GDS2771,2,2,GSM94136,train,no_cancer
GDS2771,2,2,GSM94137,train,no_cancer
GDS2771,2,2,GSM94138,train,no_cancer
GDS2771,2,2,GSM94139,train,no_cancer
GDS2771,2,2,GSM94140,train,no_cancer
GDS2771,2,2,GSM94141,train,no_cancer
GDS2771,2,2,GSM94142,train,no_cancer
GDS2771,2,2,GSM94143,train,no_cancer
GDS2771,2,2,GSM94144,train,no_cancer
GDS2771,2,2,GSM94145,train,no_cancer
GDS2771,2,2,GSM94146,train,no_cancer
GDS2771,2,2,GSM94147,train,no_cancer
GDS2771,2,2,GSM94148,train,no_cancer
GDS2771,2,2,GSM98785,train,no_cancer
GDS2771,2,2,GSM98788,train,no_cancer
GDS2771,2,2,GSM98789,train,no_cancer
GDS2771,2,2,GSM98790,train,no_cancer
GDS2771,2,2,GSM98791,train,no_cancer
GDS2771,2,2,GSM98792,train,no_cancer
GDS2771,2,2,GSM98793,train,no_cancer
GDS2771,2,2,GSM98794,train,no_cancer
GDS2771,2,2,GSM98795,train,no_cancer
GDS2771,2,2,GSM98796,train,no_cancer
GDS2771,2,2,GSM98797,train,no_cancer
GDS2771,2,2,GSM98798,train,no_cancer
GDS2771,2,2,GSM98799,train,no_cancer
GDS2771,2,2,GSM98800,train,no_cancer
GDS2771,2,2,GSM98801,train,no_cancer
GDS2771,2,2,GSM94019,train,cancer
GDS2771,2,2,GSM94020,train,cancer
GDS2771,2,2,GSM94021,train,cancer
GDS2771,2,2,GSM94022,train,cancer
GDS2771,2,2,GSM94023,train,cancer
GDS2771,2,2,GSM94024,train,cancer
GDS2771,2,2,GSM94025,train,cancer
GDS2771,2,2,GSM94026,train,cancer
GDS2771,2,2,GSM94028,train,cancer
GDS2771,2,2,GSM94029,train,cancer
GDS2771,2,2,GSM94030,train,cancer
GDS2771,2,2,GSM94031,train,cancer
GDS2771,2,2,GSM94032,train,cancer
GDS2771,2,2,GSM94033,train,cancer
GDS2771,2,2,GSM94034,train,cancer
GDS2771,2,2,GSM94035,train,cancer
GDS2771,2,2,GSM94036,train,cancer
GDS2771,2,2,GSM94037,train,cancer
GDS2771,2,2,GSM94039,train,cancer
GDS2771,2,2,GSM94040,train,cancer
GDS2771,2,2,GSM94041,train,cancer
GDS2771,2,2,GSM94042,train,cancer
GDS2771,2,2,GSM94044,train,cancer
GDS2771,2,2,GSM94045,train,cancer
GDS2771,2,2,GSM94046,train,cancer
GDS2771,2,2,GSM94047,train,cancer
GDS2771,2,2,GSM94048,train,cancer
GDS2771,2,2,GSM94049,train,cancer
GDS2771,2,2,GSM94050,train,cancer
GDS2771,2,2,GSM94051,train,cancer
GDS2771,2,2,GSM94052,train,cancer
GDS2771,2,2,GSM94053,train,cancer
GDS2771,2,2,GSM94054,train,cancer
GDS2771,2,2,GSM94055,train,cancer
GDS2771,2,2,GSM94056,train,cancer
GDS2771,2,2,GSM94057,train,cancer
GDS2771,2,2,GSM94060,train,cancer
GDS2771,2,2,GSM94062,train,cancer
GDS2771,2,2,GSM94063,train,cancer
GDS2771,2,2,GSM94064,train,cancer
GDS2771,2,2,GSM94065,train,cancer
GDS2771,2,2,GSM94066,train,cancer
GDS2771,2,2,GSM94067,train,cancer
GDS2771,2,2,GSM94068,train,cancer
GDS2771,2,2,GSM94069,train,cancer
GDS2771,2,2,GSM94070,train,cancer
GDS2771,2,2,GSM94071,train,cancer
GDS2771,2,2,GSM94072,train,cancer
GDS2771,2,2,GSM94073,train,cancer
GDS2771,2,2,GSM94074,train,cancer
GDS2771,2,2,GSM94075,train,cancer
GDS2771,2,2,GSM94155,train,cancer
GDS2771,2,2,GSM94156,train,cancer
GDS2771,2,2,GSM94160,train,cancer
GDS2771,2,2,GSM94161,train,cancer
GDS2771,2,2,GSM94162,train,cancer
GDS2771,2,2,GSM94163,train,cancer
GDS2771,2,2,GSM94164,train,cancer
GDS2771,2,2,GSM94165,train,cancer
GDS2771,2,2,GSM94166,train,cancer
GDS2771,2,2,GSM94168,train,cancer
GDS2771,2,2,GSM94169,train,cancer
GDS2771,2,2,GSM94170,train,cancer
GDS2771,2,2,GSM94171,train,cancer
GDS2771,2,2,GSM94172,train,cancer
GDS2771,2,2,GSM94174,train,cancer
GDS2771,2,2,GSM94175,train,cancer
GDS2771,2,2,GSM94176,train,cancer
GDS2771,2,2,GSM98767,train,cancer
GDS2771,2,2,GSM98768,train,cancer
GDS2771,2,2,GSM98769,train,cancer
GDS2771,2,2,GSM98770,train,cancer
GDS2771,2,2,GSM98771,train,cancer
GDS2771,2,2,GSM98772,train,cancer
GDS2771,2,2,GSM98773,train,cancer
GDS2771,2,2,GSM98774,train,cancer
GDS2771,2,2,GSM98775,train,cancer
GDS2771,2,2,GSM98776,train,cancer
GDS2771,2,2,GSM98777,train,cancer
GDS2771,2,2,GSM98778,train,cancer
GDS2771,2,2,GSM98779,train,cancer
GDS2771,2,2,GSM98780,train,cancer
GDS2771,2,2,GSM98781,train,cancer
GDS2771,2,2,GSM98782,train,cancer
GDS2771,2,2,GSM98783,train,cancer
GDS2771,2,2,GSM98784,train,cancer
GDS2771,2,2,GSM98871,train,cancer
GDS2771,2,2,GSM98872,train,cancer
GDS2771,2,2,GSM98873,train,cancer
GDS2771,2,2,GSM98874,train,cancer
GDS2771,2,2,GSM98875,train,cancer
GDS2771,2,2,GSM93997,test,no_cancer
GDS2771,2,2,GSM94085,test,no_cancer
GDS2771,2,2,GSM94090,test,no_cancer
GDS2771,2,2,GSM94096,test,no_cancer
GDS2771,2,2,GSM94113,test,no_cancer
GDS2771,2,2,GSM94124,test,no_cancer
GDS2771,2,2,GSM94126,test,no_cancer
GDS2771,2,2,GSM98786,test,no_cancer
GDS2771,2,2,GSM98787,test,no_cancer
GDS2771,2,2,GSM94027,test,cancer
GDS2771,2,2,GSM94038,test,cancer
GDS2771,2,2,GSM94043,test,cancer
GDS2771,2,2,GSM94058,test,cancer
GDS2771,2,2,GSM94059,test,cancer
GDS2771,2,2,GSM94061,test,cancer
GDS2771,2,2,GSM94157,test,cancer
GDS2771,2,2,GSM94167,test,cancer
GDS2771,2,2,GSM94173,test,cancer
GDS2771,2,2,GSM94177,test,cancer
GDS2771,2,2,GSM94178,test,cancer
GDS2771,2,3,GSM93997,train,no_cancer
GDS2771,2,3,GSM94077,train,no_cancer
GDS2771,2,3,GSM94078,train,no_cancer
GDS2771,2,3,GSM94081,train,no_cancer
GDS2771,2,3,GSM94082,train,no_cancer
GDS2771,2,3,GSM94083,train,no_cancer
GDS2771,2,3,GSM94084,train,no_cancer
GDS2771,2,3,GSM94085,train,no_cancer
GDS2771,2,3,GSM94086,train,no_cancer
GDS2771,2,3,GSM94087,train,no_cancer
GDS2771,2,3,GSM94088,train,no_cancer
GDS2771,2,3,GSM94089,train,no_cancer
GDS2771,2,3,GSM94090,train,no_cancer
GDS2771,2,3,GSM94091,train,no_cancer
GDS2771,2,3,GSM94092,train,no_cancer
GDS2771,2,3,GSM94094,train,no_cancer
GDS2771,2,3,GSM94095,train,no_cancer
GDS2771,2,3,GSM94096,train,no_cancer
GDS2771,2,3,GSM94097,train,no_cancer
GDS2771,2,3,GSM94098,train,no_cancer
GDS2771,2,3,GSM94099,train,no_cancer
GDS2771,2,3,GSM94100,train,no_cancer
GDS2771,2,3,GSM94101,train,no_cancer
GDS2771,2,3,GSM94102,train,no_cancer
GDS2771,2,3,GSM94103,train,no_cancer
GDS2771,2,3,GSM94104,train,no_cancer
GDS2771,2,3,GSM94105,train,no_cancer
GDS2771,2,3,GSM94106,train,no_cancer
GDS2771,2,3,GSM94107,train,no_cancer
GDS2771,2,3,GSM94108,train,no_cancer
GDS2771,2,3,GSM94109,train,no_cancer
GDS2771,2,3,GSM94110,train,no_cancer
GDS2771,2,3,GSM94111,train,no_cancer
GDS2771,2,3,GSM94112,train,no_cancer
GDS2771,2,3,GSM94113,train,no_cancer
GDS2771,2,3,GSM94114,train,no_cancer
GDS2771,2,3,GSM94115,train,no_cancer
GDS2771,2,3,GSM94116,train,no_cancer
GDS2771,2,3,GSM94117,train,no_cancer
GDS2771,2,3,GSM94118,train,no_cancer
GDS2771,2,3,GSM94119,train,no_cancer
GDS2771,2,3,GSM94120,train,no_cancer
GDS2771,2,3,GSM94121,train,no_cancer
GDS2771,2,3,GSM94123,train,no_cancer
GDS2771,2,3,GSM94124,train,no_cancer
GDS2771,2,3,GSM94125,train,no_cancer
GDS2771,2,3,GSM94126,train,no_cancer
GDS2771,2,3,GSM94127,train,no_cancer
GDS2771,2,3,GSM94128,train,no_cancer
GDS2771,2,3,GSM94129,train,no_cancer
GDS2771,2,3,GSM94130,train,no_cancer
GDS2771,2,3,GSM94131,train,no_cancer
GDS2771,2,3,GSM94132,train,no_cancer
GDS2771,2,3,GSM94133,train,no_cancer
GDS2771,2,3,GSM94134,train,no_cancer
GDS2771,2,3,GSM94135,train,no_cancer
GDS2771,2,3,GSM94136,train,no_cancer
GDS2771,2,3,GSM94137,train,no_cancer
GDS2771,2,3,GSM94140,train,no_cancer
GDS2771,2,3,GSM94141,train,no_cancer
GDS2771,2,3,GSM94142,train,no_cancer
GDS2771,2,3,GSM94144,train,no_cancer
GDS2771,2,3,GSM94145,train,no_cancer
GDS2771,2,3,GSM94146,train,no_cancer
GDS2771,2,3,GSM94147,train,no_cancer
GDS2771,2,3,GSM98785,train,no_cancer
GDS2771,2,3,GSM98786,train,no_cancer
GDS2771,2,3,GSM98787,train,no_cancer
GDS2771,2,3,GSM98788,train,no_cancer
GDS2771,2,3,GSM98790,train,no_cancer
GDS2771,2,3,GSM98791,train,no_cancer
GDS2771,2,3,GSM98792,train,no_cancer
GDS2771,2,3,GSM98793,train,no_cancer
GDS2771,2,3,GSM98794,train,no_cancer
GDS2771,2,3,GSM98795,train,no_cancer
GDS2771,2,3,GSM98796,train,no_cancer
GDS2771,2,3,GSM98797,train,no_cancer
GDS2771,2,3,GSM98798,train,no_cancer
GDS2771,2,3,GSM98799,train,no_cancer
GDS2771,2,3,GSM98800,train,no_cancer
GDS2771,2,3,GSM98801,train,no_cancer
GDS2771,2,3,GSM94019,train,cancer
GDS2771,2,3,GSM94021,train,cancer
GDS2771,2,3,GSM94022,train,cancer
GDS2771,2,3,GSM94023,train,cancer
GDS2771,2,3,GSM94024,train,cancer
GDS2771,2,3,GSM94025,train,cancer
GDS2771,2,3,GSM94026,train,cancer
GDS2771,2,3,GSM94027,train,cancer
GDS2771,2,3,GSM94029,train,cancer
GDS2771,2,3,GSM94030,train,cancer
GDS2771,2,3,GSM94031,train,cancer
GDS2771,2,3,GSM94032,train,cancer
GDS2771,2,3,GSM94033,train,cancer
GDS2771,2,3,GSM94035,train,cancer
GDS2771,2,3,GSM94036,train,cancer
GDS2771,2,3,GSM94037,train,cancer
GDS2771,2,3,GSM94038,train,cancer
GDS2771,2,3,GSM94039,train,cancer
GDS2771,2,3,GSM94040,train,cancer
GDS2771,2,3,GSM94041,train,cancer
GDS2771,2,3,GSM94042,train,cancer
GDS2771,2,3,GSM94043,train,cancer
GDS2771,2,3,GSM94044,train,cancer
GDS2771,2,3,GSM94045,train,cancer
GDS2771,2,3,GSM94046,train,cancer
GDS2771,2,3,GSM94047,train,cancer
GDS2771,2,3,GSM94049,train,cancer
GDS2771,2,3,GSM94050,train,cancer
GDS2771,2,3,GSM94051,train,cancer
GDS2771,2,3,GSM94052,train,cancer
GDS2771,2,3,GSM94053,train,cancer
GDS2771,2,3,GSM94054,train,cancer
GDS2771,2,3,GSM94055,train,cancer
GDS2771,2,3,GSM94056,train,cancer
GDS2771,2,3,GSM94057,train,cancer
GDS2771,2,3,GSM94058,train,cancer
GDS2771,2,3,GSM94059,train,cancer
GDS2771,2,3,GSM94060,train,cancer
GDS2771,2,3,GSM94061,train,cancer
GDS2771,2,3,GSM94062,train,cancer
GDS2771,2,3,GSM94063,train,cancer
GDS2771,2,3,GSM94064,train,cancer
GDS2771,2,3,GSM94065,train,cancer
GDS2771,2,3,GSM94066,train,cancer
GDS2771,2,3,GSM94067,train,cancer
GDS2771,2,3,GSM94069,train,cancer
GDS2771,2,3,GSM94071,train,cancer
GDS2771,2,3,GSM94072,train,cancer
GDS2771,2,3,GSM94073,train,cancer
GDS2771,2,3,GSM94075,train,cancer
GDS2771,2,3,GSM94155,train,cancer
GDS2771,2,3,GSM94156,train,cancer
GDS2771,2,3,GSM94157,train,cancer
GDS2771,2,3,GSM94160,train,cancer
GDS2771,2,3,GSM94161,train,cancer
GDS2771,2,3,GSM94162,train,cancer
GDS2771,2,3,GSM94164,train,cancer
GDS2771,2,3,GSM94165,train,cancer
GDS2771,2,3,GSM94166,train,cancer
GDS2771,2,3,GSM94167,train,cancer
GDS2771,2,3,GSM94168,train,cancer
GDS2771,2,3,GSM94169,train,cancer
GDS2771,2,3,GSM94170,train,cancer
GDS2771,2,3,GSM94171,train,cancer
GDS2771,2,3,GSM94172,train,cancer
GDS2771,2,3,GSM94173,train,cancer
GDS2771,2,3,GSM94175,train,cancer
GDS2771,2,3,GSM94177,train,cancer
GDS2771,2,3,GSM94178,train,cancer
GDS2771,2,3,GSM98767,train,cancer
GDS2771,2,3,GSM98768,train,cancer
GDS2771,2,3,GSM98769,train,cancer
GDS2771,2,3,GSM98770,train,cancer
GDS2771,2,3,GSM98771,train,cancer
GDS2771,2,3,GSM98772,train,cancer
GDS2771,2,3,GSM98773,train,cancer
GDS2771,2,3,GSM98774,train,cancer
GDS2771,2,3,GSM98775,train,cancer
GDS2771,2,3,GSM98776,train,cancer
GDS2771,2,3,GSM98777,train,cancer
GDS2771,2,3,GSM98778,train,cancer
GDS2771,2,3,GSM98779,train,cancer
GDS2771,2,3,GSM98780,train,cancer
GDS2771,2,3,GSM98781,train,cancer
GDS2771,2,3,GSM98782,train,cancer
GDS2771,2,3,GSM98783,train,cancer
GDS2771,2,3,GSM98784,train,cancer
GDS2771,2,3,GSM98871,train,cancer
GDS2771,2,3,GSM98872,train,cancer
GDS2771,2,3,GSM98873,train,cancer
GDS2771,2,3,GSM98874,train,cancer
GDS2771,2,3,GSM98875,train,cancer
GDS2771,2,3,GSM94079,test,no_cancer
GDS2771,2,3,GSM94080,test,no_cancer
GDS2771,2,3,GSM94093,test,no_cancer
GDS2771,2,3,GSM94122,test,no_cancer
GDS2771,2,3,GSM94138,test,no_cancer
GDS2771,2,3,GSM94139,test,no_cancer
GDS2771,2,3,GSM94143,test,no_cancer
GDS2771,2,3,GSM94148,test,no_cancer
GDS2771,2,3,GSM98789,test,no_cancer
GDS2771,2,3,GSM94020,test,cancer
GDS2771,2,3,GSM94028,test,cancer
GDS2771,2,3,GSM94034,test,cancer
GDS2771,2,3,GSM94048,test,cancer
GDS2771,2,3,GSM94068,test,cancer
GDS2771,2,3,GSM94070,test,cancer
GDS2771,2,3,GSM94074,test,cancer
GDS2771,2,3,GSM94163,test,cancer
GDS2771,2,3,GSM94174,test,cancer
GDS2771,2,3,GSM94176,test,cancer
GDS2771,2,4,GSM93997,train,no_cancer
GDS2771,2,4,GSM94077,train,no_cancer
GDS2771,2,4,GSM94078,train,no_cancer
GDS2771,2,4,GSM94079,train,no_cancer
GDS2771,2,4,GSM94080,train,no_cancer
GDS2771,2,4,GSM94082,train,no_cancer
GDS2771,2,4,GSM94083,train,no_cancer
GDS2771,2,4,GSM94084,train,no_cancer
GDS2771,2,4,GSM94085,train,no_cancer
GDS2771,2,4,GSM94087,train,no_cancer
GDS2771,2,4,GSM94089,train,no_cancer
GDS2771,2,4,GSM94090,train,no_cancer
GDS2771,2,4,GSM94092,train,no_cancer
GDS2771,2,4,GSM94093,train,no_cancer
GDS2771,2,4,GSM94094,train,no_cancer
GDS2771,2,4,GSM94095,train,no_cancer
GDS2771,2,4,GSM94096,train,no_cancer
GDS2771,2,4,GSM94098,train,no_cancer
GDS2771,2,4,GSM94099,train,no_cancer
GDS2771,2,4,GSM94100,train,no_cancer
GDS2771,2,4,GSM94101,train,no_cancer
GDS2771,2,4,GSM94102,train,no_cancer
GDS2771,2,4,GSM94104,train,no_cancer
GDS2771,2,4,GSM94105,train,no_cancer
GDS2771,2,4,GSM94106,train,no_cancer
GDS2771,2,4,GSM94107,train,no_cancer
GDS2771,2,4,GSM94108,train,no_cancer
GDS2771,2,4,GSM94109,train,no_cancer
GDS2771,2,4,GSM94110,train,no_cancer
GDS2771,2,4,GSM94111,train,no_cancer
GDS2771,2,4,GSM94112,train,no_cancer
GDS2771,2,4,GSM94113,train,no_cancer
GDS2771,2,4,GSM94114,train,no_cancer
GDS2771,2,4,GSM94116,train,no_cancer
GDS2771,2,4,GSM94118,train,no_cancer
GDS2771,2,4,GSM94119,train,no_cancer
GDS2771,2,4,GSM94120,train,no_cancer
GDS2771,2,4,GSM94121,train,no_cancer
GDS2771,2,4,GSM94122,train,no_cancer
GDS2771,2,4,GSM94123,train,no_cancer
GDS2771,2,4,GSM94124,train,no_cancer
GDS2771,2,4,GSM94125,train,no_cancer
GDS2771,2,4,GSM94126,train,no_cancer
GDS2771,2,4,GSM94127,train,no_cancer
GDS2771,2,4,GSM94128,train,no_cancer
GDS2771,2,4,GSM94129,train,no_cancer
GDS2771,2,4,GSM94130,train,no_cancer
GDS2771,2,4,GSM94131,train,no_cancer
GDS2771,2,4,GSM94132,train,no_cancer
GDS2771,2,4,GSM94133,train,no_cancer
GDS2771,2,4,GSM94134,train,no_cancer
GDS2771,2,4,GSM94135,train,no_cancer
GDS2771,2,4,GSM94136,train,no_cancer
GDS2771,2,4,GSM94137,train,no_cancer
GDS2771,2,4,GSM94138,train,no_cancer
GDS2771,2,4,GSM94139,train,no_cancer
GDS2771,2,4,GSM94140,train,no_cancer
GDS2771,2,4,GSM94141,train,no_cancer
GDS2771,2,4,GSM94142,train,no_cancer
GDS2771,2,4,GSM94143,train,no_cancer
GDS2771,2,4,GSM94144,train,no_cancer
GDS2771,2,4,GSM94145,train,no_cancer
GDS2771,2,4,GSM94146,train,no_cancer
GDS2771,2,4,GSM94147,train,no_cancer
GDS2771,2,4,GSM94148,train,no_cancer
GDS2771,2,4,GSM98785,train,no_cancer
GDS2771,2,4,GSM98786,train,no_cancer
GDS2771,2,4,GSM98787,train,no_cancer
GDS2771,2,4,GSM98788,train,no_cancer
GDS2771,2,4,GSM98789,train,no_cancer
GDS2771,2,4,GSM98790,train,no_cancer
GDS2771,2,4,GSM98791,train,no_cancer
GDS2771,2,4,GSM98792,train,no_cancer
GDS2771,2,4,GSM98793,train,no_cancer
GDS2771,2,4,GSM98794,train,no_cancer
GDS2771,2,4,GSM98795,train,no_cancer
GDS2771,2,4,GSM98796,train,no_cancer
GDS2771,2,4,GSM98797,train,no_cancer
GDS2771,2,4,GSM98798,train,no_cancer
GDS2771,2,4,GSM98800,train,no_cancer
GDS2771,2,4,GSM98801,train,no_cancer
GDS2771,2,4,GSM94019,train,cancer
GDS2771,2,4,GSM94020,train,cancer
GDS2771,2,4,GSM94021,train,cancer
GDS2771,2,4,GSM94022,train,cancer
GDS2771,2,4,GSM94024,train,cancer
GDS2771,2,4,GSM94025,train,cancer
GDS2771,2,4,GSM94026,train,cancer
GDS2771,2,4,GSM94027,train,cancer
GDS2771,2,4,GSM94028,train,cancer
GDS2771,2,4,GSM94029,train,cancer
GDS2771,2,4,GSM94030,train,cancer
GDS2771,2,4,GSM94031,train,cancer
GDS2771,2,4,GSM94032,train,cancer
GDS2771,2,4,GSM94033,train,cancer
GDS2771,2,4,GSM94034,train,cancer
GDS2771,2,4,GSM94035,train,cancer
GDS2771,2,4,GSM94036,train,cancer
GDS2771,2,4,GSM94037,train,cancer
GDS2771,2,4,GSM94038,train,cancer
GDS2771,2,4,GSM94039,train,cancer
GDS2771,2,4,GSM94040,train,cancer
GDS2771,2,4,GSM94041,train,cancer
GDS2771,2,4,GSM94043,train,cancer
GDS2771,2,4,GSM94044,train,cancer
GDS2771,2,4,GSM94045,train,cancer
GDS2771,2,4,GSM94046,train,cancer
GDS2771,2,4,GSM94047,train,cancer
GDS2771,2,4,GSM94048,train,cancer
GDS2771,2,4,GSM94049,train,cancer
GDS2771,2,4,GSM94050,train,cancer
GDS2771,2,4,GSM94051,train,cancer
GDS2771,2,4,GSM94052,train,cancer
GDS2771,2,4,GSM94053,train,cancer
GDS2771,2,4,GSM94054,train,cancer
GDS2771,2,4,GSM94055,train,cancer
GDS2771,2,4,GSM94056,train,cancer
GDS2771,2,4,GSM94057,train,cancer
GDS2771,2,4,GSM94058,train,cancer
GDS2771,2,4,GSM94059,train,cancer
GDS2771,2,4,GSM94061,train,cancer
GDS2771,2,4,GSM94062,train,cancer
GDS2771,2,4,GSM94063,train,cancer
GDS2771,2,4,GSM94064,train,cancer
GDS2771,2,4,GSM94066,train,cancer
GDS2771,2,4,GSM94067,train,cancer
GDS2771,2,4,GSM94068,train,cancer
GDS2771,2,4,GSM94069,train,cancer
GDS2771,2,4,GSM94070,train,cancer
GDS2771,2,4,GSM94071,train,cancer
GDS2771,2,4,GSM94072,train,cancer
GDS2771,2,4,GSM94073,train,cancer
GDS2771,2,4,GSM94074,train,cancer
GDS2771,2,4,GSM94075,train,cancer
GDS2771,2,4,GSM94155,train,cancer
GDS2771,2,4,GSM94156,train,cancer
GDS2771,2,4,GSM94157,train,cancer
GDS2771,2,4,GSM94160,train,cancer
GDS2771,2,4,GSM94161,train,cancer
GDS2771,2,4,GSM94163,train,cancer
GDS2771,2,4,GSM94165,train,cancer
GDS2771,2,4,GSM94166,train,cancer
GDS2771,2,4,GSM94167,train,cancer
GDS2771,2,4,GSM94169,train,cancer
GDS2771,2,4,GSM94170,train,cancer
GDS2771,2,4,GSM94171,train,cancer
GDS2771,2,4,GSM94172,train,cancer
GDS2771,2,4,GSM94173,train,cancer
GDS2771,2,4,GSM94174,train,cancer
GDS2771,2,4,GSM94175,train,cancer
GDS2771,2,4,GSM94176,train,cancer
GDS2771,2,4,GSM94177,train,cancer
GDS2771,2,4,GSM94178,train,cancer
GDS2771,2,4,GSM98767,train,cancer
GDS2771,2,4,GSM98768,train,cancer
GDS2771,2,4,GSM98769,train,cancer
GDS2771,2,4,GSM98770,train,cancer
GDS2771,2,4,GSM98771,train,cancer
GDS2771,2,4,GSM98772,train,cancer
GDS2771,2,4,GSM98773,train,cancer
GDS2771,2,4,GSM98774,train,cancer
GDS2771,2,4,GSM98775,train,cancer
GDS2771,2,4,GSM98776,train,cancer
GDS2771,2,4,GSM98777,train,cancer
GDS2771,2,4,GSM98778,train,cancer
GDS2771,2,4,GSM98780,train,cancer
GDS2771,2,4,GSM98781,train,cancer
GDS2771,2,4,GSM98783,train,cancer
GDS2771,2,4,GSM98784,train,cancer
GDS2771,2,4,GSM98871,train,cancer
GDS2771,2,4,GSM98872,train,cancer
GDS2771,2,4,GSM98873,train,cancer
GDS2771,2,4,GSM98875,train,cancer
GDS2771,2,4,GSM94081,test,no_cancer
GDS2771,2,4,GSM94086,test,no_cancer
GDS2771,2,4,GSM94088,test,no_cancer
GDS2771,2,4,GSM94091,test,no_cancer
GDS2771,2,4,GSM94097,test,no_cancer
GDS2771,2,4,GSM94103,test,no_cancer
GDS2771,2,4,GSM94115,test,no_cancer
GDS2771,2,4,GSM94117,test,no_cancer
GDS2771,2,4,GSM98799,test,no_cancer
GDS2771,2,4,GSM94023,test,cancer
GDS2771,2,4,GSM94042,test,cancer
GDS2771,2,4,GSM94060,test,cancer
GDS2771,2,4,GSM94065,test,cancer
GDS2771,2,4,GSM94162,test,cancer
GDS2771,2,4,GSM94164,test,cancer
GDS2771,2,4,GSM94168,test,cancer
GDS2771,2,4,GSM98779,test,cancer
GDS2771,2,4,GSM98782,test,cancer
GDS2771,2,4,GSM98874,test,cancer
GDS2771,2,5,GSM93997,train,no_cancer
GDS2771,2,5,GSM94077,train,no_cancer
GDS2771,2,5,GSM94078,train,no_cancer
GDS2771,2,5,GSM94079,train,no_cancer
GDS2771,2,5,GSM94080,train,no_cancer
GDS2771,2,5,GSM94081,train,no_cancer
GDS2771,2,5,GSM94082,train,no_cancer
GDS2771,2,5,GSM94084,train,no_cancer
GDS2771,2,5,GSM94085,train,no_cancer
GDS2771,2,5,GSM94086,train,no_cancer
GDS2771,2,5,GSM94087,train,no_cancer
GDS2771,2,5,GSM94088,train,no_cancer
GDS2771,2,5,GSM94089,train,no_cancer
GDS2771,2,5,GSM94090,train,no_cancer
GDS2771,2,5,GSM94091,train,no_cancer
GDS2771,2,5,GSM94092,train,no_cancer
GDS2771,2,5,GSM94093,train,no_cancer
GDS2771,2,5,GSM94094,train,no_cancer
GDS2771,2,5,GSM94095,train,no_cancer
GDS2771,2,5,GSM94096,train,no_cancer
GDS2771,2,5,GSM94097,train,no_cancer
GDS2771,2,5,GSM94098,train,no_cancer
GDS2771,2,5,GSM94099,train,no_cancer
GDS2771,2,5,GSM94100,train,no_cancer
GDS2771,2,5,GSM94101,train,no_cancer
GDS2771,2,5,GSM94102,train,no_cancer
GDS2771,2,5,GSM94103,train,no_cancer
GDS2771,2,5,GSM94105,train,no_cancer
GDS2771,2,5,GSM94106,train,no_cancer
GDS2771,2,5,GSM94107,train,no_cancer
GDS2771,2,5,GSM94108,train,no_cancer
GDS2771,2,5,GSM94109,train,no_cancer
GDS2771,2,5,GSM94110,train,no_cancer
GDS2771,2,5,GSM94111,train,no_cancer
GDS2771,2,5,GSM94112,train,no_cancer
GDS2771,2,5,GSM94113,train,no_cancer
GDS2771,2,5,GSM94114,train,no_cancer
GDS2771,2,5,GSM94115,train,no_cancer
GDS2771,2,5,GSM94117,train,no_cancer
GDS2771,2,5,GSM94118,train,no_cancer
GDS2771,2,5,GSM94119,train,no_cancer
GDS2771,2,5,GSM94120,train,no_cancer
GDS2771,2,5,GSM94122,train,no_cancer
GDS2771,2,5,GSM94123,train,no_cancer
GDS2771,2,5,GSM94124,train,no_cancer
GDS2771,2,5,GSM94125,train,no_cancer
GDS2771,2,5,GSM94126,train,no_cancer
GDS2771,2,5,GSM94127,train,no_cancer
GDS2771,2,5,GSM94128,train,no_cancer
GDS2771,2,5,GSM94129,train,no_cancer
GDS2771,2,5,GSM94130,train,no_cancer
GDS2771,2,5,GSM94132,train,no_cancer
GDS2771,2,5,GSM94133,train,no_cancer
GDS2771,2,5,GSM94134,train,no_cancer
GDS2771,2,5,GSM94135,train,no_cancer
GDS2771,2,5,GSM94136,train,no_cancer
GDS2771,2,5,GSM94137,train,no_cancer
GDS2771,2,5,GSM94138,train,no_cancer
GDS2771,2,5,GSM94139,train,no_cancer
GDS2771,2,5,GSM94140,train,no_cancer
GDS2771,2,5,GSM94141,train,no_cancer
GDS2771,2,5,GSM94142,train,no_cancer
GDS2771,2,5,GSM94143,train,no_cancer
GDS2771,2,5,GSM94144,train,no_cancer
GDS2771,2,5,GSM94145,train,no_cancer
GDS2771,2,5,GSM94146,train,no_cancer
GDS2771,2,5,GSM94147,train,no_cancer
GDS2771,2,5,GSM94148,train,no_cancer
GDS2771,2,5,GSM98785,train,no_cancer
GDS2771,2,5,GSM98786,train,no_cancer
GDS2771,2,5,GSM98787,train,no_cancer
GDS2771,2,5,GSM98789,train,no_cancer
GDS2771,2,5,GSM98790,train,no_cancer
GDS2771,2,5,GSM98792,train,no_cancer
GDS2771,2,5,GSM98793,train,no_cancer
GDS2771,2,5,GSM98794,train,no_cancer
GDS2771,2,5,GSM98795,train,no_cancer
GDS2771,2,5,GSM98796,train,no_cancer
GDS2771,2,5,GSM98798,train,no_cancer
GDS2771,2,5,GSM98799,train,no_cancer
GDS2771,2,5,GSM98800,train,no_cancer
GDS2771,2,5,GSM94019,train,cancer
GDS2771,2,5,GSM94020,train,cancer
GDS2771,2,5,GSM94021,train,cancer
GDS2771,2,5,GSM94022,train,cancer
GDS2771,2,5,GSM94023,train,cancer
GDS2771,2,5,GSM94024,train,cancer
GDS2771,2,5,GSM94025,train,cancer
GDS2771,2,5,GSM94026,train,cancer
GDS2771,2,5,GSM94027,train,cancer
GDS2771,2,5,GSM94028,train,cancer
GDS2771,2,5,GSM94029,train,cancer
GDS2771,2,5,GSM94030,train,cancer
GDS2771,2,5,GSM94031,train,cancer
GDS2771,2,5,GSM94032,train,cancer
GDS2771,2,5,GSM94033,train,cancer
GDS2771,2,5,GSM94034,train,cancer
GDS2771,2,5,GSM94035,train,cancer
GDS2771,2,5,GSM94036,train,cancer
GDS2771,2,5,GSM94037,train,cancer
GDS2771,2,5,GSM94038,train,cancer
GDS2771,2,5,GSM94039,train,cancer
GDS2771,2,5,GSM94040,train,cancer
GDS2771,2,5,GSM94041,train,cancer
GDS2771,2,5,GSM94042,train,cancer
GDS2771,2,5,GSM94043,train,cancer
GDS2771,2,5,GSM94044,train,cancer
GDS2771,2,5,GSM94045,train,cancer
GDS2771,2,5,GSM94046,train,cancer
GDS2771,2,5,GSM94047,train,cancer
GDS2771,2,5,GSM94048,train,cancer
GDS2771,2,5,GSM94049,train,cancer
GDS2771,2,5,GSM94052,train,cancer
GDS2771,2,5,GSM94053,train,cancer
GDS2771,2,5,GSM94054,train,cancer
GDS2771,2,5,GSM94055,train,cancer
GDS2771,2,5,GSM94056,train,cancer
GDS2771,2,5,GSM94057,train,cancer
GDS2771,2,5,GSM94058,train,cancer
GDS2771,2,5,GSM94059,train,cancer
GDS2771,2,5,GSM94060,train,cancer
GDS2771,2,5,GSM94061,train,cancer
GDS2771,2,5,GSM94062,train,cancer
GDS2771,2,5,GSM94063,train,cancer
GDS2771,2,5,GSM94064,train,cancer
GDS2771,2,5,GSM94065,train,cancer
GDS2771,2,5,GSM94068,train,cancer
GDS2771,2,5,GSM94069,train,cancer
GDS2771,2,5,GSM94070,train,cancer
GDS2771,2,5,GSM94071,train,cancer
GDS2771,2,5,GSM94072,train,cancer
GDS2771,2,5,GSM94073,train,cancer
GDS2771,2,5,GSM94074,train,cancer
GDS2771,2,5,GSM94075,train,cancer
GDS2771,2,5,GSM94155,train,cancer
GDS2771,2,5,GSM94156,train,cancer
GDS2771,2,5,GSM94157,train,cancer
GDS2771,2,5,GSM94161,train,cancer
GDS2771,2,5,GSM94162,train,cancer
GDS2771,2,5,GSM94163,train,cancer
GDS2771,2,5,GSM94164,train,cancer
GDS2771,2,5,GSM94165,train,cancer
GDS2771,2,5,GSM94166,train,cancer
GDS2771,2,5,GSM94167,train,cancer
GDS2771,2,5,GSM94168,train,cancer
GDS2771,2,5,GSM94170,train,cancer
GDS2771,2,5,GSM94171,train,cancer
GDS2771,2,5,GSM94173,train,cancer
GDS2771,2,5,GSM94174,train,cancer
GDS2771,2,5,GSM94176,train,cancer
GDS2771,2,5,GSM94177,train,cancer
GDS2771,2,5,GSM94178,train,cancer
GDS2771,2,5,GSM98767,train,cancer
GDS2771,2,5,GSM98768,train,cancer
GDS2771,2,5,GSM98769,train,cancer
GDS2771,2,5,GSM98770,train,cancer
GDS2771,2,5,GSM98771,train,cancer
GDS2771,2,5,GSM98772,train,cancer
GDS2771,2,5,GSM98773,train,cancer
GDS2771,2,5,GSM98774,train,cancer
GDS2771,2,5,GSM98776,train,cancer
GDS2771,2,5,GSM98777,train,cancer
GDS2771,2,5,GSM98778,train,cancer
GDS2771,2,5,GSM98779,train,cancer
GDS2771,2,5,GSM98780,train,cancer
GDS2771,2,5,GSM98781,train,cancer
GDS2771,2,5,GSM98782,train,cancer
GDS2771,2,5,GSM98783,train,cancer
GDS2771,2,5,GSM98871,train,cancer
GDS2771,2,5,GSM98872,train,cancer
GDS2771,2,5,GSM98873,train,cancer
GDS2771,2,5,GSM98874,train,cancer
GDS2771,2,5,GSM98875,train,cancer
GDS2771,2,5,GSM94083,test,no_cancer
GDS2771,2,5,GSM94104,test,no_cancer
GDS2771,2,5,GSM94116,test,no_cancer
GDS2771,2,5,GSM94121,test,no_cancer
GDS2771,2,5,GSM94131,test,no_cancer
GDS2771,2,5,GSM98788,test,no_cancer
GDS2771,2,5,GSM98791,test,no_cancer
GDS2771,2,5,GSM98797,test,no_cancer
GDS2771,2,5,GSM98801,test,no_cancer
GDS2771,2,5,GSM94050,test,cancer
GDS2771,2,5,GSM94051,test,cancer
GDS2771,2,5,GSM94066,test,cancer
GDS2771,2,5,GSM94067,test,cancer
GDS2771,2,5,GSM94160,test,cancer
GDS2771,2,5,GSM94169,test,cancer
GDS2771,2,5,GSM94172,test,cancer
GDS2771,2,5,GSM94175,test,cancer
GDS2771,2,5,GSM98775,test,cancer
GDS2771,2,5,GSM98784,test,cancer
GDS2771,2,6,GSM93997,train,no_cancer
GDS2771,2,6,GSM94077,train,no_cancer
GDS2771,2,6,GSM94078,train,no_cancer
GDS2771,2,6,GSM94079,train,no_cancer
GDS2771,2,6,GSM94080,train,no_cancer
GDS2771,2,6,GSM94081,train,no_cancer
GDS2771,2,6,GSM94082,train,no_cancer
GDS2771,2,6,GSM94083,train,no_cancer
GDS2771,2,6,GSM94084,train,no_cancer
GDS2771,2,6,GSM94085,train,no_cancer
GDS2771,2,6,GSM94086,train,no_cancer
GDS2771,2,6,GSM94087,train,no_cancer
GDS2771,2,6,GSM94088,train,no_cancer
GDS2771,2,6,GSM94090,train,no_cancer
GDS2771,2,6,GSM94091,train,no_cancer
GDS2771,2,6,GSM94093,train,no_cancer
GDS2771,2,6,GSM94094,train,no_cancer
GDS2771,2,6,GSM94095,train,no_cancer
GDS2771,2,6,GSM94096,train,no_cancer
GDS2771,2,6,GSM94097,train,no_cancer
GDS2771,2,6,GSM94098,train,no_cancer
GDS2771,2,6,GSM94101,train,no_cancer
GDS2771,2,6,GSM94102,train,no_cancer
GDS2771,2,6,GSM94103,train,no_cancer
GDS2771,2,6,GSM94104,train,no_cancer
GDS2771,2,6,GSM94105,train,no_cancer
GDS2771,2,6,GSM94106,train,no_cancer
GDS2771,2,6,GSM94107,train,no_cancer
GDS2771,2,6,GSM94109,train,no_cancer
GDS2771,2,6,GSM94110,train,no_cancer
GDS2771,2,6,GSM94111,train,no_cancer
GDS2771,2,6,GSM94113,train,no_cancer
GDS2771,2,6,GSM94114,train,no_cancer
GDS2771,2,6,GSM94115,train,no_cancer
GDS2771,2,6,GSM94116,train,no_cancer
GDS2771,2,6,GSM94117,train,no_cancer
GDS2771,2,6,GSM94118,train,no_cancer
GDS2771,2,6,GSM94119,train,no_cancer
GDS2771,2,6,GSM94120,train,no_cancer
GDS2771,2,6,GSM94121,train,no_cancer
GDS2771,2,6,GSM94122,train,no_cancer
GDS2771,2,6,GSM94123,train,no_cancer
GDS2771,2,6,GSM94124,train,no_cancer
GDS2771,2,6,GSM94125,train,no_cancer
GDS2771,2,6,GSM94126,train,no_cancer
GDS2771,2,6,GSM94127,train,no_cancer
GDS2771,2,6,GSM94129,train,no_cancer
GDS2771,2,6,GSM94130,train,no_cancer
GDS2771,2,6,GSM94131,train,no_cancer
GDS2771,2,6,GSM94132,train,no_cancer
GDS2771,2,6,GSM94135,train,no_cancer
GDS2771,2,6,GSM94136,train,no_cancer
GDS2771,2,6,GSM94137,train,no_cancer
GDS2771,2,6,GSM94138,train,no_cancer
GDS2771,2,6,GSM94139,train,no_cancer
GDS2771,2,6,GSM94140,train,no_cancer
GDS2771,2,6,GSM94141,train,no_cancer
GDS2771,2,6,GSM94142,train,no_cancer
GDS2771,2,6,GSM94143,train,no_cancer
GDS2771,2,6,GSM94144,train,no_cancer
GDS2771,2,6,GSM94145,train,no_cancer
GDS2771,2,6,GSM94146,train,no_cancer
GDS2771,2,6,GSM94147,train,no_cancer
GDS2771,2,6,GSM94148,train,no_cancer
GDS2771,2,6,GSM98785,train,no_cancer
GDS2771,2,6,GSM98786,train,no_cancer
GDS2771,2,6,GSM98787,train,no_cancer
GDS2771,2,6,GSM98788,train,no_cancer
GDS2771,2,6,GSM98789,train,no_cancer
GDS2771,2,6,GSM98790,train,no_cancer
GDS2771,2,6,GSM98791,train,no_cancer
GDS2771,2,6,GSM98792,train,no_cancer
GDS2771,2,6,GSM98793,train,no_cancer
GDS2771,2,6,GSM98794,train,no_cancer
GDS2771,2,6,GSM98795,train,no_cancer
GDS2771,2,6,GSM98796,train,no_cancer
GDS2771,2,6,GSM98797,train,no_cancer
GDS2771,2,6,GSM98798,train,no_cancer
GDS2771,2,6,GSM98799,train,no_cancer
GDS2771,2,6,GSM98800,train,no_cancer
GDS2771,2,6,GSM98801,train,no_cancer
GDS2771,2,6,GSM94019,train,cancer
GDS2771,2,6,GSM94020,train,cancer
GDS2771,2,6,GSM94021,train,cancer
GDS2771,2,6,GSM94022,train,cancer
GDS2771,2,6,GSM94023,train,cancer
GDS2771,2,6,GSM94024,train,cancer
GDS2771,2,6,GSM94025,train,cancer
GDS2771,2,6,GSM94026,train,cancer
GDS2771,2,6,GSM94027,train,cancer
GDS2771,2,6,GSM94028,train,cancer
GDS2771,2,6,GSM94029,train,cancer
GDS2771,2,6,GSM94030,train,cancer
GDS2771,2,6,GSM94031,train,cancer
GDS2771,2,6,GSM94032,train,cancer
GDS2771,2,6,GSM94033,train,cancer
GDS2771,2,6,GSM94034,train,cancer
GDS2771,2,6,GSM94036,train,cancer
GDS2771,2,6,GSM94038,train,cancer
GDS2771,2,6,GSM94039,train,cancer
GDS2771,2,6,GSM94040,train,cancer
GDS2771,2,6,GSM94041,train,cancer
GDS2771,2,6,GSM94042,train,cancer
GDS2771,2,6,GSM94043,train,cancer
GDS2771,2,6,GSM94044,train,cancer
GDS2771,2,6,GSM94045,train,cancer
GDS2771,2,6,GSM94046,train,cancer
GDS2771,2,6,GSM94047,train,cancer
GDS2771,2,6,GSM94048,train,cancer
GDS2771,2,6,GSM94049,train,cancer
GDS2771,2,6,GSM94050,train,cancer
GDS2771,2,6,GSM94051,train,cancer
GDS2771,2,6,GSM94053,train,cancer
GDS2771,2,6,GSM94054,train,cancer
GDS2771,2,6,GSM94055,train,cancer
GDS2771,2,6,GSM94056,train,cancer
GDS2771,2,6,GSM94057,train,cancer
GDS2771,2,6,GSM94058,train,cancer
GDS2771,2,6,GSM94059,train,cancer
GDS2771,2,6,GSM94060,train,cancer
GDS2771,2,6,GSM94061,train,cancer
GDS2771,2,6,GSM94063,train,cancer
GDS2771,2,6,GSM94064,train,cancer
GDS2771,2,6,GSM94065,train,cancer
GDS2771,2,6,GSM94066,train,cancer
GDS2771,2,6,GSM94067,train,cancer
GDS2771,2,6,GSM94068,train,cancer
GDS2771,2,6,GSM94069,train,cancer
GDS2771,2,6,GSM94070,train,cancer
GDS2771,2,6,GSM94071,train,cancer
GDS2771,2,6,GSM94072,train,cancer
GDS2771,2,6,GSM94073,train,cancer
GDS2771,2,6,GSM94074,train,cancer
GDS2771,2,6,GSM94075,train,cancer
GDS2771,2,6,GSM94155,train,cancer
GDS2771,2,6,GSM94156,train,cancer
GDS2771,2,6,GSM94157,train,cancer
GDS2771,2,6,GSM94160,train,cancer
GDS2771,2,6,GSM94161,train,cancer
GDS2771,2,6,GSM94162,train,cancer
GDS2771,2,6,GSM94163,train,cancer
GDS2771,2,6,GSM94164,train,cancer
GDS2771,2,6,GSM94165,train,cancer
GDS2771,2,6,GSM94166,train,cancer
GDS2771,2,6,GSM94167,train,cancer
GDS2771,2,6,GSM94168,train,cancer
GDS2771,2,6,GSM94169,train,cancer
GDS2771,2,6,GSM94170,train,cancer
GDS2771,2,6,GSM94171,train,cancer
GDS2771,2,6,GSM94172,train,cancer
GDS2771,2,6,GSM94173,train,cancer
GDS2771,2,6,GSM94174,train,cancer
GDS2771,2,6,GSM94175,train,cancer
GDS2771,2,6,GSM94176,train,cancer
GDS2771,2,6,GSM94177,train,cancer
GDS2771,2,6,GSM94178,train,cancer
GDS2771,2,6,GSM98768,train,cancer
GDS2771,2,6,GSM98769,train,cancer
GDS2771,2,6,GSM98772,train,cancer
GDS2771,2,6,GSM98775,train,cancer
GDS2771,2,6,GSM98777,train,cancer
GDS2771,2,6,GSM98778,train,cancer
GDS2771,2,6,GSM98779,train,cancer
GDS2771,2,6,GSM98780,train,cancer
GDS2771,2,6,GSM98781,train,cancer
GDS2771,2,6,GSM98782,train,cancer
GDS2771,2,6,GSM98783,train,cancer
GDS2771,2,6,GSM98784,train,cancer
GDS2771,2,6,GSM98871,train,cancer
GDS2771,2,6,GSM98872,train,cancer
GDS2771,2,6,GSM98873,train,cancer
GDS2771,2,6,GSM98874,train,cancer
GDS2771,2,6,GSM98875,train,cancer
GDS2771,2,6,GSM94089,test,no_cancer
GDS2771,2,6,GSM94092,test,no_cancer
GDS2771,2,6,GSM94099,test,no_cancer
GDS2771,2,6,GSM94100,test,no_cancer
GDS2771,2,6,GSM94108,test,no_cancer
GDS2771,2,6,GSM94112,test,no_cancer
GDS2771,2,6,GSM94128,test,no_cancer
GDS2771,2,6,GSM94133,test,no_cancer
GDS2771,2,6,GSM94134,test,no_cancer
GDS2771,2,6,GSM94035,test,cancer
GDS2771,2,6,GSM94037,test,cancer
GDS2771,2,6,GSM94052,test,cancer
GDS2771,2,6,GSM94062,test,cancer
GDS2771,2,6,GSM98767,test,cancer
GDS2771,2,6,GSM98770,test,cancer
GDS2771,2,6,GSM98771,test,cancer
GDS2771,2,6,GSM98773,test,cancer
GDS2771,2,6,GSM98774,test,cancer
GDS2771,2,6,GSM98776,test,cancer
GDS2771,2,7,GSM93997,train,no_cancer
GDS2771,2,7,GSM94077,train,no_cancer
GDS2771,2,7,GSM94079,train,no_cancer
GDS2771,2,7,GSM94080,train,no_cancer
GDS2771,2,7,GSM94081,train,no_cancer
GDS2771,2,7,GSM94082,train,no_cancer
GDS2771,2,7,GSM94083,train,no_cancer
GDS2771,2,7,GSM94085,train,no_cancer
GDS2771,2,7,GSM94086,train,no_cancer
GDS2771,2,7,GSM94087,train,no_cancer
GDS2771,2,7,GSM94088,train,no_cancer
GDS2771,2,7,GSM94089,train,no_cancer
GDS2771,2,7,GSM94090,train,no_cancer
GDS2771,2,7,GSM94091,train,no_cancer
GDS2771,2,7,GSM94092,train,no_cancer
GDS2771,2,7,GSM94093,train,no_cancer
GDS2771,2,7,GSM94095,train,no_cancer
GDS2771,2,7,GSM94096,train,no_cancer
GDS2771,2,7,GSM94097,train,no_cancer
GDS2771,2,7,GSM94098,train,no_cancer
GDS2771,2,7,GSM94099,train,no_cancer
GDS2771,2,7,GSM94100,train,no_cancer
GDS2771,2,7,GSM94101,train,no_cancer
GDS2771,2,7,GSM94102,train,no_cancer
GDS2771,2,7,GSM94103,train,no_cancer
GDS2771,2,7,GSM94104,train,no_cancer
GDS2771,2,7,GSM94105,train,no_cancer
GDS2771,2,7,GSM94106,train,no_cancer
GDS2771,2,7,GSM94107,train,no_cancer
GDS2771,2,7,GSM94108,train,no_cancer
GDS2771,2,7,GSM94109,train,no_cancer
GDS2771,2,7,GSM94110,train,no_cancer
GDS2771,2,7,GSM94111,train,no_cancer
GDS2771,2,7,GSM94112,train,no_cancer
GDS2771,2,7,GSM94113,train,no_cancer
GDS2771,2,7,GSM94115,train,no_cancer
GDS2771,2,7,GSM94116,train,no_cancer
GDS2771,2,7,GSM94117,train,no_cancer
GDS2771,2,7,GSM94118,train,no_cancer
GDS2771,2,7,GSM94120,train,no_cancer
GDS2771,2,7,GSM94121,train,no_cancer
GDS2771,2,7,GSM94122,train,no_cancer
GDS2771,2,7,GSM94123,train,no_cancer
GDS2771,2,7,GSM94124,train,no_cancer
GDS2771,2,7,GSM94125,train,no_cancer
GDS2771,2,7,GSM94126,train,no_cancer
GDS2771,2,7,GSM94128,train,no_cancer
GDS2771,2,7,GSM94129,train,no_cancer
GDS2771,2,7,GSM94130,train,no_cancer
GDS2771,2,7,GSM94131,train,no_cancer
GDS2771,2,7,GSM94132,train,no_cancer
GDS2771,2,7,GSM94133,train,no_cancer
GDS2771,2,7,GSM94134,train,no_cancer
GDS2771,2,7,GSM94135,train,no_cancer
GDS2771,2,7,GSM94136,train,no_cancer
GDS2771,2,7,GSM94137,train,no_cancer
GDS2771,2,7,GSM94138,train,no_cancer
GDS2771,2,7,GSM94139,train,no_cancer
GDS2771,2,7,GSM94140,train,no_cancer
GDS2771,2,7,GSM94141,train,no_cancer
GDS2771,2,7,GSM94142,train,no_cancer
GDS2771,2,7,GSM94143,train,no_cancer
GDS2771,2,7,GSM94144,train,no_cancer
GDS2771,2,7,GSM94145,train,no_cancer
GDS2771,2,7,GSM94146,train,no_cancer
GDS2771,2,7,GSM94147,train,no_cancer
GDS2771,2,7,GSM94148,train,no_cancer
GDS2771,2,7,GSM98786,train,no_cancer
GDS2771,2,7,GSM98787,train,no_cancer
GDS2771,2,7,GSM98788,train,no_cancer
GDS2771,2,7,GSM98789,train,no_cancer
GDS2771,2,7,GSM98790,train,no_cancer
GDS2771,2,7,GSM98791,train,no_cancer
GDS2771,2,7,GSM98792,train,no_cancer
GDS2771,2,7,GSM98795,train,no_cancer
GDS2771,2,7,GSM98796,train,no_cancer
GDS2771,2,7,GSM98797,train,no_cancer
GDS2771,2,7,GSM98798,train,no_cancer
GDS2771,2,7,GSM98799,train,no_cancer
GDS2771,2,7,GSM98800,train,no_cancer
GDS2771,2,7,GSM98801,train,no_cancer
GDS2771,2,7,GSM94020,train,cancer
GDS2771,2,7,GSM94021,train,cancer
GDS2771,2,7,GSM94022,train,cancer
GDS2771,2,7,GSM94023,train,cancer
GDS2771,2,7,GSM94024,train,cancer
GDS2771,2,7,GSM94026,train,cancer
GDS2771,2,7,GSM94027,train,cancer
GDS2771,2,7,GSM94028,train,cancer
GDS2771,2,7,GSM94029,train,cancer
GDS2771,2,7,GSM94030,train,cancer
GDS2771,2,7,GSM94031,train,cancer
GDS2771,2,7,GSM94032,train,cancer
GDS2771,2,7,GSM94033,train,cancer
GDS2771,2,7,GSM94034,train,cancer
GDS2771,2,7,GSM94035,train,cancer
GDS2771,2,7,GSM94036,train,cancer
GDS2771,2,7,GSM94037,train,cancer
GDS2771,2,7,GSM94038,train,cancer
GDS2771,2,7,GSM94039,train,cancer
GDS2771,2,7,GSM94040,train,cancer
GDS2771,2,7,GSM94041,train,cancer
GDS2771,2,7,GSM94042,train,cancer
GDS2771,2,7,GSM94043,train,cancer
GDS2771,2,7,GSM94044,train,cancer
GDS2771,2,7,GSM94045,train,cancer
GDS2771,2,7,GSM94046,train,cancer
GDS2771,2,7,GSM94048,train,cancer
GDS2771,2,7,GSM94049,train,cancer
GDS2771,2,7,GSM94050,train,cancer
GDS2771,2,7,GSM94051,train,cancer
GDS2771,2,7,GSM94052,train,cancer
GDS2771,2,7,GSM94053,train,cancer
GDS2771,2,7,GSM94056,train,cancer
GDS2771,2,7,GSM94057,train,cancer
GDS2771,2,7,GSM94058,train,cancer
GDS2771,2,7,GSM94059,train,cancer
GDS2771,2,7,GSM94060,train,cancer
GDS2771,2,7,GSM94061,train,cancer
GDS2771,2,7,GSM94062,train,cancer
GDS2771,2,7,GSM94063,train,cancer
GDS2771,2,7,GSM94064,train,cancer
GDS2771,2,7,GSM94065,train,cancer
GDS2771,2,7,GSM94066,train,cancer
GDS2771,2,7,GSM94067,train,cancer
GDS2771,2,7,GSM94068,train,cancer
GDS2771,2,7,GSM94069,train,cancer
GDS2771,2,7,GSM94070,train,cancer
GDS2771,2,7,GSM94071,train,cancer
GDS2771,2,7,GSM94072,train,cancer
GDS2771,2,7,GSM94073,train,cancer
GDS2771,2,7,GSM94074,train,cancer
GDS2771,2,7,GSM94075,train,cancer
GDS2771,2,7,GSM94155,train,cancer
GDS2771,2,7,GSM94157,train,cancer
GDS2771,2,7,GSM94160,train,cancer
GDS2771,2,7,GSM94162,train,cancer
GDS2771,2,7,GSM94163,train,cancer
GDS2771,2,7,GSM94164,train,cancer
GDS2771,2,7,GSM94166,train,cancer
GDS2771,2,7,GSM94167,train,cancer
GDS2771,2,7,GSM94168,train,cancer
GDS2771,2,7,GSM94169,train,cancer
GDS2771,2,7,GSM94170,train,cancer
GDS2771,2,7,GSM94172,train,cancer
GDS2771,2,7,GSM94173,train,cancer
GDS2771,2,7,GSM94174,train,cancer
GDS2771,2,7,GSM94175,train,cancer
GDS2771,2,7,GSM94176,train,cancer
GDS2771,2,7,GSM94177,train,cancer
GDS2771,2,7,GSM94178,train,cancer
GDS2771,2,7,GSM98767,train,cancer
GDS2771,2,7,GSM98768,train,cancer
GDS2771,2,7,GSM98769,train,cancer
GDS2771,2,7,GSM98770,train,cancer
GDS2771,2,7,GSM98771,train,cancer
GDS2771,2,7,GSM98772,train,cancer
GDS2771,2,7,GSM98773,train,cancer
GDS2771,2,7,GSM98774,train,cancer
GDS2771,2,7,GSM98775,train,cancer
GDS2771,2,7,GSM98776,train,cancer
GDS2771,2,7,GSM98777,train,cancer
GDS2771,2,7,GSM98778,train,cancer
GDS2771,2,7,GSM98779,train,cancer
GDS2771,2,7,GSM98780,train,cancer
GDS2771,2,7,GSM98781,train,cancer
GDS2771,2,7,GSM98782,train,cancer
GDS2771,2,7,GSM98783,train,cancer
GDS2771,2,7,GSM98784,train,cancer
GDS2771,2,7,GSM98872,train,cancer
GDS2771,2,7,GSM98873,train,cancer
GDS2771,2,7,GSM98874,train,cancer
GDS2771,2,7,GSM98875,train,cancer
GDS2771,2,7,GSM94078,test,no_cancer
GDS2771,2,7,GSM94084,test,no_cancer
GDS2771,2,7,GSM94094,test,no_cancer
GDS2771,2,7,GSM94114,test,no_cancer
GDS2771,2,7,GSM94119,test,no_cancer
GDS2771,2,7,GSM94127,test,no_cancer
GDS2771,2,7,GSM98785,test,no_cancer
GDS2771,2,7,GSM98793,test,no_cancer
GDS2771,2,7,GSM98794,test,no_cancer
GDS2771,2,7,GSM94019,test,cancer
GDS2771,2,7,GSM94025,test,cancer
GDS2771,2,7,GSM94047,test,cancer
GDS2771,2,7,GSM94054,test,cancer
GDS2771,2,7,GSM94055,test,cancer
GDS2771,2,7,GSM94156,test,cancer
GDS2771,2,7,GSM94161,test,cancer
GDS2771,2,7,GSM94165,test,cancer
GDS2771,2,7,GSM94171,test,cancer
GDS2771,2,7,GSM98871,test,cancer
GDS2771,2,8,GSM93997,train,no_cancer
GDS2771,2,8,GSM94077,train,no_cancer
GDS2771,2,8,GSM94078,train,no_cancer
GDS2771,2,8,GSM94079,train,no_cancer
GDS2771,2,8,GSM94080,train,no_cancer
GDS2771,2,8,GSM94081,train,no_cancer
GDS2771,2,8,GSM94083,train,no_cancer
GDS2771,2,8,GSM94084,train,no_cancer
GDS2771,2,8,GSM94085,train,no_cancer
GDS2771,2,8,GSM94086,train,no_cancer
GDS2771,2,8,GSM94088,train,no_cancer
GDS2771,2,8,GSM94089,train,no_cancer
GDS2771,2,8,GSM94090,train,no_cancer
GDS2771,2,8,GSM94091,train,no_cancer
GDS2771,2,8,GSM94092,train,no_cancer
GDS2771,2,8,GSM94093,train,no_cancer
GDS2771,2,8,GSM94094,train,no_cancer
GDS2771,2,8,GSM94095,train,no_cancer
GDS2771,2,8,GSM94096,train,no_cancer
GDS2771,2,8,GSM94097,train,no_cancer
GDS2771,2,8,GSM94098,train,no_cancer
GDS2771,2,8,GSM94099,train,no_cancer
GDS2771,2,8,GSM94100,train,no_cancer
GDS2771,2,8,GSM94101,train,no_cancer
GDS2771,2,8,GSM94102,train,no_cancer
GDS2771,2,8,GSM94103,train,no_cancer
GDS2771,2,8,GSM94104,train,no_cancer
GDS2771,2,8,GSM94105,train,no_cancer
GDS2771,2,8,GSM94106,train,no_cancer
GDS2771,2,8,GSM94107,train,no_cancer
GDS2771,2,8,GSM94108,train,no_cancer
GDS2771,2,8,GSM94110,train,no_cancer
GDS2771,2,8,GSM94112,train,no_cancer
GDS2771,2,8,GSM94113,train,no_cancer
GDS2771,2,8,GSM94114,train,no_cancer
GDS2771,2,8,GSM94115,train,no_cancer
GDS2771,2,8,GSM94116,train,no_cancer
GDS2771,2,8,GSM94117,train,no_cancer
GDS2771,2,8,GSM94118,train,no_cancer
GDS2771,2,8,GSM94119,train,no_cancer
GDS2771,2,8,GSM94120,train,no_cancer
GDS2771,2,8,GSM94121,train,no_cancer
GDS2771,2,8,GSM94122,train,no_cancer
GDS2771,2,8,GSM94123,train,no_cancer
GDS2771,2,8,GSM94124,train,no_cancer
GDS2771,2,8,GSM94126,train,no_cancer
GDS2771,2,8,GSM94127,train,no_cancer
GDS2771,2,8,GSM94128,train,no_cancer
GDS2771,2,8,GSM94130,train,no_cancer
GDS2771,2,8,GSM94131,train,no_cancer
GDS2771,2,8,GSM94132,train,no_cancer
GDS2771,2,8,GSM94133,train,no_cancer
GDS2771,2,8,GSM94134,train,no_cancer
GDS2771,2,8,GSM94135,train,no_cancer
GDS2771,2,8,GSM94136,train,no_cancer
GDS2771,2,8,GSM94137,train,no_cancer
GDS2771,2,8,GSM94138,train,no_cancer
GDS2771,2,8,GSM94139,train,no_cancer
GDS2771,2,8,GSM94140,train,no_cancer
GDS2771,2,8,GSM94141,train,no_cancer
GDS2771,2,8,GSM94143,train,no_cancer
GDS2771,2,8,GSM94146,train,no_cancer
GDS2771,2,8,GSM94147,train,no_cancer
GDS2771,2,8,GSM94148,train,no_cancer
GDS2771,2,8,GSM98785,train,no_cancer
GDS2771,2,8,GSM98786,train,no_cancer
GDS2771,2,8,GSM98787,train,no_cancer
GDS2771,2,8,GSM98788,train,no_cancer
GDS2771,2,8,GSM98789,train,no_cancer
GDS2771,2,8,GSM98790,train,no_cancer
GDS2771,2,8,GSM98791,train,no_cancer
GDS2771,2,8,GSM98792,train,no_cancer
GDS2771,2,8,GSM98793,train,no_cancer
GDS2771,2,8,GSM98794,train,no_cancer
GDS2771,2,8,GSM98795,train,no_cancer
GDS2771,2,8,GSM98796,train,no_cancer
GDS2771,2,8,GSM98797,train,no_cancer
GDS2771,2,8,GSM98798,train,no_cancer
GDS2771,2,8,GSM98799,train,no_cancer
GDS2771,2,8,GSM98800,train,no_cancer
GDS2771,2,8,GSM98801,train,no_cancer
GDS2771,2,8,GSM94019,train,cancer
GDS2771,2,8,GSM94020,train,cancer
GDS2771,2,8,GSM94021,train,cancer
GDS2771,2,8,GSM94022,train,cancer
GDS2771,2,8,GSM94023,train,cancer
GDS2771,2,8,GSM94024,train,cancer
GDS2771,2,8,GSM94025,train,cancer
GDS2771,2,8,GSM94026,train,cancer
GDS2771,2,8,GSM94027,train,cancer
GDS2771,2,8,GSM94028,train,cancer
GDS2771,2,8,GSM94029,train,cancer
GDS2771,2,8,GSM94030,train,cancer
GDS2771,2,8,GSM94033,train,cancer
GDS2771,2,8,GSM94034,train,cancer
GDS2771,2,8,GSM94035,train,cancer
GDS2771,2,8,GSM94036,train,cancer
GDS2771,2,8,GSM94037,train,cancer
GDS2771,2,8,GSM94038,train,cancer
GDS2771,2,8,GSM94039,train,cancer
GDS2771,2,8,GSM94040,train,cancer
GDS2771,2,8,GSM94041,train,cancer
GDS2771,2,8,GSM94042,train,cancer
GDS2771,2,8,GSM94043,train,cancer
GDS2771,2,8,GSM94044,train,cancer
GDS2771,2,8,GSM94045,train,cancer
GDS2771,2,8,GSM94046,train,cancer
GDS2771,2,8,GSM94047,train,cancer
GDS2771,2,8,GSM94048,train,cancer
GDS2771,2,8,GSM94049,train,cancer
GDS2771,2,8,GSM94050,train,cancer
GDS2771,2,8,GSM94051,train,cancer
GDS2771,2,8,GSM94052,train,cancer
GDS2771,2,8,GSM94053,train,cancer
GDS2771,2,8,GSM94054,train,cancer
GDS2771,2,8,GSM94055,train,cancer
GDS2771,2,8,GSM94056,train,cancer
GDS2771,2,8,GSM94057,train,cancer
GDS2771,2,8,GSM94058,train,cancer
GDS2771,2,8,GSM94059,train,cancer
GDS2771,2,8,GSM94060,train,cancer
GDS2771,2,8,GSM94061,train,cancer
GDS2771,2,8,GSM94062,train,cancer
GDS2771,2,8,GSM94065,train,cancer
GDS2771,2,8,GSM94066,train,cancer
GDS2771,2,8,GSM94067,train,cancer
GDS2771,2,8,GSM94068,train,cancer
GDS2771,2,8,GSM94070,train,cancer
GDS2771,2,8,GSM94073,train,cancer
GDS2771,2,8,GSM94074,train,cancer
GDS2771,2,8,GSM94075,train,cancer
GDS2771,2,8,GSM94155,train,cancer
GDS2771,2,8,GSM94156,train,cancer
GDS2771,2,8,GSM94157,train,cancer
GDS2771,2,8,GSM94160,train,cancer
GDS2771,2,8,GSM94161,train,cancer
GDS2771,2,8,GSM94162,train,cancer
GDS2771,2,8,GSM94163,train,cancer
GDS2771,2,8,GSM94164,train,cancer
GDS2771,2,8,GSM94165,train,cancer
GDS2771,2,8,GSM94167,train,cancer
GDS2771,2,8,GSM94168,train,cancer
GDS2771,2,8,GSM94169,train,cancer
GDS2771,2,8,GSM94170,train,cancer
GDS2771,2,8,GSM94171,train,cancer
GDS2771,2,8,GSM94172,train,cancer
GDS2771,2,8,GSM94173,train,cancer
GDS2771,2,8,GSM94174,train,cancer
GDS2771,2,8,GSM94175,train,cancer
GDS2771,2,8,GSM94176,train,cancer
GDS2771,2,8,GSM94177,train,cancer
GDS2771,2,8,GSM94178,train,cancer
GDS2771,2,8,GSM98767,train,cancer
GDS2771,2,8,GSM98768,train,cancer
GDS2771,2,8,GSM98769,train,cancer
GDS2771,2,8,GSM98770,train,cancer
GDS2771,2,8,GSM98771,train,cancer
GDS2771,2,8,GSM98773,train,cancer
GDS2771,2,8,GSM98774,train,cancer
GDS2771,2,8,GSM98775,train,cancer
GDS2771,2,8,GSM98776,train,cancer
GDS2771,2,8,GSM98777,train,cancer
GDS2771,2,8,GSM98778,train,cancer
GDS2771,2,8,GSM98779,train,cancer
GDS2771,2,8,GSM98780,train,cancer
GDS2771,2,8,GSM98782,train,cancer
GDS2771,2,8,GSM98783,train,cancer
GDS2771,2,8,GSM98784,train,cancer
GDS2771,2,8,GSM98871,train,cancer
GDS2771,2,8,GSM98872,train,cancer
GDS2771,2,8,GSM98873,train,cancer
GDS2771,2,8,GSM98874,train,cancer
GDS2771,2,8,GSM98875,train,cancer
GDS2771,2,8,GSM94082,test,no_cancer
GDS2771,2,8,GSM94087,test,no_cancer
GDS2771,2,8,GSM94109,test,no_cancer
GDS2771,2,8,GSM94111,test,no_cancer
GDS2771,2,8,GSM94125,test,no_cancer
GDS2771,2,8,GSM94129,test,no_cancer
GDS2771,2,8,GSM94142,test,no_cancer
GDS2771,2,8,GSM94144,test,no_cancer
GDS2771,2,8,GSM94145,test,no_cancer
GDS2771,2,8,GSM94031,test,cancer
GDS2771,2,8,GSM94032,test,cancer
GDS2771,2,8,GSM94063,test,cancer
GDS2771,2,8,GSM94064,test,cancer
GDS2771,2,8,GSM94069,test,cancer
GDS2771,2,8,GSM94071,test,cancer
GDS2771,2,8,GSM94072,test,cancer
GDS2771,2,8,GSM94166,test,cancer
GDS2771,2,8,GSM98772,test,cancer
GDS2771,2,8,GSM98781,test,cancer
GDS2771,2,9,GSM93997,train,no_cancer
GDS2771,2,9,GSM94077,train,no_cancer
GDS2771,2,9,GSM94078,train,no_cancer
GDS2771,2,9,GSM94079,train,no_cancer
GDS2771,2,9,GSM94080,train,no_cancer
GDS2771,2,9,GSM94081,train,no_cancer
GDS2771,2,9,GSM94082,train,no_cancer
GDS2771,2,9,GSM94083,train,no_cancer
GDS2771,2,9,GSM94084,train,no_cancer
GDS2771,2,9,GSM94085,train,no_cancer
GDS2771,2,9,GSM94086,train,no_cancer
GDS2771,2,9,GSM94087,train,no_cancer
GDS2771,2,9,GSM94088,train,no_cancer
GDS2771,2,9,GSM94089,train,no_cancer
GDS2771,2,9,GSM94090,train,no_cancer
GDS2771,2,9,GSM94091,train,no_cancer
GDS2771,2,9,GSM94092,train,no_cancer
GDS2771,2,9,GSM94093,train,no_cancer
GDS2771,2,9,GSM94094,train,no_cancer
GDS2771,2,9,GSM94095,train,no_cancer
GDS2771,2,9,GSM94096,train,no_cancer
GDS2771,2,9,GSM94097,train,no_cancer
GDS2771,2,9,GSM94098,train,no_cancer
GDS2771,2,9,GSM94099,train,no_cancer
GDS2771,2,9,GSM94100,train,no_cancer
GDS2771,2,9,GSM94102,train,no_cancer
GDS2771,2,9,GSM94103,train,no_cancer
GDS2771,2,9,GSM94104,train,no_cancer
GDS2771,2,9,GSM94105,train,no_cancer
GDS2771,2,9,GSM94107,train,no_cancer
GDS2771,2,9,GSM94108,train,no_cancer
GDS2771,2,9,GSM94109,train,no_cancer
GDS2771,2,9,GSM94110,train,no_cancer
GDS2771,2,9,GSM94111,train,no_cancer
GDS2771,2,9,GSM94112,train,no_cancer
GDS2771,2,9,GSM94113,train,no_cancer
GDS2771,2,9,GSM94114,train,no_cancer
GDS2771,2,9,GSM94115,train,no_cancer
GDS2771,2,9,GSM94116,train,no_cancer
GDS2771,2,9,GSM94117,train,no_cancer
GDS2771,2,9,GSM94119,train,no_cancer
GDS2771,2,9,GSM94121,train,no_cancer
GDS2771,2,9,GSM94122,train,no_cancer
GDS2771,2,9,GSM94123,train,no_cancer
GDS2771,2,9,GSM94124,train,no_cancer
GDS2771,2,9,GSM94125,train,no_cancer
GDS2771,2,9,GSM94126,train,no_cancer
GDS2771,2,9,GSM94127,train,no_cancer
GDS2771,2,9,GSM94128,train,no_cancer
GDS2771,2,9,GSM94129,train,no_cancer
GDS2771,2,9,GSM94130,train,no_cancer
GDS2771,2,9,GSM94131,train,no_cancer
GDS2771,2,9,GSM94132,train,no_cancer
GDS2771,2,9,GSM94133,train,no_cancer
GDS2771,2,9,GSM94134,train,no_cancer
GDS2771,2,9,GSM94135,train,no_cancer
GDS2771,2,9,GSM94136,train,no_cancer
GDS2771,2,9,GSM94137,train,no_cancer
GDS2771,2,9,GSM94138,train,no_cancer
GDS2771,2,9,GSM94139,train,no_cancer
GDS2771,2,9,GSM94142,train,no_cancer
GDS2771,2,9,GSM94143,train,no_cancer
GDS2771,2,9,GSM94144,train,no_cancer
GDS2771,2,9,GSM94145,train,no_cancer
GDS2771,2,9,GSM94147,train,no_cancer
GDS2771,2,9,GSM94148,train,no_cancer
GDS2771,2,9,GSM98785,train,no_cancer
GDS2771,2,9,GSM98786,train,no_cancer
GDS2771,2,9,GSM98787,train,no_cancer
GDS2771,2,9,GSM98788,train,no_cancer
GDS2771,2,9,GSM98789,train,no_cancer
GDS2771,2,9,GSM98790,train,no_cancer
GDS2771,2,9,GSM98791,train,no_cancer
GDS2771,2,9,GSM98792,train,no_cancer
GDS2771,2,9,GSM98793,train,no_cancer
GDS2771,2,9,GSM98794,train,no_cancer
GDS2771,2,9,GSM98796,train,no_cancer
GDS2771,2,9,GSM98797,train,no_cancer
GDS2771,2,9,GSM98799,train,no_cancer
GDS2771,2,9,GSM98800,train,no_cancer
GDS2771,2,9,GSM98801,train,no_cancer
GDS2771,2,9,GSM94019,train,cancer
GDS2771,2,9,GSM94020,train,cancer
GDS2771,2,9,GSM94021,train,cancer
GDS2771,2,9,GSM94022,train,cancer
GDS2771,2,9,GSM94023,train,cancer
GDS2771,2,9,GSM94025,train,cancer
GDS2771,2,9,GSM94026,train,cancer
GDS2771,2,9,GSM94027,train,cancer
GDS2771,2,9,GSM94028,train,cancer
GDS2771,2,9,GSM94030,train,cancer
GDS2771,2,9,GSM94031,train,cancer
GDS2771,2,9,GSM94032,train,cancer
GDS2771,2,9,GSM94034,train,cancer
GDS2771,2,9,GSM94035,train,cancer
GDS2771,2,9,GSM94036,train,cancer
GDS2771,2,9,GSM94037,train,cancer
GDS2771,2,9,GSM94038,train,cancer
GDS2771,2,9,GSM94039,train,cancer
GDS2771,2,9,GSM94042,train,cancer
GDS2771,2,9,GSM94043,train,cancer
GDS2771,2,9,GSM94044,train,cancer
GDS2771,2,9,GSM94045,train,cancer
GDS2771,2,9,GSM94046,train,cancer
GDS2771,2,9,GSM94047,train,cancer
GDS2771,2,9,GSM94048,train,cancer
GDS2771,2,9,GSM94049,train,cancer
GDS2771,2,9,GSM94050,train,cancer
GDS2771,2,9,GSM94051,train,cancer
GDS2771,2,9,GSM94052,train,cancer
GDS2771,2,9,GSM94054,train,cancer
GDS2771,2,9,GSM94055,train,cancer
GDS2771,2,9,GSM94056,train,cancer
GDS2771,2,9,GSM94058,train,cancer
GDS2771,2,9,GSM94059,train,cancer
GDS2771,2,9,GSM94060,train,cancer
GDS2771,2,9,GSM94061,train,cancer
GDS2771,2,9,GSM94062,train,cancer
GDS2771,2,9,GSM94063,train,cancer
GDS2771,2,9,GSM94064,train,cancer
GDS2771,2,9,GSM94065,train,cancer
GDS2771,2,9,GSM94066,train,cancer
GDS2771,2,9,GSM94067,train,cancer
GDS2771,2,9,GSM94068,train,cancer
GDS2771,2,9,GSM94069,train,cancer
GDS2771,2,9,GSM94070,train,cancer
GDS2771,2,9,GSM94071,train,cancer
GDS2771,2,9,GSM94072,train,cancer
GDS2771,2,9,GSM94073,train,cancer
GDS2771,2,9,GSM94074,train,cancer
GDS2771,2,9,GSM94075,train,cancer
GDS2771,2,9,GSM94156,train,cancer
GDS2771,2,9,GSM94157,train,cancer
GDS2771,2,9,GSM94160,train,cancer
GDS2771,2,9,GSM94161,train,cancer
GDS2771,2,9,GSM94162,train,cancer
GDS2771,2,9,GSM94163,train,cancer
GDS2771,2,9,GSM94164,train,cancer
GDS2771,2,9,GSM94165,train,cancer
GDS2771,2,9,GSM94166,train,cancer
GDS2771,2,9,GSM94167,train,cancer
GDS2771,2,9,GSM94168,train,cancer
GDS2771,2,9,GSM94169,train,cancer
GDS2771,2,9,GSM94170,train,cancer
GDS2771,2,9,GSM94171,train,cancer
GDS2771,2,9,GSM94172,train,cancer
GDS2771,2,9,GSM94173,train,cancer
GDS2771,2,9,GSM94174,train,cancer
GDS2771,2,9,GSM94175,train,cancer
GDS2771,2,9,GSM94176,train,cancer
GDS2771,2,9,GSM94177,train,cancer
GDS2771,2,9,GSM94178,train,cancer
GDS2771,2,9,GSM98767,train,cancer
GDS2771,2,9,GSM98768,train,cancer
GDS2771,2,9,GSM98769,train,cancer
GDS2771,2,9,GSM98770,train,cancer
GDS2771,2,9,GSM98771,train,cancer
GDS2771,2,9,GSM98772,train,cancer
GDS2771,2,9,GSM98773,train,cancer
GDS2771,2,9,GSM98774,train,cancer
GDS2771,2,9,GSM98775,train,cancer
GDS2771,2,9,GSM98776,train,cancer
GDS2771,2,9,GSM98779,train,cancer
GDS2771,2,9,GSM98780,train,cancer
GDS2771,2,9,GSM98781,train,cancer
GDS2771,2,9,GSM98782,train,cancer
GDS2771,2,9,GSM98783,train,cancer
GDS2771,2,9,GSM98784,train,cancer
GDS2771,2,9,GSM98871,train,cancer
GDS2771,2,9,GSM98872,train,cancer
GDS2771,2,9,GSM98873,train,cancer
GDS2771,2,9,GSM98874,train,cancer
GDS2771,2,9,GSM98875,train,cancer
GDS2771,2,9,GSM94101,test,no_cancer
GDS2771,2,9,GSM94106,test,no_cancer
GDS2771,2,9,GSM94118,test,no_cancer
GDS2771,2,9,GSM94120,test,no_cancer
GDS2771,2,9,GSM94140,test,no_cancer
GDS2771,2,9,GSM94141,test,no_cancer
GDS2771,2,9,GSM94146,test,no_cancer
GDS2771,2,9,GSM98795,test,no_cancer
GDS2771,2,9,GSM98798,test,no_cancer
GDS2771,2,9,GSM94024,test,cancer
GDS2771,2,9,GSM94029,test,cancer
GDS2771,2,9,GSM94033,test,cancer
GDS2771,2,9,GSM94040,test,cancer
GDS2771,2,9,GSM94041,test,cancer
GDS2771,2,9,GSM94053,test,cancer
GDS2771,2,9,GSM94057,test,cancer
GDS2771,2,9,GSM94155,test,cancer
GDS2771,2,9,GSM98777,test,cancer
GDS2771,2,9,GSM98778,test,cancer
GDS2771,2,10,GSM93997,train,no_cancer
GDS2771,2,10,GSM94078,train,no_cancer
GDS2771,2,10,GSM94079,train,no_cancer
GDS2771,2,10,GSM94080,train,no_cancer
GDS2771,2,10,GSM94081,train,no_cancer
GDS2771,2,10,GSM94082,train,no_cancer
GDS2771,2,10,GSM94083,train,no_cancer
GDS2771,2,10,GSM94084,train,no_cancer
GDS2771,2,10,GSM94085,train,no_cancer
GDS2771,2,10,GSM94086,train,no_cancer
GDS2771,2,10,GSM94087,train,no_cancer
GDS2771,2,10,GSM94088,train,no_cancer
GDS2771,2,10,GSM94089,train,no_cancer
GDS2771,2,10,GSM94090,train,no_cancer
GDS2771,2,10,GSM94091,train,no_cancer
GDS2771,2,10,GSM94092,train,no_cancer
GDS2771,2,10,GSM94093,train,no_cancer
GDS2771,2,10,GSM94094,train,no_cancer
GDS2771,2,10,GSM94096,train,no_cancer
GDS2771,2,10,GSM94097,train,no_cancer
GDS2771,2,10,GSM94098,train,no_cancer
GDS2771,2,10,GSM94099,train,no_cancer
GDS2771,2,10,GSM94100,train,no_cancer
GDS2771,2,10,GSM94101,train,no_cancer
GDS2771,2,10,GSM94103,train,no_cancer
GDS2771,2,10,GSM94104,train,no_cancer
GDS2771,2,10,GSM94106,train,no_cancer
GDS2771,2,10,GSM94108,train,no_cancer
GDS2771,2,10,GSM94109,train,no_cancer
GDS2771,2,10,GSM94110,train,no_cancer
GDS2771,2,10,GSM94111,train,no_cancer
GDS2771,2,10,GSM94112,train,no_cancer
GDS2771,2,10,GSM94113,train,no_cancer
GDS2771,2,10,GSM94114,train,no_cancer
GDS2771,2,10,GSM94115,train,no_cancer
GDS2771,2,10,GSM94116,train,no_cancer
GDS2771,2,10,GSM94117,train,no_cancer
GDS2771,2,10,GSM94118,train,no_cancer
GDS2771,2,10,GSM94119,train,no_cancer
GDS2771,2,10,GSM94120,train,no_cancer
GDS2771,2,10,GSM94121,train,no_cancer
GDS2771,2,10,GSM94122,train,no_cancer
GDS2771,2,10,GSM94123,train,no_cancer
GDS2771,2,10,GSM94124,train,no_cancer
GDS2771,2,10,GSM94125,train,no_cancer
GDS2771,2,10,GSM94126,train,no_cancer
GDS2771,2,10,GSM94127,train,no_cancer
GDS2771,2,10,GSM94128,train,no_cancer
GDS2771,2,10,GSM94129,train,no_cancer
GDS2771,2,10,GSM94130,train,no_cancer
GDS2771,2,10,GSM94131,train,no_cancer
GDS2771,2,10,GSM94132,train,no_cancer
GDS2771,2,10,GSM94133,train,no_cancer
GDS2771,2,10,GSM94134,train,no_cancer
GDS2771,2,10,GSM94135,train,no_cancer
GDS2771,2,10,GSM94136,train,no_cancer
GDS2771,2,10,GSM94137,train,no_cancer
GDS2771,2,10,GSM94138,train,no_cancer
GDS2771,2,10,GSM94139,train,no_cancer
GDS2771,2,10,GSM94140,train,no_cancer
GDS2771,2,10,GSM94141,train,no_cancer
GDS2771,2,10,GSM94142,train,no_cancer
GDS2771,2,10,GSM94143,train,no_cancer
GDS2771,2,10,GSM94144,train,no_cancer
GDS2771,2,10,GSM94145,train,no_cancer
GDS2771,2,10,GSM94146,train,no_cancer
GDS2771,2,10,GSM94147,train,no_cancer
GDS2771,2,10,GSM94148,train,no_cancer
GDS2771,2,10,GSM98785,train,no_cancer
GDS2771,2,10,GSM98786,train,no_cancer
GDS2771,2,10,GSM98787,train,no_cancer
GDS2771,2,10,GSM98788,train,no_cancer
GDS2771,2,10,GSM98789,train,no_cancer
GDS2771,2,10,GSM98791,train,no_cancer
GDS2771,2,10,GSM98793,train,no_cancer
GDS2771,2,10,GSM98794,train,no_cancer
GDS2771,2,10,GSM98795,train,no_cancer
GDS2771,2,10,GSM98797,train,no_cancer
GDS2771,2,10,GSM98798,train,no_cancer
GDS2771,2,10,GSM98799,train,no_cancer
GDS2771,2,10,GSM98801,train,no_cancer
GDS2771,2,10,GSM94019,train,cancer
GDS2771,2,10,GSM94020,train,cancer
GDS2771,2,10,GSM94021,train,cancer
GDS2771,2,10,GSM94023,train,cancer
GDS2771,2,10,GSM94024,train,cancer
GDS2771,2,10,GSM94025,train,cancer
GDS2771,2,10,GSM94027,train,cancer
GDS2771,2,10,GSM94028,train,cancer
GDS2771,2,10,GSM94029,train,cancer
GDS2771,2,10,GSM94030,train,cancer
GDS2771,2,10,GSM94031,train,cancer
GDS2771,2,10,GSM94032,train,cancer
GDS2771,2,10,GSM94033,train,cancer
GDS2771,2,10,GSM94034,train,cancer
GDS2771,2,10,GSM94035,train,cancer
GDS2771,2,10,GSM94037,train,cancer
GDS2771,2,10,GSM94038,train,cancer
GDS2771,2,10,GSM94039,train,cancer
GDS2771,2,10,GSM94040,train,cancer
GDS2771,2,10,GSM94041,train,cancer
GDS2771,2,10,GSM94042,train,cancer
GDS2771,2,10,GSM94043,train,cancer
GDS2771,2,10,GSM94044,train,cancer
GDS2771,2,10,GSM94045,train,cancer
GDS2771,2,10,GSM94047,train,cancer
GDS2771,2,10,GSM94048,train,cancer
GDS2771,2,10,GSM94049,train,cancer
GDS2771,2,10,GSM94050,train,cancer
GDS2771,2,10,GSM94051,train,cancer
GDS2771,2,10,GSM94052,train,cancer
GDS2771,2,10,GSM94053,train,cancer
GDS2771,2,10,GSM94054,train,cancer
GDS2771,2,10,GSM94055,train,cancer
GDS2771,2,10,GSM94056,train,cancer
GDS2771,2,10,GSM94057,train,cancer
GDS2771,2,10,GSM94058,train,cancer
GDS2771,2,10,GSM94059,train,cancer
GDS2771,2,10,GSM94060,train,cancer
GDS2771,2,10,GSM94061,train,cancer
GDS2771,2,10,GSM94062,train,cancer
GDS2771,2,10,GSM94063,train,cancer
GDS2771,2,10,GSM94064,train,cancer
GDS2771,2,10,GSM94065,train,cancer
GDS2771,2,10,GSM94066,train,cancer
GDS2771,2,10,GSM94067,train,cancer
GDS2771,2,10,GSM94068,train,cancer
GDS2771,2,10,GSM94069,train,cancer
GDS2771,2,10,GSM94070,train,cancer
GDS2771,2,10,GSM94071,train,cancer
GDS2771,2,10,GSM94072,train,cancer
GDS2771,2,10,GSM94074,train,cancer
GDS2771,2,10,GSM94155,train,cancer
GDS2771,2,10,GSM94156,train,cancer
GDS2771,2,10,GSM94157,train,cancer
GDS2771,2,10,GSM94160,train,cancer
GDS2771,2,10,GSM94161,train,cancer
GDS2771,2,10,GSM94162,train,cancer
GDS2771,2,10,GSM94163,train,cancer
GDS2771,2,10,GSM94164,train,cancer
GDS2771,2,10,GSM94165,train,cancer
GDS2771,2,10,GSM94166,train,cancer
GDS2771,2,10,GSM94167,train,cancer
GDS2771,2,10,GSM94168,train,cancer
GDS2771,2,10,GSM94169,train,cancer
GDS2771,2,10,GSM94171,train,cancer
GDS2771,2,10,GSM94172,train,cancer
GDS2771,2,10,GSM94173,train,cancer
GDS2771,2,10,GSM94174,train,cancer
GDS2771,2,10,GSM94175,train,cancer
GDS2771,2,10,GSM94176,train,cancer
GDS2771,2,10,GSM94177,train,cancer
GDS2771,2,10,GSM94178,train,cancer
GDS2771,2,10,GSM98767,train,cancer
GDS2771,2,10,GSM98768,train,cancer
GDS2771,2,10,GSM98770,train,cancer
GDS2771,2,10,GSM98771,train,cancer
GDS2771,2,10,GSM98772,train,cancer
GDS2771,2,10,GSM98773,train,cancer
GDS2771,2,10,GSM98774,train,cancer
GDS2771,2,10,GSM98775,train,cancer
GDS2771,2,10,GSM98776,train,cancer
GDS2771,2,10,GSM98777,train,cancer
GDS2771,2,10,GSM98778,train,cancer
GDS2771,2,10,GSM98779,train,cancer
GDS2771,2,10,GSM98781,train,cancer
GDS2771,2,10,GSM98782,train,cancer
GDS2771,2,10,GSM98784,train,cancer
GDS2771,2,10,GSM98871,train,cancer
GDS2771,2,10,GSM98872,train,cancer
GDS2771,2,10,GSM98873,train,cancer
GDS2771,2,10,GSM98874,train,cancer
GDS2771,2,10,GSM98875,train,cancer
GDS2771,2,10,GSM94077,test,no_cancer
GDS2771,2,10,GSM94095,test,no_cancer
GDS2771,2,10,GSM94102,test,no_cancer
GDS2771,2,10,GSM94105,test,no_cancer
GDS2771,2,10,GSM94107,test,no_cancer
GDS2771,2,10,GSM98790,test,no_cancer
GDS2771,2,10,GSM98792,test,no_cancer
GDS2771,2,10,GSM98796,test,no_cancer
GDS2771,2,10,GSM98800,test,no_cancer
GDS2771,2,10,GSM94022,test,cancer
GDS2771,2,10,GSM94026,test,cancer
GDS2771,2,10,GSM94036,test,cancer
GDS2771,2,10,GSM94046,test,cancer
GDS2771,2,10,GSM94073,test,cancer
GDS2771,2,10,GSM94075,test,cancer
GDS2771,2,10,GSM94170,test,cancer
GDS2771,2,10,GSM98769,test,cancer
GDS2771,2,10,GSM98780,test,cancer
GDS2771,2,10,GSM98783,test,cancer
GDS2771,3,1,GSM94077,train,no_cancer
GDS2771,3,1,GSM94078,train,no_cancer
GDS2771,3,1,GSM94079,train,no_cancer
GDS2771,3,1,GSM94080,train,no_cancer
GDS2771,3,1,GSM94081,train,no_cancer
GDS2771,3,1,GSM94082,train,no_cancer
GDS2771,3,1,GSM94083,train,no_cancer
GDS2771,3,1,GSM94084,train,no_cancer
GDS2771,3,1,GSM94085,train,no_cancer
GDS2771,3,1,GSM94086,train,no_cancer
GDS2771,3,1,GSM94087,train,no_cancer
GDS2771,3,1,GSM94088,train,no_cancer
GDS2771,3,1,GSM94089,train,no_cancer
GDS2771,3,1,GSM94090,train,no_cancer
GDS2771,3,1,GSM94091,train,no_cancer
GDS2771,3,1,GSM94092,train,no_cancer
GDS2771,3,1,GSM94093,train,no_cancer
GDS2771,3,1,GSM94094,train,no_cancer
GDS2771,3,1,GSM94095,train,no_cancer
GDS2771,3,1,GSM94096,train,no_cancer
GDS2771,3,1,GSM94098,train,no_cancer
GDS2771,3,1,GSM94100,train,no_cancer
GDS2771,3,1,GSM94101,train,no_cancer
GDS2771,3,1,GSM94102,train,no_cancer
GDS2771,3,1,GSM94103,train,no_cancer
GDS2771,3,1,GSM94105,train,no_cancer
GDS2771,3,1,GSM94106,train,no_cancer
GDS2771,3,1,GSM94107,train,no_cancer
GDS2771,3,1,GSM94108,train,no_cancer
GDS2771,3,1,GSM94109,train,no_cancer
GDS2771,3,1,GSM94110,train,no_cancer
GDS2771,3,1,GSM94112,train,no_cancer
GDS2771,3,1,GSM94113,train,no_cancer
GDS2771,3,1,GSM94114,train,no_cancer
GDS2771,3,1,GSM94115,train,no_cancer
GDS2771,3,1,GSM94116,train,no_cancer
GDS2771,3,1,GSM94117,train,no_cancer
GDS2771,3,1,GSM94118,train,no_cancer
GDS2771,3,1,GSM94119,train,no_cancer
GDS2771,3,1,GSM94120,train,no_cancer
GDS2771,3,1,GSM94121,train,no_cancer
GDS2771,3,1,GSM94122,train,no_cancer
GDS2771,3,1,GSM94123,train,no_cancer
GDS2771,3,1,GSM94124,train,no_cancer
GDS2771,3,1,GSM94125,train,no_cancer
GDS2771,3,1,GSM94126,train,no_cancer
GDS2771,3,1,GSM94127,train,no_cancer
GDS2771,3,1,GSM94128,train,no_cancer
GDS2771,3,1,GSM94130,train,no_cancer
GDS2771,3,1,GSM94131,train,no_cancer
GDS2771,3,1,GSM94132,train,no_cancer
GDS2771,3,1,GSM94133,train,no_cancer
GDS2771,3,1,GSM94134,train,no_cancer
GDS2771,3,1,GSM94135,train,no_cancer
GDS2771,3,1,GSM94136,train,no_cancer
GDS2771,3,1,GSM94137,train,no_cancer
GDS2771,3,1,GSM94138,train,no_cancer
GDS2771,3,1,GSM94139,train,no_cancer
GDS2771,3,1,GSM94140,train,no_cancer
GDS2771,3,1,GSM94141,train,no_cancer
GDS2771,3,1,GSM94142,train,no_cancer
GDS2771,3,1,GSM94143,train,no_cancer
GDS2771,3,1,GSM94144,train,no_cancer
GDS2771,3,1,GSM94146,train,no_cancer
GDS2771,3,1,GSM94147,train,no_cancer
GDS2771,3,1,GSM94148,train,no_cancer
GDS2771,3,1,GSM98785,train,no_cancer
GDS2771,3,1,GSM98786,train,no_cancer
GDS2771,3,1,GSM98787,train,no_cancer
GDS2771,3,1,GSM98788,train,no_cancer
GDS2771,3,1,GSM98789,train,no_cancer
GDS2771,3,1,GSM98790,train,no_cancer
GDS2771,3,1,GSM98791,train,no_cancer
GDS2771,3,1,GSM98792,train,no_cancer
GDS2771,3,1,GSM98793,train,no_cancer
GDS2771,3,1,GSM98794,train,no_cancer
GDS2771,3,1,GSM98795,train,no_cancer
GDS2771,3,1,GSM98796,train,no_cancer
GDS2771,3,1,GSM98797,train,no_cancer
GDS2771,3,1,GSM98798,train,no_cancer
GDS2771,3,1,GSM98800,train,no_cancer
GDS2771,3,1,GSM94019,train,cancer
GDS2771,3,1,GSM94020,train,cancer
GDS2771,3,1,GSM94021,train,cancer
GDS2771,3,1,GSM94022,train,cancer
GDS2771,3,1,GSM94023,train,cancer
GDS2771,3,1,GSM94025,train,cancer
GDS2771,3,1,GSM94026,train,cancer
GDS2771,3,1,GSM94027,train,cancer
GDS2771,3,1,GSM94028,train,cancer
GDS2771,3,1,GSM94029,train,cancer
GDS2771,3,1,GSM94030,train,cancer
GDS2771,3,1,GSM94031,train,cancer
GDS2771,3,1,GSM94032,train,cancer
GDS2771,3,1,GSM94033,train,cancer
GDS2771,3,1,GSM94034,train,cancer
GDS2771,3,1,GSM94035,train,cancer
GDS2771,3,1,GSM94036,train,cancer
GDS2771,3,1,GSM94038,train,cancer
GDS2771,3,1,GSM94039,train,cancer
GDS2771,3,1,GSM94040,train,cancer
GDS2771,3,1,GSM94041,train,cancer
GDS2771,3,1,GSM94042,train,cancer
GDS2771,3,1,GSM94043,train,cancer
GDS2771,3,1,GSM94044,train,cancer
GDS2771,3,1,GSM94045,train,cancer
GDS2771,3,1,GSM94046,train,cancer
GDS2771,3,1,GSM94047,train,cancer
GDS2771,3,1,GSM94048,train,cancer
GDS2771,3,1,GSM94049,train,cancer
GDS2771,3,1,GSM94050,train,cancer
GDS2771,3,1,GSM94051,train,cancer
GDS2771,3,1,GSM94052,train,cancer
GDS2771,3,1,GSM94053,train,cancer
GDS2771,3,1,GSM94054,train,cancer
GDS2771,3,1,GSM94057,train,cancer
GDS2771,3,1,GSM94058,train,cancer
GDS2771,3,1,GSM94059,train,cancer
GDS2771,3,1,GSM94061,train,cancer
GDS2771,3,1,GSM94062,train,cancer
GDS2771,3,1,GSM94063,train,cancer
GDS2771,3,1,GSM94065,train,cancer
GDS2771,3,1,GSM94066,train,cancer
GDS2771,3,1,GSM94067,train,cancer
GDS2771,3,1,GSM94068,train,cancer
GDS2771,3,1,GSM94069,train,cancer
GDS2771,3,1,GSM94070,train,cancer
GDS2771,3,1,GSM94071,train,cancer
GDS2771,3,1,GSM94072,train,cancer
GDS2771,3,1,GSM94073,train,cancer
GDS2771,3,1,GSM94074,train,cancer
GDS2771,3,1,GSM94075,train,cancer
GDS2771,3,1,GSM94155,train,cancer
GDS2771,3,1,GSM94156,train,cancer
GDS2771,3,1,GSM94157,train,cancer
GDS2771,3,1,GSM94160,train,cancer
GDS2771,3,1,GSM94161,train,cancer
GDS2771,3,1,GSM94162,train,cancer
GDS2771,3,1,GSM94164,train,cancer
GDS2771,3,1,GSM94165,train,cancer
GDS2771,3,1,GSM94166,train,cancer
GDS2771,3,1,GSM94167,train,cancer
GDS2771,3,1,GSM94168,train,cancer
GDS2771,3,1,GSM94169,train,cancer
GDS2771,3,1,GSM94171,train,cancer
GDS2771,3,1,GSM94172,train,cancer
GDS2771,3,1,GSM94173,train,cancer
GDS2771,3,1,GSM94174,train,cancer
GDS2771,3,1,GSM94175,train,cancer
GDS2771,3,1,GSM94176,train,cancer
GDS2771,3,1,GSM94177,train,cancer
GDS2771,3,1,GSM94178,train,cancer
GDS2771,3,1,GSM98767,train,cancer
GDS2771,3,1,GSM98768,train,cancer
GDS2771,3,1,GSM98769,train,cancer
GDS2771,3,1,GSM98770,train,cancer
GDS2771,3,1,GSM98771,train,cancer
GDS2771,3,1,GSM98772,train,cancer
GDS2771,3,1,GSM98773,train,cancer
GDS2771,3,1,GSM98774,train,cancer
GDS2771,3,1,GSM98775,train,cancer
GDS2771,3,1,GSM98777,train,cancer
GDS2771,3,1,GSM98778,train,cancer
GDS2771,3,1,GSM98779,train,cancer
GDS2771,3,1,GSM98780,train,cancer
GDS2771,3,1,GSM98781,train,cancer
GDS2771,3,1,GSM98782,train,cancer
GDS2771,3,1,GSM98783,train,cancer
GDS2771,3,1,GSM98784,train,cancer
GDS2771,3,1,GSM98871,train,cancer
GDS2771,3,1,GSM98872,train,cancer
GDS2771,3,1,GSM98875,train,cancer
GDS2771,3,1,GSM93997,test,no_cancer
GDS2771,3,1,GSM94097,test,no_cancer
GDS2771,3,1,GSM94099,test,no_cancer
GDS2771,3,1,GSM94104,test,no_cancer
GDS2771,3,1,GSM94111,test,no_cancer
GDS2771,3,1,GSM94129,test,no_cancer
GDS2771,3,1,GSM94145,test,no_cancer
GDS2771,3,1,GSM98799,test,no_cancer
GDS2771,3,1,GSM98801,test,no_cancer
GDS2771,3,1,GSM94024,test,cancer
GDS2771,3,1,GSM94037,test,cancer
GDS2771,3,1,GSM94055,test,cancer
GDS2771,3,1,GSM94056,test,cancer
GDS2771,3,1,GSM94060,test,cancer
GDS2771,3,1,GSM94064,test,cancer
GDS2771,3,1,GSM94163,test,cancer
GDS2771,3,1,GSM94170,test,cancer
GDS2771,3,1,GSM98776,test,cancer
GDS2771,3,1,GSM98873,test,cancer
GDS2771,3,1,GSM98874,test,cancer
GDS2771,3,2,GSM93997,train,no_cancer
GDS2771,3,2,GSM94077,train,no_cancer
GDS2771,3,2,GSM94078,train,no_cancer
GDS2771,3,2,GSM94079,train,no_cancer
GDS2771,3,2,GSM94080,train,no_cancer
GDS2771,3,2,GSM94081,train,no_cancer
GDS2771,3,2,GSM94082,train,no_cancer
GDS2771,3,2,GSM94083,train,no_cancer
GDS2771,3,2,GSM94084,train,no_cancer
GDS2771,3,2,GSM94085,train,no_cancer
GDS2771,3,2,GSM94086,train,no_cancer
GDS2771,3,2,GSM94087,train,no_cancer
GDS2771,3,2,GSM94088,train,no_cancer
GDS2771,3,2,GSM94089,train,no_cancer
GDS2771,3,2,GSM94090,train,no_cancer
GDS2771,3,2,GSM94091,train,no_cancer
GDS2771,3,2,GSM94092,train,no_cancer
GDS2771,3,2,GSM94093,train,no_cancer
GDS2771,3,2,GSM94095,train,no_cancer
GDS2771,3,2,GSM94097,train,no_cancer
GDS2771,3,2,GSM94098,train,no_cancer
GDS2771,3,2,GSM94099,train,no_cancer
GDS2771,3,2,GSM94100,train,no_cancer
GDS2771,3,2,GSM94101,train,no_cancer
GDS2771,3,2,GSM94102,train,no_cancer
GDS2771,3,2,GSM94103,train,no_cancer
GDS2771,3,2,GSM94104,train,no_cancer
GDS2771,3,2,GSM94105,train,no_cancer
GDS2771,3,2,GSM94106,train,no_cancer
GDS2771,3,2,GSM94107,train,no_cancer
GDS2771,3,2,GSM94108,train,no_cancer
GDS2771,3,2,GSM94109,train,no_cancer
GDS2771,3,2,GSM94110,train,no_cancer
GDS2771,3,2,GSM94111,train,no_cancer
GDS2771,3,2,GSM94112,train,no_cancer
GDS2771,3,2,GSM94114,train,no_cancer
GDS2771,3,2,GSM94116,train,no_cancer
GDS2771,3,2,GSM94117,train,no_cancer
GDS2771,3,2,GSM94118,train,no_cancer
GDS2771,3,2,GSM94119,train,no_cancer
GDS2771,3,2,GSM94120,train,no_cancer
GDS2771,3,2,GSM94121,train,no_cancer
GDS2771,3,2,GSM94122,train,no_cancer
GDS2771,3,2,GSM94123,train,no_cancer
GDS2771,3,2,GSM94124,train,no_cancer
GDS2771,3,2,GSM94125,train,no_cancer
GDS2771,3,2,GSM94126,train,no_cancer
GDS2771,3,2,GSM94127,train,no_cancer
GDS2771,3,2,GSM94129,train,no_cancer
GDS2771,3,2,GSM94130,train,no_cancer
GDS2771,3,2,GSM94131,train,no_cancer
GDS2771,3,2,GSM94133,train,no_cancer
GDS2771,3,2,GSM94134,train,no_cancer
GDS2771,3,2,GSM94135,train,no_cancer
GDS2771,3,2,GSM94136,train,no_cancer
GDS2771,3,2,GSM94137,train,no_cancer
GDS2771,3,2,GSM94138,train,no_cancer
GDS2771,3,2,GSM94139,train,no_cancer
GDS2771,3,2,GSM94140,train,no_cancer
GDS2771,3,2,GSM94141,train,no_cancer
GDS2771,3,2,GSM94142,train,no_cancer
GDS2771,3,2,GSM94143,train,no_cancer
GDS2771,3,2,GSM94144,train,no_cancer
GDS2771,3,2,GSM94145,train,no_cancer
GDS2771,3,2,GSM94147,train,no_cancer
GDS2771,3,2,GSM94148,train,no_cancer
GDS2771,3,2,GSM98785,train,no_cancer
GDS2771,3,2,GSM98786,train,no_cancer
GDS2771,3,2,GSM98787,train,no_cancer
GDS2771,3,2,GSM98789,train,no_cancer
GDS2771,3,2,GSM98791,train,no_cancer
GDS2771,3,2,GSM98792,train,no_cancer
GDS2771,3,2,GSM98793,train,no_cancer
GDS2771,3,2,GSM98794,train,no_cancer
GDS2771,3,2,GSM98795,train,no_cancer
GDS2771,3,2,GSM98796,train,no_cancer
GDS2771,3,2,GSM98797,train,no_cancer
GDS2771,3,2,GSM98798,train,no_cancer
GDS2771,3,2,GSM98799,train,no_cancer
GDS2771,3,2,GSM98800,train,no_cancer
GDS2771,3,2,GSM98801,train,no_cancer
GDS2771,3,2,GSM94019,train,cancer
GDS2771,3,2,GSM94020,train,cancer
GDS2771,3,2,GSM94021,train,cancer
GDS2771,3,2,GSM94022,train,cancer
GDS2771,3,2,GSM94023,train,cancer
GDS2771,3,2,GSM94024,train,cancer
GDS2771,3,2,GSM94025,train,cancer
GDS2771,3,2,GSM94026,train,cancer
GDS2771,3,2,GSM94027,train,cancer
GDS2771,3,2,GSM94030,train,cancer
GDS2771,3,2,GSM94031,train,cancer
GDS2771,3,2,GSM94032,train,cancer
GDS2771,3,2,GSM94033,train,cancer
GDS2771,3,2,GSM94034,train,cancer
GDS2771,3,2,GSM94035,train,cancer
GDS2771,3,2,GSM94036,train,cancer
GDS2771,3,2,GSM94037,train,cancer
GDS2771,3,2,GSM94038,train,cancer
GDS2771,3,2,GSM94039,train,cancer
GDS2771,3,2,GSM94040,train,cancer
GDS2771,3,2,GSM94041,train,cancer
GDS2771,3,2,GSM94043,train,cancer
GDS2771,3,2,GSM94044,train,cancer
GDS2771,3,2,GSM94045,train,cancer
GDS2771,3,2,GSM94046,train,cancer
GDS2771,3,2,GSM94047,train,cancer
GDS2771,3,2,GSM94048,train,cancer
GDS2771,3,2,GSM94049,train,cancer
GDS2771,3,2,GSM94050,train,cancer
GDS2771,3,2,GSM94051,train,cancer
GDS2771,3,2,GSM94052,train,cancer
GDS2771,3,2,GSM94053,train,cancer
GDS2771,3,2,GSM94054,train,cancer
GDS2771,3,2,GSM94055,train,cancer
GDS2771,3,2,GSM94056,train,cancer
GDS2771,3,2,GSM94057,train,cancer
GDS2771,3,2,GSM94058,train,cancer
GDS2771,3,2,GSM94059,train,cancer
GDS2771,3,2,GSM94060,train,cancer
GDS2771,3,2,GSM94061,train,cancer
GDS2771,3,2,GSM94063,train,cancer
GDS2771,3,2,GSM94064,train,cancer
GDS2771,3,2,GSM94065,train,cancer
GDS2771,3,2,GSM94066,train,cancer
GDS2771,3,2,GSM94067,train,cancer
GDS2771,3,2,GSM94069,train,cancer
GDS2771,3,2,GSM94070,train,cancer
GDS2771,3,2,GSM94071,train,cancer
GDS2771,3,2,GSM94072,train,cancer
GDS2771,3,2,GSM94073,train,cancer
GDS2771,3,2,GSM94074,train,cancer
GDS2771,3,2,GSM94075,train,cancer
GDS2771,3,2,GSM94156,train,cancer
GDS2771,3,2,GSM94157,train,cancer
GDS2771,3,2,GSM94161,train,cancer
GDS2771,3,2,GSM94162,train,cancer
GDS2771,3,2,GSM94163,train,cancer
GDS2771,3,2,GSM94164,train,cancer
GDS2771,3,2,GSM94165,train,cancer
GDS2771,3,2,GSM94167,train,cancer
GDS2771,3,2,GSM94168,train,cancer
GDS2771,3,2,GSM94169,train,cancer
GDS2771,3,2,GSM94170,train,cancer
GDS2771,3,2,GSM94171,train,cancer
GDS2771,3,2,GSM94172,train,cancer
GDS2771,3,2,GSM94173,train,cancer
GDS2771,3,2,GSM94174,train,cancer
GDS2771,3,2,GSM94175,train,cancer
GDS2771,3,2,GSM94176,train,cancer
GDS2771,3,2,GSM94177,train,cancer
GDS2771,3,2,GSM94178,train,cancer
GDS2771,3,2,GSM98768,train,cancer
GDS2771,3,2,GSM98770,train,cancer
GDS2771,3,2,GSM98771,train,cancer
GDS2771,3,2,GSM98772,train,cancer
GDS2771,3,2,GSM98773,train,cancer
GDS2771,3,2,GSM98774,train,cancer
GDS2771,3,2,GSM98775,train,cancer
GDS2771,3,2,GSM98776,train,cancer
GDS2771,3,2,GSM98777,train,cancer
GDS2771,3,2,GSM98778,train,cancer
GDS2771,3,2,GSM98779,train,cancer
GDS2771,3,2,GSM98780,train,cancer
GDS2771,3,2,GSM98781,train,cancer
GDS2771,3,2,GSM98782,train,cancer
GDS2771,3,2,GSM98783,train,cancer
GDS2771,3,2,GSM98784,train,cancer
GDS2771,3,2,GSM98871,train,cancer
GDS2771,3,2,GSM98872,train,cancer
GDS2771,3,2,GSM98873,train,cancer
GDS2771,3,2,GSM98874,train,cancer
GDS2771,3,2,GSM94094,test,no_cancer
GDS2771,3,2,GSM94096,test,no_cancer
GDS2771,3,2,GSM94113,test,no_cancer
GDS2771,3,2,GSM94115,test,no_cancer
GDS2771,3,2,GSM94128,test,no_cancer
GDS2771,3,2,GSM94132,test,no_cancer
GDS2771,3,2,GSM94146,test,no_cancer
GDS2771,3,2,GSM98788,test,no_cancer
GDS2771,3,2,GSM98790,test,no_cancer
GDS2771,3,2,GSM94028,test,cancer
GDS2771,3,2,GSM94029,test,cancer
GDS2771,3,2,GSM94042,test,cancer
GDS2771,3,2,GSM94062,test,cancer
GDS2771,3,2,GSM94068,test,cancer
GDS2771,3,2,GSM94155,test,cancer
GDS2771,3,2,GSM94160,test,cancer
GDS2771,3,2,GSM94166,test,cancer
GDS2771,3,2,GSM98767,test,cancer
GDS2771,3,2,GSM98769,test,cancer
GDS2771,3,2,GSM98875,test,cancer
GDS2771,3,3,GSM93997,train,no_cancer
GDS2771,3,3,GSM94077,train,no_cancer
GDS2771,3,3,GSM94079,train,no_cancer
GDS2771,3,3,GSM94080,train,no_cancer
GDS2771,3,3,GSM94081,train,no_cancer
GDS2771,3,3,GSM94082,train,no_cancer
GDS2771,3,3,GSM94083,train,no_cancer
GDS2771,3,3,GSM94084,train,no_cancer
GDS2771,3,3,GSM94085,train,no_cancer
GDS2771,3,3,GSM94086,train,no_cancer
GDS2771,3,3,GSM94088,train,no_cancer
GDS2771,3,3,GSM94090,train,no_cancer
GDS2771,3,3,GSM94091,train,no_cancer
GDS2771,3,3,GSM94092,train,no_cancer
GDS2771,3,3,GSM94093,train,no_cancer
GDS2771,3,3,GSM94094,train,no_cancer
GDS2771,3,3,GSM94095,train,no_cancer
GDS2771,3,3,GSM94096,train,no_cancer
GDS2771,3,3,GSM94097,train,no_cancer
GDS2771,3,3,GSM94098,train,no_cancer
GDS2771,3,3,GSM94099,train,no_cancer
GDS2771,3,3,GSM94100,train,no_cancer
GDS2771,3,3,GSM94101,train,no_cancer
GDS2771,3,3,GSM94102,train,no_cancer
GDS2771,3,3,GSM94103,train,no_cancer
GDS2771,3,3,GSM94104,train,no_cancer
GDS2771,3,3,GSM94105,train,no_cancer
GDS2771,3,3,GSM94107,train,no_cancer
GDS2771,3,3,GSM94108,train,no_cancer
GDS2771,3,3,GSM94109,train,no_cancer
GDS2771,3,3,GSM94110,train,no_cancer
GDS2771,3,3,GSM94111,train,no_cancer
GDS2771,3,3,GSM94112,train,no_cancer
GDS2771,3,3,GSM94113,train,no_cancer
GDS2771,3,3,GSM94115,train,no_cancer
GDS2771,3,3,GSM94116,train,no_cancer
GDS2771,3,3,GSM94117,train,no_cancer
GDS2771,3,3,GSM94118,train,no_cancer
GDS2771,3,3,GSM94119,train,no_cancer
GDS2771,3,3,GSM94120,train,no_cancer
GDS2771,3,3,GSM94121,train,no_cancer
GDS2771,3,3,GSM94122,train,no_cancer
GDS2771,3,3,GSM94123,train,no_cancer
GDS2771,3,3,GSM94124,train,no_cancer
GDS2771,3,3,GSM94125,train,no_cancer
GDS2771,3,3,GSM94126,train,no_cancer
GDS2771,3,3,GSM94127,train,no_cancer
GDS2771,3,3,GSM94128,train,no_cancer
GDS2771,3,3,GSM94129,train,no_cancer
GDS2771,3,3,GSM94130,train,no_cancer
GDS2771,3,3,GSM94131,train,no_cancer
GDS2771,3,3,GSM94132,train,no_cancer
GDS2771,3,3,GSM94133,train,no_cancer
GDS2771,3,3,GSM94134,train,no_cancer
GDS2771,3,3,GSM94135,train,no_cancer
GDS2771,3,3,GSM94136,train,no_cancer
GDS2771,3,3,GSM94137,train,no_cancer
GDS2771,3,3,GSM94140,train,no_cancer
GDS2771,3,3,GSM94141,train,no_cancer
GDS2771,3,3,GSM94142,train,no_cancer
GDS2771,3,3,GSM94143,train,no_cancer
GDS2771,3,3,GSM94144,train,no_cancer
GDS2771,3,3,GSM94145,train,no_cancer
GDS2771,3,3,GSM94146,train,no_cancer
GDS2771,3,3,GSM94147,train,no_cancer
GDS2771,3,3,GSM94148,train,no_cancer
GDS2771,3,3,GSM98786,train,no_cancer
GDS2771,3,3,GSM98787,train,no_cancer
GDS2771,3,3,GSM98788,train,no_cancer
GDS2771,3,3,GSM98789,train,no_cancer
GDS2771,3,3,GSM98790,train,no_cancer
GDS2771,3,3,GSM98792,train,no_cancer
GDS2771,3,3,GSM98793,train,no_cancer
GDS2771,3,3,GSM98794,train,no_cancer
GDS2771,3,3,GSM98795,train,no_cancer
GDS2771,3,3,GSM98796,train,no_cancer
GDS2771,3,3,GSM98797,train,no_cancer
GDS2771,3,3,GSM98798,train,no_cancer
GDS2771,3,3,GSM98799,train,no_cancer
GDS2771,3,3,GSM98800,train,no_cancer
GDS2771,3,3,GSM98801,train,no_cancer
GDS2771,3,3,GSM94019,train,cancer
GDS2771,3,3,GSM94020,train,cancer
GDS2771,3,3,GSM94021,train,cancer
GDS2771,3,3,GSM94023,train,cancer
GDS2771,3,3,GSM94024,train,cancer
GDS2771,3,3,GSM94025,train,cancer
GDS2771,3,3,GSM94026,train,cancer
GDS2771,3,3,GSM94027,train,cancer
GDS2771,3,3,GSM94028,train,cancer
GDS2771,3,3,GSM94029,train,cancer
GDS2771,3,3,GSM94030,train,cancer
GDS2771,3,3,GSM94031,train,cancer
GDS2771,3,3,GSM94032,train,cancer
GDS2771,3,3,GSM94033,train,cancer
GDS2771,3,3,GSM94034,train,cancer
GDS2771,3,3,GSM94035,train,cancer
GDS2771,3,3,GSM94036,train,cancer
GDS2771,3,3,GSM94037,train,cancer
GDS2771,3,3,GSM94038,train,cancer
GDS2771,3,3,GSM94039,train,cancer
GDS2771,3,3,GSM94041,train,cancer
GDS2771,3,3,GSM94042,train,cancer
GDS2771,3,3,GSM94043,train,cancer
GDS2771,3,3,GSM94044,train,cancer
GDS2771,3,3,GSM94045,train,cancer
GDS2771,3,3,GSM94046,train,cancer
GDS2771,3,3,GSM94047,train,cancer
GDS2771,3,3,GSM94048,train,cancer
GDS2771,3,3,GSM94049,train,cancer
GDS2771,3,3,GSM94050,train,cancer
GDS2771,3,3,GSM94051,train,cancer
GDS2771,3,3,GSM94052,train,cancer
GDS2771,3,3,GSM94053,train,cancer
GDS2771,3,3,GSM94054,train,cancer
GDS2771,3,3,GSM94055,train,cancer
GDS2771,3,3,GSM94056,train,cancer
GDS2771,3,3,GSM94058,train,cancer
GDS2771,3,3,GSM94059,train,cancer
GDS2771,3,3,GSM94060,train,cancer
GDS2771,3,3,GSM94061,train,cancer
GDS2771,3,3,GSM94062,train,cancer
GDS2771,3,3,GSM94063,train,cancer
GDS2771,3,3,GSM94064,train,cancer
GDS2771,3,3,GSM94065,train,cancer
GDS2771,3,3,GSM94066,train,cancer
GDS2771,3,3,GSM94067,train,cancer
GDS2771,3,3,GSM94068,train,cancer
GDS2771,3,3,GSM94069,train,cancer
GDS2771,3,3,GSM94070,train,cancer
GDS2771,3,3,GSM94072,train,cancer
GDS2771,3,3,GSM94073,train,cancer
GDS2771,3,3,GSM94074,train,cancer
GDS2771,3,3,GSM94075,train,cancer
GDS2771,3,3,GSM94155,train,cancer
GDS2771,3,3,GSM94157,train,cancer
GDS2771,3,3,GSM94160,train,cancer
GDS2771,3,3,GSM94161,train,cancer
GDS2771,3,3,GSM94162,train,cancer
GDS2771,3,3,GSM94163,train,cancer
GDS2771,3,3,GSM94164,train,cancer
GDS2771,3,3,GSM94165,train,cancer
GDS2771,3,3,GSM94166,train,cancer
GDS2771,3,3,GSM94167,train,cancer
GDS2771,3,3,GSM94169,train,cancer
GDS2771,3,3,GSM94170,train,cancer
GDS2771,3,3,GSM94171,train,cancer
GDS2771,3,3,GSM94173,train,cancer
GDS2771,3,3,GSM94174,train,cancer
GDS2771,3,3,GSM94176,train,cancer
GDS2771,3,3,GSM94177,train,cancer
GDS2771,3,3,GSM94178,train,cancer
GDS2771,3,3,GSM98767,train,cancer
GDS2771,3,3,GSM98768,train,cancer
GDS2771,3,3,GSM98769,train,cancer
GDS2771,3,3,GSM98770,train,cancer
GDS2771,3,3,GSM98771,train,cancer
GDS2771,3,3,GSM98772,train,cancer
GDS2771,3,3,GSM98773,train,cancer
GDS2771,3,3,GSM98775,train,cancer
GDS2771,3,3,GSM98776,train,cancer
GDS2771,3,3,GSM98777,train,cancer
GDS2771,3,3,GSM98778,train,cancer
GDS2771,3,3,GSM98779,train,cancer
GDS2771,3,3,GSM98780,train,cancer
GDS2771,3,3,GSM98781,train,cancer
GDS2771,3,3,GSM98783,train,cancer
GDS2771,3,3,GSM98784,train,cancer
GDS2771,3,3,GSM98871,train,cancer
GDS2771,3,3,GSM98872,train,cancer
GDS2771,3,3,GSM98873,train,cancer
GDS2771,3,3,GSM98874,train,cancer
GDS2771,3,3,GSM98875,train,cancer
GDS2771,3,3,GSM94078,test,no_cancer
GDS2771,3,3,GSM94087,test,no_cancer
GDS2771,3,3,GSM94089,test,no_cancer
GDS2771,3,3,GSM94106,test,no_cancer
GDS2771,3,3,GSM94114,test,no_cancer
GDS2771,3,3,GSM94138,test,no_cancer
GDS2771,3,3,GSM94139,test,no_cancer
GDS2771,3,3,GSM98785,test,no_cancer
GDS2771,3,3,GSM98791,test,no_cancer
GDS2771,3,3,GSM94022,test,cancer
GDS2771,3,3,GSM94040,test,cancer
GDS2771,3,3,GSM94057,test,cancer
GDS2771,3,3,GSM94071,test,cancer
GDS2771,3,3,GSM94156,test,cancer
GDS2771,3,3,GSM94168,test,cancer
GDS2771,3,3,GSM94172,test,cancer
GDS2771,3,3,GSM94175,test,cancer
GDS2771,3,3,GSM98774,test,cancer
GDS2771,3,3,GSM98782,test,cancer
GDS2771,3,4,GSM93997,train,no_cancer
GDS2771,3,4,GSM94077,train,no_cancer
GDS2771,3,4,GSM94078,train,no_cancer
GDS2771,3,4,GSM94079,train,no_cancer
GDS2771,3,4,GSM94081,train,no_cancer
GDS2771,3,4,GSM94082,train,no_cancer
GDS2771,3,4,GSM94083,train,no_cancer
GDS2771,3,4,GSM94084,train,no_cancer
GDS2771,3,4,GSM94085,train,no_cancer
GDS2771,3,4,GSM94086,train,no_cancer
GDS2771,3,4,GSM94087,train,no_cancer
GDS2771,3,4,GSM94088,train,no_cancer
GDS2771,3,4,GSM94089,train,no_cancer
GDS2771,3,4,GSM94090,train,no_cancer
GDS2771,3,4,GSM94091,train,no_cancer
GDS2771,3,4,GSM94092,train,no_cancer
GDS2771,3,4,GSM94093,train,no_cancer
GDS2771,3,4,GSM94094,train,no_cancer
GDS2771,3,4,GSM94095,train,no_cancer
GDS2771,3,4,GSM94096,train,no_cancer
GDS2771,3,4,GSM94097,train,no_cancer
GDS2771,3,4,GSM94098,train,no_cancer
GDS2771,3,4,GSM94099,train,no_cancer
GDS2771,3,4,GSM94100,train,no_cancer
GDS2771,3,4,GSM94101,train,no_cancer
GDS2771,3,4,GSM94102,train,no_cancer
GDS2771,3,4,GSM94103,train,no_cancer
GDS2771,3,4,GSM94104,train,no_cancer
GDS2771,3,4,GSM94105,train,no_cancer
GDS2771,3,4,GSM94106,train,no_cancer
GDS2771,3,4,GSM94107,train,no_cancer
GDS2771,3,4,GSM94108,train,no_cancer
GDS2771,3,4,GSM94109,train,no_cancer
GDS2771,3,4,GSM94111,train,no_cancer
GDS2771,3,4,GSM94112,train,no_cancer
GDS2771,3,4,GSM94113,train,no_cancer
GDS2771,3,4,GSM94114,train,no_cancer
GDS2771,3,4,GSM94115,train,no_cancer
GDS2771,3,4,GSM94116,train,no_cancer
GDS2771,3,4,GSM94117,train,no_cancer
GDS2771,3,4,GSM94118,train,no_cancer
GDS2771,3,4,GSM94120,train,no_cancer
GDS2771,3,4,GSM94121,train,no_cancer
GDS2771,3,4,GSM94122,train,no_cancer
GDS2771,3,4,GSM94124,train,no_cancer
GDS2771,3,4,GSM94125,train,no_cancer
GDS2771,3,4,GSM94128,train,no_cancer
GDS2771,3,4,GSM94129,train,no_cancer
GDS2771,3,4,GSM94130,train,no_cancer
GDS2771,3,4,GSM94131,train,no_cancer
GDS2771,3,4,GSM94132,train,no_cancer
GDS2771,3,4,GSM94133,train,no_cancer
GDS2771,3,4,GSM94134,train,no_cancer
GDS2771,3,4,GSM94135,train,no_cancer
GDS2771,3,4,GSM94136,train,no_cancer
GDS2771,3,4,GSM94137,train,no_cancer
GDS2771,3,4,GSM94138,train,no_cancer
GDS2771,3,4,GSM94139,train,no_cancer
GDS2771,3,4,GSM94140,train,no_cancer
GDS2771,3,4,GSM94141,train,no_cancer
GDS2771,3,4,GSM94142,train,no_cancer
GDS2771,3,4,GSM94144,train,no_cancer
GDS2771,3,4,GSM94145,train,no_cancer
GDS2771,3,4,GSM94146,train,no_cancer
GDS2771,3,4,GSM94147,train,no_cancer
GDS2771,3,4,GSM94148,train,no_cancer
GDS2771,3,4,GSM98785,train,no_cancer
GDS2771,3,4,GSM98786,train,no_cancer
GDS2771,3,4,GSM98787,train,no_cancer
GDS2771,3,4,GSM98788,train,no_cancer
GDS2771,3,4,GSM98789,train,no_cancer
GDS2771,3,4,GSM98790,train,no_cancer
GDS2771,3,4,GSM98791,train,no_cancer
GDS2771,3,4,GSM98792,train,no_cancer
GDS2771,3,4,GSM98793,train,no_cancer
GDS2771,3,4,GSM98794,train,no_cancer
GDS2771,3,4,GSM98795,train,no_cancer
GDS2771,3,4,GSM98796,train,no_cancer
GDS2771,3,4,GSM98799,train,no_cancer
GDS2771,3,4,GSM98800,train,no_cancer
GDS2771,3,4,GSM98801,train,no_cancer
GDS2771,3,4,GSM94019,train,cancer
GDS2771,3,4,GSM94020,train,cancer
GDS2771,3,4,GSM94021,train,cancer
GDS2771,3,4,GSM94022,train,cancer
GDS2771,3,4,GSM94024,train,cancer
GDS2771,3,4,GSM94025,train,cancer
GDS2771,3,4,GSM94026,train,cancer
GDS2771,3,4,GSM94027,train,cancer
GDS2771,3,4,GSM94028,train,cancer
GDS2771,3,4,GSM94029,train,cancer
GDS2771,3,4,GSM94030,train,cancer
GDS2771,3,4,GSM94031,train,cancer
GDS2771,3,4,GSM94032,train,cancer
GDS2771,3,4,GSM94033,train,cancer
GDS2771,3,4,GSM94034,train,cancer
GDS2771,3,4,GSM94035,train,cancer
GDS2771,3,4,GSM94036,train,cancer
GDS2771,3,4,GSM94037,train,cancer
GDS2771,3,4,GSM94038,train,cancer
GDS2771,3,4,GSM94039,train,cancer
GDS2771,3,4,GSM94040,train,cancer
GDS2771,3,4,GSM94041,train,cancer
GDS2771,3,4,GSM94042,train,cancer
GDS2771,3,4,GSM94043,train,cancer
GDS2771,3,4,GSM94044,train,cancer
GDS2771,3,4,GSM94045,train,cancer
GDS2771,3,4,GSM94046,train,cancer
GDS2771,3,4,GSM94047,train,cancer
GDS2771,3,4,GSM94048,train,cancer
GDS2771,3,4,GSM94049,train,cancer
GDS2771,3,4,GSM94051,train,cancer
GDS2771,3,4,GSM94052,train,cancer
GDS2771,3,4,GSM94053,train,cancer
GDS2771,3,4,GSM94054,train,cancer
GDS2771,3,4,GSM94055,train,cancer
GDS2771,3,4,GSM94056,train,cancer
GDS2771,3,4,GSM94057,train,cancer
GDS2771,3,4,GSM94058,train,cancer
GDS2771,3,4,GSM94059,train,cancer
GDS2771,3,4,GSM94060,train,cancer
GDS2771,3,4,GSM94061,train,cancer
GDS2771,3,4,GSM94062,train,cancer
GDS2771,3,4,GSM94063,train,cancer
GDS2771,3,4,GSM94064,train,cancer
GDS2771,3,4,GSM94065,train,cancer
GDS2771,3,4,GSM94066,train,cancer
GDS2771,3,4,GSM94067,train,cancer
GDS2771,3,4,GSM94068,train,cancer
GDS2771,3,4,GSM94069,train,cancer
GDS2771,3,4,GSM94070,train,cancer
GDS2771,3,4,GSM94071,train,cancer
GDS2771,3,4,GSM94072,train,cancer
GDS2771,3,4,GSM94073,train,cancer
GDS2771,3,4,GSM94074,train,cancer
GDS2771,3,4,GSM94075,train,cancer
GDS2771,3,4,GSM94155,train,cancer
GDS2771,3,4,GSM94156,train,cancer
GDS2771,3,4,GSM94157,train,cancer
GDS2771,3,4,GSM94160,train,cancer
GDS2771,3,4,GSM94161,train,cancer
GDS2771,3,4,GSM94163,train,cancer
GDS2771,3,4,GSM94165,train,cancer
GDS2771,3,4,GSM94166,train,cancer
GDS2771,3,4,GSM94167,train,cancer
GDS2771,3,4,GSM94168,train,cancer
GDS2771,3,4,GSM94169,train,cancer
GDS2771,3,4,GSM94170,train,cancer
GDS2771,3,4,GSM94172,train,cancer
GDS2771,3,4,GSM94174,train,cancer
GDS2771,3,4,GSM94175,train,cancer
GDS2771,3,4,GSM94176,train,cancer
GDS2771,3,4,GSM94177,train,cancer
GDS2771,3,4,GSM94178,train,cancer
GDS2771,3,4,GSM98767,train,cancer
GDS2771,3,4,GSM98769,train,cancer
GDS2771,3,4,GSM98770,train,cancer
GDS2771,3,4,GSM98771,train,cancer
GDS2771,3,4,GSM98772,train,cancer
GDS2771,3,4,GSM98774,train,cancer
GDS2771,3,4,GSM98775,train,cancer
GDS2771,3,4,GSM98776,train,cancer
GDS2771,3,4,GSM98778,train,cancer
GDS2771,3,4,GSM98779,train,cancer
GDS2771,3,4,GSM98780,train,cancer
GDS2771,3,4,GSM98781,train,cancer
GDS2771,3,4,GSM98782,train,cancer
GDS2771,3,4,GSM98784,train,cancer
GDS2771,3,4,GSM98871,train,cancer
GDS2771,3,4,GSM98872,train,cancer
GDS2771,3,4,GSM98873,train,cancer
GDS2771,3,4,GSM98874,train,cancer
GDS2771,3,4,GSM98875,train,cancer
GDS2771,3,4,GSM94080,test,no_cancer
GDS2771,3,4,GSM94110,test,no_cancer
GDS2771,3,4,GSM94119,test,no_cancer
GDS2771,3,4,GSM94123,test,no_cancer
GDS2771,3,4,GSM94126,test,no_cancer
GDS2771,3,4,GSM94127,test,no_cancer
GDS2771,3,4,GSM94143,test,no_cancer
GDS2771,3,4,GSM98797,test,no_cancer
GDS2771,3,4,GSM98798,test,no_cancer
GDS2771,3,4,GSM94023,test,cancer
GDS2771,3,4,GSM94050,test,cancer
GDS2771,3,4,GSM94162,test,cancer
GDS2771,3,4,GSM94164,test,cancer
GDS2771,3,4,GSM94171,test,cancer
GDS2771,3,4,GSM94173,test,cancer
GDS2771,3,4,GSM98768,test,cancer
GDS2771,3,4,GSM98773,test,cancer
GDS2771,3,4,GSM98777,test,cancer
GDS2771,3,4,GSM98783,test,cancer
GDS2771,3,5,GSM93997,train,no_cancer
GDS2771,3,5,GSM94077,train,no_cancer
GDS2771,3,5,GSM94078,train,no_cancer
GDS2771,3,5,GSM94079,train,no_cancer
GDS2771,3,5,GSM94080,train,no_cancer
GDS2771,3,5,GSM94081,train,no_cancer
GDS2771,3,5,GSM94082,train,no_cancer
GDS2771,3,5,GSM94083,train,no_cancer
GDS2771,3,5,GSM94085,train,no_cancer
GDS2771,3,5,GSM94086,train,no_cancer
GDS2771,3,5,GSM94087,train,no_cancer
GDS2771,3,5,GSM94089,train,no_cancer
GDS2771,3,5,GSM94091,train,no_cancer
GDS2771,3,5,GSM94092,train,no_cancer
GDS2771,3,5,GSM94093,train,no_cancer
GDS2771,3,5,GSM94094,train,no_cancer
GDS2771,3,5,GSM94095,train,no_cancer
GDS2771,3,5,GSM94096,train,no_cancer
GDS2771,3,5,GSM94097,train,no_cancer
GDS2771,3,5,GSM94098,train,no_cancer
GDS2771,3,5,GSM94099,train,no_cancer
GDS2771,3,5,GSM94100,train,no_cancer
GDS2771,3,5,GSM94101,train,no_cancer
GDS2771,3,5,GSM94103,train,no_cancer
GDS2771,3,5,GSM94104,train,no_cancer
GDS2771,3,5,GSM94105,train,no_cancer
GDS2771,3,5,GSM94106,train,no_cancer
GDS2771,3,5,GSM94107,train,no_cancer
GDS2771,3,5,GSM94109,train,no_cancer
GDS2771,3,5,GSM94110,train,no_cancer
GDS2771,3,5,GSM94111,train,no_cancer
GDS2771,3,5,GSM94112,train,no_cancer
GDS2771,3,5,GSM94113,train,no_cancer
GDS2771,3,5,GSM94114,train,no_cancer
GDS2771,3,5,GSM94115,train,no_cancer
GDS2771,3,5,GSM94116,train,no_cancer
GDS2771,3,5,GSM94118,train,no_cancer
GDS2771,3,5,GSM94119,train,no_cancer
GDS2771,3,5,GSM94120,train,no_cancer
GDS2771,3,5,GSM94121,train,no_cancer
GDS2771,3,5,GSM94122,train,no_cancer
GDS2771,3,5,GSM94123,train,no_cancer
GDS2771,3,5,GSM94124,train,no_cancer
GDS2771,3,5,GSM94125,train,no_cancer
GDS2771,3,5,GSM94126,train,no_cancer
GDS2771,3,5,GSM94127,train,no_cancer
GDS2771,3,5,GSM94128,train,no_cancer
GDS2771,3,5,GSM94129,train,no_cancer
GDS2771,3,5,GSM94130,train,no_cancer
GDS2771,3,5,GSM94131,train,no_cancer
GDS2771,3,5,GSM94132,train,no_cancer
GDS2771,3,5,GSM94133,train,no_cancer
GDS2771,3,5,GSM94134,train,no_cancer
GDS2771,3,5,GSM94135,train,no_cancer
GDS2771,3,5,GSM94136,train,no_cancer
GDS2771,3,5,GSM94137,train,no_cancer
GDS2771,3,5,GSM94138,train,no_cancer
GDS2771,3,5,GSM94139,train,no_cancer
GDS2771,3,5,GSM94140,train,no_cancer
GDS2771,3,5,GSM94142,train,no_cancer
GDS2771,3,5,GSM94143,train,no_cancer
GDS2771,3,5,GSM94144,train,no_cancer
GDS2771,3,5,GSM94145,train,no_cancer
GDS2771,3,5,GSM94146,train,no_cancer
GDS2771,3,5,GSM94148,train,no_cancer
GDS2771,3,5,GSM98785,train,no_cancer
GDS2771,3,5,GSM98786,train,no_cancer
GDS2771,3,5,GSM98787,train,no_cancer
GDS2771,3,5,GSM98788,train,no_cancer
GDS2771,3,5,GSM98789,train,no_cancer
GDS2771,3,5,GSM98790,train,no_cancer
GDS2771,3,5,GSM98791,train,no_cancer
GDS2771,3,5,GSM98792,train,no_cancer
GDS2771,3,5,GSM98793,train,no_cancer
GDS2771,3,5,GSM98794,train,no_cancer
GDS2771,3,5,GSM98796,train,no_cancer
GDS2771,3,5,GSM98797,train,no_cancer
GDS2771,3,5,GSM98798,train,no_cancer
GDS2771,3,5,GSM98799,train,no_cancer
GDS2771,3,5,GSM98800,train,no_cancer
GDS2771,3,5,GSM98801,train,no_cancer
GDS2771,3,5,GSM94019,train,cancer
GDS2771,3,5,GSM94020,train,cancer
GDS2771,3,5,GSM94022,train,cancer
GDS2771,3,5,GSM94023,train,cancer
GDS2771,3,5,GSM94024,train,cancer
GDS2771,3,5,GSM94026,train,cancer
GDS2771,3,5,GSM94027,train,cancer
GDS2771,3,5,GSM94028,train,cancer
GDS2771,3,5,GSM94029,train,cancer
GDS2771,3,5,GSM94030,train,cancer
GDS2771,3,5,GSM94031,train,cancer
GDS2771,3,5,GSM94033,train,cancer
GDS2771,3,5,GSM94034,train,cancer
GDS2771,3,5,GSM94035,train,cancer
GDS2771,3,5,GSM94036,train,cancer
GDS2771,3,5,GSM94037,train,cancer
GDS2771,3,5,GSM94038,train,cancer
GDS2771,3,5,GSM94040,train,cancer
GDS2771,3,5,GSM94041,train,cancer
GDS2771,3,5,GSM94042,train,cancer
GDS2771,3,5,GSM94043,train,cancer
GDS2771,3,5,GSM94045,train,cancer
GDS2771,3,5,GSM94046,train,cancer
GDS2771,3,5,GSM94047,train,cancer
GDS2771,3,5,GSM94048,train,cancer
GDS2771,3,5,GSM94049,train,cancer
GDS2771,3,5,GSM94050,train,cancer
GDS2771,3,5,GSM94052,train,cancer
GDS2771,3,5,GSM94053,train,cancer
GDS2771,3,5,GSM94054,train,cancer
GDS2771,3,5,GSM94055,train,cancer
GDS2771,3,5,GSM94056,train,cancer
GDS2771,3,5,GSM94057,train,cancer
GDS2771,3,5,GSM94058,train,cancer
GDS2771,3,5,GSM94059,train,cancer
GDS2771,3,5,GSM94060,train,cancer
GDS2771,3,5,GSM94061,train,cancer
GDS2771,3,5,GSM94062,train,cancer
GDS2771,3,5,GSM94063,train,cancer
GDS2771,3,5,GSM94064,train,cancer
GDS2771,3,5,GSM94065,train,cancer
GDS2771,3,5,GSM94067,train,cancer
GDS2771,3,5,GSM94068,train,cancer
GDS2771,3,5,GSM94069,train,cancer
GDS2771,3,5,GSM94070,train,cancer
GDS2771,3,5,GSM94071,train,cancer
GDS2771,3,5,GSM94072,train,cancer
GDS2771,3,5,GSM94073,train,cancer
GDS2771,3,5,GSM94074,train,cancer
GDS2771,3,5,GSM94075,train,cancer
GDS2771,3,5,GSM94155,train,cancer
GDS2771,3,5,GSM94156,train,cancer
GDS2771,3,5,GSM94157,train,cancer
GDS2771,3,5,GSM94160,train,cancer
GDS2771,3,5,GSM94161,train,cancer
GDS2771,3,5,GSM94162,train,cancer
GDS2771,3,5,GSM94163,train,cancer
GDS2771,3,5,GSM94164,train,cancer
GDS2771,3,5,GSM94165,train,cancer
GDS2771,3,5,GSM94166,train,cancer
GDS2771,3,5,GSM94167,train,cancer
GDS2771,3,5,GSM94168,train,cancer
GDS2771,3,5,GSM94169,train,cancer
GDS2771,3,5,GSM94170,train,cancer
GDS2771,3,5,GSM94171,train,cancer
GDS2771,3,5,GSM94172,train,cancer
GDS2771,3,5,GSM94173,train,cancer
GDS2771,3,5,GSM94174,train,cancer
GDS2771,3,5,GSM94175,train,cancer
GDS2771,3,5,GSM94176,train,cancer
GDS2771,3,5,GSM94177,train,cancer
GDS2771,3,5,GSM94178,train,cancer
GDS2771,3,5,GSM98767,train,cancer
GDS2771,3,5,GSM98768,train,cancer
GDS2771,3,5,GSM98769,train,cancer
GDS2771,3,5,GSM98770,train,cancer
GDS2771,3,5,GSM98771,train,cancer
GDS2771,3,5,GSM98773,train,cancer
GDS2771,3,5,GSM98774,train,cancer
GDS2771,3,5,GSM98775,train,cancer
GDS2771,3,5,GSM98776,train,cancer
GDS2771,3,5,GSM98777,train,cancer
GDS2771,3,5,GSM98778,train,cancer
GDS2771,3,5,GSM98779,train,cancer
GDS2771,3,5,GSM98780,train,cancer
GDS2771,3,5,GSM98781,train,cancer
GDS2771,3,5,GSM98782,train,cancer
GDS2771,3,5,GSM98783,train,cancer
GDS2771,3,5,GSM98784,train,cancer
GDS2771,3,5,GSM98873,train,cancer
GDS2771,3,5,GSM98874,train,cancer
GDS2771,3,5,GSM98875,train,cancer
GDS2771,3,5,GSM94084,test,no_cancer
GDS2771,3,5,GSM94088,test,no_cancer
GDS2771,3,5,GSM94090,test,no_cancer
GDS2771,3,5,GSM94102,test,no_cancer
GDS2771,3,5,GSM94108,test,no_cancer
GDS2771,3,5,GSM94117,test,no_cancer
GDS2771,3,5,GSM94141,test,no_cancer
GDS2771,3,5,GSM94147,test,no_cancer
GDS2771,3,5,GSM98795,test,no_cancer
GDS2771,3,5,GSM94021,test,cancer
GDS2771,3,5,GSM94025,test,cancer
GDS2771,3,5,GSM94032,test,cancer
GDS2771,3,5,GSM94039,test,cancer
GDS2771,3,5,GSM94044,test,cancer
GDS2771,3,5,GSM94051,test,cancer
GDS2771,3,5,GSM94066,test,cancer
GDS2771,3,5,GSM98772,test,cancer
GDS2771,3,5,GSM98871,test,cancer
GDS2771,3,5,GSM98872,test,cancer
GDS2771,3,6,GSM93997,train,no_cancer
GDS2771,3,6,GSM94077,train,no_cancer
GDS2771,3,6,GSM94078,train,no_cancer
GDS2771,3,6,GSM94079,train,no_cancer
GDS2771,3,6,GSM94080,train,no_cancer
GDS2771,3,6,GSM94082,train,no_cancer
GDS2771,3,6,GSM94083,train,no_cancer
GDS2771,3,6,GSM94084,train,no_cancer
GDS2771,3,6,GSM94085,train,no_cancer
GDS2771,3,6,GSM94086,train,no_cancer
GDS2771,3,6,GSM94087,train,no_cancer
GDS2771,3,6,GSM94088,train,no_cancer
GDS2771,3,6,GSM94089,train,no_cancer
GDS2771,3,6,GSM94090,train,no_cancer
GDS2771,3,6,GSM94091,train,no_cancer
GDS2771,3,6,GSM94092,train,no_cancer
GDS2771,3,6,GSM94093,train,no_cancer
GDS2771,3,6,GSM94094,train,no_cancer
GDS2771,3,6,GSM94095,train,no_cancer
GDS2771,3,6,GSM94096,train,no_cancer
GDS2771,3,6,GSM94097,train,no_cancer
GDS2771,3,6,GSM94098,train,no_cancer
GDS2771,3,6,GSM94099,train,no_cancer
GDS2771,3,6,GSM94100,train,no_cancer
GDS2771,3,6,GSM94101,train,no_cancer
GDS2771,3,6,GSM94102,train,no_cancer
GDS2771,3,6,GSM94103,train,no_cancer
GDS2771,3,6,GSM94104,train,no_cancer
GDS2771,3,6,GSM94106,train,no_cancer
GDS2771,3,6,GSM94108,train,no_cancer
GDS2771,3,6,GSM94109,train,no_cancer
GDS2771,3,6,GSM94110,train,no_cancer
GDS2771,3,6,GSM94111,train,no_cancer
GDS2771,3,6,GSM94112,train,no_cancer
GDS2771,3,6,GSM94113,train,no_cancer
GDS2771,3,6,GSM94114,train,no_cancer
GDS2771,3,6,GSM94115,train,no_cancer
GDS2771,3,6,GSM94116,train,no_cancer
GDS2771,3,6,GSM94117,train,no_cancer
GDS2771,3,6,GSM94118,train,no_cancer
GDS2771,3,6,GSM94119,train,no_cancer
GDS2771,3,6,GSM94120,train,no_cancer
GDS2771,3,6,GSM94121,train,no_cancer
GDS2771,3,6,GSM94122,train,no_cancer
GDS2771,3,6,GSM94123,train,no_cancer
GDS2771,3,6,GSM94124,train,no_cancer
GDS2771,3,6,GSM94126,train,no_cancer
GDS2771,3,6,GSM94127,train,no_cancer
GDS2771,3,6,GSM94128,train,no_cancer
GDS2771,3,6,GSM94129,train,no_cancer
GDS2771,3,6,GSM94130,train,no_cancer
GDS2771,3,6,GSM94131,train,no_cancer
GDS2771,3,6,GSM94132,train,no_cancer
GDS2771,3,6,GSM94133,train,no_cancer
GDS2771,3,6,GSM94134,train,no_cancer
GDS2771,3,6,GSM94135,train,no_cancer
GDS2771,3,6,GSM94137,train,no_cancer
GDS2771,3,6,GSM94138,train,no_cancer
GDS2771,3,6,GSM94139,train,no_cancer
GDS2771,3,6,GSM94140,train,no_cancer
GDS2771,3,6,GSM94141,train,no_cancer
GDS2771,3,6,GSM94142,train,no_cancer
GDS2771,3,6,GSM94143,train,no_cancer
GDS2771,3,6,GSM94144,train,no_cancer
GDS2771,3,6,GSM94145,train,no_cancer
GDS2771,3,6,GSM94146,train,no_cancer
GDS2771,3,6,GSM94147,train,no_cancer
GDS2771,3,6,GSM94148,train,no_cancer
GDS2771,3,6,GSM98785,train,no_cancer
GDS2771,3,6,GSM98786,train,no_cancer
GDS2771,3,6,GSM98788,train,no_cancer
GDS2771,3,6,GSM98789,train,no_cancer
GDS2771,3,6,GSM98790,train,no_cancer
GDS2771,3,6,GSM98791,train,no_cancer
GDS2771,3,6,GSM98792,train,no_cancer
GDS2771,3,6,GSM98793,train,no_cancer
GDS2771,3,6,GSM98795,train,no_cancer
GDS2771,3,6,GSM98797,train,no_cancer
GDS2771,3,6,GSM98798,train,no_cancer
GDS2771,3,6,GSM98799,train,no_cancer
GDS2771,3,6,GSM98801,train,no_cancer
GDS2771,3,6,GSM94019,train,cancer
GDS2771,3,6,GSM94020,train,cancer
GDS2771,3,6,GSM94021,train,cancer
GDS2771,3,6,GSM94022,train,cancer
GDS2771,3,6,GSM94023,train,cancer
GDS2771,3,6,GSM94024,train,cancer
GDS2771,3,6,GSM94025,train,cancer
GDS2771,3,6,GSM94026,train,cancer
GDS2771,3,6,GSM94027,train,cancer
GDS2771,3,6,GSM94028,train,cancer
GDS2771,3,6,GSM94029,train,cancer
GDS2771,3,6,GSM94030,train,cancer
GDS2771,3,6,GSM94031,train,cancer
GDS2771,3,6,GSM94032,train,cancer
GDS2771,3,6,GSM94033,train,cancer
GDS2771,3,6,GSM94034,train,cancer
GDS2771,3,6,GSM94035,train,cancer
GDS2771,3,6,GSM94036,train,cancer
GDS2771,3,6,GSM94037,train,cancer
GDS2771,3,6,GSM94038,train,cancer
GDS2771,3,6,GSM94039,train,cancer
GDS2771,3,6,GSM94040,train,cancer
GDS2771,3,6,GSM94041,train,cancer
GDS2771,3,6,GSM94042,train,cancer
GDS2771,3,6,GSM94043,train,cancer
GDS2771,3,6,GSM94044,train,cancer
GDS2771,3,6,GSM94045,train,cancer
GDS2771,3,6,GSM94046,train,cancer
GDS2771,3,6,GSM94047,train,cancer
GDS2771,3,6,GSM94048,train,cancer
GDS2771,3,6,GSM94049,train,cancer
GDS2771,3,6,GSM94050,train,cancer
GDS2771,3,6,GSM94051,train,cancer
GDS2771,3,6,GSM94054,train,cancer
GDS2771,3,6,GSM94055,train,cancer
GDS2771,3,6,GSM94056,train,cancer
GDS2771,3,6,GSM94057,train,cancer
GDS2771,3,6,GSM94058,train,cancer
GDS2771,3,6,GSM94060,train,cancer
GDS2771,3,6,GSM94061,train,cancer
GDS2771,3,6,GSM94062,train,cancer
GDS2771,3,6,GSM94063,train,cancer
GDS2771,3,6,GSM94064,train,cancer
GDS2771,3,6,GSM94066,train,cancer
GDS2771,3,6,GSM94067,train,cancer
GDS2771,3,6,GSM94068,train,cancer
GDS2771,3,6,GSM94070,train,cancer
GDS2771,3,6,GSM94071,train,cancer
GDS2771,3,6,GSM94074,train,cancer
GDS2771,3,6,GSM94075,train,cancer
GDS2771,3,6,GSM94155,train,cancer
GDS2771,3,6,GSM94156,train,cancer
GDS2771,3,6,GSM94157,train,cancer
GDS2771,3,6,GSM94160,train,cancer
GDS2771,3,6,GSM94161,train,cancer
GDS2771,3,6,GSM94162,train,cancer
GDS2771,3,6,GSM94163,train,cancer
GDS2771,3,6,GSM94164,train,cancer
GDS2771,3,6,GSM94165,train,cancer
GDS2771,3,6,GSM94166,train,cancer
GDS2771,3,6,GSM94167,train,cancer
GDS2771,3,6,GSM94168,train,cancer
GDS2771,3,6,GSM94169,train,cancer
GDS2771,3,6,GSM94170,train,cancer
GDS2771,3,6,GSM94171,train,cancer
GDS2771,3,6,GSM94172,train,cancer
GDS2771,3,6,GSM94173,train,cancer
GDS2771,3,6,GSM94174,train,cancer
GDS2771,3,6,GSM94175,train,cancer
GDS2771,3,6,GSM94176,train,cancer
GDS2771,3,6,GSM94178,train,cancer
GDS2771,3,6,GSM98767,train,cancer
GDS2771,3,6,GSM98768,train,cancer
GDS2771,3,6,GSM98769,train,cancer
GDS2771,3,6,GSM98771,train,cancer
GDS2771,3,6,GSM98772,train,cancer
GDS2771,3,6,GSM98773,train,cancer
GDS2771,3,6,GSM98774,train,cancer
GDS2771,3,6,GSM98775,train,cancer
GDS2771,3,6,GSM98776,train,cancer
GDS2771,3,6,GSM98777,train,cancer
GDS2771,3,6,GSM98779,train,cancer
GDS2771,3,6,GSM98780,train,cancer
GDS2771,3,6,GSM98781,train,cancer
GDS2771,3,6,GSM98782,train,cancer
GDS2771,3,6,GSM98783,train,cancer
GDS2771,3,6,GSM98784,train,cancer
GDS2771,3,6,GSM98871,train,cancer
GDS2771,3,6,GSM98872,train,cancer
GDS2771,3,6,GSM98873,train,cancer
GDS2771,3,6,GSM98874,train,cancer
GDS2771,3,6,GSM98875,train,cancer
GDS2771,3,6,GSM94081,test,no_cancer
GDS2771,3,6,GSM94105,test,no_cancer
GDS2771,3,6,GSM94107,test,no_cancer
GDS2771,3,6,GSM94125,test,no_cancer
GDS2771,3,6,GSM94136,test,no_cancer
GDS2771,3,6,GSM98787,test,no_cancer
GDS2771,3,6,GSM98794,test,no_cancer
GDS2771,3,6,GSM98796,test,no_cancer
GDS2771,3,6,GSM98800,test,no_cancer
GDS2771,3,6,GSM94052,test,cancer
GDS2771,3,6,GSM94053,test,cancer
GDS2771,3,6,GSM94059,test,cancer
GDS2771,3,6,GSM94065,test,cancer
GDS2771,3,6,GSM94069,test,cancer
GDS2771,3,6,GSM94072,test,cancer
GDS2771,3,6,GSM94073,test,cancer
GDS2771,3,6,GSM94177,test,cancer
GDS2771,3,6,GSM98770,test,cancer
GDS2771,3,6,GSM98778,test,cancer
GDS2771,3,7,GSM93997,train,no_cancer
GDS2771,3,7,GSM94077,train,no_cancer
GDS2771,3,7,GSM94078,train,no_cancer
GDS2771,3,7,GSM94079,train,no_cancer
GDS2771,3,7,GSM94080,train,no_cancer
GDS2771,3,7,GSM94081,train,no_cancer
GDS2771,3,7,GSM94084,train,no_cancer
GDS2771,3,7,GSM94085,train,no_cancer
GDS2771,3,7,GSM94086,train,no_cancer
GDS2771,3,7,GSM94087,train,no_cancer
GDS2771,3,7,GSM94088,train,no_cancer
GDS2771,3,7,GSM94089,train,no_cancer
GDS2771,3,7,GSM94090,train,no_cancer
GDS2771,3,7,GSM94091,train,no_cancer
GDS2771,3,7,GSM94093,train,no_cancer
GDS2771,3,7,GSM94094,train,no_cancer
GDS2771,3,7,GSM94096,train,no_cancer
GDS2771,3,7,GSM94097,train,no_cancer
GDS2771,3,7,GSM94098,train,no_cancer
GDS2771,3,7,GSM94099,train,no_cancer
GDS2771,3,7,GSM94100,train,no_cancer
GDS2771,3,7,GSM94101,train,no_cancer
GDS2771,3,7,GSM94102,train,no_cancer
GDS2771,3,7,GSM94104,train,no_cancer
GDS2771,3,7,GSM94105,train,no_cancer
GDS2771,3,7,GSM94106,train,no_cancer
GDS2771,3,7,GSM94107,train,no_cancer
GDS2771,3,7,GSM94108,train,no_cancer
GDS2771,3,7,GSM94109,train,no_cancer
GDS2771,3,7,GSM94110,train,no_cancer
GDS2771,3,7,GSM94111,train,no_cancer
GDS2771,3,7,GSM94112,train,no_cancer
GDS2771,3,7,GSM94113,train,no_cancer
GDS2771,3,7,GSM94114,train,no_cancer
GDS2771,3,7,GSM94115,train,no_cancer
GDS2771,3,7,GSM94116,train,no_cancer
GDS2771,3,7,GSM94117,train,no_cancer
GDS2771,3,7,GSM94118,train,no_cancer
GDS2771,3,7,GSM94119,train,no_cancer
GDS2771,3,7,GSM94120,train,no_cancer
GDS2771,3,7,GSM94121,train,no_cancer
GDS2771,3,7,GSM94123,train,no_cancer
GDS2771,3,7,GSM94124,train,no_cancer
GDS2771,3,7,GSM94125,train,no_cancer
GDS2771,3,7,GSM94126,train,no_cancer
GDS2771,3,7,GSM94127,train,no_cancer
GDS2771,3,7,GSM94128,train,no_cancer
GDS2771,3,7,GSM94129,train,no_cancer
GDS2771,3,7,GSM94130,train,no_cancer
GDS2771,3,7,GSM94131,train,no_cancer
GDS2771,3,7,GSM94132,train,no_cancer
GDS2771,3,7,GSM94133,train,no_cancer
GDS2771,3,7,GSM94134,train,no_cancer
GDS2771,3,7,GSM94136,train,no_cancer
GDS2771,3,7,GSM94137,train,no_cancer
GDS2771,3,7,GSM94138,train,no_cancer
GDS2771,3,7,GSM94139,train,no_cancer
GDS2771,3,7,GSM94140,train,no_cancer
GDS2771,3,7,GSM94141,train,no_cancer
GDS2771,3,7,GSM94142,train,no_cancer
GDS2771,3,7,GSM94143,train,no_cancer
GDS2771,3,7,GSM94144,train,no_cancer
GDS2771,3,7,GSM94145,train,no_cancer
GDS2771,3,7,GSM94146,train,no_cancer
GDS2771,3,7,GSM94147,train,no_cancer
GDS2771,3,7,GSM98785,train,no_cancer
GDS2771,3,7,GSM98786,train,no_cancer
GDS2771,3,7,GSM98787,train,no_cancer
GDS2771,3,7,GSM98788,train,no_cancer
GDS2771,3,7,GSM98790,train,no_cancer
GDS2771,3,7,GSM98791,train,no_cancer
GDS2771,3,7,GSM98792,train,no_cancer
GDS2771,3,7,GSM98793,train,no_cancer
GDS2771,3,7,GSM98794,train,no_cancer
GDS2771,3,7,GSM98795,train,no_cancer
GDS2771,3,7,GSM98796,train,no_cancer
GDS2771,3,7,GSM98797,train,no_cancer
GDS2771,3,7,GSM98798,train,no_cancer
GDS2771,3,7,GSM98799,train,no_cancer
GDS2771,3,7,GSM98800,train,no_cancer
GDS2771,3,7,GSM98801,train,no_cancer
GDS2771,3,7,GSM94020,train,cancer
GDS2771,3,7,GSM94021,train,cancer
GDS2771,3,7,GSM94022,train,cancer
GDS2771,3,7,GSM94023,train,cancer
GDS2771,3,7,GSM94024,train,cancer
GDS2771,3,7,GSM94025,train,cancer
GDS2771,3,7,GSM94026,train,cancer
GDS2771,3,7,GSM94028,train,cancer
GDS2771,3,7,GSM94029,train,cancer
GDS2771,3,7,GSM94031,train,cancer
GDS2771,3,7,GSM94032,train,cancer
GDS2771,3,7,GSM94033,train,cancer
GDS2771,3,7,GSM94034,train,cancer
GDS2771,3,7,GSM94035,train,cancer
GDS2771,3,7,GSM94036,train,cancer
GDS2771,3,7,GSM94037,train,cancer
GDS2771,3,7,GSM94038,train,cancer
GDS2771,3,7,GSM94039,train,cancer
GDS2771,3,7,GSM94040,train,cancer
GDS2771,3,7,GSM94042,train,cancer
GDS2771,3,7,GSM94043,train,cancer
GDS2771,3,7,GSM94044,train,cancer
GDS2771,3,7,GSM94045,train,cancer
GDS2771,3,7,GSM94046,train,cancer
GDS2771,3,7,GSM94047,train,cancer
GDS2771,3,7,GSM94048,train,cancer
GDS2771,3,7,GSM94050,train,cancer
GDS2771,3,7,GSM94051,train,cancer
GDS2771,3,7,GSM94052,train,cancer
GDS2771,3,7,GSM94053,train,cancer
GDS2771,3,7,GSM94054,train,cancer
GDS2771,3,7,GSM94055,train,cancer
GDS2771,3,7,GSM94056,train,cancer
GDS2771,3,7,GSM94057,train,cancer
GDS2771,3,7,GSM94058,train,cancer
GDS2771,3,7,GSM94059,train,cancer
GDS2771,3,7,GSM94060,train,cancer
GDS2771,3,7,GSM94062,train,cancer
GDS2771,3,7,GSM94064,train,cancer
GDS2771,3,7,GSM94065,train,cancer
GDS2771,3,7,GSM94066,train,cancer
GDS2771,3,7,GSM94067,train,cancer
GDS2771,3,7,GSM94068,train,cancer
GDS2771,3,7,GSM94069,train,cancer
GDS2771,3,7,GSM94070,train,cancer
GDS2771,3,7,GSM94071,train,cancer
GDS2771,3,7,GSM94072,train,cancer
GDS2771,3,7,GSM94073,train,cancer
GDS2771,3,7,GSM94074,train,cancer
GDS2771,3,7,GSM94075,train,cancer
GDS2771,3,7,GSM94155,train,cancer
GDS2771,3,7,GSM94156,train,cancer
GDS2771,3,7,GSM94157,train,cancer
GDS2771,3,7,GSM94160,train,cancer
GDS2771,3,7,GSM94161,train,cancer
GDS2771,3,7,GSM94162,train,cancer
GDS2771,3,7,GSM94163,train,cancer
GDS2771,3,7,GSM94164,train,cancer
GDS2771,3,7,GSM94165,train,cancer
GDS2771,3,7,GSM94166,train,cancer
GDS2771,3,7,GSM94167,train,cancer
GDS2771,3,7,GSM94168,train,cancer
GDS2771,3,7,GSM94170,train,cancer
GDS2771,3,7,GSM94171,train,cancer
GDS2771,3,7,GSM94172,train,cancer
GDS2771,3,7,GSM94173,train,cancer
GDS2771,3,7,GSM94174,train,cancer
GDS2771,3,7,GSM94175,train,cancer
GDS2771,3,7,GSM94176,train,cancer
GDS2771,3,7,GSM94177,train,cancer
GDS2771,3,7,GSM94178,train,cancer
GDS2771,3,7,GSM98767,train,cancer
GDS2771,3,7,GSM98768,train,cancer
GDS2771,3,7,GSM98769,train,cancer
GDS2771,3,7,GSM98770,train,cancer
GDS2771,3,7,GSM98771,train,cancer
GDS2771,3,7,GSM98772,train,cancer
GDS2771,3,7,GSM98773,train,cancer
GDS2771,3,7,GSM98774,train,cancer
GDS2771,3,7,GSM98775,train,cancer
GDS2771,3,7,GSM98776,train,cancer
GDS2771,3,7,GSM98777,train,cancer
GDS2771,3,7,GSM98778,train,cancer
GDS2771,3,7,GSM98780,train,cancer
GDS2771,3,7,GSM98782,train,cancer
GDS2771,3,7,GSM98783,train,cancer
GDS2771,3,7,GSM98784,train,cancer
GDS2771,3,7,GSM98871,train,cancer
GDS2771,3,7,GSM98872,train,cancer
GDS2771,3,7,GSM98873,train,cancer
GDS2771,3,7,GSM98874,train,cancer
GDS2771,3,7,GSM98875,train,cancer
GDS2771,3,7,GSM94082,test,no_cancer
GDS2771,3,7,GSM94083,test,no_cancer
GDS2771,3,7,GSM94092,test,no_cancer
GDS2771,3,7,GSM94095,test,no_cancer
GDS2771,3,7,GSM94103,test,no_cancer
GDS2771,3,7,GSM94122,test,no_cancer
GDS2771,3,7,GSM94135,test,no_cancer
GDS2771,3,7,GSM94148,test,no_cancer
GDS2771,3,7,GSM98789,test,no_cancer
GDS2771,3,7,GSM94019,test,cancer
GDS2771,3,7,GSM94027,test,cancer
GDS2771,3,7,GSM94030,test,cancer
GDS2771,3,7,GSM94041,test,cancer
GDS2771,3,7,GSM94049,test,cancer
GDS2771,3,7,GSM94061,test,cancer
GDS2771,3,7,GSM94063,test,cancer
GDS2771,3,7,GSM94169,test,cancer
GDS2771,3,7,GSM98779,test,cancer
GDS2771,3,7,GSM98781,test,cancer
GDS2771,3,8,GSM93997,train,no_cancer
GDS2771,3,8,GSM94078,train,no_cancer
GDS2771,3,8,GSM94079,train,no_cancer
GDS2771,3,8,GSM94080,train,no_cancer
GDS2771,3,8,GSM94081,train,no_cancer
GDS2771,3,8,GSM94082,train,no_cancer
GDS2771,3,8,GSM94083,train,no_cancer
GDS2771,3,8,GSM94084,train,no_cancer
GDS2771,3,8,GSM94085,train,no_cancer
GDS2771,3,8,GSM94087,train,no_cancer
GDS2771,3,8,GSM94088,train,no_cancer
GDS2771,3,8,GSM94089,train,no_cancer
GDS2771,3,8,GSM94090,train,no_cancer
GDS2771,3,8,GSM94091,train,no_cancer
GDS2771,3,8,GSM94092,train,no_cancer
GDS2771,3,8,GSM94094,train,no_cancer
GDS2771,3,8,GSM94095,train,no_cancer
GDS2771,3,8,GSM94096,train,no_cancer
GDS2771,3,8,GSM94097,train,no_cancer
GDS2771,3,8,GSM94098,train,no_cancer
GDS2771,3,8,GSM94099,train,no_cancer
GDS2771,3,8,GSM94100,train,no_cancer
GDS2771,3,8,GSM94101,train,no_cancer
GDS2771,3,8,GSM94102,train,no_cancer
GDS2771,3,8,GSM94103,train,no_cancer
GDS2771,3,8,GSM94104,train,no_cancer
GDS2771,3,8,GSM94105,train,no_cancer
GDS2771,3,8,GSM94106,train,no_cancer
GDS2771,3,8,GSM94107,train,no_cancer
GDS2771,3,8,GSM94108,train,no_cancer
GDS2771,3,8,GSM94110,train,no_cancer
GDS2771,3,8,GSM94111,train,no_cancer
GDS2771,3,8,GSM94112,train,no_cancer
GDS2771,3,8,GSM94113,train,no_cancer
GDS2771,3,8,GSM94114,train,no_cancer
GDS2771,3,8,GSM94115,train,no_cancer
GDS2771,3,8,GSM94116,train,no_cancer
GDS2771,3,8,GSM94117,train,no_cancer
GDS2771,3,8,GSM94118,train,no_cancer
GDS2771,3,8,GSM94119,train,no_cancer
GDS2771,3,8,GSM94122,train,no_cancer
GDS2771,3,8,GSM94123,train,no_cancer
GDS2771,3,8,GSM94125,train,no_cancer
GDS2771,3,8,GSM94126,train,no_cancer
GDS2771,3,8,GSM94127,train,no_cancer
GDS2771,3,8,GSM94128,train,no_cancer
GDS2771,3,8,GSM94129,train,no_cancer
GDS2771,3,8,GSM94131,train,no_cancer
GDS2771,3,8,GSM94132,train,no_cancer
GDS2771,3,8,GSM94133,train,no_cancer
GDS2771,3,8,GSM94134,train,no_cancer
GDS2771,3,8,GSM94135,train,no_cancer
GDS2771,3,8,GSM94136,train,no_cancer
GDS2771,3,8,GSM94138,train,no_cancer
GDS2771,3,8,GSM94139,train,no_cancer
GDS2771,3,8,GSM94140,train,no_cancer
GDS2771,3,8,GSM94141,train,no_cancer
GDS2771,3,8,GSM94142,train,no_cancer
GDS2771,3,8,GSM94143,train,no_cancer
GDS2771,3,8,GSM94144,train,no_cancer
GDS2771,3,8,GSM94145,train,no_cancer
GDS2771,3,8,GSM94146,train,no_cancer
GDS2771,3,8,GSM94147,train,no_cancer
GDS2771,3,8,GSM94148,train,no_cancer
GDS2771,3,8,GSM98785,train,no_cancer
GDS2771,3,8,GSM98786,train,no_cancer
GDS2771,3,8,GSM98787,train,no_cancer
GDS2771,3,8,GSM98788,train,no_cancer
GDS2771,3,8,GSM98789,train,no_cancer
GDS2771,3,8,GSM98790,train,no_cancer
GDS2771,3,8,GSM98791,train,no_cancer
GDS2771,3,8,GSM98792,train,no_cancer
GDS2771,3,8,GSM98793,train,no_cancer
GDS2771,3,8,GSM98794,train,no_cancer
GDS2771,3,8,GSM98795,train,no_cancer
GDS2771,3,8,GSM98796,train,no_cancer
GDS2771,3,8,GSM98797,train,no_cancer
GDS2771,3,8,GSM98798,train,no_cancer
GDS2771,3,8,GSM98799,train,no_cancer
GDS2771,3,8,GSM98800,train,no_cancer
GDS2771,3,8,GSM98801,train,no_cancer
GDS2771,3,8,GSM94019,train,cancer
GDS2771,3,8,GSM94020,train,cancer
GDS2771,3,8,GSM94021,train,cancer
GDS2771,3,8,GSM94022,train,cancer
GDS2771,3,8,GSM94023,train,cancer
GDS2771,3,8,GSM94024,train,cancer
GDS2771,3,8,GSM94025,train,cancer
GDS2771,3,8,GSM94027,train,cancer
GDS2771,3,8,GSM94028,train,cancer
GDS2771,3,8,GSM94029,train,cancer
GDS2771,3,8,GSM94030,train,cancer
GDS2771,3,8,GSM94031,train,cancer
GDS2771,3,8,GSM94032,train,cancer
GDS2771,3,8,GSM94033,train,cancer
GDS2771,3,8,GSM94034,train,cancer
GDS2771,3,8,GSM94035,train,cancer
GDS2771,3,8,GSM94036,train,cancer
GDS2771,3,8,GSM94037,train,cancer
GDS2771,3,8,GSM94039,train,cancer
GDS2771,3,8,GSM94040,train,cancer
GDS2771,3,8,GSM94041,train,cancer
GDS2771,3,8,GSM94042,train,cancer
GDS2771,3,8,GSM94043,train,cancer
GDS2771,3,8,GSM94044,train,cancer
GDS2771,3,8,GSM94046,train,cancer
GDS2771,3,8,GSM94047,train,cancer
GDS2771,3,8,GSM94049,train,cancer
GDS2771,3,8,GSM94050,train,cancer
GDS2771,3,8,GSM94051,train,cancer
GDS2771,3,8,GSM94052,train,cancer
GDS2771,3,8,GSM94053,train,cancer
GDS2771,3,8,GSM94054,train,cancer
GDS2771,3,8,GSM94055,train,cancer
GDS2771,3,8,GSM94056,train,cancer
GDS2771,3,8,GSM94057,train,cancer
GDS2771,3,8,GSM94058,train,cancer
GDS2771,3,8,GSM94059,train,cancer
GDS2771,3,8,GSM94060,train,cancer
GDS2771,3,8,GSM94061,train,cancer
GDS2771,3,8,GSM94062,train,cancer
GDS2771,3,8,GSM94063,train,cancer
GDS2771,3,8,GSM94064,train,cancer
GDS2771,3,8,GSM94065,train,cancer
GDS2771,3,8,GSM94066,train,cancer
GDS2771,3,8,GSM94068,train,cancer
GDS2771,3,8,GSM94069,train,cancer
GDS2771,3,8,GSM94070,train,cancer
GDS2771,3,8,GSM94071,train,cancer
GDS2771,3,8,GSM94072,train,cancer
GDS2771,3,8,GSM94073,train,cancer
GDS2771,3,8,GSM94074,train,cancer
GDS2771,3,8,GSM94075,train,cancer
GDS2771,3,8,GSM94155,train,cancer
GDS2771,3,8,GSM94156,train,cancer
GDS2771,3,8,GSM94157,train,cancer
GDS2771,3,8,GSM94160,train,cancer
GDS2771,3,8,GSM94161,train,cancer
GDS2771,3,8,GSM94162,train,cancer
GDS2771,3,8,GSM94163,train,cancer
GDS2771,3,8,GSM94164,train,cancer
GDS2771,3,8,GSM94165,train,cancer
GDS2771,3,8,GSM94166,train,cancer
GDS2771,3,8,GSM94167,train,cancer
GDS2771,3,8,GSM94168,train,cancer
GDS2771,3,8,GSM94169,train,cancer
GDS2771,3,8,GSM94170,train,cancer
GDS2771,3,8,GSM94171,train,cancer
GDS2771,3,8,GSM94172,train,cancer
GDS2771,3,8,GSM94173,train,cancer
GDS2771,3,8,GSM94174,train,cancer
GDS2771,3,8,GSM94175,train,cancer
GDS2771,3,8,GSM94177,train,cancer
GDS2771,3,8,GSM98767,train,cancer
GDS2771,3,8,GSM98768,train,cancer
GDS2771,3,8,GSM98769,train,cancer
GDS2771,3,8,GSM98770,train,cancer
GDS2771,3,8,GSM98772,train,cancer
GDS2771,3,8,GSM98773,train,cancer
GDS2771,3,8,GSM98774,train,cancer
GDS2771,3,8,GSM98776,train,cancer
GDS2771,3,8,GSM98777,train,cancer
GDS2771,3,8,GSM98778,train,cancer
GDS2771,3,8,GSM98779,train,cancer
GDS2771,3,8,GSM98780,train,cancer
GDS2771,3,8,GSM98781,train,cancer
GDS2771,3,8,GSM98782,train,cancer
GDS2771,3,8,GSM98783,train,cancer
GDS2771,3,8,GSM98871,train,cancer
GDS2771,3,8,GSM98872,train,cancer
GDS2771,3,8,GSM98873,train,cancer
GDS2771,3,8,GSM98874,train,cancer
GDS2771,3,8,GSM98875,train,cancer
GDS2771,3,8,GSM94077,test,no_cancer
GDS2771,3,8,GSM94086,test,no_cancer
GDS2771,3,8,GSM94093,test,no_cancer
GDS2771,3,8,GSM94109,test,no_cancer
GDS2771,3,8,GSM94120,test,no_cancer
GDS2771,3,8,GSM94121,test,no_cancer
GDS2771,3,8,GSM94124,test,no_cancer
GDS2771,3,8,GSM94130,test,no_cancer
GDS2771,3,8,GSM94137,test,no_cancer
GDS2771,3,8,GSM94026,test,cancer
GDS2771,3,8,GSM94038,test,cancer
GDS2771,3,8,GSM94045,test,cancer
GDS2771,3,8,GSM94048,test,cancer
GDS2771,3,8,GSM94067,test,cancer
GDS2771,3,8,GSM94176,test,cancer
GDS2771,3,8,GSM94178,test,cancer
GDS2771,3,8,GSM98771,test,cancer
GDS2771,3,8,GSM98775,test,cancer
GDS2771,3,8,GSM98784,test,cancer
GDS2771,3,9,GSM93997,train,no_cancer
GDS2771,3,9,GSM94077,train,no_cancer
GDS2771,3,9,GSM94078,train,no_cancer
GDS2771,3,9,GSM94080,train,no_cancer
GDS2771,3,9,GSM94081,train,no_cancer
GDS2771,3,9,GSM94082,train,no_cancer
GDS2771,3,9,GSM94083,train,no_cancer
GDS2771,3,9,GSM94084,train,no_cancer
GDS2771,3,9,GSM94085,train,no_cancer
GDS2771,3,9,GSM94086,train,no_cancer
GDS2771,3,9,GSM94087,train,no_cancer
GDS2771,3,9,GSM94088,train,no_cancer
GDS2771,3,9,GSM94089,train,no_cancer
GDS2771,3,9,GSM94090,train,no_cancer
GDS2771,3,9,GSM94092,train,no_cancer
GDS2771,3,9,GSM94093,train,no_cancer
GDS2771,3,9,GSM94094,train,no_cancer
GDS2771,3,9,GSM94095,train,no_cancer
GDS2771,3,9,GSM94096,train,no_cancer
GDS2771,3,9,GSM94097,train,no_cancer
GDS2771,3,9,GSM94098,train,no_cancer
GDS2771,3,9,GSM94099,train,no_cancer
GDS2771,3,9,GSM94100,train,no_cancer
GDS2771,3,9,GSM94101,train,no_cancer
GDS2771,3,9,GSM94102,train,no_cancer
GDS2771,3,9,GSM94103,train,no_cancer
GDS2771,3,9,GSM94104,train,no_cancer
GDS2771,3,9,GSM94105,train,no_cancer
GDS2771,3,9,GSM94106,train,no_cancer
GDS2771,3,9,GSM94107,train,no_cancer
GDS2771,3,9,GSM94108,train,no_cancer
GDS2771,3,9,GSM94109,train,no_cancer
GDS2771,3,9,GSM94110,train,no_cancer
GDS2771,3,9,GSM94111,train,no_cancer
GDS2771,3,9,GSM94113,train,no_cancer
GDS2771,3,9,GSM94114,train,no_cancer
GDS2771,3,9,GSM94115,train,no_cancer
GDS2771,3,9,GSM94116,train,no_cancer
GDS2771,3,9,GSM94117,train,no_cancer
GDS2771,3,9,GSM94119,train,no_cancer
GDS2771,3,9,GSM94120,train,no_cancer
GDS2771,3,9,GSM94121,train,no_cancer
GDS2771,3,9,GSM94122,train,no_cancer
GDS2771,3,9,GSM94123,train,no_cancer
GDS2771,3,9,GSM94124,train,no_cancer
GDS2771,3,9,GSM94125,train,no_cancer
GDS2771,3,9,GSM94126,train,no_cancer
GDS2771,3,9,GSM94127,train,no_cancer
GDS2771,3,9,GSM94128,train,no_cancer
GDS2771,3,9,GSM94129,train,no_cancer
GDS2771,3,9,GSM94130,train,no_cancer
GDS2771,3,9,GSM94132,train,no_cancer
GDS2771,3,9,GSM94134,train,no_cancer
GDS2771,3,9,GSM94135,train,no_cancer
GDS2771,3,9,GSM94136,train,no_cancer
GDS2771,3,9,GSM94137,train,no_cancer
GDS2771,3,9,GSM94138,train,no_cancer
GDS2771,3,9,GSM94139,train,no_cancer
GDS2771,3,9,GSM94141,train,no_cancer
GDS2771,3,9,GSM94143,train,no_cancer
GDS2771,3,9,GSM94145,train,no_cancer
GDS2771,3,9,GSM94146,train,no_cancer
GDS2771,3,9,GSM94147,train,no_cancer
GDS2771,3,9,GSM94148,train,no_cancer
GDS2771,3,9,GSM98785,train,no_cancer
GDS2771,3,9,GSM98786,train,no_cancer
GDS2771,3,9,GSM98787,train,no_cancer
GDS2771,3,9,GSM98788,train,no_cancer
GDS2771,3,9,GSM98789,train,no_cancer
GDS2771,3,9,GSM98790,train,no_cancer
GDS2771,3,9,GSM98791,train,no_cancer
GDS2771,3,9,GSM98792,train,no_cancer
GDS2771,3,9,GSM98793,train,no_cancer
GDS2771,3,9,GSM98794,train,no_cancer
GDS2771,3,9,GSM98795,train,no_cancer
GDS2771,3,9,GSM98796,train,no_cancer
GDS2771,3,9,GSM98797,train,no_cancer
GDS2771,3,9,GSM98798,train,no_cancer
GDS2771,3,9,GSM98799,train,no_cancer
GDS2771,3,9,GSM98800,train,no_cancer
GDS2771,3,9,GSM98801,train,no_cancer
GDS2771,3,9,GSM94019,train,cancer
GDS2771,3,9,GSM94020,train,cancer
GDS2771,3,9,GSM94021,train,cancer
GDS2771,3,9,GSM94022,train,cancer
GDS2771,3,9,GSM94023,train,cancer
GDS2771,3,9,GSM94024,train,cancer
GDS2771,3,9,GSM94025,train,cancer
GDS2771,3,9,GSM94026,train,cancer
GDS2771,3,9,GSM94027,train,cancer
GDS2771,3,9,GSM94028,train,cancer
GDS2771,3,9,GSM94029,train,cancer
GDS2771,3,9,GSM94030,train,cancer
GDS2771,3,9,GSM94031,train,cancer
GDS2771,3,9,GSM94032,train,cancer
GDS2771,3,9,GSM94033,train,cancer
GDS2771,3,9,GSM94036,train,cancer
GDS2771,3,9,GSM94037,train,cancer
GDS2771,3,9,GSM94038,train,cancer
GDS2771,3,9,GSM94039,train,cancer
GDS2771,3,9,GSM94040,train,cancer
GDS2771,3,9,GSM94041,train,cancer
GDS2771,3,9,GSM94042,train,cancer
GDS2771,3,9,GSM94044,train,cancer
GDS2771,3,9,GSM94045,train,cancer
GDS2771,3,9,GSM94046,train,cancer
GDS2771,3,9,GSM94047,train,cancer
GDS2771,3,9,GSM94048,train,cancer
GDS2771,3,9,GSM94049,train,cancer
GDS2771,3,9,GSM94050,train,cancer
GDS2771,3,9,GSM94051,train,cancer
GDS2771,3,9,GSM94052,train,cancer
GDS2771,3,9,GSM94053,train,cancer
GDS2771,3,9,GSM94054,train,cancer
GDS2771,3,9,GSM94055,train,cancer
GDS2771,3,9,GSM94056,train,cancer
GDS2771,3,9,GSM94057,train,cancer
GDS2771,3,9,GSM94059,train,cancer
GDS2771,3,9,GSM94060,train,cancer
GDS2771,3,9,GSM94061,train,cancer
GDS2771,3,9,GSM94062,train,cancer
GDS2771,3,9,GSM94063,train,cancer
GDS2771,3,9,GSM94064,train,cancer
GDS2771,3,9,GSM94065,train,cancer
GDS2771,3,9,GSM94066,train,cancer
GDS2771,3,9,GSM94067,train,cancer
GDS2771,3,9,GSM94068,train,cancer
GDS2771,3,9,GSM94069,train,cancer
GDS2771,3,9,GSM94071,train,cancer
GDS2771,3,9,GSM94072,train,cancer
GDS2771,3,9,GSM94073,train,cancer
GDS2771,3,9,GSM94075,train,cancer
GDS2771,3,9,GSM94155,train,cancer
GDS2771,3,9,GSM94156,train,cancer
GDS2771,3,9,GSM94160,train,cancer
GDS2771,3,9,GSM94161,train,cancer
GDS2771,3,9,GSM94162,train,cancer
GDS2771,3,9,GSM94163,train,cancer
GDS2771,3,9,GSM94164,train,cancer
GDS2771,3,9,GSM94166,train,cancer
GDS2771,3,9,GSM94168,train,cancer
GDS2771,3,9,GSM94169,train,cancer
GDS2771,3,9,GSM94170,train,cancer
GDS2771,3,9,GSM94171,train,cancer
GDS2771,3,9,GSM94172,train,cancer
GDS2771,3,9,GSM94173,train,cancer
GDS2771,3,9,GSM94174,train,cancer
GDS2771,3,9,GSM94175,train,cancer
GDS2771,3,9,GSM94176,train,cancer
GDS2771,3,9,GSM94177,train,cancer
GDS2771,3,9,GSM94178,train,cancer
GDS2771,3,9,GSM98767,train,cancer
GDS2771,3,9,GSM98768,train,cancer
GDS2771,3,9,GSM98769,train,cancer
GDS2771,3,9,GSM98770,train,cancer
GDS2771,3,9,GSM98771,train,cancer
GDS2771,3,9,GSM98772,train,cancer
GDS2771,3,9,GSM98773,train,cancer
GDS2771,3,9,GSM98774,train,cancer
GDS2771,3,9,GSM98775,train,cancer
GDS2771,3,9,GSM98776,train,cancer
GDS2771,3,9,GSM98777,train,cancer
GDS2771,3,9,GSM98778,train,cancer
GDS2771,3,9,GSM98779,train,cancer
GDS2771,3,9,GSM98781,train,cancer
GDS2771,3,9,GSM98782,train,cancer
GDS2771,3,9,GSM98783,train,cancer
GDS2771,3,9,GSM98784,train,cancer
GDS2771,3,9,GSM98871,train,cancer
GDS2771,3,9,GSM98872,train,cancer
GDS2771,3,9,GSM98873,train,cancer
GDS2771,3,9,GSM98874,train,cancer
GDS2771,3,9,GSM98875,train,cancer
GDS2771,3,9,GSM94079,test,no_cancer
GDS2771,3,9,GSM94091,test,no_cancer
GDS2771,3,9,GSM94112,test,no_cancer
GDS2771,3,9,GSM94118,test,no_cancer
GDS2771,3,9,GSM94131,test,no_cancer
GDS2771,3,9,GSM94133,test,no_cancer
GDS2771,3,9,GSM94140,test,no_cancer
GDS2771,3,9,GSM94142,test,no_cancer
GDS2771,3,9,GSM94144,test,no_cancer
GDS2771,3,9,GSM94034,test,cancer
GDS2771,3,9,GSM94035,test,cancer
GDS2771,3,9,GSM94043,test,cancer
GDS2771,3,9,GSM94058,test,cancer
GDS2771,3,9,GSM94070,test,cancer
GDS2771,3,9,GSM94074,test,cancer
GDS2771,3,9,GSM94157,test,cancer
GDS2771,3,9,GSM94165,test,cancer
GDS2771,3,9,GSM94167,test,cancer
GDS2771,3,9,GSM98780,test,cancer
GDS2771,3,10,GSM93997,train,no_cancer
GDS2771,3,10,GSM94077,train,no_cancer
GDS2771,3,10,GSM94078,train,no_cancer
GDS2771,3,10,GSM94079,train,no_cancer
GDS2771,3,10,GSM94080,train,no_cancer
GDS2771,3,10,GSM94081,train,no_cancer
GDS2771,3,10,GSM94082,train,no_cancer
GDS2771,3,10,GSM94083,train,no_cancer
GDS2771,3,10,GSM94084,train,no_cancer
GDS2771,3,10,GSM94086,train,no_cancer
GDS2771,3,10,GSM94087,train,no_cancer
GDS2771,3,10,GSM94088,train,no_cancer
GDS2771,3,10,GSM94089,train,no_cancer
GDS2771,3,10,GSM94090,train,no_cancer
GDS2771,3,10,GSM94091,train,no_cancer
GDS2771,3,10,GSM94092,train,no_cancer
GDS2771,3,10,GSM94093,train,no_cancer
GDS2771,3,10,GSM94094,train,no_cancer
GDS2771,3,10,GSM94095,train,no_cancer
GDS2771,3,10,GSM94096,train,no_cancer
GDS2771,3,10,GSM94097,train,no_cancer
GDS2771,3,10,GSM94099,train,no_cancer
GDS2771,3,10,GSM94102,train,no_cancer
GDS2771,3,10,GSM94103,train,no_cancer
GDS2771,3,10,GSM94104,train,no_cancer
GDS2771,3,10,GSM94105,train,no_cancer
GDS2771,3,10,GSM94106,train,no_cancer
GDS2771,3,10,GSM94107,train,no_cancer
GDS2771,3,10,GSM94108,train,no_cancer
GDS2771,3,10,GSM94109,train,no_cancer
GDS2771,3,10,GSM94110,train,no_cancer
GDS2771,3,10,GSM94111,train,no_cancer
GDS2771,3,10,GSM94112,train,no_cancer
GDS2771,3,10,GSM94113,train,no_cancer
GDS2771,3,10,GSM94114,train,no_cancer
GDS2771,3,10,GSM94115,train,no_cancer
GDS2771,3,10,GSM94117,train,no_cancer
GDS2771,3,10,GSM94118,train,no_cancer
GDS2771,3,10,GSM94119,train,no_cancer
GDS2771,3,10,GSM94120,train,no_cancer
GDS2771,3,10,GSM94121,train,no_cancer
GDS2771,3,10,GSM94122,train,no_cancer
GDS2771,3,10,GSM94123,train,no_cancer
GDS2771,3,10,GSM94124,train,no_cancer
GDS2771,3,10,GSM94125,train,no_cancer
GDS2771,3,10,GSM94126,train,no_cancer
GDS2771,3,10,GSM94127,train,no_cancer
GDS2771,3,10,GSM94128,train,no_cancer
GDS2771,3,10,GSM94129,train,no_cancer
GDS2771,3,10,GSM94130,train,no_cancer
GDS2771,3,10,GSM94131,train,no_cancer
GDS2771,3,10,GSM94132,train,no_cancer
GDS2771,3,10,GSM94133,train,no_cancer
GDS2771,3,10,GSM94135,train,no_cancer
GDS2771,3,10,GSM94136,train,no_cancer
GDS2771,3,10,GSM94137,train,no_cancer
GDS2771,3,10,GSM94138,train,no_cancer
GDS2771,3,10,GSM94139,train,no_cancer
GDS2771,3,10,GSM94140,train,no_cancer
GDS2771,3,10,GSM94141,train,no_cancer
GDS2771,3,10,GSM94142,train,no_cancer
GDS2771,3,10,GSM94143,train,no_cancer
GDS2771,3,10,GSM94144,train,no_cancer
GDS2771,3,10,GSM94145,train,no_cancer
GDS2771,3,10,GSM94146,train,no_cancer
GDS2771,3,10,GSM94147,train,no_cancer
GDS2771,3,10,GSM94148,train,no_cancer
GDS2771,3,10,GSM98785,train,no_cancer
GDS2771,3,10,GSM98787,train,no_cancer
GDS2771,3,10,GSM98788,train,no_cancer
GDS2771,3,10,GSM98789,train,no_cancer
GDS2771,3,10,GSM98790,train,no_cancer
GDS2771,3,10,GSM98791,train,no_cancer
GDS2771,3,10,GSM98794,train,no_cancer
GDS2771,3,10,GSM98795,train,no_cancer
GDS2771,3,10,GSM98796,train,no_cancer
GDS2771,3,10,GSM98797,train,no_cancer
GDS2771,3,10,GSM98798,train,no_cancer
GDS2771,3,10,GSM98799,train,no_cancer
GDS2771,3,10,GSM98800,train,no_cancer
GDS2771,3,10,GSM98801,train,no_cancer
GDS2771,3,10,GSM94019,train,cancer
GDS2771,3,10,GSM94021,train,cancer
GDS2771,3,10,GSM94022,train,cancer
GDS2771,3,10,GSM94023,train,cancer
GDS2771,3,10,GSM94024,train,cancer
GDS2771,3,10,GSM94025,train,cancer
GDS2771,3,10,GSM94026,train,cancer
GDS2771,3,10,GSM94027,train,cancer
GDS2771,3,10,GSM94028,train,cancer
GDS2771,3,10,GSM94029,train,cancer
GDS2771,3,10,GSM94030,train,cancer
GDS2771,3,10,GSM94032,train,cancer
GDS2771,3,10,GSM94034,train,cancer
GDS2771,3,10,GSM94035,train,cancer
GDS2771,3,10,GSM94037,train,cancer
GDS2771,3,10,GSM94038,train,cancer
GDS2771,3,10,GSM94039,train,cancer
GDS2771,3,10,GSM94040,train,cancer
GDS2771,3,10,GSM94041,train,cancer
GDS2771,3,10,GSM94042,train,cancer
GDS2771,3,10,GSM94043,train,cancer
GDS2771,3,10,GSM94044,train,cancer
GDS2771,3,10,GSM94045,train,cancer
GDS2771,3,10,GSM94048,train,cancer
GDS2771,3,10,GSM94049,train,cancer
GDS2771,3,10,GSM94050,train,cancer
GDS2771,3,10,GSM94051,train,cancer
GDS2771,3,10,GSM94052,train,cancer
GDS2771,3,10,GSM94053,train,cancer
GDS2771,3,10,GSM94055,train,cancer
GDS2771,3,10,GSM94056,train,cancer
GDS2771,3,10,GSM94057,train,cancer
GDS2771,3,10,GSM94058,train,cancer
GDS2771,3,10,GSM94059,train,cancer
GDS2771,3,10,GSM94060,train,cancer
GDS2771,3,10,GSM94061,train,cancer
GDS2771,3,10,GSM94062,train,cancer
GDS2771,3,10,GSM94063,train,cancer
GDS2771,3,10,GSM94064,train,cancer
GDS2771,3,10,GSM94065,train,cancer
GDS2771,3,10,GSM94066,train,cancer
GDS2771,3,10,GSM94067,train,cancer
GDS2771,3,10,GSM94068,train,cancer
GDS2771,3,10,GSM94069,train,cancer
GDS2771,3,10,GSM94070,train,cancer
GDS2771,3,10,GSM94071,train,cancer
GDS2771,3,10,GSM94072,train,cancer
GDS2771,3,10,GSM94073,train,cancer
GDS2771,3,10,GSM94074,train,cancer
GDS2771,3,10,GSM94155,train,cancer
GDS2771,3,10,GSM94156,train,cancer
GDS2771,3,10,GSM94157,train,cancer
GDS2771,3,10,GSM94160,train,cancer
GDS2771,3,10,GSM94162,train,cancer
GDS2771,3,10,GSM94163,train,cancer
GDS2771,3,10,GSM94164,train,cancer
GDS2771,3,10,GSM94165,train,cancer
GDS2771,3,10,GSM94166,train,cancer
GDS2771,3,10,GSM94167,train,cancer
GDS2771,3,10,GSM94168,train,cancer
GDS2771,3,10,GSM94169,train,cancer
GDS2771,3,10,GSM94170,train,cancer
GDS2771,3,10,GSM94171,train,cancer
GDS2771,3,10,GSM94172,train,cancer
GDS2771,3,10,GSM94173,train,cancer
GDS2771,3,10,GSM94175,train,cancer
GDS2771,3,10,GSM94176,train,cancer
GDS2771,3,10,GSM94177,train,cancer
GDS2771,3,10,GSM94178,train,cancer
GDS2771,3,10,GSM98767,train,cancer
GDS2771,3,10,GSM98768,train,cancer
GDS2771,3,10,GSM98769,train,cancer
GDS2771,3,10,GSM98770,train,cancer
GDS2771,3,10,GSM98771,train,cancer
GDS2771,3,10,GSM98772,train,cancer
GDS2771,3,10,GSM98773,train,cancer
GDS2771,3,10,GSM98774,train,cancer
GDS2771,3,10,GSM98775,train,cancer
GDS2771,3,10,GSM98776,train,cancer
GDS2771,3,10,GSM98777,train,cancer
GDS2771,3,10,GSM98778,train,cancer
GDS2771,3,10,GSM98779,train,cancer
GDS2771,3,10,GSM98780,train,cancer
GDS2771,3,10,GSM98781,train,cancer
GDS2771,3,10,GSM98782,train,cancer
GDS2771,3,10,GSM98783,train,cancer
GDS2771,3,10,GSM98784,train,cancer
GDS2771,3,10,GSM98871,train,cancer
GDS2771,3,10,GSM98872,train,cancer
GDS2771,3,10,GSM98873,train,cancer
GDS2771,3,10,GSM98874,train,cancer
GDS2771,3,10,GSM98875,train,cancer
GDS2771,3,10,GSM94085,test,no_cancer
GDS2771,3,10,GSM94098,test,no_cancer
GDS2771,3,10,GSM94100,test,no_cancer
GDS2771,3,10,GSM94101,test,no_cancer
GDS2771,3,10,GSM94116,test,no_cancer
GDS2771,3,10,GSM94134,test,no_cancer
GDS2771,3,10,GSM98786,test,no_cancer
GDS2771,3,10,GSM98792,test,no_cancer
GDS2771,3,10,GSM98793,test,no_cancer
GDS2771,3,10,GSM94020,test,cancer
GDS2771,3,10,GSM94031,test,cancer
GDS2771,3,10,GSM94033,test,cancer
GDS2771,3,10,GSM94036,test,cancer
GDS2771,3,10,GSM94046,test,cancer
GDS2771,3,10,GSM94047,test,cancer
GDS2771,3,10,GSM94054,test,cancer
GDS2771,3,10,GSM94075,test,cancer
GDS2771,3,10,GSM94161,test,cancer
GDS2771,3,10,GSM94174,test,cancer
GDS2771,4,1,GSM93997,train,no_cancer
GDS2771,4,1,GSM94077,train,no_cancer
GDS2771,4,1,GSM94078,train,no_cancer
GDS2771,4,1,GSM94079,train,no_cancer
GDS2771,4,1,GSM94080,train,no_cancer
GDS2771,4,1,GSM94081,train,no_cancer
GDS2771,4,1,GSM94082,train,no_cancer
GDS2771,4,1,GSM94083,train,no_cancer
GDS2771,4,1,GSM94084,train,no_cancer
GDS2771,4,1,GSM94085,train,no_cancer
GDS2771,4,1,GSM94087,train,no_cancer
GDS2771,4,1,GSM94088,train,no_cancer
GDS2771,4,1,GSM94089,train,no_cancer
GDS2771,4,1,GSM94090,train,no_cancer
GDS2771,4,1,GSM94091,train,no_cancer
GDS2771,4,1,GSM94092,train,no_cancer
GDS2771,4,1,GSM94093,train,no_cancer
GDS2771,4,1,GSM94094,train,no_cancer
GDS2771,4,1,GSM94095,train,no_cancer
GDS2771,4,1,GSM94097,train,no_cancer
GDS2771,4,1,GSM94100,train,no_cancer
GDS2771,4,1,GSM94101,train,no_cancer
GDS2771,4,1,GSM94102,train,no_cancer
GDS2771,4,1,GSM94103,train,no_cancer
GDS2771,4,1,GSM94104,train,no_cancer
GDS2771,4,1,GSM94105,train,no_cancer
GDS2771,4,1,GSM94106,train,no_cancer
GDS2771,4,1,GSM94107,train,no_cancer
GDS2771,4,1,GSM94108,train,no_cancer
GDS2771,4,1,GSM94110,train,no_cancer
GDS2771,4,1,GSM94111,train,no_cancer
GDS2771,4,1,GSM94112,train,no_cancer
GDS2771,4,1,GSM94113,train,no_cancer
GDS2771,4,1,GSM94116,train,no_cancer
GDS2771,4,1,GSM94117,train,no_cancer
GDS2771,4,1,GSM94118,train,no_cancer
GDS2771,4,1,GSM94119,train,no_cancer
GDS2771,4,1,GSM94120,train,no_cancer
GDS2771,4,1,GSM94121,train,no_cancer
GDS2771,4,1,GSM94122,train,no_cancer
GDS2771,4,1,GSM94123,train,no_cancer
GDS2771,4,1,GSM94124,train,no_cancer
GDS2771,4,1,GSM94125,train,no_cancer
GDS2771,4,1,GSM94126,train,no_cancer
GDS2771,4,1,GSM94127,train,no_cancer
GDS2771,4,1,GSM94128,train,no_cancer
GDS2771,4,1,GSM94129,train,no_cancer
GDS2771,4,1,GSM94130,train,no_cancer
GDS2771,4,1,GSM94131,train,no_cancer
GDS2771,4,1,GSM94132,train,no_cancer
GDS2771,4,1,GSM94133,train,no_cancer
GDS2771,4,1,GSM94134,train,no_cancer
GDS2771,4,1,GSM94135,train,no_cancer
GDS2771,4,1,GSM94136,train,no_cancer
GDS2771,4,1,GSM94137,train,no_cancer
GDS2771,4,1,GSM94138,train,no_cancer
GDS2771,4,1,GSM94139,train,no_cancer
GDS2771,4,1,GSM94141,train,no_cancer
GDS2771,4,1,GSM94142,train,no_cancer
GDS2771,4,1,GSM94143,train,no_cancer
GDS2771,4,1,GSM94144,train,no_cancer
GDS2771,4,1,GSM94145,train,no_cancer
GDS2771,4,1,GSM94146,train,no_cancer
GDS2771,4,1,GSM94147,train,no_cancer
GDS2771,4,1,GSM94148,train,no_cancer
GDS2771,4,1,GSM98785,train,no_cancer
GDS2771,4,1,GSM98786,train,no_cancer
GDS2771,4,1,GSM98787,train,no_cancer
GDS2771,4,1,GSM98788,train,no_cancer
GDS2771,4,1,GSM98789,train,no_cancer
GDS2771,4,1,GSM98790,train,no_cancer
GDS2771,4,1,GSM98791,train,no_cancer
GDS2771,4,1,GSM98793,train,no_cancer
GDS2771,4,1,GSM98794,train,no_cancer
GDS2771,4,1,GSM98795,train,no_cancer
GDS2771,4,1,GSM98796,train,no_cancer
GDS2771,4,1,GSM98797,train,no_cancer
GDS2771,4,1,GSM98798,train,no_cancer
GDS2771,4,1,GSM98799,train,no_cancer
GDS2771,4,1,GSM98800,train,no_cancer
GDS2771,4,1,GSM98801,train,no_cancer
GDS2771,4,1,GSM94019,train,cancer
GDS2771,4,1,GSM94020,train,cancer
GDS2771,4,1,GSM94021,train,cancer
GDS2771,4,1,GSM94022,train,cancer
GDS2771,4,1,GSM94023,train,cancer
GDS2771,4,1,GSM94024,train,cancer
GDS2771,4,1,GSM94025,train,cancer
GDS2771,4,1,GSM94026,train,cancer
GDS2771,4,1,GSM94027,train,cancer
GDS2771,4,1,GSM94028,train,cancer
GDS2771,4,1,GSM94029,train,cancer
GDS2771,4,1,GSM94030,train,cancer
GDS2771,4,1,GSM94031,train,cancer
GDS2771,4,1,GSM94032,train,cancer
GDS2771,4,1,GSM94033,train,cancer
GDS2771,4,1,GSM94034,train,cancer
GDS2771,4,1,GSM94035,train,cancer
GDS2771,4,1,GSM94036,train,cancer
GDS2771,4,1,GSM94037,train,cancer
GDS2771,4,1,GSM94038,train,cancer
GDS2771,4,1,GSM94039,train,cancer
GDS2771,4,1,GSM94040,train,cancer
GDS2771,4,1,GSM94041,train,cancer
GDS2771,4,1,GSM94042,train,cancer
GDS2771,4,1,GSM94043,train,cancer
GDS2771,4,1,GSM94044,train,cancer
GDS2771,4,1,GSM94045,train,cancer
GDS2771,4,1,GSM94046,train,cancer
GDS2771,4,1,GSM94047,train,cancer
GDS2771,4,1,GSM94048,train,cancer
GDS2771,4,1,GSM94049,train,cancer
GDS2771,4,1,GSM94051,train,cancer
GDS2771,4,1,GSM94052,train,cancer
GDS2771,4,1,GSM94053,train,cancer
GDS2771,4,1,GSM94054,train,cancer
GDS2771,4,1,GSM94055,train,cancer
GDS2771,4,1,GSM94057,train,cancer
GDS2771,4,1,GSM94058,train,cancer
GDS2771,4,1,GSM94060,train,cancer
GDS2771,4,1,GSM94061,train,cancer
GDS2771,4,1,GSM94062,train,cancer
GDS2771,4,1,GSM94063,train,cancer
GDS2771,4,1,GSM94064,train,cancer
GDS2771,4,1,GSM94065,train,cancer
GDS2771,4,1,GSM94066,train,cancer
GDS2771,4,1,GSM94067,train,cancer
GDS2771,4,1,GSM94068,train,cancer
GDS2771,4,1,GSM94069,train,cancer
GDS2771,4,1,GSM94070,train,cancer
GDS2771,4,1,GSM94071,train,cancer
GDS2771,4,1,GSM94072,train,cancer
GDS2771,4,1,GSM94073,train,cancer
GDS2771,4,1,GSM94075,train,cancer
GDS2771,4,1,GSM94155,train,cancer
GDS2771,4,1,GSM94157,train,cancer
GDS2771,4,1,GSM94160,train,cancer
GDS2771,4,1,GSM94161,train,cancer
GDS2771,4,1,GSM94162,train,cancer
GDS2771,4,1,GSM94164,train,cancer
GDS2771,4,1,GSM94165,train,cancer
GDS2771,4,1,GSM94166,train,cancer
GDS2771,4,1,GSM94167,train,cancer
GDS2771,4,1,GSM94168,train,cancer
GDS2771,4,1,GSM94169,train,cancer
GDS2771,4,1,GSM94170,train,cancer
GDS2771,4,1,GSM94171,train,cancer
GDS2771,4,1,GSM94172,train,cancer
GDS2771,4,1,GSM94173,train,cancer
GDS2771,4,1,GSM94174,train,cancer
GDS2771,4,1,GSM94175,train,cancer
GDS2771,4,1,GSM94177,train,cancer
GDS2771,4,1,GSM94178,train,cancer
GDS2771,4,1,GSM98767,train,cancer
GDS2771,4,1,GSM98768,train,cancer
GDS2771,4,1,GSM98769,train,cancer
GDS2771,4,1,GSM98770,train,cancer
GDS2771,4,1,GSM98772,train,cancer
GDS2771,4,1,GSM98773,train,cancer
GDS2771,4,1,GSM98774,train,cancer
GDS2771,4,1,GSM98775,train,cancer
GDS2771,4,1,GSM98776,train,cancer
GDS2771,4,1,GSM98777,train,cancer
GDS2771,4,1,GSM98778,train,cancer
GDS2771,4,1,GSM98779,train,cancer
GDS2771,4,1,GSM98780,train,cancer
GDS2771,4,1,GSM98781,train,cancer
GDS2771,4,1,GSM98782,train,cancer
GDS2771,4,1,GSM98783,train,cancer
GDS2771,4,1,GSM98871,train,cancer
GDS2771,4,1,GSM98873,train,cancer
GDS2771,4,1,GSM98875,train,cancer
GDS2771,4,1,GSM94086,test,no_cancer
GDS2771,4,1,GSM94096,test,no_cancer
GDS2771,4,1,GSM94098,test,no_cancer
GDS2771,4,1,GSM94099,test,no_cancer
GDS2771,4,1,GSM94109,test,no_cancer
GDS2771,4,1,GSM94114,test,no_cancer
GDS2771,4,1,GSM94115,test,no_cancer
GDS2771,4,1,GSM94140,test,no_cancer
GDS2771,4,1,GSM98792,test,no_cancer
GDS2771,4,1,GSM94050,test,cancer
GDS2771,4,1,GSM94056,test,cancer
GDS2771,4,1,GSM94059,test,cancer
GDS2771,4,1,GSM94074,test,cancer
GDS2771,4,1,GSM94156,test,cancer
GDS2771,4,1,GSM94163,test,cancer
GDS2771,4,1,GSM94176,test,cancer
GDS2771,4,1,GSM98771,test,cancer
GDS2771,4,1,GSM98784,test,cancer
GDS2771,4,1,GSM98872,test,cancer
GDS2771,4,1,GSM98874,test,cancer
GDS2771,4,2,GSM93997,train,no_cancer
GDS2771,4,2,GSM94077,train,no_cancer
GDS2771,4,2,GSM94078,train,no_cancer
GDS2771,4,2,GSM94079,train,no_cancer
GDS2771,4,2,GSM94080,train,no_cancer
GDS2771,4,2,GSM94081,train,no_cancer
GDS2771,4,2,GSM94082,train,no_cancer
GDS2771,4,2,GSM94083,train,no_cancer
GDS2771,4,2,GSM94084,train,no_cancer
GDS2771,4,2,GSM94085,train,no_cancer
GDS2771,4,2,GSM94086,train,no_cancer
GDS2771,4,2,GSM94087,train,no_cancer
GDS2771,4,2,GSM94088,train,no_cancer
GDS2771,4,2,GSM94089,train,no_cancer
GDS2771,4,2,GSM94090,train,no_cancer
GDS2771,4,2,GSM94091,train,no_cancer
GDS2771,4,2,GSM94092,train,no_cancer
GDS2771,4,2,GSM94093,train,no_cancer
GDS2771,4,2,GSM94094,train,no_cancer
GDS2771,4,2,GSM94095,train,no_cancer
GDS2771,4,2,GSM94096,train,no_cancer
GDS2771,4,2,GSM94097,train,no_cancer
GDS2771,4,2,GSM94098,train,no_cancer
GDS2771,4,2,GSM94099,train,no_cancer
GDS2771,4,2,GSM94100,train,no_cancer
GDS2771,4,2,GSM94101,train,no_cancer
GDS2771,4,2,GSM94102,train,no_cancer
GDS2771,4,2,GSM94103,train,no_cancer
GDS2771,4,2,GSM94104,train,no_cancer
GDS2771,4,2,GSM94105,train,no_cancer
GDS2771,4,2,GSM94106,train,no_cancer
GDS2771,4,2,GSM94107,train,no_cancer
GDS2771,4,2,GSM94108,train,no_cancer
GDS2771,4,2,GSM94109,train,no_cancer
GDS2771,4,2,GSM94112,train,no_cancer
GDS2771,4,2,GSM94113,train,no_cancer
GDS2771,4,2,GSM94114,train,no_cancer
GDS2771,4,2,GSM94115,train,no_cancer
GDS2771,4,2,GSM94116,train,no_cancer
GDS2771,4,2,GSM94118,train,no_cancer
GDS2771,4,2,GSM94119,train,no_cancer
GDS2771,4,2,GSM94120,train,no_cancer
GDS2771,4,2,GSM94122,train,no_cancer
GDS2771,4,2,GSM94123,train,no_cancer
GDS2771,4,2,GSM94124,train,no_cancer
GDS2771,4,2,GSM94126,train,no_cancer
GDS2771,4,2,GSM94127,train,no_cancer
GDS2771,4,2,GSM94128,train,no_cancer
GDS2771,4,2,GSM94129,train,no_cancer
GDS2771,4,2,GSM94130,train,no_cancer
GDS2771,4,2,GSM94131,train,no_cancer
GDS2771,4,2,GSM94132,train,no_cancer
GDS2771,4,2,GSM94133,train,no_cancer
GDS2771,4,2,GSM94134,train,no_cancer
GDS2771,4,2,GSM94135,train,no_cancer
GDS2771,4,2,GSM94137,train,no_cancer
GDS2771,4,2,GSM94138,train,no_cancer
GDS2771,4,2,GSM94139,train,no_cancer
GDS2771,4,2,GSM94140,train,no_cancer
GDS2771,4,2,GSM94141,train,no_cancer
GDS2771,4,2,GSM94142,train,no_cancer
GDS2771,4,2,GSM94143,train,no_cancer
GDS2771,4,2,GSM94144,train,no_cancer
GDS2771,4,2,GSM94146,train,no_cancer
GDS2771,4,2,GSM94148,train,no_cancer
GDS2771,4,2,GSM98785,train,no_cancer
GDS2771,4,2,GSM98786,train,no_cancer
GDS2771,4,2,GSM98787,train,no_cancer
GDS2771,4,2,GSM98788,train,no_cancer
GDS2771,4,2,GSM98789,train,no_cancer
GDS2771,4,2,GSM98790,train,no_cancer
GDS2771,4,2,GSM98792,train,no_cancer
GDS2771,4,2,GSM98793,train,no_cancer
GDS2771,4,2,GSM98794,train,no_cancer
GDS2771,4,2,GSM98795,train,no_cancer
GDS2771,4,2,GSM98796,train,no_cancer
GDS2771,4,2,GSM98797,train,no_cancer
GDS2771,4,2,GSM98798,train,no_cancer
GDS2771,4,2,GSM98799,train,no_cancer
GDS2771,4,2,GSM98800,train,no_cancer
GDS2771,4,2,GSM98801,train,no_cancer
GDS2771,4,2,GSM94019,train,cancer
GDS2771,4,2,GSM94020,train,cancer
GDS2771,4,2,GSM94022,train,cancer
GDS2771,4,2,GSM94023,train,cancer
GDS2771,4,2,GSM94024,train,cancer
GDS2771,4,2,GSM94025,train,cancer
GDS2771,4,2,GSM94026,train,cancer
GDS2771,4,2,GSM94027,train,cancer
GDS2771,4,2,GSM94028,train,cancer
GDS2771,4,2,GSM94029,train,cancer
GDS2771,4,2,GSM94030,train,cancer
GDS2771,4,2,GSM94031,train,cancer
GDS2771,4,2,GSM94032,train,cancer
GDS2771,4,2,GSM94033,train,cancer
GDS2771,4,2,GSM94034,train,cancer
GDS2771,4,2,GSM94035,train,cancer
GDS2771,4,2,GSM94036,train,cancer
GDS2771,4,2,GSM94037,train,cancer
GDS2771,4,2,GSM94038,train,cancer
GDS2771,4,2,GSM94039,train,cancer
GDS2771,4,2,GSM94040,train,cancer
GDS2771,4,2,GSM94041,train,cancer
GDS2771,4,2,GSM94042,train,cancer
GDS2771,4,2,GSM94043,train,cancer
GDS2771,4,2,GSM94044,train,cancer
GDS2771,4,2,GSM94045,train,cancer
GDS2771,4,2,GSM94046,train,cancer
GDS2771,4,2,GSM94047,train,cancer
GDS2771,4,2,GSM94048,train,cancer
GDS2771,4,2,GSM94049,train,cancer
GDS2771,4,2,GSM94050,train,cancer
GDS2771,4,2,GSM94052,train,cancer
GDS2771,4,2,GSM94053,train,cancer
GDS2771,4,2,GSM94054,train,cancer
GDS2771,4,2,GSM94055,train,cancer
GDS2771,4,2,GSM94056,train,cancer
GDS2771,4,2,GSM94057,train,cancer
GDS2771,4,2,GSM94058,train,cancer
GDS2771,4,2,GSM94059,train,cancer
GDS2771,4,2,GSM94060,train,cancer
GDS2771,4,2,GSM94061,train,cancer
GDS2771,4,2,GSM94062,train,cancer
GDS2771,4,2,GSM94064,train,cancer
GDS2771,4,2,GSM94065,train,cancer
GDS2771,4,2,GSM94066,train,cancer
GDS2771,4,2,GSM94067,train,cancer
GDS2771,4,2,GSM94068,train,cancer
GDS2771,4,2,GSM94069,train,cancer
GDS2771,4,2,GSM94070,train,cancer
GDS2771,4,2,GSM94072,train,cancer
GDS2771,4,2,GSM94074,train,cancer
GDS2771,4,2,GSM94075,train,cancer
GDS2771,4,2,GSM94155,train,cancer
GDS2771,4,2,GSM94156,train,cancer
GDS2771,4,2,GSM94157,train,cancer
GDS2771,4,2,GSM94160,train,cancer
GDS2771,4,2,GSM94161,train,cancer
GDS2771,4,2,GSM94162,train,cancer
GDS2771,4,2,GSM94163,train,cancer
GDS2771,4,2,GSM94164,train,cancer
GDS2771,4,2,GSM94165,train,cancer
GDS2771,4,2,GSM94166,train,cancer
GDS2771,4,2,GSM94167,train,cancer
GDS2771,4,2,GSM94169,train,cancer
GDS2771,4,2,GSM94170,train,cancer
GDS2771,4,2,GSM94172,train,cancer
GDS2771,4,2,GSM94173,train,cancer
GDS2771,4,2,GSM94174,train,cancer
GDS2771,4,2,GSM94176,train,cancer
GDS2771,4,2,GSM94178,train,cancer
GDS2771,4,2,GSM98769,train,cancer
GDS2771,4,2,GSM98770,train,cancer
GDS2771,4,2,GSM98771,train,cancer
GDS2771,4,2,GSM98772,train,cancer
GDS2771,4,2,GSM98773,train,cancer
GDS2771,4,2,GSM98774,train,cancer
GDS2771,4,2,GSM98775,train,cancer
GDS2771,4,2,GSM98776,train,cancer
GDS2771,4,2,GSM98777,train,cancer
GDS2771,4,2,GSM98778,train,cancer
GDS2771,4,2,GSM98779,train,cancer
GDS2771,4,2,GSM98780,train,cancer
GDS2771,4,2,GSM98781,train,cancer
GDS2771,4,2,GSM98782,train,cancer
GDS2771,4,2,GSM98783,train,cancer
GDS2771,4,2,GSM98784,train,cancer
GDS2771,4,2,GSM98871,train,cancer
GDS2771,4,2,GSM98872,train,cancer
GDS2771,4,2,GSM98873,train,cancer
GDS2771,4,2,GSM98874,train,cancer
GDS2771,4,2,GSM98875,train,cancer
GDS2771,4,2,GSM94110,test,no_cancer
GDS2771,4,2,GSM94111,test,no_cancer
GDS2771,4,2,GSM94117,test,no_cancer
GDS2771,4,2,GSM94121,test,no_cancer
GDS2771,4,2,GSM94125,test,no_cancer
GDS2771,4,2,GSM94136,test,no_cancer
GDS2771,4,2,GSM94145,test,no_cancer
GDS2771,4,2,GSM94147,test,no_cancer
GDS2771,4,2,GSM98791,test,no_cancer
GDS2771,4,2,GSM94021,test,cancer
GDS2771,4,2,GSM94051,test,cancer
GDS2771,4,2,GSM94063,test,cancer
GDS2771,4,2,GSM94071,test,cancer
GDS2771,4,2,GSM94073,test,cancer
GDS2771,4,2,GSM94168,test,cancer
GDS2771,4,2,GSM94171,test,cancer
GDS2771,4,2,GSM94175,test,cancer
GDS2771,4,2,GSM94177,test,cancer
GDS2771,4,2,GSM98767,test,cancer
GDS2771,4,2,GSM98768,test,cancer
GDS2771,4,3,GSM94077,train,no_cancer
GDS2771,4,3,GSM94078,train,no_cancer
GDS2771,4,3,GSM94079,train,no_cancer
GDS2771,4,3,GSM94080,train,no_cancer
GDS2771,4,3,GSM94081,train,no_cancer
GDS2771,4,3,GSM94082,train,no_cancer
GDS2771,4,3,GSM94085,train,no_cancer
GDS2771,4,3,GSM94086,train,no_cancer
GDS2771,4,3,GSM94087,train,no_cancer
GDS2771,4,3,GSM94088,train,no_cancer
GDS2771,4,3,GSM94089,train,no_cancer
GDS2771,4,3,GSM94090,train,no_cancer
GDS2771,4,3,GSM94091,train,no_cancer
GDS2771,4,3,GSM94092,train,no_cancer
GDS2771,4,3,GSM94094,train,no_cancer
GDS2771,4,3,GSM94095,train,no_cancer
GDS2771,4,3,GSM94096,train,no_cancer
GDS2771,4,3,GSM94097,train,no_cancer
GDS2771,4,3,GSM94098,train,no_cancer
GDS2771,4,3,GSM94099,train,no_cancer
GDS2771,4,3,GSM94100,train,no_cancer
GDS2771,4,3,GSM94101,train,no_cancer
GDS2771,4,3,GSM94102,train,no_cancer
GDS2771,4,3,GSM94103,train,no_cancer
GDS2771,4,3,GSM94104,train,no_cancer
GDS2771,4,3,GSM94105,train,no_cancer
GDS2771,4,3,GSM94106,train,no_cancer
GDS2771,4,3,GSM94107,train,no_cancer
GDS2771,4,3,GSM94108,train,no_cancer
GDS2771,4,3,GSM94109,train,no_cancer
GDS2771,4,3,GSM94110,train,no_cancer
GDS2771,4,3,GSM94111,train,no_cancer
GDS2771,4,3,GSM94112,train,no_cancer
GDS2771,4,3,GSM94113,train,no_cancer
GDS2771,4,3,GSM94114,train,no_cancer
GDS2771,4,3,GSM94115,train,no_cancer
GDS2771,4,3,GSM94117,train,no_cancer
GDS2771,4,3,GSM94118,train,no_cancer
GDS2771,4,3,GSM94119,train,no_cancer
GDS2771,4,3,GSM94120,train,no_cancer
GDS2771,4,3,GSM94121,train,no_cancer
GDS2771,4,3,GSM94122,train,no_cancer
GDS2771,4,3,GSM94123,train,no_cancer
GDS2771,4,3,GSM94124,train,no_cancer
GDS2771,4,3,GSM94125,train,no_cancer
GDS2771,4,3,GSM94127,train,no_cancer
GDS2771,4,3,GSM94128,train,no_cancer
GDS2771,4,3,GSM94129,train,no_cancer
GDS2771,4,3,GSM94130,train,no_cancer
GDS2771,4,3,GSM94131,train,no_cancer
GDS2771,4,3,GSM94132,train,no_cancer
GDS2771,4,3,GSM94133,train,no_cancer
GDS2771,4,3,GSM94134,train,no_cancer
GDS2771,4,3,GSM94135,train,no_cancer
GDS2771,4,3,GSM94136,train,no_cancer
GDS2771,4,3,GSM94137,train,no_cancer
GDS2771,4,3,GSM94139,train,no_cancer
GDS2771,4,3,GSM94140,train,no_cancer
GDS2771,4,3,GSM94142,train,no_cancer
GDS2771,4,3,GSM94143,train,no_cancer
GDS2771,4,3,GSM94144,train,no_cancer
GDS2771,4,3,GSM94145,train,no_cancer
GDS2771,4,3,GSM94146,train,no_cancer
GDS2771,4,3,GSM94147,train,no_cancer
GDS2771,4,3,GSM94148,train,no_cancer
GDS2771,4,3,GSM98785,train,no_cancer
GDS2771,4,3,GSM98786,train,no_cancer
GDS2771,4,3,GSM98787,train,no_cancer
GDS2771,4,3,GSM98788,train,no_cancer
GDS2771,4,3,GSM98789,train,no_cancer
GDS2771,4,3,GSM98790,train,no_cancer
GDS2771,4,3,GSM98791,train,no_cancer
GDS2771,4,3,GSM98792,train,no_cancer
GDS2771,4,3,GSM98793,train,no_cancer
GDS2771,4,3,GSM98794,train,no_cancer
GDS2771,4,3,GSM98795,train,no_cancer
GDS2771,4,3,GSM98796,train,no_cancer
GDS2771,4,3,GSM98797,train,no_cancer
GDS2771,4,3,GSM98798,train,no_cancer
GDS2771,4,3,GSM98800,train,no_cancer
GDS2771,4,3,GSM98801,train,no_cancer
GDS2771,4,3,GSM94019,train,cancer
GDS2771,4,3,GSM94020,train,cancer
GDS2771,4,3,GSM94021,train,cancer
GDS2771,4,3,GSM94022,train,cancer
GDS2771,4,3,GSM94023,train,cancer
GDS2771,4,3,GSM94025,train,cancer
GDS2771,4,3,GSM94026,train,cancer
GDS2771,4,3,GSM94027,train,cancer
GDS2771,4,3,GSM94028,train,cancer
GDS2771,4,3,GSM94029,train,cancer
GDS2771,4,3,GSM94031,train,cancer
GDS2771,4,3,GSM94032,train,cancer
GDS2771,4,3,GSM94033,train,cancer
GDS2771,4,3,GSM94034,train,cancer
GDS2771,4,3,GSM94035,train,cancer
GDS2771,4,3,GSM94036,train,cancer
GDS2771,4,3,GSM94037,train,cancer
GDS2771,4,3,GSM94038,train,cancer
GDS2771,4,3,GSM94039,train,cancer
GDS2771,4,3,GSM94040,train,cancer
GDS2771,4,3,GSM94041,train,cancer
GDS2771,4,3,GSM94042,train,cancer
GDS2771,4,3,GSM94043,train,cancer
GDS2771,4,3,GSM94044,train,cancer
GDS2771,4,3,GSM94046,train,cancer
GDS2771,4,3,GSM94047,train,cancer
GDS2771,4,3,GSM94048,train,cancer
GDS2771,4,3,GSM94049,train,cancer
GDS2771,4,3,GSM94050,train,cancer
GDS2771,4,3,GSM94051,train,cancer
GDS2771,4,3,GSM94053,train,cancer
GDS2771,4,3,GSM94054,train,cancer
GDS2771,4,3,GSM94055,train,cancer
GDS2771,4,3,GSM94056,train,cancer
GDS2771,4,3,GSM94057,train,cancer
GDS2771,4,3,GSM94058,train,cancer
GDS2771,4,3,GSM94059,train,cancer
GDS2771,4,3,GSM94060,train,cancer
GDS2771,4,3,GSM94061,train,cancer
GDS2771,4,3,GSM94062,train,cancer
GDS2771,4,3,GSM94063,train,cancer
GDS2771,4,3,GSM94064,train,cancer
GDS2771,4,3,GSM94067,train,cancer
GDS2771,4,3,GSM94068,train,cancer
GDS2771,4,3,GSM94069,train,cancer
GDS2771,4,3,GSM94071,train,cancer
GDS2771,4,3,GSM94072,train,cancer
GDS2771,4,3,GSM94073,train,cancer
GDS2771,4,3,GSM94074,train,cancer
GDS2771,4,3,GSM94075,train,cancer
GDS2771,4,3,GSM94156,train,cancer
GDS2771,4,3,GSM94157,train,cancer
GDS2771,4,3,GSM94160,train,cancer
GDS2771,4,3,GSM94161,train,cancer
GDS2771,4,3,GSM94162,train,cancer
GDS2771,4,3,GSM94163,train,cancer
GDS2771,4,3,GSM94164,train,cancer
GDS2771,4,3,GSM94165,train,cancer
GDS2771,4,3,GSM94167,train,cancer
GDS2771,4,3,GSM94168,train,cancer
GDS2771,4,3,GSM94169,train,cancer
GDS2771,4,3,GSM94171,train,cancer
GDS2771,4,3,GSM94172,train,cancer
GDS2771,4,3,GSM94173,train,cancer
GDS2771,4,3,GSM94174,train,cancer
GDS2771,4,3,GSM94175,train,cancer
GDS2771,4,3,GSM94176,train,cancer
GDS2771,4,3,GSM94177,train,cancer
GDS2771,4,3,GSM94178,train,cancer
GDS2771,4,3,GSM98767,train,cancer
GDS2771,4,3,GSM98768,train,cancer
GDS2771,4,3,GSM98769,train,cancer
GDS2771,4,3,GSM98770,train,cancer
GDS2771,4,3,GSM98771,train,cancer
GDS2771,4,3,GSM98772,train,cancer
GDS2771,4,3,GSM98773,train,cancer
GDS2771,4,3,GSM98774,train,cancer
GDS2771,4,3,GSM98775,train,cancer
GDS2771,4,3,GSM98776,train,cancer
GDS2771,4,3,GSM98777,train,cancer
GDS2771,4,3,GSM98778,train,cancer
GDS2771,4,3,GSM98779,train,cancer
GDS2771,4,3,GSM98780,train,cancer
GDS2771,4,3,GSM98781,train,cancer
GDS2771,4,3,GSM98782,train,cancer
GDS2771,4,3,GSM98783,train,cancer
GDS2771,4,3,GSM98784,train,cancer
GDS2771,4,3,GSM98871,train,cancer
GDS2771,4,3,GSM98872,train,cancer
GDS2771,4,3,GSM98873,train,cancer
GDS2771,4,3,GSM98874,train,cancer
GDS2771,4,3,GSM98875,train,cancer
GDS2771,4,3,GSM93997,test,no_cancer
GDS2771,4,3,GSM94083,test,no_cancer
GDS2771,4,3,GSM94084,test,no_cancer
GDS2771,4,3,GSM94093,test,no_cancer
GDS2771,4,3,GSM94116,test,no_cancer
GDS2771,4,3,GSM94126,test,no_cancer
GDS2771,4,3,GSM94138,test,no_cancer
GDS2771,4,3,GSM94141,test,no_cancer
GDS2771,4,3,GSM98799,test,no_cancer
GDS2771,4,3,GSM94024,test,cancer
GDS2771,4,3,GSM94030,test,cancer
GDS2771,4,3,GSM94045,test,cancer
GDS2771,4,3,GSM94052,test,cancer
GDS2771,4,3,GSM94065,test,cancer
GDS2771,4,3,GSM94066,test,cancer
GDS2771,4,3,GSM94070,test,cancer
GDS2771,4,3,GSM94155,test,cancer
GDS2771,4,3,GSM94166,test,cancer
GDS2771,4,3,GSM94170,test,cancer
GDS2771,4,4,GSM93997,train,no_cancer
GDS2771,4,4,GSM94077,train,no_cancer
GDS2771,4,4,GSM94078,train,no_cancer
GDS2771,4,4,GSM94079,train,no_cancer
GDS2771,4,4,GSM94080,train,no_cancer
GDS2771,4,4,GSM94081,train,no_cancer
GDS2771,4,4,GSM94082,train,no_cancer
GDS2771,4,4,GSM94083,train,no_cancer
GDS2771,4,4,GSM94084,train,no_cancer
GDS2771,4,4,GSM94085,train,no_cancer
GDS2771,4,4,GSM94086,train,no_cancer
GDS2771,4,4,GSM94087,train,no_cancer
GDS2771,4,4,GSM94088,train,no_cancer
GDS2771,4,4,GSM94089,train,no_cancer
GDS2771,4,4,GSM94090,train,no_cancer
GDS2771,4,4,GSM94091,train,no_cancer
GDS2771,4,4,GSM94092,train,no_cancer
GDS2771,4,4,GSM94093,train,no_cancer
GDS2771,4,4,GSM94094,train,no_cancer
GDS2771,4,4,GSM94095,train,no_cancer
GDS2771,4,4,GSM94096,train,no_cancer
GDS2771,4,4,GSM94097,train,no_cancer
GDS2771,4,4,GSM94098,train,no_cancer
GDS2771,4,4,GSM94099,train,no_cancer
GDS2771,4,4,GSM94100,train,no_cancer
GDS2771,4,4,GSM94101,train,no_cancer
GDS2771,4,4,GSM94102,train,no_cancer
GDS2771,4,4,GSM94103,train,no_cancer
GDS2771,4,4,GSM94104,train,no_cancer
GDS2771,4,4,GSM94106,train,no_cancer
GDS2771,4,4,GSM94107,train,no_cancer
GDS2771,4,4,GSM94108,train,no_cancer
GDS2771,4,4,GSM94109,train,no_cancer
GDS2771,4,4,GSM94110,train,no_cancer
GDS2771,4,4,GSM94111,train,no_cancer
GDS2771,4,4,GSM94112,train,no_cancer
GDS2771,4,4,GSM94114,train,no_cancer
GDS2771,4,4,GSM94115,train,no_cancer
GDS2771,4,4,GSM94116,train,no_cancer
GDS2771,4,4,GSM94117,train,no_cancer
GDS2771,4,4,GSM94118,train,no_cancer
GDS2771,4,4,GSM94119,train,no_cancer
GDS2771,4,4,GSM94121,train,no_cancer
GDS2771,4,4,GSM94123,train,no_cancer
GDS2771,4,4,GSM94124,train,no_cancer
GDS2771,4,4,GSM94125,train,no_cancer
GDS2771,4,4,GSM94126,train,no_cancer
GDS2771,4,4,GSM94127,train,no_cancer
GDS2771,4,4,GSM94128,train,no_cancer
GDS2771,4,4,GSM94129,train,no_cancer
GDS2771,4,4,GSM94130,train,no_cancer
GDS2771,4,4,GSM94131,train,no_cancer
GDS2771,4,4,GSM94132,train,no_cancer
GDS2771,4,4,GSM94136,train,no_cancer
GDS2771,4,4,GSM94137,train,no_cancer
GDS2771,4,4,GSM94138,train,no_cancer
GDS2771,4,4,GSM94139,train,no_cancer
GDS2771,4,4,GSM94140,train,no_cancer
GDS2771,4,4,GSM94141,train,no_cancer
GDS2771,4,4,GSM94142,train,no_cancer
GDS2771,4,4,GSM94143,train,no_cancer
GDS2771,4,4,GSM94144,train,no_cancer
GDS2771,4,4,GSM94145,train,no_cancer
GDS2771,4,4,GSM94147,train,no_cancer
GDS2771,4,4,GSM94148,train,no_cancer
GDS2771,4,4,GSM98785,train,no_cancer
GDS2771,4,4,GSM98786,train,no_cancer
GDS2771,4,4,GSM98787,train,no_cancer
GDS2771,4,4,GSM98788,train,no_cancer
GDS2771,4,4,GSM98789,train,no_cancer
GDS2771,4,4,GSM98790,train,no_cancer
GDS2771,4,4,GSM98791,train,no_cancer
GDS2771,4,4,GSM98792,train,no_cancer
GDS2771,4,4,GSM98793,train,no_cancer
GDS2771,4,4,GSM98794,train,no_cancer
GDS2771,4,4,GSM98795,train,no_cancer
GDS2771,4,4,GSM98796,train,no_cancer
GDS2771,4,4,GSM98797,train,no_cancer
GDS2771,4,4,GSM98798,train,no_cancer
GDS2771,4,4,GSM98799,train,no_cancer
GDS2771,4,4,GSM98801,train,no_cancer
GDS2771,4,4,GSM94019,train,cancer
GDS2771,4,4,GSM94020,train,cancer
GDS2771,4,4,GSM94021,train,cancer
GDS2771,4,4,GSM94022,train,cancer
GDS2771,4,4,GSM94023,train,cancer
GDS2771,4,4,GSM94024,train,cancer
GDS2771,4,4,GSM94025,train,cancer
GDS2771,4,4,GSM94027,train,cancer
GDS2771,4,4,GSM94029,train,cancer
GDS2771,4,4,GSM94030,train,cancer
GDS2771,4,4,GSM94031,train,cancer
GDS2771,4,4,GSM94032,train,cancer
GDS2771,4,4,GSM94033,train,cancer
GDS2771,4,4,GSM94034,train,cancer
GDS2771,4,4,GSM94035,train,cancer
GDS2771,4,4,GSM94036,train,cancer
GDS2771,4,4,GSM94037,train,cancer
GDS2771,4,4,GSM94038,train,cancer
GDS2771,4,4,GSM94040,train,cancer
GDS2771,4,4,GSM94041,train,cancer
GDS2771,4,4,GSM94042,train,cancer
GDS2771,4,4,GSM94043,train,cancer
GDS2771,4,4,GSM94044,train,cancer
GDS2771,4,4,GSM94045,train,cancer
GDS2771,4,4,GSM94046,train,cancer
GDS2771,4,4,GSM94047,train,cancer
GDS2771,4,4,GSM94048,train,cancer
GDS2771,4,4,GSM94049,train,cancer
GDS2771,4,4,GSM94050,train,cancer
GDS2771,4,4,GSM94051,train,cancer
GDS2771,4,4,GSM94052,train,cancer
GDS2771,4,4,GSM94053,train,cancer
GDS2771,4,4,GSM94054,train,cancer
GDS2771,4,4,GSM94056,train,cancer
GDS2771,4,4,GSM94057,train,cancer
GDS2771,4,4,GSM94058,train,cancer
GDS2771,4,4,GSM94059,train,cancer
GDS2771,4,4,GSM94060,train,cancer
GDS2771,4,4,GSM94061,train,cancer
GDS2771,4,4,GSM94062,train,cancer
GDS2771,4,4,GSM94063,train,cancer
GDS2771,4,4,GSM94064,train,cancer
GDS2771,4,4,GSM94065,train,cancer
GDS2771,4,4,GSM94066,train,cancer
GDS2771,4,4,GSM94067,train,cancer
GDS2771,4,4,GSM94068,train,cancer
GDS2771,4,4,GSM94069,train,cancer
GDS2771,4,4,GSM94070,train,cancer
GDS2771,4,4,GSM94071,train,cancer
GDS2771,4,4,GSM94072,train,cancer
GDS2771,4,4,GSM94073,train,cancer
GDS2771,4,4,GSM94074,train,cancer
GDS2771,4,4,GSM94075,train,cancer
GDS2771,4,4,GSM94155,train,cancer
GDS2771,4,4,GSM94156,train,cancer
GDS2771,4,4,GSM94157,train,cancer
GDS2771,4,4,GSM94160,train,cancer
GDS2771,4,4,GSM94161,train,cancer
GDS2771,4,4,GSM94162,train,cancer
GDS2771,4,4,GSM94163,train,cancer
GDS2771,4,4,GSM94164,train,cancer
GDS2771,4,4,GSM94165,train,cancer
GDS2771,4,4,GSM94166,train,cancer
GDS2771,4,4,GSM94168,train,cancer
GDS2771,4,4,GSM94169,train,cancer
GDS2771,4,4,GSM94170,train,cancer
GDS2771,4,4,GSM94171,train,cancer
GDS2771,4,4,GSM94172,train,cancer
GDS2771,4,4,GSM94173,train,cancer
GDS2771,4,4,GSM94175,train,cancer
GDS2771,4,4,GSM94176,train,cancer
GDS2771,4,4,GSM94177,train,cancer
GDS2771,4,4,GSM94178,train,cancer
GDS2771,4,4,GSM98767,train,cancer
GDS2771,4,4,GSM98768,train,cancer
GDS2771,4,4,GSM98769,train,cancer
GDS2771,4,4,GSM98770,train,cancer
GDS2771,4,4,GSM98771,train,cancer
GDS2771,4,4,GSM98772,train,cancer
GDS2771,4,4,GSM98773,train,cancer
GDS2771,4,4,GSM98774,train,cancer
GDS2771,4,4,GSM98775,train,cancer
GDS2771,4,4,GSM98776,train,cancer
GDS2771,4,4,GSM98778,train,cancer
GDS2771,4,4,GSM98780,train,cancer
GDS2771,4,4,GSM98781,train,cancer
GDS2771,4,4,GSM98782,train,cancer
GDS2771,4,4,GSM98783,train,cancer
GDS2771,4,4,GSM98784,train,cancer
GDS2771,4,4,GSM98872,train,cancer
GDS2771,4,4,GSM98873,train,cancer
GDS2771,4,4,GSM98874,train,cancer
GDS2771,4,4,GSM94105,test,no_cancer
GDS2771,4,4,GSM94113,test,no_cancer
GDS2771,4,4,GSM94120,test,no_cancer
GDS2771,4,4,GSM94122,test,no_cancer
GDS2771,4,4,GSM94133,test,no_cancer
GDS2771,4,4,GSM94134,test,no_cancer
GDS2771,4,4,GSM94135,test,no_cancer
GDS2771,4,4,GSM94146,test,no_cancer
GDS2771,4,4,GSM98800,test,no_cancer
GDS2771,4,4,GSM94026,test,cancer
GDS2771,4,4,GSM94028,test,cancer
GDS2771,4,4,GSM94039,test,cancer
GDS2771,4,4,GSM94055,test,cancer
GDS2771,4,4,GSM94167,test,cancer
GDS2771,4,4,GSM94174,test,cancer
GDS2771,4,4,GSM98777,test,cancer
GDS2771,4,4,GSM98779,test,cancer
GDS2771,4,4,GSM98871,test,cancer
GDS2771,4,4,GSM98875,test,cancer
GDS2771,4,5,GSM93997,train,no_cancer
GDS2771,4,5,GSM94077,train,no_cancer
GDS2771,4,5,GSM94078,train,no_cancer
GDS2771,4,5,GSM94079,train,no_cancer
GDS2771,4,5,GSM94081,train,no_cancer
GDS2771,4,5,GSM94082,train,no_cancer
GDS2771,4,5,GSM94083,train,no_cancer
GDS2771,4,5,GSM94084,train,no_cancer
GDS2771,4,5,GSM94085,train,no_cancer
GDS2771,4,5,GSM94086,train,no_cancer
GDS2771,4,5,GSM94087,train,no_cancer
GDS2771,4,5,GSM94088,train,no_cancer
GDS2771,4,5,GSM94090,train,no_cancer
GDS2771,4,5,GSM94091,train,no_cancer
GDS2771,4,5,GSM94092,train,no_cancer
GDS2771,4,5,GSM94093,train,no_cancer
GDS2771,4,5,GSM94094,train,no_cancer
GDS2771,4,5,GSM94095,train,no_cancer
GDS2771,4,5,GSM94096,train,no_cancer
GDS2771,4,5,GSM94098,train,no_cancer
GDS2771,4,5,GSM94099,train,no_cancer
GDS2771,4,5,GSM94100,train,no_cancer
GDS2771,4,5,GSM94101,train,no_cancer
GDS2771,4,5,GSM94102,train,no_cancer
GDS2771,4,5,GSM94103,train,no_cancer
GDS2771,4,5,GSM94104,train,no_cancer
GDS2771,4,5,GSM94105,train,no_cancer
GDS2771,4,5,GSM94106,train,no_cancer
GDS2771,4,5,GSM94108,train,no_cancer
GDS2771,4,5,GSM94109,train,no_cancer
GDS2771,4,5,GSM94110,train,no_cancer
GDS2771,4,5,GSM94111,train,no_cancer
GDS2771,4,5,GSM94113,train,no_cancer
GDS2771,4,5,GSM94114,train,no_cancer
GDS2771,4,5,GSM94115,train,no_cancer
GDS2771,4,5,GSM94116,train,no_cancer
GDS2771,4,5,GSM94117,train,no_cancer
GDS2771,4,5,GSM94118,train,no_cancer
GDS2771,4,5,GSM94119,train,no_cancer
GDS2771,4,5,GSM94120,train,no_cancer
GDS2771,4,5,GSM94121,train,no_cancer
GDS2771,4,5,GSM94122,train,no_cancer
GDS2771,4,5,GSM94123,train,no_cancer
GDS2771,4,5,GSM94124,train,no_cancer
GDS2771,4,5,GSM94125,train,no_cancer
GDS2771,4,5,GSM94126,train,no_cancer
GDS2771,4,5,GSM94127,train,no_cancer
GDS2771,4,5,GSM94129,train,no_cancer
GDS2771,4,5,GSM94130,train,no_cancer
GDS2771,4,5,GSM94132,train,no_cancer
GDS2771,4,5,GSM94133,train,no_cancer
GDS2771,4,5,GSM94134,train,no_cancer
GDS2771,4,5,GSM94135,train,no_cancer
GDS2771,4,5,GSM94136,train,no_cancer
GDS2771,4,5,GSM94137,train,no_cancer
GDS2771,4,5,GSM94138,train,no_cancer
GDS2771,4,5,GSM94139,train,no_cancer
GDS2771,4,5,GSM94140,train,no_cancer
GDS2771,4,5,GSM94141,train,no_cancer
GDS2771,4,5,GSM94142,train,no_cancer
GDS2771,4,5,GSM94143,train,no_cancer
GDS2771,4,5,GSM94144,train,no_cancer
GDS2771,4,5,GSM94145,train,no_cancer
GDS2771,4,5,GSM94146,train,no_cancer
GDS2771,4,5,GSM94147,train,no_cancer
GDS2771,4,5,GSM94148,train,no_cancer
GDS2771,4,5,GSM98786,train,no_cancer
GDS2771,4,5,GSM98787,train,no_cancer
GDS2771,4,5,GSM98788,train,no_cancer
GDS2771,4,5,GSM98789,train,no_cancer
GDS2771,4,5,GSM98790,train,no_cancer
GDS2771,4,5,GSM98791,train,no_cancer
GDS2771,4,5,GSM98792,train,no_cancer
GDS2771,4,5,GSM98793,train,no_cancer
GDS2771,4,5,GSM98794,train,no_cancer
GDS2771,4,5,GSM98795,train,no_cancer
GDS2771,4,5,GSM98796,train,no_cancer
GDS2771,4,5,GSM98797,train,no_cancer
GDS2771,4,5,GSM98798,train,no_cancer
GDS2771,4,5,GSM98799,train,no_cancer
GDS2771,4,5,GSM98800,train,no_cancer
GDS2771,4,5,GSM94019,train,cancer
GDS2771,4,5,GSM94020,train,cancer
GDS2771,4,5,GSM94021,train,cancer
GDS2771,4,5,GSM94022,train,cancer
GDS2771,4,5,GSM94023,train,cancer
GDS2771,4,5,GSM94024,train,cancer
GDS2771,4,5,GSM94025,train,cancer
GDS2771,4,5,GSM94026,train,cancer
GDS2771,4,5,GSM94027,train,cancer
GDS2771,4,5,GSM94028,train,cancer
GDS2771,4,5,GSM94029,train,cancer
GDS2771,4,5,GSM94030,train,cancer
GDS2771,4,5,GSM94031,train,cancer
GDS2771,4,5,GSM94034,train,cancer
GDS2771,4,5,GSM94035,train,cancer
GDS2771,4,5,GSM94036,train,cancer
GDS2771,4,5,GSM94037,train,cancer
GDS2771,4,5,GSM94038,train,cancer
GDS2771,4,5,GSM94039,train,cancer
GDS2771,4,5,GSM94041,train,cancer
GDS2771,4,5,GSM94042,train,cancer
GDS2771,4,5,GSM94043,train,cancer
GDS2771,4,5,GSM94044,train,cancer
GDS2771,4,5,GSM94045,train,cancer
GDS2771,4,5,GSM94046,train,cancer
GDS2771,4,5,GSM94047,train,cancer
GDS2771,4,5,GSM94049,train,cancer
GDS2771,4,5,GSM94050,train,cancer
GDS2771,4,5,GSM94051,train,cancer
GDS2771,4,5,GSM94052,train,cancer
GDS2771,4,5,GSM94054,train,cancer
GDS2771,4,5,GSM94055,train,cancer
GDS2771,4,5,GSM94056,train,cancer
GDS2771,4,5,GSM94057,train,cancer
GDS2771,4,5,GSM94058,train,cancer
GDS2771,4,5,GSM94059,train,cancer
GDS2771,4,5,GSM94060,train,cancer
GDS2771,4,5,GSM94061,train,cancer
GDS2771,4,5,GSM94062,train,cancer
GDS2771,4,5,GSM94063,train,cancer
GDS2771,4,5,GSM94065,train,cancer
GDS2771,4,5,GSM94066,train,cancer
GDS2771,4,5,GSM94067,train,cancer
GDS2771,4,5,GSM94068,train,cancer
GDS2771,4,5,GSM94069,train,cancer
GDS2771,4,5,GSM94070,train,cancer
GDS2771,4,5,GSM94071,train,cancer
GDS2771,4,5,GSM94072,train,cancer
GDS2771,4,5,GSM94073,train,cancer
GDS2771,4,5,GSM94074,train,cancer
GDS2771,4,5,GSM94075,train,cancer
GDS2771,4,5,GSM94155,train,cancer
GDS2771,4,5,GSM94156,train,cancer
GDS2771,4,5,GSM94157,train,cancer
GDS2771,4,5,GSM94161,train,cancer
GDS2771,4,5,GSM94162,train,cancer
GDS2771,4,5,GSM94163,train,cancer
GDS2771,4,5,GSM94164,train,cancer
GDS2771,4,5,GSM94166,train,cancer
GDS2771,4,5,GSM94167,train,cancer
GDS2771,4,5,GSM94168,train,cancer
GDS2771,4,5,GSM94169,train,cancer
GDS2771,4,5,GSM94170,train,cancer
GDS2771,4,5,GSM94171,train,cancer
GDS2771,4,5,GSM94172,train,cancer
GDS2771,4,5,GSM94173,train,cancer
GDS2771,4,5,GSM94174,train,cancer
GDS2771,4,5,GSM94175,train,cancer
GDS2771,4,5,GSM94176,train,cancer
GDS2771,4,5,GSM94177,train,cancer
GDS2771,4,5,GSM94178,train,cancer
GDS2771,4,5,GSM98767,train,cancer
GDS2771,4,5,GSM98768,train,cancer
GDS2771,4,5,GSM98769,train,cancer
GDS2771,4,5,GSM98770,train,cancer
GDS2771,4,5,GSM98771,train,cancer
GDS2771,4,5,GSM98773,train,cancer
GDS2771,4,5,GSM98774,train,cancer
GDS2771,4,5,GSM98775,train,cancer
GDS2771,4,5,GSM98776,train,cancer
GDS2771,4,5,GSM98777,train,cancer
GDS2771,4,5,GSM98778,train,cancer
GDS2771,4,5,GSM98779,train,cancer
GDS2771,4,5,GSM98780,train,cancer
GDS2771,4,5,GSM98781,train,cancer
GDS2771,4,5,GSM98782,train,cancer
GDS2771,4,5,GSM98783,train,cancer
GDS2771,4,5,GSM98784,train,cancer
GDS2771,4,5,GSM98871,train,cancer
GDS2771,4,5,GSM98872,train,cancer
GDS2771,4,5,GSM98874,train,cancer
GDS2771,4,5,GSM98875,train,cancer
GDS2771,4,5,GSM94080,test,no_cancer
GDS2771,4,5,GSM94089,test,no_cancer
GDS2771,4,5,GSM94097,test,no_cancer
GDS2771,4,5,GSM94107,test,no_cancer
GDS2771,4,5,GSM94112,test,no_cancer
GDS2771,4,5,GSM94128,test,no_cancer
GDS2771,4,5,GSM94131,test,no_cancer
GDS2771,4,5,GSM98785,test,no_cancer
GDS2771,4,5,GSM98801,test,no_cancer
GDS2771,4,5,GSM94032,test,cancer
GDS2771,4,5,GSM94033,test,cancer
GDS2771,4,5,GSM94040,test,cancer
GDS2771,4,5,GSM94048,test,cancer
GDS2771,4,5,GSM94053,test,cancer
GDS2771,4,5,GSM94064,test,cancer
GDS2771,4,5,GSM94160,test,cancer
GDS2771,4,5,GSM94165,test,cancer
GDS2771,4,5,GSM98772,test,cancer
GDS2771,4,5,GSM98873,test,cancer
GDS2771,4,6,GSM93997,train,no_cancer
GDS2771,4,6,GSM94077,train,no_cancer
GDS2771,4,6,GSM94078,train,no_cancer
GDS2771,4,6,GSM94079,train,no_cancer
GDS2771,4,6,GSM94080,train,no_cancer
GDS2771,4,6,GSM94081,train,no_cancer
GDS2771,4,6,GSM94083,train,no_cancer
GDS2771,4,6,GSM94084,train,no_cancer
GDS2771,4,6,GSM94085,train,no_cancer
GDS2771,4,6,GSM94086,train,no_cancer
GDS2771,4,6,GSM94088,train,no_cancer
GDS2771,4,6,GSM94089,train,no_cancer
GDS2771,4,6,GSM94090,train,no_cancer
GDS2771,4,6,GSM94091,train,no_cancer
GDS2771,4,6,GSM94093,train,no_cancer
GDS2771,4,6,GSM94094,train,no_cancer
GDS2771,4,6,GSM94095,train,no_cancer
GDS2771,4,6,GSM94096,train,no_cancer
GDS2771,4,6,GSM94097,train,no_cancer
GDS2771,4,6,GSM94098,train,no_cancer
GDS2771,4,6,GSM94099,train,no_cancer
GDS2771,4,6,GSM94100,train,no_cancer
GDS2771,4,6,GSM94101,train,no_cancer
GDS2771,4,6,GSM94102,train,no_cancer
GDS2771,4,6,GSM94104,train,no_cancer
GDS2771,4,6,GSM94105,train,no_cancer
GDS2771,4,6,GSM94106,train,no_cancer
GDS2771,4,6,GSM94107,train,no_cancer
GDS2771,4,6,GSM94109,train,no_cancer
GDS2771,4,6,GSM94110,train,no_cancer
GDS2771,4,6,GSM94111,train,no_cancer
GDS2771,4,6,GSM94112,train,no_cancer
GDS2771,4,6,GSM94113,train,no_cancer
GDS2771,4,6,GSM94114,train,no_cancer
GDS2771,4,6,GSM94115,train,no_cancer
GDS2771,4,6,GSM94116,train,no_cancer
GDS2771,4,6,GSM94117,train,no_cancer
GDS2771,4,6,GSM94118,train,no_cancer
GDS2771,4,6,GSM94119,train,no_cancer
GDS2771,4,6,GSM94120,train,no_cancer
GDS2771,4,6,GSM94121,train,no_cancer
GDS2771,4,6,GSM94122,train,no_cancer
GDS2771,4,6,GSM94123,train,no_cancer
GDS2771,4,6,GSM94124,train,no_cancer
GDS2771,4,6,GSM94125,train,no_cancer
GDS2771,4,6,GSM94126,train,no_cancer
GDS2771,4,6,GSM94127,train,no_cancer
GDS2771,4,6,GSM94128,train,no_cancer
GDS2771,4,6,GSM94129,train,no_cancer
GDS2771,4,6,GSM94130,train,no_cancer
GDS2771,4,6,GSM94131,train,no_cancer
GDS2771,4,6,GSM94132,train,no_cancer
GDS2771,4,6,GSM94133,train,no_cancer
GDS2771,4,6,GSM94134,train,no_cancer
GDS2771,4,6,GSM94135,train,no_cancer
GDS2771,4,6,GSM94136,train,no_cancer
GDS2771,4,6,GSM94137,train,no_cancer
GDS2771,4,6,GSM94138,train,no_cancer
GDS2771,4,6,GSM94139,train,no_cancer
GDS2771,4,6,GSM94140,train,no_cancer
GDS2771,4,6,GSM94141,train,no_cancer
GDS2771,4,6,GSM94143,train,no_cancer
GDS2771,4,6,GSM94144,train,no_cancer
GDS2771,4,6,GSM94145,train,no_cancer
GDS2771,4,6,GSM94146,train,no_cancer
GDS2771,4,6,GSM94147,train,no_cancer
GDS2771,4,6,GSM94148,train,no_cancer
GDS2771,4,6,GSM98785,train,no_cancer
GDS2771,4,6,GSM98786,train,no_cancer
GDS2771,4,6,GSM98787,train,no_cancer
GDS2771,4,6,GSM98788,train,no_cancer
GDS2771,4,6,GSM98789,train,no_cancer
GDS2771,4,6,GSM98790,train,no_cancer
GDS2771,4,6,GSM98791,train,no_cancer
GDS2771,4,6,GSM98792,train,no_cancer
GDS2771,4,6,GSM98793,train,no_cancer
GDS2771,4,6,GSM98794,train,no_cancer
GDS2771,4,6,GSM98797,train,no_cancer
GDS2771,4,6,GSM98799,train,no_cancer
GDS2771,4,6,GSM98800,train,no_cancer
GDS2771,4,6,GSM98801,train,no_cancer
GDS2771,4,6,GSM94020,train,cancer
GDS2771,4,6,GSM94021,train,cancer
GDS2771,4,6,GSM94022,train,cancer
GDS2771,4,6,GSM94023,train,cancer
GDS2771,4,6,GSM94024,train,cancer
GDS2771,4,6,GSM94025,train,cancer
GDS2771,4,6,GSM94026,train,cancer
GDS2771,4,6,GSM94028,train,cancer
GDS2771,4,6,GSM94030,train,cancer
GDS2771,4,6,GSM94032,train,cancer
GDS2771,4,6,GSM94033,train,cancer
GDS2771,4,6,GSM94034,train,cancer
GDS2771,4,6,GSM94035,train,cancer
GDS2771,4,6,GSM94036,train,cancer
GDS2771,4,6,GSM94037,train,cancer
GDS2771,4,6,GSM94038,train,cancer
GDS2771,4,6,GSM94039,train,cancer
GDS2771,4,6,GSM94040,train,cancer
GDS2771,4,6,GSM94041,train,cancer
GDS2771,4,6,GSM94043,train,cancer
GDS2771,4,6,GSM94044,train,cancer
GDS2771,4,6,GSM94045,train,cancer
GDS2771,4,6,GSM94046,train,cancer
GDS2771,4,6,GSM94047,train,cancer
GDS2771,4,6,GSM94048,train,cancer
GDS2771,4,6,GSM94049,train,cancer
GDS2771,4,6,GSM94050,train,cancer
GDS2771,4,6,GSM94051,train,cancer
GDS2771,4,6,GSM94052,train,cancer
GDS2771,4,6,GSM94053,train,cancer
GDS2771,4,6,GSM94054,train,cancer
GDS2771,4,6,GSM94055,train,cancer
GDS2771,4,6,GSM94056,train,cancer
GDS2771,4,6,GSM94057,train,cancer
GDS2771,4,6,GSM94058,train,cancer
GDS2771,4,6,GSM94059,train,cancer
GDS2771,4,6,GSM94060,train,cancer
GDS2771,4,6,GSM94061,train,cancer
GDS2771,4,6,GSM94062,train,cancer
GDS2771,4,6,GSM94063,train,cancer
GDS2771,4,6,GSM94064,train,cancer
GDS2771,4,6,GSM94065,train,cancer
GDS2771,4,6,GSM94066,train,cancer
GDS2771,4,6,GSM94067,train,cancer
GDS2771,4,6,GSM94068,train,cancer
GDS2771,4,6,GSM94070,train,cancer
GDS2771,4,6,GSM94071,train,cancer
GDS2771,4,6,GSM94072,train,cancer
GDS2771,4,6,GSM94073,train,cancer
GDS2771,4,6,GSM94074,train,cancer
GDS2771,4,6,GSM94075,train,cancer
GDS2771,4,6,GSM94155,train,cancer
GDS2771,4,6,GSM94156,train,cancer
GDS2771,4,6,GSM94157,train,cancer
GDS2771,4,6,GSM94160,train,cancer
GDS2771,4,6,GSM94161,train,cancer
GDS2771,4,6,GSM94162,train,cancer
GDS2771,4,6,GSM94163,train,cancer
GDS2771,4,6,GSM94165,train,cancer
GDS2771,4,6,GSM94166,train,cancer
GDS2771,4,6,GSM94167,train,cancer
GDS2771,4,6,GSM94168,train,cancer
GDS2771,4,6,GSM94169,train,cancer
GDS2771,4,6,GSM94170,train,cancer
GDS2771,4,6,GSM94171,train,cancer
GDS2771,4,6,GSM94172,train,cancer
GDS2771,4,6,GSM94173,train,cancer
GDS2771,4,6,GSM94174,train,cancer
GDS2771,4,6,GSM94175,train,cancer
GDS2771,4,6,GSM94176,train,cancer
GDS2771,4,6,GSM94177,train,cancer
GDS2771,4,6,GSM98767,train,cancer
GDS2771,4,6,GSM98768,train,cancer
GDS2771,4,6,GSM98769,train,cancer
GDS2771,4,6,GSM98771,train,cancer
GDS2771,4,6,GSM98772,train,cancer
GDS2771,4,6,GSM98773,train,cancer
GDS2771,4,6,GSM98774,train,cancer
GDS2771,4,6,GSM98775,train,cancer
GDS2771,4,6,GSM98776,train,cancer
GDS2771,4,6,GSM98777,train,cancer
GDS2771,4,6,GSM98778,train,cancer
GDS2771,4,6,GSM98779,train,cancer
GDS2771,4,6,GSM98780,train,cancer
GDS2771,4,6,GSM98781,train,cancer
GDS2771,4,6,GSM98783,train,cancer
GDS2771,4,6,GSM98784,train,cancer
GDS2771,4,6,GSM98871,train,cancer
GDS2771,4,6,GSM98872,train,cancer
GDS2771,4,6,GSM98873,train,cancer
GDS2771,4,6,GSM98874,train,cancer
GDS2771,4,6,GSM98875,train,cancer
GDS2771,4,6,GSM94082,test,no_cancer
GDS2771,4,6,GSM94087,test,no_cancer
GDS2771,4,6,GSM94092,test,no_cancer
GDS2771,4,6,GSM94103,test,no_cancer
GDS2771,4,6,GSM94108,test,no_cancer
GDS2771,4,6,GSM94142,test,no_cancer
GDS2771,4,6,GSM98795,test,no_cancer
GDS2771,4,6,GSM98796,test,no_cancer
GDS2771,4,6,GSM98798,test,no_cancer
GDS2771,4,6,GSM94019,test,cancer
GDS2771,4,6,GSM94027,test,cancer
GDS2771,4,6,GSM94029,test,cancer
GDS2771,4,6,GSM94031,test,cancer
GDS2771,4,6,GSM94042,test,cancer
GDS2771,4,6,GSM94069,test,cancer
GDS2771,4,6,GSM94164,test,cancer
GDS2771,4,6,GSM94178,test,cancer
GDS2771,4,6,GSM98770,test,cancer
GDS2771,4,6,GSM98782,test,cancer
GDS2771,4,7,GSM93997,train,no_cancer
GDS2771,4,7,GSM94078,train,no_cancer
GDS2771,4,7,GSM94079,train,no_cancer
GDS2771,4,7,GSM94080,train,no_cancer
GDS2771,4,7,GSM94081,train,no_cancer
GDS2771,4,7,GSM94082,train,no_cancer
GDS2771,4,7,GSM94083,train,no_cancer
GDS2771,4,7,GSM94084,train,no_cancer
GDS2771,4,7,GSM94086,train,no_cancer
GDS2771,4,7,GSM94087,train,no_cancer
GDS2771,4,7,GSM94088,train,no_cancer
GDS2771,4,7,GSM94089,train,no_cancer
GDS2771,4,7,GSM94090,train,no_cancer
GDS2771,4,7,GSM94092,train,no_cancer
GDS2771,4,7,GSM94093,train,no_cancer
GDS2771,4,7,GSM94094,train,no_cancer
GDS2771,4,7,GSM94095,train,no_cancer
GDS2771,4,7,GSM94096,train,no_cancer
GDS2771,4,7,GSM94097,train,no_cancer
GDS2771,4,7,GSM94098,train,no_cancer
GDS2771,4,7,GSM94099,train,no_cancer
GDS2771,4,7,GSM94101,train,no_cancer
GDS2771,4,7,GSM94103,train,no_cancer
GDS2771,4,7,GSM94104,train,no_cancer
GDS2771,4,7,GSM94105,train,no_cancer
GDS2771,4,7,GSM94107,train,no_cancer
GDS2771,4,7,GSM94108,train,no_cancer
GDS2771,4,7,GSM94109,train,no_cancer
GDS2771,4,7,GSM94110,train,no_cancer
GDS2771,4,7,GSM94111,train,no_cancer
GDS2771,4,7,GSM94112,train,no_cancer
GDS2771,4,7,GSM94113,train,no_cancer
GDS2771,4,7,GSM94114,train,no_cancer
GDS2771,4,7,GSM94115,train,no_cancer
GDS2771,4,7,GSM94116,train,no_cancer
GDS2771,4,7,GSM94117,train,no_cancer
GDS2771,4,7,GSM94118,train,no_cancer
GDS2771,4,7,GSM94119,train,no_cancer
GDS2771,4,7,GSM94120,train,no_cancer
GDS2771,4,7,GSM94121,train,no_cancer
GDS2771,4,7,GSM94122,train,no_cancer
GDS2771,4,7,GSM94123,train,no_cancer
GDS2771,4,7,GSM94124,train,no_cancer
GDS2771,4,7,GSM94125,train,no_cancer
GDS2771,4,7,GSM94126,train,no_cancer
GDS2771,4,7,GSM94127,train,no_cancer
GDS2771,4,7,GSM94128,train,no_cancer
GDS2771,4,7,GSM94129,train,no_cancer
GDS2771,4,7,GSM94130,train,no_cancer
GDS2771,4,7,GSM94131,train,no_cancer
GDS2771,4,7,GSM94132,train,no_cancer
GDS2771,4,7,GSM94133,train,no_cancer
GDS2771,4,7,GSM94134,train,no_cancer
GDS2771,4,7,GSM94135,train,no_cancer
GDS2771,4,7,GSM94136,train,no_cancer
GDS2771,4,7,GSM94137,train,no_cancer
GDS2771,4,7,GSM94138,train,no_cancer
GDS2771,4,7,GSM94139,train,no_cancer
GDS2771,4,7,GSM94140,train,no_cancer
GDS2771,4,7,GSM94141,train,no_cancer
GDS2771,4,7,GSM94142,train,no_cancer
GDS2771,4,7,GSM94143,train,no_cancer
GDS2771,4,7,GSM94144,train,no_cancer
GDS2771,4,7,GSM94145,train,no_cancer
GDS2771,4,7,GSM94146,train,no_cancer
GDS2771,4,7,GSM94147,train,no_cancer
GDS2771,4,7,GSM98785,train,no_cancer
GDS2771,4,7,GSM98786,train,no_cancer
GDS2771,4,7,GSM98787,train,no_cancer
GDS2771,4,7,GSM98789,train,no_cancer
GDS2771,4,7,GSM98790,train,no_cancer
GDS2771,4,7,GSM98791,train,no_cancer
GDS2771,4,7,GSM98792,train,no_cancer
GDS2771,4,7,GSM98793,train,no_cancer
GDS2771,4,7,GSM98795,train,no_cancer
GDS2771,4,7,GSM98796,train,no_cancer
GDS2771,4,7,GSM98797,train,no_cancer
GDS2771,4,7,GSM98798,train,no_cancer
GDS2771,4,7,GSM98799,train,no_cancer
GDS2771,4,7,GSM98800,train,no_cancer
GDS2771,4,7,GSM98801,train,no_cancer
GDS2771,4,7,GSM94019,train,cancer
GDS2771,4,7,GSM94021,train,cancer
GDS2771,4,7,GSM94022,train,cancer
GDS2771,4,7,GSM94023,train,cancer
GDS2771,4,7,GSM94024,train,cancer
GDS2771,4,7,GSM94025,train,cancer
GDS2771,4,7,GSM94026,train,cancer
GDS2771,4,7,GSM94027,train,cancer
GDS2771,4,7,GSM94028,train,cancer
GDS2771,4,7,GSM94029,train,cancer
GDS2771,4,7,GSM94030,train,cancer
GDS2771,4,7,GSM94031,train,cancer
GDS2771,4,7,GSM94032,train,cancer
GDS2771,4,7,GSM94033,train,cancer
GDS2771,4,7,GSM94034,train,cancer
GDS2771,4,7,GSM94035,train,cancer
GDS2771,4,7,GSM94036,train,cancer
GDS2771,4,7,GSM94037,train,cancer
GDS2771,4,7,GSM94038,train,cancer
GDS2771,4,7,GSM94039,train,cancer
GDS2771,4,7,GSM94040,train,cancer
GDS2771,4,7,GSM94042,train,cancer
GDS2771,4,7,GSM94043,train,cancer
GDS2771,4,7,GSM94044,train,cancer
GDS2771,4,7,GSM94045,train,cancer
GDS2771,4,7,GSM94046,train,cancer
GDS2771,4,7,GSM94047,train,cancer
GDS2771,4,7,GSM94048,train,cancer
GDS2771,4,7,GSM94050,train,cancer
GDS2771,4,7,GSM94051,train,cancer
GDS2771,4,7,GSM94052,train,cancer
GDS2771,4,7,GSM94053,train,cancer
GDS2771,4,7,GSM94055,train,cancer
GDS2771,4,7,GSM94056,train,cancer
GDS2771,4,7,GSM94057,train,cancer
GDS2771,4,7,GSM94058,train,cancer
GDS2771,4,7,GSM94059,train,cancer
GDS2771,4,7,GSM94060,train,cancer
GDS2771,4,7,GSM94061,train,cancer
GDS2771,4,7,GSM94062,train,cancer
GDS2771,4,7,GSM94063,train,cancer
GDS2771,4,7,GSM94064,train,cancer
GDS2771,4,7,GSM94065,train,cancer
GDS2771,4,7,GSM94066,train,cancer
GDS2771,4,7,GSM94067,train,cancer
GDS2771,4,7,GSM94068,train,cancer
GDS2771,4,7,GSM94069,train,cancer
GDS2771,4,7,GSM94070,train,cancer
GDS2771,4,7,GSM94071,train,cancer
GDS2771,4,7,GSM94073,train,cancer
GDS2771,4,7,GSM94074,train,cancer
GDS2771,4,7,GSM94155,train,cancer
GDS2771,4,7,GSM94156,train,cancer
GDS2771,4,7,GSM94160,train,cancer
GDS2771,4,7,GSM94162,train,cancer
GDS2771,4,7,GSM94163,train,cancer
GDS2771,4,7,GSM94164,train,cancer
GDS2771,4,7,GSM94165,train,cancer
GDS2771,4,7,GSM94166,train,cancer
GDS2771,4,7,GSM94167,train,cancer
GDS2771,4,7,GSM94168,train,cancer
GDS2771,4,7,GSM94169,train,cancer
GDS2771,4,7,GSM94170,train,cancer
GDS2771,4,7,GSM94171,train,cancer
GDS2771,4,7,GSM94172,train,cancer
GDS2771,4,7,GSM94173,train,cancer
GDS2771,4,7,GSM94174,train,cancer
GDS2771,4,7,GSM94175,train,cancer
GDS2771,4,7,GSM94176,train,cancer
GDS2771,4,7,GSM94177,train,cancer
GDS2771,4,7,GSM94178,train,cancer
GDS2771,4,7,GSM98767,train,cancer
GDS2771,4,7,GSM98768,train,cancer
GDS2771,4,7,GSM98769,train,cancer
GDS2771,4,7,GSM98770,train,cancer
GDS2771,4,7,GSM98771,train,cancer
GDS2771,4,7,GSM98772,train,cancer
GDS2771,4,7,GSM98774,train,cancer
GDS2771,4,7,GSM98775,train,cancer
GDS2771,4,7,GSM98777,train,cancer
GDS2771,4,7,GSM98778,train,cancer
GDS2771,4,7,GSM98779,train,cancer
GDS2771,4,7,GSM98780,train,cancer
GDS2771,4,7,GSM98781,train,cancer
GDS2771,4,7,GSM98782,train,cancer
GDS2771,4,7,GSM98783,train,cancer
GDS2771,4,7,GSM98784,train,cancer
GDS2771,4,7,GSM98871,train,cancer
GDS2771,4,7,GSM98872,train,cancer
GDS2771,4,7,GSM98873,train,cancer
GDS2771,4,7,GSM98874,train,cancer
GDS2771,4,7,GSM98875,train,cancer
GDS2771,4,7,GSM94077,test,no_cancer
GDS2771,4,7,GSM94085,test,no_cancer
GDS2771,4,7,GSM94091,test,no_cancer
GDS2771,4,7,GSM94100,test,no_cancer
GDS2771,4,7,GSM94102,test,no_cancer
GDS2771,4,7,GSM94106,test,no_cancer
GDS2771,4,7,GSM94148,test,no_cancer
GDS2771,4,7,GSM98788,test,no_cancer
GDS2771,4,7,GSM98794,test,no_cancer
GDS2771,4,7,GSM94020,test,cancer
GDS2771,4,7,GSM94041,test,cancer
GDS2771,4,7,GSM94049,test,cancer
GDS2771,4,7,GSM94054,test,cancer
GDS2771,4,7,GSM94072,test,cancer
GDS2771,4,7,GSM94075,test,cancer
GDS2771,4,7,GSM94157,test,cancer
GDS2771,4,7,GSM94161,test,cancer
GDS2771,4,7,GSM98773,test,cancer
GDS2771,4,7,GSM98776,test,cancer
GDS2771,4,8,GSM93997,train,no_cancer
GDS2771,4,8,GSM94077,train,no_cancer
GDS2771,4,8,GSM94078,train,no_cancer
GDS2771,4,8,GSM94079,train,no_cancer
GDS2771,4,8,GSM94080,train,no_cancer
GDS2771,4,8,GSM94082,train,no_cancer
GDS2771,4,8,GSM94083,train,no_cancer
GDS2771,4,8,GSM94084,train,no_cancer
GDS2771,4,8,GSM94085,train,no_cancer
GDS2771,4,8,GSM94086,train,no_cancer
GDS2771,4,8,GSM94087,train,no_cancer
GDS2771,4,8,GSM94088,train,no_cancer
GDS2771,4,8,GSM94089,train,no_cancer
GDS2771,4,8,GSM94090,train,no_cancer
GDS2771,4,8,GSM94091,train,no_cancer
GDS2771,4,8,GSM94092,train,no_cancer
GDS2771,4,8,GSM94093,train,no_cancer
GDS2771,4,8,GSM94094,train,no_cancer
GDS2771,4,8,GSM94095,train,no_cancer
GDS2771,4,8,GSM94096,train,no_cancer
GDS2771,4,8,GSM94097,train,no_cancer
GDS2771,4,8,GSM94098,train,no_cancer
GDS2771,4,8,GSM94099,train,no_cancer
GDS2771,4,8,GSM94100,train,no_cancer
GDS2771,4,8,GSM94101,train,no_cancer
GDS2771,4,8,GSM94102,train,no_cancer
GDS2771,4,8,GSM94103,train,no_cancer
GDS2771,4,8,GSM94104,train,no_cancer
GDS2771,4,8,GSM94105,train,no_cancer
GDS2771,4,8,GSM94106,train,no_cancer
GDS2771,4,8,GSM94107,train,no_cancer
GDS2771,4,8,GSM94108,train,no_cancer
GDS2771,4,8,GSM94109,train,no_cancer
GDS2771,4,8,GSM94110,train,no_cancer
GDS2771,4,8,GSM94111,train,no_cancer
GDS2771,4,8,GSM94112,train,no_cancer
GDS2771,4,8,GSM94113,train,no_cancer
GDS2771,4,8,GSM94114,train,no_cancer
GDS2771,4,8,GSM94115,train,no_cancer
GDS2771,4,8,GSM94116,train,no_cancer
GDS2771,4,8,GSM94117,train,no_cancer
GDS2771,4,8,GSM94120,train,no_cancer
GDS2771,4,8,GSM94121,train,no_cancer
GDS2771,4,8,GSM94122,train,no_cancer
GDS2771,4,8,GSM94125,train,no_cancer
GDS2771,4,8,GSM94126,train,no_cancer
GDS2771,4,8,GSM94128,train,no_cancer
GDS2771,4,8,GSM94129,train,no_cancer
GDS2771,4,8,GSM94130,train,no_cancer
GDS2771,4,8,GSM94131,train,no_cancer
GDS2771,4,8,GSM94132,train,no_cancer
GDS2771,4,8,GSM94133,train,no_cancer
GDS2771,4,8,GSM94134,train,no_cancer
GDS2771,4,8,GSM94135,train,no_cancer
GDS2771,4,8,GSM94136,train,no_cancer
GDS2771,4,8,GSM94137,train,no_cancer
GDS2771,4,8,GSM94138,train,no_cancer
GDS2771,4,8,GSM94140,train,no_cancer
GDS2771,4,8,GSM94141,train,no_cancer
GDS2771,4,8,GSM94142,train,no_cancer
GDS2771,4,8,GSM94143,train,no_cancer
GDS2771,4,8,GSM94145,train,no_cancer
GDS2771,4,8,GSM94146,train,no_cancer
GDS2771,4,8,GSM94147,train,no_cancer
GDS2771,4,8,GSM94148,train,no_cancer
GDS2771,4,8,GSM98785,train,no_cancer
GDS2771,4,8,GSM98786,train,no_cancer
GDS2771,4,8,GSM98787,train,no_cancer
GDS2771,4,8,GSM98788,train,no_cancer
GDS2771,4,8,GSM98789,train,no_cancer
GDS2771,4,8,GSM98790,train,no_cancer
GDS2771,4,8,GSM98791,train,no_cancer
GDS2771,4,8,GSM98792,train,no_cancer
GDS2771,4,8,GSM98794,train,no_cancer
GDS2771,4,8,GSM98795,train,no_cancer
GDS2771,4,8,GSM98796,train,no_cancer
GDS2771,4,8,GSM98797,train,no_cancer
GDS2771,4,8,GSM98798,train,no_cancer
GDS2771,4,8,GSM98799,train,no_cancer
GDS2771,4,8,GSM98800,train,no_cancer
GDS2771,4,8,GSM98801,train,no_cancer
GDS2771,4,8,GSM94019,train,cancer
GDS2771,4,8,GSM94020,train,cancer
GDS2771,4,8,GSM94021,train,cancer
GDS2771,4,8,GSM94022,train,cancer
GDS2771,4,8,GSM94023,train,cancer
GDS2771,4,8,GSM94024,train,cancer
GDS2771,4,8,GSM94026,train,cancer
GDS2771,4,8,GSM94027,train,cancer
GDS2771,4,8,GSM94028,train,cancer
GDS2771,4,8,GSM94029,train,cancer
GDS2771,4,8,GSM94030,train,cancer
GDS2771,4,8,GSM94031,train,cancer
GDS2771,4,8,GSM94032,train,cancer
GDS2771,4,8,GSM94033,train,cancer
GDS2771,4,8,GSM94034,train,cancer
GDS2771,4,8,GSM94036,train,cancer
GDS2771,4,8,GSM94038,train,cancer
GDS2771,4,8,GSM94039,train,cancer
GDS2771,4,8,GSM94040,train,cancer
GDS2771,4,8,GSM94041,train,cancer
GDS2771,4,8,GSM94042,train,cancer
GDS2771,4,8,GSM94044,train,cancer
GDS2771,4,8,GSM94045,train,cancer
GDS2771,4,8,GSM94047,train,cancer
GDS2771,4,8,GSM94048,train,cancer
GDS2771,4,8,GSM94049,train,cancer
GDS2771,4,8,GSM94050,train,cancer
GDS2771,4,8,GSM94051,train,cancer
GDS2771,4,8,GSM94052,train,cancer
GDS2771,4,8,GSM94053,train,cancer
GDS2771,4,8,GSM94054,train,cancer
GDS2771,4,8,GSM94055,train,cancer
GDS2771,4,8,GSM94056,train,cancer
GDS2771,4,8,GSM94058,train,cancer
GDS2771,4,8,GSM94059,train,cancer
GDS2771,4,8,GSM94061,train,cancer
GDS2771,4,8,GSM94062,train,cancer
GDS2771,4,8,GSM94063,train,cancer
GDS2771,4,8,GSM94064,train,cancer
GDS2771,4,8,GSM94065,train,cancer
GDS2771,4,8,GSM94066,train,cancer
GDS2771,4,8,GSM94069,train,cancer
GDS2771,4,8,GSM94070,train,cancer
GDS2771,4,8,GSM94071,train,cancer
GDS2771,4,8,GSM94072,train,cancer
GDS2771,4,8,GSM94073,train,cancer
GDS2771,4,8,GSM94074,train,cancer
GDS2771,4,8,GSM94075,train,cancer
GDS2771,4,8,GSM94155,train,cancer
GDS2771,4,8,GSM94156,train,cancer
GDS2771,4,8,GSM94157,train,cancer
GDS2771,4,8,GSM94160,train,cancer
GDS2771,4,8,GSM94161,train,cancer
GDS2771,4,8,GSM94162,train,cancer
GDS2771,4,8,GSM94163,train,cancer
GDS2771,4,8,GSM94164,train,cancer
GDS2771,4,8,GSM94165,train,cancer
GDS2771,4,8,GSM94166,train,cancer
GDS2771,4,8,GSM94167,train,cancer
GDS2771,4,8,GSM94168,train,cancer
GDS2771,4,8,GSM94169,train,cancer
GDS2771,4,8,GSM94170,train,cancer
GDS2771,4,8,GSM94171,train,cancer
GDS2771,4,8,GSM94172,train,cancer
GDS2771,4,8,GSM94173,train,cancer
GDS2771,4,8,GSM94174,train,cancer
GDS2771,4,8,GSM94175,train,cancer
GDS2771,4,8,GSM94176,train,cancer
GDS2771,4,8,GSM94177,train,cancer
GDS2771,4,8,GSM94178,train,cancer
GDS2771,4,8,GSM98767,train,cancer
GDS2771,4,8,GSM98768,train,cancer
GDS2771,4,8,GSM98770,train,cancer
GDS2771,4,8,GSM98771,train,cancer
GDS2771,4,8,GSM98772,train,cancer
GDS2771,4,8,GSM98773,train,cancer
GDS2771,4,8,GSM98774,train,cancer
GDS2771,4,8,GSM98775,train,cancer
GDS2771,4,8,GSM98776,train,cancer
GDS2771,4,8,GSM98777,train,cancer
GDS2771,4,8,GSM98778,train,cancer
GDS2771,4,8,GSM98779,train,cancer
GDS2771,4,8,GSM98780,train,cancer
GDS2771,4,8,GSM98781,train,cancer
GDS2771,4,8,GSM98782,train,cancer
GDS2771,4,8,GSM98783,train,cancer
GDS2771,4,8,GSM98784,train,cancer
GDS2771,4,8,GSM98871,train,cancer
GDS2771,4,8,GSM98872,train,cancer
GDS2771,4,8,GSM98873,train,cancer
GDS2771,4,8,GSM98874,train,cancer
GDS2771,4,8,GSM98875,train,cancer
GDS2771,4,8,GSM94081,test,no_cancer
GDS2771,4,8,GSM94118,test,no_cancer
GDS2771,4,8,GSM94119,test,no_cancer
GDS2771,4,8,GSM94123,test,no_cancer
GDS2771,4,8,GSM94124,test,no_cancer
GDS2771,4,8,GSM94127,test,no_cancer
GDS2771,4,8,GSM94139,test,no_cancer
GDS2771,4,8,GSM94144,test,no_cancer
GDS2771,4,8,GSM98793,test,no_cancer
GDS2771,4,8,GSM94025,test,cancer
GDS2771,4,8,GSM94035,test,cancer
GDS2771,4,8,GSM94037,test,cancer
GDS2771,4,8,GSM94043,test,cancer
GDS2771,4,8,GSM94046,test,cancer
GDS2771,4,8,GSM94057,test,cancer
GDS2771,4,8,GSM94060,test,cancer
GDS2771,4,8,GSM94067,test,cancer
GDS2771,4,8,GSM94068,test,cancer
GDS2771,4,8,GSM98769,test,cancer
GDS2771,4,9,GSM93997,train,no_cancer
GDS2771,4,9,GSM94077,train,no_cancer
GDS2771,4,9,GSM94078,train,no_cancer
GDS2771,4,9,GSM94080,train,no_cancer
GDS2771,4,9,GSM94081,train,no_cancer
GDS2771,4,9,GSM94082,train,no_cancer
GDS2771,4,9,GSM94083,train,no_cancer
GDS2771,4,9,GSM94084,train,no_cancer
GDS2771,4,9,GSM94085,train,no_cancer
GDS2771,4,9,GSM94086,train,no_cancer
GDS2771,4,9,GSM94087,train,no_cancer
GDS2771,4,9,GSM94088,train,no_cancer
GDS2771,4,9,GSM94089,train,no_cancer
GDS2771,4,9,GSM94091,train,no_cancer
GDS2771,4,9,GSM94092,train,no_cancer
GDS2771,4,9,GSM94093,train,no_cancer
GDS2771,4,9,GSM94094,train,no_cancer
GDS2771,4,9,GSM94096,train,no_cancer
GDS2771,4,9,GSM94097,train,no_cancer
GDS2771,4,9,GSM94098,train,no_cancer
GDS2771,4,9,GSM94099,train,no_cancer
GDS2771,4,9,GSM94100,train,no_cancer
GDS2771,4,9,GSM94102,train,no_cancer
GDS2771,4,9,GSM94103,train,no_cancer
GDS2771,4,9,GSM94105,train,no_cancer
GDS2771,4,9,GSM94106,train,no_cancer
GDS2771,4,9,GSM94107,train,no_cancer
GDS2771,4,9,GSM94108,train,no_cancer
GDS2771,4,9,GSM94109,train,no_cancer
GDS2771,4,9,GSM94110,train,no_cancer
GDS2771,4,9,GSM94111,train,no_cancer
GDS2771,4,9,GSM94112,train,no_cancer
GDS2771,4,9,GSM94113,train,no_cancer
GDS2771,4,9,GSM94114,train,no_cancer
GDS2771,4,9,GSM94115,train,no_cancer
GDS2771,4,9,GSM94116,train,no_cancer
GDS2771,4,9,GSM94117,train,no_cancer
GDS2771,4,9,GSM94118,train,no_cancer
GDS2771,4,9,GSM94119,train,no_cancer
GDS2771,4,9,GSM94120,train,no_cancer
GDS2771,4,9,GSM94121,train,no_cancer
GDS2771,4,9,GSM94122,train,no_cancer
GDS2771,4,9,GSM94123,train,no_cancer
GDS2771,4,9,GSM94124,train,no_cancer
GDS2771,4,9,GSM94125,train,no_cancer
GDS2771,4,9,GSM94126,train,no_cancer
GDS2771,4,9,GSM94127,train,no_cancer
GDS2771,4,9,GSM94128,train,no_cancer
GDS2771,4,9,GSM94129,train,no_cancer
GDS2771,4,9,GSM94131,train,no_cancer
GDS2771,4,9,GSM94132,train,no_cancer
GDS2771,4,9,GSM94133,train,no_cancer
GDS2771,4,9,GSM94134,train,no_cancer
GDS2771,4,9,GSM94135,train,no_cancer
GDS2771,4,9,GSM94136,train,no_cancer
GDS2771,4,9,GSM94138,train,no_cancer
GDS2771,4,9,GSM94139,train,no_cancer
GDS2771,4,9,GSM94140,train,no_cancer
GDS2771,4,9,GSM94141,train,no_cancer
GDS2771,4,9,GSM94142,train,no_cancer
GDS2771,4,9,GSM94143,train,no_cancer
GDS2771,4,9,GSM94144,train,no_cancer
GDS2771,4,9,GSM94145,train,no_cancer
GDS2771,4,9,GSM94146,train,no_cancer
GDS2771,4,9,GSM94147,train,no_cancer
GDS2771,4,9,GSM94148,train,no_cancer
GDS2771,4,9,GSM98785,train,no_cancer
GDS2771,4,9,GSM98787,train,no_cancer
GDS2771,4,9,GSM98788,train,no_cancer
GDS2771,4,9,GSM98790,train,no_cancer
GDS2771,4,9,GSM98791,train,no_cancer
GDS2771,4,9,GSM98792,train,no_cancer
GDS2771,4,9,GSM98793,train,no_cancer
GDS2771,4,9,GSM98794,train,no_cancer
GDS2771,4,9,GSM98795,train,no_cancer
GDS2771,4,9,GSM98796,train,no_cancer
GDS2771,4,9,GSM98797,train,no_cancer
GDS2771,4,9,GSM98798,train,no_cancer
GDS2771,4,9,GSM98799,train,no_cancer
GDS2771,4,9,GSM98800,train,no_cancer
GDS2771,4,9,GSM98801,train,no_cancer
GDS2771,4,9,GSM94019,train,cancer
GDS2771,4,9,GSM94020,train,cancer
GDS2771,4,9,GSM94021,train,cancer
GDS2771,4,9,GSM94024,train,cancer
GDS2771,4,9,GSM94025,train,cancer
GDS2771,4,9,GSM94026,train,cancer
GDS2771,4,9,GSM94027,train,cancer
GDS2771,4,9,GSM94028,train,cancer
GDS2771,4,9,GSM94029,train,cancer
GDS2771,4,9,GSM94030,train,cancer
GDS2771,4,9,GSM94031,train,cancer
GDS2771,4,9,GSM94032,train,cancer
GDS2771,4,9,GSM94033,train,cancer
GDS2771,4,9,GSM94034,train,cancer
GDS2771,4,9,GSM94035,train,cancer
GDS2771,4,9,GSM94037,train,cancer
GDS2771,4,9,GSM94039,train,cancer
GDS2771,4,9,GSM94040,train,cancer
GDS2771,4,9,GSM94041,train,cancer
GDS2771,4,9,GSM94042,train,cancer
GDS2771,4,9,GSM94043,train,cancer
GDS2771,4,9,GSM94044,train,cancer
GDS2771,4,9,GSM94045,train,cancer
GDS2771,4,9,GSM94046,train,cancer
GDS2771,4,9,GSM94048,train,cancer
GDS2771,4,9,GSM94049,train,cancer
GDS2771,4,9,GSM94050,train,cancer
GDS2771,4,9,GSM94051,train,cancer
GDS2771,4,9,GSM94052,train,cancer
GDS2771,4,9,GSM94053,train,cancer
GDS2771,4,9,GSM94054,train,cancer
GDS2771,4,9,GSM94055,train,cancer
GDS2771,4,9,GSM94056,train,cancer
GDS2771,4,9,GSM94057,train,cancer
GDS2771,4,9,GSM94058,train,cancer
GDS2771,4,9,GSM94059,train,cancer
GDS2771,4,9,GSM94060,train,cancer
GDS2771,4,9,GSM94061,train,cancer
GDS2771,4,9,GSM94062,train,cancer
GDS2771,4,9,GSM94063,train,cancer
GDS2771,4,9,GSM94064,train,cancer
GDS2771,4,9,GSM94065,train,cancer
GDS2771,4,9,GSM94066,train,cancer
GDS2771,4,9,GSM94067,train,cancer
GDS2771,4,9,GSM94068,train,cancer
GDS2771,4,9,GSM94069,train,cancer
GDS2771,4,9,GSM94070,train,cancer
GDS2771,4,9,GSM94071,train,cancer
GDS2771,4,9,GSM94072,train,cancer
GDS2771,4,9,GSM94073,train,cancer
GDS2771,4,9,GSM94074,train,cancer
GDS2771,4,9,GSM94075,train,cancer
GDS2771,4,9,GSM94155,train,cancer
GDS2771,4,9,GSM94156,train,cancer
GDS2771,4,9,GSM94157,train,cancer
GDS2771,4,9,GSM94160,train,cancer
GDS2771,4,9,GSM94161,train,cancer
GDS2771,4,9,GSM94163,train,cancer
GDS2771,4,9,GSM94164,train,cancer
GDS2771,4,9,GSM94165,train,cancer
GDS2771,4,9,GSM94166,train,cancer
GDS2771,4,9,GSM94167,train,cancer
GDS2771,4,9,GSM94168,train,cancer
GDS2771,4,9,GSM94170,train,cancer
GDS2771,4,9,GSM94171,train,cancer
GDS2771,4,9,GSM94172,train,cancer
GDS2771,4,9,GSM94174,train,cancer
GDS2771,4,9,GSM94175,train,cancer
GDS2771,4,9,GSM94176,train,cancer
GDS2771,4,9,GSM94177,train,cancer
GDS2771,4,9,GSM94178,train,cancer
GDS2771,4,9,GSM98767,train,cancer
GDS2771,4,9,GSM98768,train,cancer
GDS2771,4,9,GSM98769,train,cancer
GDS2771,4,9,GSM98770,train,cancer
GDS2771,4,9,GSM98771,train,cancer
GDS2771,4,9,GSM98772,train,cancer
GDS2771,4,9,GSM98773,train,cancer
GDS2771,4,9,GSM98776,train,cancer
GDS2771,4,9,GSM98777,train,cancer
GDS2771,4,9,GSM98778,train,cancer
GDS2771,4,9,GSM98779,train,cancer
GDS2771,4,9,GSM98780,train,cancer
GDS2771,4,9,GSM98781,train,cancer
GDS2771,4,9,GSM98782,train,cancer
GDS2771,4,9,GSM98783,train,cancer
GDS2771,4,9,GSM98784,train,cancer
GDS2771,4,9,GSM98871,train,cancer
GDS2771,4,9,GSM98872,train,cancer
GDS2771,4,9,GSM98873,train,cancer
GDS2771,4,9,GSM98874,train,cancer
GDS2771,4,9,GSM98875,train,cancer
GDS2771,4,9,GSM94079,test,no_cancer
GDS2771,4,9,GSM94090,test,no_cancer
GDS2771,4,9,GSM94095,test,no_cancer
GDS2771,4,9,GSM94101,test,no_cancer
GDS2771,4,9,GSM94104,test,no_cancer
GDS2771,4,9,GSM94130,test,no_cancer
GDS2771,4,9,GSM94137,test,no_cancer
GDS2771,4,9,GSM98786,test,no_cancer
GDS2771,4,9,GSM98789,test,no_cancer
GDS2771,4,9,GSM94022,test,cancer
GDS2771,4,9,GSM94023,test,cancer
GDS2771,4,9,GSM94036,test,cancer
GDS2771,4,9,GSM94038,test,cancer
GDS2771,4,9,GSM94047,test,cancer
GDS2771,4,9,GSM94162,test,cancer
GDS2771,4,9,GSM94169,test,cancer
GDS2771,4,9,GSM94173,test,cancer
GDS2771,4,9,GSM98774,test,cancer
GDS2771,4,9,GSM98775,test,cancer
GDS2771,4,10,GSM93997,train,no_cancer
GDS2771,4,10,GSM94077,train,no_cancer
GDS2771,4,10,GSM94079,train,no_cancer
GDS2771,4,10,GSM94080,train,no_cancer
GDS2771,4,10,GSM94081,train,no_cancer
GDS2771,4,10,GSM94082,train,no_cancer
GDS2771,4,10,GSM94083,train,no_cancer
GDS2771,4,10,GSM94084,train,no_cancer
GDS2771,4,10,GSM94085,train,no_cancer
GDS2771,4,10,GSM94086,train,no_cancer
GDS2771,4,10,GSM94087,train,no_cancer
GDS2771,4,10,GSM94089,train,no_cancer
GDS2771,4,10,GSM94090,train,no_cancer
GDS2771,4,10,GSM94091,train,no_cancer
GDS2771,4,10,GSM94092,train,no_cancer
GDS2771,4,10,GSM94093,train,no_cancer
GDS2771,4,10,GSM94095,train,no_cancer
GDS2771,4,10,GSM94096,train,no_cancer
GDS2771,4,10,GSM94097,train,no_cancer
GDS2771,4,10,GSM94098,train,no_cancer
GDS2771,4,10,GSM94099,train,no_cancer
GDS2771,4,10,GSM94100,train,no_cancer
GDS2771,4,10,GSM94101,train,no_cancer
GDS2771,4,10,GSM94102,train,no_cancer
GDS2771,4,10,GSM94103,train,no_cancer
GDS2771,4,10,GSM94104,train,no_cancer
GDS2771,4,10,GSM94105,train,no_cancer
GDS2771,4,10,GSM94106,train,no_cancer
GDS2771,4,10,GSM94107,train,no_cancer
GDS2771,4,10,GSM94108,train,no_cancer
GDS2771,4,10,GSM94109,train,no_cancer
GDS2771,4,10,GSM94110,train,no_cancer
GDS2771,4,10,GSM94111,train,no_cancer
GDS2771,4,10,GSM94112,train,no_cancer
GDS2771,4,10,GSM94113,train,no_cancer
GDS2771,4,10,GSM94114,train,no_cancer
GDS2771,4,10,GSM94115,train,no_cancer
GDS2771,4,10,GSM94116,train,no_cancer
GDS2771,4,10,GSM94117,train,no_cancer
GDS2771,4,10,GSM94118,train,no_cancer
GDS2771,4,10,GSM94119,train,no_cancer
GDS2771,4,10,GSM94120,train,no_cancer
GDS2771,4,10,GSM94121,train,no_cancer
GDS2771,4,10,GSM94122,train,no_cancer
GDS2771,4,10,GSM94123,train,no_cancer
GDS2771,4,10,GSM94124,train,no_cancer
GDS2771,4,10,GSM94125,train,no_cancer
GDS2771,4,10,GSM94126,train,no_cancer
GDS2771,4,10,GSM94127,train,no_cancer
GDS2771,4,10,GSM94128,train,no_cancer
GDS2771,4,10,GSM94130,train,no_cancer
GDS2771,4,10,GSM94131,train,no_cancer
GDS2771,4,10,GSM94133,train,no_cancer
GDS2771,4,10,GSM94134,train,no_cancer
GDS2771,4,10,GSM94135,train,no_cancer
GDS2771,4,10,GSM94136,train,no_cancer
GDS2771,4,10,GSM94137,train,no_cancer
GDS2771,4,10,GSM94138,train,no_cancer
GDS2771,4,10,GSM94139,train,no_cancer
GDS2771,4,10,GSM94140,train,no_cancer
GDS2771,4,10,GSM94141,train,no_cancer
GDS2771,4,10,GSM94142,train,no_cancer
GDS2771,4,10,GSM94144,train,no_cancer
GDS2771,4,10,GSM94145,train,no_cancer
GDS2771,4,10,GSM94146,train,no_cancer
GDS2771,4,10,GSM94147,train,no_cancer
GDS2771,4,10,GSM94148,train,no_cancer
GDS2771,4,10,GSM98785,train,no_cancer
GDS2771,4,10,GSM98786,train,no_cancer
GDS2771,4,10,GSM98788,train,no_cancer
GDS2771,4,10,GSM98789,train,no_cancer
GDS2771,4,10,GSM98791,train,no_cancer
GDS2771,4,10,GSM98792,train,no_cancer
GDS2771,4,10,GSM98793,train,no_cancer
GDS2771,4,10,GSM98794,train,no_cancer
GDS2771,4,10,GSM98795,train,no_cancer
GDS2771,4,10,GSM98796,train,no_cancer
GDS2771,4,10,GSM98798,train,no_cancer
GDS2771,4,10,GSM98799,train,no_cancer
GDS2771,4,10,GSM98800,train,no_cancer
GDS2771,4,10,GSM98801,train,no_cancer
GDS2771,4,10,GSM94019,train,cancer
GDS2771,4,10,GSM94020,train,cancer
GDS2771,4,10,GSM94021,train,cancer
GDS2771,4,10,GSM94022,train,cancer
GDS2771,4,10,GSM94023,train,cancer
GDS2771,4,10,GSM94024,train,cancer
GDS2771,4,10,GSM94025,train,cancer
GDS2771,4,10,GSM94026,train,cancer
GDS2771,4,10,GSM94027,train,cancer
GDS2771,4,10,GSM94028,train,cancer
GDS2771,4,10,GSM94029,train,cancer
GDS2771,4,10,GSM94030,train,cancer
GDS2771,4,10,GSM94031,train,cancer
GDS2771,4,10,GSM94032,train,cancer
GDS2771,4,10,GSM94033,train,cancer
GDS2771,4,10,GSM94035,train,cancer
GDS2771,4,10,GSM94036,train,cancer
GDS2771,4,10,GSM94037,train,cancer
GDS2771,4,10,GSM94038,train,cancer
GDS2771,4,10,GSM94039,train,cancer
GDS2771,4,10,GSM94040,train,cancer
GDS2771,4,10,GSM94041,train,cancer
GDS2771,4,10,GSM94042,train,cancer
GDS2771,4,10,GSM94043,train,cancer
GDS2771,4,10,GSM94045,train,cancer
GDS2771,4,10,GSM94046,train,cancer
GDS2771,4,10,GSM94047,train,cancer
GDS2771,4,10,GSM94048,train,cancer
GDS2771,4,10,GSM94049,train,cancer
GDS2771,4,10,GSM94050,train,cancer
GDS2771,4,10,GSM94051,train,cancer
GDS2771,4,10,GSM94052,train,cancer
GDS2771,4,10,GSM94053,train,cancer
GDS2771,4,10,GSM94054,train,cancer
GDS2771,4,10,GSM94055,train,cancer
GDS2771,4,10,GSM94056,train,cancer
GDS2771,4,10,GSM94057,train,cancer
GDS2771,4,10,GSM94059,train,cancer
GDS2771,4,10,GSM94060,train,cancer
GDS2771,4,10,GSM94063,train,cancer
GDS2771,4,10,GSM94064,train,cancer
GDS2771,4,10,GSM94065,train,cancer
GDS2771,4,10,GSM94066,train,cancer
GDS2771,4,10,GSM94067,train,cancer
GDS2771,4,10,GSM94068,train,cancer
GDS2771,4,10,GSM94069,train,cancer
GDS2771,4,10,GSM94070,train,cancer
GDS2771,4,10,GSM94071,train,cancer
GDS2771,4,10,GSM94072,train,cancer
GDS2771,4,10,GSM94073,train,cancer
GDS2771,4,10,GSM94074,train,cancer
GDS2771,4,10,GSM94075,train,cancer
GDS2771,4,10,GSM94155,train,cancer
GDS2771,4,10,GSM94156,train,cancer
GDS2771,4,10,GSM94157,train,cancer
GDS2771,4,10,GSM94160,train,cancer
GDS2771,4,10,GSM94161,train,cancer
GDS2771,4,10,GSM94162,train,cancer
GDS2771,4,10,GSM94163,train,cancer
GDS2771,4,10,GSM94164,train,cancer
GDS2771,4,10,GSM94165,train,cancer
GDS2771,4,10,GSM94166,train,cancer
GDS2771,4,10,GSM94167,train,cancer
GDS2771,4,10,GSM94168,train,cancer
GDS2771,4,10,GSM94169,train,cancer
GDS2771,4,10,GSM94170,train,cancer
GDS2771,4,10,GSM94171,train,cancer
GDS2771,4,10,GSM94173,train,cancer
GDS2771,4,10,GSM94174,train,cancer
GDS2771,4,10,GSM94175,train,cancer
GDS2771,4,10,GSM94176,train,cancer
GDS2771,4,10,GSM94177,train,cancer
GDS2771,4,10,GSM94178,train,cancer
GDS2771,4,10,GSM98767,train,cancer
GDS2771,4,10,GSM98768,train,cancer
GDS2771,4,10,GSM98769,train,cancer
GDS2771,4,10,GSM98770,train,cancer
GDS2771,4,10,GSM98771,train,cancer
GDS2771,4,10,GSM98772,train,cancer
GDS2771,4,10,GSM98773,train,cancer
GDS2771,4,10,GSM98774,train,cancer
GDS2771,4,10,GSM98775,train,cancer
GDS2771,4,10,GSM98776,train,cancer
GDS2771,4,10,GSM98777,train,cancer
GDS2771,4,10,GSM98779,train,cancer
GDS2771,4,10,GSM98782,train,cancer
GDS2771,4,10,GSM98784,train,cancer
GDS2771,4,10,GSM98871,train,cancer
GDS2771,4,10,GSM98872,train,cancer
GDS2771,4,10,GSM98873,train,cancer
GDS2771,4,10,GSM98874,train,cancer
GDS2771,4,10,GSM98875,train,cancer
GDS2771,4,10,GSM94078,test,no_cancer
GDS2771,4,10,GSM94088,test,no_cancer
GDS2771,4,10,GSM94094,test,no_cancer
GDS2771,4,10,GSM94129,test,no_cancer
GDS2771,4,10,GSM94132,test,no_cancer
GDS2771,4,10,GSM94143,test,no_cancer
GDS2771,4,10,GSM98787,test,no_cancer
GDS2771,4,10,GSM98790,test,no_cancer
GDS2771,4,10,GSM98797,test,no_cancer
GDS2771,4,10,GSM94034,test,cancer
GDS2771,4,10,GSM94044,test,cancer
GDS2771,4,10,GSM94058,test,cancer
GDS2771,4,10,GSM94061,test,cancer
GDS2771,4,10,GSM94062,test,cancer
GDS2771,4,10,GSM94172,test,cancer
GDS2771,4,10,GSM98778,test,cancer
GDS2771,4,10,GSM98780,test,cancer
GDS2771,4,10,GSM98781,test,cancer
GDS2771,4,10,GSM98783,test,cancer
GDS2771,5,1,GSM93997,train,no_cancer
GDS2771,5,1,GSM94077,train,no_cancer
GDS2771,5,1,GSM94078,train,no_cancer
GDS2771,5,1,GSM94079,train,no_cancer
GDS2771,5,1,GSM94080,train,no_cancer
GDS2771,5,1,GSM94081,train,no_cancer
GDS2771,5,1,GSM94082,train,no_cancer
GDS2771,5,1,GSM94083,train,no_cancer
GDS2771,5,1,GSM94084,train,no_cancer
GDS2771,5,1,GSM94085,train,no_cancer
GDS2771,5,1,GSM94086,train,no_cancer
GDS2771,5,1,GSM94087,train,no_cancer
GDS2771,5,1,GSM94088,train,no_cancer
GDS2771,5,1,GSM94090,train,no_cancer
GDS2771,5,1,GSM94091,train,no_cancer
GDS2771,5,1,GSM94092,train,no_cancer
GDS2771,5,1,GSM94093,train,no_cancer
GDS2771,5,1,GSM94094,train,no_cancer
GDS2771,5,1,GSM94095,train,no_cancer
GDS2771,5,1,GSM94096,train,no_cancer
GDS2771,5,1,GSM94098,train,no_cancer
GDS2771,5,1,GSM94099,train,no_cancer
GDS2771,5,1,GSM94100,train,no_cancer
GDS2771,5,1,GSM94101,train,no_cancer
GDS2771,5,1,GSM94102,train,no_cancer
GDS2771,5,1,GSM94103,train,no_cancer
GDS2771,5,1,GSM94104,train,no_cancer
GDS2771,5,1,GSM94105,train,no_cancer
GDS2771,5,1,GSM94107,train,no_cancer
GDS2771,5,1,GSM94108,train,no_cancer
GDS2771,5,1,GSM94109,train,no_cancer
GDS2771,5,1,GSM94110,train,no_cancer
GDS2771,5,1,GSM94111,train,no_cancer
GDS2771,5,1,GSM94112,train,no_cancer
GDS2771,5,1,GSM94114,train,no_cancer
GDS2771,5,1,GSM94115,train,no_cancer
GDS2771,5,1,GSM94116,train,no_cancer
GDS2771,5,1,GSM94117,train,no_cancer
GDS2771,5,1,GSM94118,train,no_cancer
GDS2771,5,1,GSM94119,train,no_cancer
GDS2771,5,1,GSM94120,train,no_cancer
GDS2771,5,1,GSM94121,train,no_cancer
GDS2771,5,1,GSM94122,train,no_cancer
GDS2771,5,1,GSM94123,train,no_cancer
GDS2771,5,1,GSM94124,train,no_cancer
GDS2771,5,1,GSM94125,train,no_cancer
GDS2771,5,1,GSM94127,train,no_cancer
GDS2771,5,1,GSM94128,train,no_cancer
GDS2771,5,1,GSM94129,train,no_cancer
GDS2771,5,1,GSM94130,train,no_cancer
GDS2771,5,1,GSM94131,train,no_cancer
GDS2771,5,1,GSM94132,train,no_cancer
GDS2771,5,1,GSM94133,train,no_cancer
GDS2771,5,1,GSM94134,train,no_cancer
GDS2771,5,1,GSM94135,train,no_cancer
GDS2771,5,1,GSM94136,train,no_cancer
GDS2771,5,1,GSM94137,train,no_cancer
GDS2771,5,1,GSM94138,train,no_cancer
GDS2771,5,1,GSM94140,train,no_cancer
GDS2771,5,1,GSM94141,train,no_cancer
GDS2771,5,1,GSM94142,train,no_cancer
GDS2771,5,1,GSM94143,train,no_cancer
GDS2771,5,1,GSM94144,train,no_cancer
GDS2771,5,1,GSM94145,train,no_cancer
GDS2771,5,1,GSM94147,train,no_cancer
GDS2771,5,1,GSM94148,train,no_cancer
GDS2771,5,1,GSM98785,train,no_cancer
GDS2771,5,1,GSM98786,train,no_cancer
GDS2771,5,1,GSM98787,train,no_cancer
GDS2771,5,1,GSM98788,train,no_cancer
GDS2771,5,1,GSM98789,train,no_cancer
GDS2771,5,1,GSM98790,train,no_cancer
GDS2771,5,1,GSM98791,train,no_cancer
GDS2771,5,1,GSM98793,train,no_cancer
GDS2771,5,1,GSM98794,train,no_cancer
GDS2771,5,1,GSM98795,train,no_cancer
GDS2771,5,1,GSM98796,train,no_cancer
GDS2771,5,1,GSM98797,train,no_cancer
GDS2771,5,1,GSM98798,train,no_cancer
GDS2771,5,1,GSM98800,train,no_cancer
GDS2771,5,1,GSM98801,train,no_cancer
GDS2771,5,1,GSM94019,train,cancer
GDS2771,5,1,GSM94020,train,cancer
GDS2771,5,1,GSM94021,train,cancer
GDS2771,5,1,GSM94022,train,cancer
GDS2771,5,1,GSM94023,train,cancer
GDS2771,5,1,GSM94024,train,cancer
GDS2771,5,1,GSM94025,train,cancer
GDS2771,5,1,GSM94026,train,cancer
GDS2771,5,1,GSM94027,train,cancer
GDS2771,5,1,GSM94029,train,cancer
GDS2771,5,1,GSM94030,train,cancer
GDS2771,5,1,GSM94031,train,cancer
GDS2771,5,1,GSM94032,train,cancer
GDS2771,5,1,GSM94033,train,cancer
GDS2771,5,1,GSM94034,train,cancer
GDS2771,5,1,GSM94035,train,cancer
GDS2771,5,1,GSM94036,train,cancer
GDS2771,5,1,GSM94037,train,cancer
GDS2771,5,1,GSM94038,train,cancer
GDS2771,5,1,GSM94039,train,cancer
GDS2771,5,1,GSM94040,train,cancer
GDS2771,5,1,GSM94041,train,cancer
GDS2771,5,1,GSM94042,train,cancer
GDS2771,5,1,GSM94043,train,cancer
GDS2771,5,1,GSM94045,train,cancer
GDS2771,5,1,GSM94046,train,cancer
GDS2771,5,1,GSM94047,train,cancer
GDS2771,5,1,GSM94049,train,cancer
GDS2771,5,1,GSM94050,train,cancer
GDS2771,5,1,GSM94051,train,cancer
GDS2771,5,1,GSM94052,train,cancer
GDS2771,5,1,GSM94054,train,cancer
GDS2771,5,1,GSM94055,train,cancer
GDS2771,5,1,GSM94057,train,cancer
GDS2771,5,1,GSM94058,train,cancer
GDS2771,5,1,GSM94059,train,cancer
GDS2771,5,1,GSM94060,train,cancer
GDS2771,5,1,GSM94061,train,cancer
GDS2771,5,1,GSM94063,train,cancer
GDS2771,5,1,GSM94064,train,cancer
GDS2771,5,1,GSM94065,train,cancer
GDS2771,5,1,GSM94066,train,cancer
GDS2771,5,1,GSM94067,train,cancer
GDS2771,5,1,GSM94068,train,cancer
GDS2771,5,1,GSM94069,train,cancer
GDS2771,5,1,GSM94070,train,cancer
GDS2771,5,1,GSM94071,train,cancer
GDS2771,5,1,GSM94072,train,cancer
GDS2771,5,1,GSM94073,train,cancer
GDS2771,5,1,GSM94075,train,cancer
GDS2771,5,1,GSM94155,train,cancer
GDS2771,5,1,GSM94156,train,cancer
GDS2771,5,1,GSM94157,train,cancer
GDS2771,5,1,GSM94160,train,cancer
GDS2771,5,1,GSM94161,train,cancer
GDS2771,5,1,GSM94162,train,cancer
GDS2771,5,1,GSM94163,train,cancer
GDS2771,5,1,GSM94164,train,cancer
GDS2771,5,1,GSM94165,train,cancer
GDS2771,5,1,GSM94166,train,cancer
GDS2771,5,1,GSM94167,train,cancer
GDS2771,5,1,GSM94168,train,cancer
GDS2771,5,1,GSM94169,train,cancer
GDS2771,5,1,GSM94170,train,cancer
GDS2771,5,1,GSM94171,train,cancer
GDS2771,5,1,GSM94172,train,cancer
GDS2771,5,1,GSM94173,train,cancer
GDS2771,5,1,GSM94174,train,cancer
GDS2771,5,1,GSM94175,train,cancer
GDS2771,5,1,GSM94176,train,cancer
GDS2771,5,1,GSM94177,train,cancer
GDS2771,5,1,GSM94178,train,cancer
GDS2771,5,1,GSM98767,train,cancer
GDS2771,5,1,GSM98768,train,cancer
GDS2771,5,1,GSM98769,train,cancer
GDS2771,5,1,GSM98770,train,cancer
GDS2771,5,1,GSM98771,train,cancer
GDS2771,5,1,GSM98772,train,cancer
GDS2771,5,1,GSM98773,train,cancer
GDS2771,5,1,GSM98774,train,cancer
GDS2771,5,1,GSM98775,train,cancer
GDS2771,5,1,GSM98776,train,cancer
GDS2771,5,1,GSM98777,train,cancer
GDS2771,5,1,GSM98778,train,cancer
GDS2771,5,1,GSM98779,train,cancer
GDS2771,5,1,GSM98780,train,cancer
GDS2771,5,1,GSM98782,train,cancer
GDS2771,5,1,GSM98784,train,cancer
GDS2771,5,1,GSM98872,train,cancer
GDS2771,5,1,GSM98873,train,cancer
GDS2771,5,1,GSM98875,train,cancer
GDS2771,5,1,GSM94089,test,no_cancer
GDS2771,5,1,GSM94097,test,no_cancer
GDS2771,5,1,GSM94106,test,no_cancer
GDS2771,5,1,GSM94113,test,no_cancer
GDS2771,5,1,GSM94126,test,no_cancer
GDS2771,5,1,GSM94139,test,no_cancer
GDS2771,5,1,GSM94146,test,no_cancer
GDS2771,5,1,GSM98792,test,no_cancer
GDS2771,5,1,GSM98799,test,no_cancer
GDS2771,5,1,GSM94028,test,cancer
GDS2771,5,1,GSM94044,test,cancer
GDS2771,5,1,GSM94048,test,cancer
GDS2771,5,1,GSM94053,test,cancer
GDS2771,5,1,GSM94056,test,cancer
GDS2771,5,1,GSM94062,test,cancer
GDS2771,5,1,GSM94074,test,cancer
GDS2771,5,1,GSM98781,test,cancer
GDS2771,5,1,GSM98783,test,cancer
GDS2771,5,1,GSM98871,test,cancer
GDS2771,5,1,GSM98874,test,cancer
GDS2771,5,2,GSM94077,train,no_cancer
GDS2771,5,2,GSM94078,train,no_cancer
GDS2771,5,2,GSM94080,train,no_cancer
GDS2771,5,2,GSM94081,train,no_cancer
GDS2771,5,2,GSM94082,train,no_cancer
GDS2771,5,2,GSM94083,train,no_cancer
GDS2771,5,2,GSM94084,train,no_cancer
GDS2771,5,2,GSM94085,train,no_cancer
GDS2771,5,2,GSM94086,train,no_cancer
GDS2771,5,2,GSM94088,train,no_cancer
GDS2771,5,2,GSM94089,train,no_cancer
GDS2771,5,2,GSM94090,train,no_cancer
GDS2771,5,2,GSM94091,train,no_cancer
GDS2771,5,2,GSM94092,train,no_cancer
GDS2771,5,2,GSM94093,train,no_cancer
GDS2771,5,2,GSM94094,train,no_cancer
GDS2771,5,2,GSM94095,train,no_cancer
GDS2771,5,2,GSM94096,train,no_cancer
GDS2771,5,2,GSM94097,train,no_cancer
GDS2771,5,2,GSM94098,train,no_cancer
GDS2771,5,2,GSM94099,train,no_cancer
GDS2771,5,2,GSM94100,train,no_cancer
GDS2771,5,2,GSM94101,train,no_cancer
GDS2771,5,2,GSM94102,train,no_cancer
GDS2771,5,2,GSM94103,train,no_cancer
GDS2771,5,2,GSM94104,train,no_cancer
GDS2771,5,2,GSM94105,train,no_cancer
GDS2771,5,2,GSM94106,train,no_cancer
GDS2771,5,2,GSM94107,train,no_cancer
GDS2771,5,2,GSM94108,train,no_cancer
GDS2771,5,2,GSM94109,train,no_cancer
GDS2771,5,2,GSM94110,train,no_cancer
GDS2771,5,2,GSM94111,train,no_cancer
GDS2771,5,2,GSM94112,train,no_cancer
GDS2771,5,2,GSM94113,train,no_cancer
GDS2771,5,2,GSM94114,train,no_cancer
GDS2771,5,2,GSM94115,train,no_cancer
GDS2771,5,2,GSM94116,train,no_cancer
GDS2771,5,2,GSM94117,train,no_cancer
GDS2771,5,2,GSM94118,train,no_cancer
GDS2771,5,2,GSM94120,train,no_cancer
GDS2771,5,2,GSM94123,train,no_cancer
GDS2771,5,2,GSM94124,train,no_cancer
GDS2771,5,2,GSM94125,train,no_cancer
GDS2771,5,2,GSM94126,train,no_cancer
GDS2771,5,2,GSM94127,train,no_cancer
GDS2771,5,2,GSM94128,train,no_cancer
GDS2771,5,2,GSM94129,train,no_cancer
GDS2771,5,2,GSM94130,train,no_cancer
GDS2771,5,2,GSM94131,train,no_cancer
GDS2771,5,2,GSM94132,train,no_cancer
GDS2771,5,2,GSM94133,train,no_cancer
GDS2771,5,2,GSM94134,train,no_cancer
GDS2771,5,2,GSM94135,train,no_cancer
GDS2771,5,2,GSM94136,train,no_cancer
GDS2771,5,2,GSM94137,train,no_cancer
GDS2771,5,2,GSM94138,train,no_cancer
GDS2771,5,2,GSM94139,train,no_cancer
GDS2771,5,2,GSM94140,train,no_cancer
GDS2771,5,2,GSM94142,train,no_cancer
GDS2771,5,2,GSM94143,train,no_cancer
GDS2771,5,2,GSM94144,train,no_cancer
GDS2771,5,2,GSM94145,train,no_cancer
GDS2771,5,2,GSM94146,train,no_cancer
GDS2771,5,2,GSM94147,train,no_cancer
GDS2771,5,2,GSM94148,train,no_cancer
GDS2771,5,2,GSM98785,train,no_cancer
GDS2771,5,2,GSM98786,train,no_cancer
GDS2771,5,2,GSM98788,train,no_cancer
GDS2771,5,2,GSM98789,train,no_cancer
GDS2771,5,2,GSM98790,train,no_cancer
GDS2771,5,2,GSM98791,train,no_cancer
GDS2771,5,2,GSM98792,train,no_cancer
GDS2771,5,2,GSM98793,train,no_cancer
GDS2771,5,2,GSM98795,train,no_cancer
GDS2771,5,2,GSM98796,train,no_cancer
GDS2771,5,2,GSM98797,train,no_cancer
GDS2771,5,2,GSM98798,train,no_cancer
GDS2771,5,2,GSM98799,train,no_cancer
GDS2771,5,2,GSM98800,train,no_cancer
GDS2771,5,2,GSM98801,train,no_cancer
GDS2771,5,2,GSM94019,train,cancer
GDS2771,5,2,GSM94020,train,cancer
GDS2771,5,2,GSM94021,train,cancer
GDS2771,5,2,GSM94022,train,cancer
GDS2771,5,2,GSM94023,train,cancer
GDS2771,5,2,GSM94024,train,cancer
GDS2771,5,2,GSM94025,train,cancer
GDS2771,5,2,GSM94027,train,cancer
GDS2771,5,2,GSM94028,train,cancer
GDS2771,5,2,GSM94029,train,cancer
GDS2771,5,2,GSM94030,train,cancer
GDS2771,5,2,GSM94031,train,cancer
GDS2771,5,2,GSM94032,train,cancer
GDS2771,5,2,GSM94033,train,cancer
GDS2771,5,2,GSM94034,train,cancer
GDS2771,5,2,GSM94035,train,cancer
GDS2771,5,2,GSM94036,train,cancer
GDS2771,5,2,GSM94037,train,cancer
GDS2771,5,2,GSM94038,train,cancer
GDS2771,5,2,GSM94039,train,cancer
GDS2771,5,2,GSM94041,train,cancer
GDS2771,5,2,GSM94042,train,cancer
GDS2771,5,2,GSM94043,train,cancer
GDS2771,5,2,GSM94044,train,cancer
GDS2771,5,2,GSM94045,train,cancer
GDS2771,5,2,GSM94046,train,cancer
GDS2771,5,2,GSM94047,train,cancer
GDS2771,5,2,GSM94048,train,cancer
GDS2771,5,2,GSM94049,train,cancer
GDS2771,5,2,GSM94050,train,cancer
GDS2771,5,2,GSM94051,train,cancer
GDS2771,5,2,GSM94053,train,cancer
GDS2771,5,2,GSM94054,train,cancer
GDS2771,5,2,GSM94055,train,cancer
GDS2771,5,2,GSM94056,train,cancer
GDS2771,5,2,GSM94057,train,cancer
GDS2771,5,2,GSM94058,train,cancer
GDS2771,5,2,GSM94060,train,cancer
GDS2771,5,2,GSM94061,train,cancer
GDS2771,5,2,GSM94062,train,cancer
GDS2771,5,2,GSM94064,train,cancer
GDS2771,5,2,GSM94065,train,cancer
GDS2771,5,2,GSM94066,train,cancer
GDS2771,5,2,GSM94068,train,cancer
GDS2771,5,2,GSM94069,train,cancer
GDS2771,5,2,GSM94070,train,cancer
GDS2771,5,2,GSM94071,train,cancer
GDS2771,5,2,GSM94072,train,cancer
GDS2771,5,2,GSM94073,train,cancer
GDS2771,5,2,GSM94074,train,cancer
GDS2771,5,2,GSM94075,train,cancer
GDS2771,5,2,GSM94155,train,cancer
GDS2771,5,2,GSM94156,train,cancer
GDS2771,5,2,GSM94157,train,cancer
GDS2771,5,2,GSM94160,train,cancer
GDS2771,5,2,GSM94161,train,cancer
GDS2771,5,2,GSM94162,train,cancer
GDS2771,5,2,GSM94163,train,cancer
GDS2771,5,2,GSM94164,train,cancer
GDS2771,5,2,GSM94165,train,cancer
GDS2771,5,2,GSM94166,train,cancer
GDS2771,5,2,GSM94167,train,cancer
GDS2771,5,2,GSM94169,train,cancer
GDS2771,5,2,GSM94172,train,cancer
GDS2771,5,2,GSM94173,train,cancer
GDS2771,5,2,GSM94174,train,cancer
GDS2771,5,2,GSM94175,train,cancer
GDS2771,5,2,GSM94177,train,cancer
GDS2771,5,2,GSM94178,train,cancer
GDS2771,5,2,GSM98767,train,cancer
GDS2771,5,2,GSM98768,train,cancer
GDS2771,5,2,GSM98769,train,cancer
GDS2771,5,2,GSM98770,train,cancer
GDS2771,5,2,GSM98771,train,cancer
GDS2771,5,2,GSM98772,train,cancer
GDS2771,5,2,GSM98773,train,cancer
GDS2771,5,2,GSM98774,train,cancer
GDS2771,5,2,GSM98775,train,cancer
GDS2771,5,2,GSM98776,train,cancer
GDS2771,5,2,GSM98777,train,cancer
GDS2771,5,2,GSM98778,train,cancer
GDS2771,5,2,GSM98779,train,cancer
GDS2771,5,2,GSM98780,train,cancer
GDS2771,5,2,GSM98781,train,cancer
GDS2771,5,2,GSM98782,train,cancer
GDS2771,5,2,GSM98783,train,cancer
GDS2771,5,2,GSM98784,train,cancer
GDS2771,5,2,GSM98871,train,cancer
GDS2771,5,2,GSM98872,train,cancer
GDS2771,5,2,GSM98874,train,cancer
GDS2771,5,2,GSM98875,train,cancer
GDS2771,5,2,GSM93997,test,no_cancer
GDS2771,5,2,GSM94079,test,no_cancer
GDS2771,5,2,GSM94087,test,no_cancer
GDS2771,5,2,GSM94119,test,no_cancer
GDS2771,5,2,GSM94121,test,no_cancer
GDS2771,5,2,GSM94122,test,no_cancer
GDS2771,5,2,GSM94141,test,no_cancer
GDS2771,5,2,GSM98787,test,no_cancer
GDS2771,5,2,GSM98794,test,no_cancer
GDS2771,5,2,GSM94026,test,cancer
GDS2771,5,2,GSM94040,test,cancer
GDS2771,5,2,GSM94052,test,cancer
GDS2771,5,2,GSM94059,test,cancer
GDS2771,5,2,GSM94063,test,cancer
GDS2771,5,2,GSM94067,test,cancer
GDS2771,5,2,GSM94168,test,cancer
GDS2771,5,2,GSM94170,test,cancer
GDS2771,5,2,GSM94171,test,cancer
GDS2771,5,2,GSM94176,test,cancer
GDS2771,5,2,GSM98873,test,cancer
GDS2771,5,3,GSM93997,train,no_cancer
GDS2771,5,3,GSM94077,train,no_cancer
GDS2771,5,3,GSM94078,train,no_cancer
GDS2771,5,3,GSM94079,train,no_cancer
GDS2771,5,3,GSM94080,train,no_cancer
GDS2771,5,3,GSM94081,train,no_cancer
GDS2771,5,3,GSM94082,train,no_cancer
GDS2771,5,3,GSM94083,train,no_cancer
GDS2771,5,3,GSM94084,train,no_cancer
GDS2771,5,3,GSM94085,train,no_cancer
GDS2771,5,3,GSM94086,train,no_cancer
GDS2771,5,3,GSM94087,train,no_cancer
GDS2771,5,3,GSM94088,train,no_cancer
GDS2771,5,3,GSM94089,train,no_cancer
GDS2771,5,3,GSM94090,train,no_cancer
GDS2771,5,3,GSM94092,train,no_cancer
GDS2771,5,3,GSM94093,train,no_cancer
GDS2771,5,3,GSM94094,train,no_cancer
GDS2771,5,3,GSM94095,train,no_cancer
GDS2771,5,3,GSM94096,train,no_cancer
GDS2771,5,3,GSM94097,train,no_cancer
GDS2771,5,3,GSM94098,train,no_cancer
GDS2771,5,3,GSM94099,train,no_cancer
GDS2771,5,3,GSM94101,train,no_cancer
GDS2771,5,3,GSM94102,train,no_cancer
GDS2771,5,3,GSM94104,train,no_cancer
GDS2771,5,3,GSM94105,train,no_cancer
GDS2771,5,3,GSM94106,train,no_cancer
GDS2771,5,3,GSM94107,train,no_cancer
GDS2771,5,3,GSM94108,train,no_cancer
GDS2771,5,3,GSM94109,train,no_cancer
GDS2771,5,3,GSM94110,train,no_cancer
GDS2771,5,3,GSM94111,train,no_cancer
GDS2771,5,3,GSM94112,train,no_cancer
GDS2771,5,3,GSM94113,train,no_cancer
GDS2771,5,3,GSM94115,train,no_cancer
GDS2771,5,3,GSM94116,train,no_cancer
GDS2771,5,3,GSM94117,train,no_cancer
GDS2771,5,3,GSM94118,train,no_cancer
GDS2771,5,3,GSM94119,train,no_cancer
GDS2771,5,3,GSM94120,train,no_cancer
GDS2771,5,3,GSM94121,train,no_cancer
GDS2771,5,3,GSM94122,train,no_cancer
GDS2771,5,3,GSM94123,train,no_cancer
GDS2771,5,3,GSM94124,train,no_cancer
GDS2771,5,3,GSM94125,train,no_cancer
GDS2771,5,3,GSM94126,train,no_cancer
GDS2771,5,3,GSM94127,train,no_cancer
GDS2771,5,3,GSM94128,train,no_cancer
GDS2771,5,3,GSM94129,train,no_cancer
GDS2771,5,3,GSM94130,train,no_cancer
GDS2771,5,3,GSM94131,train,no_cancer
GDS2771,5,3,GSM94132,train,no_cancer
GDS2771,5,3,GSM94133,train,no_cancer
GDS2771,5,3,GSM94134,train,no_cancer
GDS2771,5,3,GSM94135,train,no_cancer
GDS2771,5,3,GSM94136,train,no_cancer
GDS2771,5,3,GSM94137,train,no_cancer
GDS2771,5,3,GSM94138,train,no_cancer
GDS2771,5,3,GSM94139,train,no_cancer
GDS2771,5,3,GSM94140,train,no_cancer
GDS2771,5,3,GSM94141,train,no_cancer
GDS2771,5,3,GSM94143,train,no_cancer
GDS2771,5,3,GSM94146,train,no_cancer
GDS2771,5,3,GSM94147,train,no_cancer
GDS2771,5,3,GSM98785,train,no_cancer
GDS2771,5,3,GSM98786,train,no_cancer
GDS2771,5,3,GSM98787,train,no_cancer
GDS2771,5,3,GSM98788,train,no_cancer
GDS2771,5,3,GSM98789,train,no_cancer
GDS2771,5,3,GSM98790,train,no_cancer
GDS2771,5,3,GSM98791,train,no_cancer
GDS2771,5,3,GSM98792,train,no_cancer
GDS2771,5,3,GSM98793,train,no_cancer
GDS2771,5,3,GSM98794,train,no_cancer
GDS2771,5,3,GSM98795,train,no_cancer
GDS2771,5,3,GSM98796,train,no_cancer
GDS2771,5,3,GSM98798,train,no_cancer
GDS2771,5,3,GSM98799,train,no_cancer
GDS2771,5,3,GSM98800,train,no_cancer
GDS2771,5,3,GSM98801,train,no_cancer
GDS2771,5,3,GSM94019,train,cancer
GDS2771,5,3,GSM94020,train,cancer
GDS2771,5,3,GSM94021,train,cancer
GDS2771,5,3,GSM94022,train,cancer
GDS2771,5,3,GSM94023,train,cancer
GDS2771,5,3,GSM94024,train,cancer
GDS2771,5,3,GSM94026,train,cancer
GDS2771,5,3,GSM94027,train,cancer
GDS2771,5,3,GSM94028,train,cancer
GDS2771,5,3,GSM94029,train,cancer
GDS2771,5,3,GSM94030,train,cancer
GDS2771,5,3,GSM94031,train,cancer
GDS2771,5,3,GSM94032,train,cancer
GDS2771,5,3,GSM94033,train,cancer
GDS2771,5,3,GSM94034,train,cancer
GDS2771,5,3,GSM94035,train,cancer
GDS2771,5,3,GSM94036,train,cancer
GDS2771,5,3,GSM94039,train,cancer
GDS2771,5,3,GSM94040,train,cancer
GDS2771,5,3,GSM94041,train,cancer
GDS2771,5,3,GSM94042,train,cancer
GDS2771,5,3,GSM94044,train,cancer
GDS2771,5,3,GSM94045,train,cancer
GDS2771,5,3,GSM94046,train,cancer
GDS2771,5,3,GSM94047,train,cancer
GDS2771,5,3,GSM94048,train,cancer
GDS2771,5,3,GSM94049,train,cancer
GDS2771,5,3,GSM94050,train,cancer
GDS2771,5,3,GSM94051,train,cancer
GDS2771,5,3,GSM94052,train,cancer
GDS2771,5,3,GSM94053,train,cancer
GDS2771,5,3,GSM94054,train,cancer
GDS2771,5,3,GSM94055,train,cancer
GDS2771,5,3,GSM94056,train,cancer
GDS2771,5,3,GSM94057,train,cancer
GDS2771,5,3,GSM94058,train,cancer
GDS2771,5,3,GSM94059,train,cancer
GDS2771,5,3,GSM94061,train,cancer
GDS2771,5,3,GSM94062,train,cancer
GDS2771,5,3,GSM94063,train,cancer
GDS2771,5,3,GSM94064,train,cancer
GDS2771,5,3,GSM94065,train,cancer
GDS2771,5,3,GSM94066,train,cancer
GDS2771,5,3,GSM94067,train,cancer
GDS2771,5,3,GSM94069,train,cancer
GDS2771,5,3,GSM94070,train,cancer
GDS2771,5,3,GSM94071,train,cancer
GDS2771,5,3,GSM94072,train,cancer
GDS2771,5,3,GSM94073,train,cancer
GDS2771,5,3,GSM94074,train,cancer
GDS2771,5,3,GSM94075,train,cancer
GDS2771,5,3,GSM94155,train,cancer
GDS2771,5,3,GSM94156,train,cancer
GDS2771,5,3,GSM94157,train,cancer
GDS2771,5,3,GSM94160,train,cancer
GDS2771,5,3,GSM94161,train,cancer
GDS2771,5,3,GSM94162,train,cancer
GDS2771,5,3,GSM94163,train,cancer
GDS2771,5,3,GSM94164,train,cancer
GDS2771,5,3,GSM94165,train,cancer
GDS2771,5,3,GSM94166,train,cancer
GDS2771,5,3,GSM94168,train,cancer
GDS2771,5,3,GSM94169,train,cancer
GDS2771,5,3,GSM94170,train,cancer
GDS2771,5,3,GSM94171,train,cancer
GDS2771,5,3,GSM94172,train,cancer
GDS2771,5,3,GSM94173,train,cancer
GDS2771,5,3,GSM94174,train,cancer
GDS2771,5,3,GSM94175,train,cancer
GDS2771,5,3,GSM94176,train,cancer
GDS2771,5,3,GSM94177,train,cancer
GDS2771,5,3,GSM94178,train,cancer
GDS2771,5,3,GSM98767,train,cancer
GDS2771,5,3,GSM98768,train,cancer
GDS2771,5,3,GSM98769,train,cancer
GDS2771,5,3,GSM98770,train,cancer
GDS2771,5,3,GSM98771,train,cancer
GDS2771,5,3,GSM98772,train,cancer
GDS2771,5,3,GSM98773,train,cancer
GDS2771,5,3,GSM98774,train,cancer
GDS2771,5,3,GSM98775,train,cancer
GDS2771,5,3,GSM98777,train,cancer
GDS2771,5,3,GSM98778,train,cancer
GDS2771,5,3,GSM98780,train,cancer
GDS2771,5,3,GSM98781,train,cancer
GDS2771,5,3,GSM98782,train,cancer
GDS2771,5,3,GSM98783,train,cancer
GDS2771,5,3,GSM98871,train,cancer
GDS2771,5,3,GSM98872,train,cancer
GDS2771,5,3,GSM98873,train,cancer
GDS2771,5,3,GSM98874,train,cancer
GDS2771,5,3,GSM98875,train,cancer
GDS2771,5,3,GSM94091,test,no_cancer
GDS2771,5,3,GSM94100,test,no_cancer
GDS2771,5,3,GSM94103,test,no_cancer
GDS2771,5,3,GSM94114,test,no_cancer
GDS2771,5,3,GSM94142,test,no_cancer
GDS2771,5,3,GSM94144,test,no_cancer
GDS2771,5,3,GSM94145,test,no_cancer
GDS2771,5,3,GSM94148,test,no_cancer
GDS2771,5,3,GSM98797,test,no_cancer
GDS2771,5,3,GSM94025,test,cancer
GDS2771,5,3,GSM94037,test,cancer
GDS2771,5,3,GSM94038,test,cancer
GDS2771,5,3,GSM94043,test,cancer
GDS2771,5,3,GSM94060,test,cancer
GDS2771,5,3,GSM94068,test,cancer
GDS2771,5,3,GSM94167,test,cancer
GDS2771,5,3,GSM98776,test,cancer
GDS2771,5,3,GSM98779,test,cancer
GDS2771,5,3,GSM98784,test,cancer
GDS2771,5,4,GSM93997,train,no_cancer
GDS2771,5,4,GSM94077,train,no_cancer
GDS2771,5,4,GSM94078,train,no_cancer
GDS2771,5,4,GSM94079,train,no_cancer
GDS2771,5,4,GSM94080,train,no_cancer
GDS2771,5,4,GSM94081,train,no_cancer
GDS2771,5,4,GSM94082,train,no_cancer
GDS2771,5,4,GSM94083,train,no_cancer
GDS2771,5,4,GSM94084,train,no_cancer
GDS2771,5,4,GSM94085,train,no_cancer
GDS2771,5,4,GSM94086,train,no_cancer
GDS2771,5,4,GSM94087,train,no_cancer
GDS2771,5,4,GSM94088,train,no_cancer
GDS2771,5,4,GSM94089,train,no_cancer
GDS2771,5,4,GSM94090,train,no_cancer
GDS2771,5,4,GSM94091,train,no_cancer
GDS2771,5,4,GSM94093,train,no_cancer
GDS2771,5,4,GSM94094,train,no_cancer
GDS2771,5,4,GSM94095,train,no_cancer
GDS2771,5,4,GSM94096,train,no_cancer
GDS2771,5,4,GSM94097,train,no_cancer
GDS2771,5,4,GSM94099,train,no_cancer
GDS2771,5,4,GSM94100,train,no_cancer
GDS2771,5,4,GSM94102,train,no_cancer
GDS2771,5,4,GSM94103,train,no_cancer
GDS2771,5,4,GSM94104,train,no_cancer
GDS2771,5,4,GSM94106,train,no_cancer
GDS2771,5,4,GSM94107,train,no_cancer
GDS2771,5,4,GSM94108,train,no_cancer
GDS2771,5,4,GSM94109,train,no_cancer
GDS2771,5,4,GSM94110,train,no_cancer
GDS2771,5,4,GSM94111,train,no_cancer
GDS2771,5,4,GSM94112,train,no_cancer
GDS2771,5,4,GSM94113,train,no_cancer
GDS2771,5,4,GSM94114,train,no_cancer
GDS2771,5,4,GSM94115,train,no_cancer
GDS2771,5,4,GSM94117,train,no_cancer
GDS2771,5,4,GSM94118,train,no_cancer
GDS2771,5,4,GSM94119,train,no_cancer
GDS2771,5,4,GSM94120,train,no_cancer
GDS2771,5,4,GSM94121,train,no_cancer
GDS2771,5,4,GSM94122,train,no_cancer
GDS2771,5,4,GSM94123,train,no_cancer
GDS2771,5,4,GSM94124,train,no_cancer
GDS2771,5,4,GSM94125,train,no_cancer
GDS2771,5,4,GSM94126,train,no_cancer
GDS2771,5,4,GSM94127,train,no_cancer
GDS2771,5,4,GSM94128,train,no_cancer
GDS2771,5,4,GSM94129,train,no_cancer
GDS2771,5,4,GSM94130,train,no_cancer
GDS2771,5,4,GSM94132,train,no_cancer
GDS2771,5,4,GSM94133,train,no_cancer
GDS2771,5,4,GSM94134,train,no_cancer
GDS2771,5,4,GSM94135,train,no_cancer
GDS2771,5,4,GSM94136,train,no_cancer
GDS2771,5,4,GSM94137,train,no_cancer
GDS2771,5,4,GSM94139,train,no_cancer
GDS2771,5,4,GSM94140,train,no_cancer
GDS2771,5,4,GSM94141,train,no_cancer
GDS2771,5,4,GSM94142,train,no_cancer
GDS2771,5,4,GSM94143,train,no_cancer
GDS2771,5,4,GSM94144,train,no_cancer
GDS2771,5,4,GSM94145,train,no_cancer
GDS2771,5,4,GSM94146,train,no_cancer
GDS2771,5,4,GSM94147,train,no_cancer
GDS2771,5,4,GSM94148,train,no_cancer
GDS2771,5,4,GSM98785,train,no_cancer
GDS2771,5,4,GSM98786,train,no_cancer
GDS2771,5,4,GSM98787,train,no_cancer
GDS2771,5,4,GSM98788,train,no_cancer
GDS2771,5,4,GSM98789,train,no_cancer
GDS2771,5,4,GSM98790,train,no_cancer
GDS2771,5,4,GSM98791,train,no_cancer
GDS2771,5,4,GSM98792,train,no_cancer
GDS2771,5,4,GSM98793,train,no_cancer
GDS2771,5,4,GSM98794,train,no_cancer
GDS2771,5,4,GSM98795,train,no_cancer
GDS2771,5,4,GSM98797,train,no_cancer
GDS2771,5,4,GSM98799,train,no_cancer
GDS2771,5,4,GSM98800,train,no_cancer
GDS2771,5,4,GSM98801,train,no_cancer
GDS2771,5,4,GSM94019,train,cancer
GDS2771,5,4,GSM94020,train,cancer
GDS2771,5,4,GSM94021,train,cancer
GDS2771,5,4,GSM94022,train,cancer
GDS2771,5,4,GSM94023,train,cancer
GDS2771,5,4,GSM94025,train,cancer
GDS2771,5,4,GSM94026,train,cancer
GDS2771,5,4,GSM94028,train,cancer
GDS2771,5,4,GSM94029,train,cancer
GDS2771,5,4,GSM94030,train,cancer
GDS2771,5,4,GSM94031,train,cancer
GDS2771,5,4,GSM94033,train,cancer
GDS2771,5,4,GSM94034,train,cancer
GDS2771,5,4,GSM94035,train,cancer
GDS2771,5,4,GSM94036,train,cancer
GDS2771,5,4,GSM94037,train,cancer
GDS2771,5,4,GSM94038,train,cancer
GDS2771,5,4,GSM94039,train,cancer
GDS2771,5,4,GSM94040,train,cancer
GDS2771,5,4,GSM94041,train,cancer
GDS2771,5,4,GSM94043,train,cancer
GDS2771,5,4,GSM94044,train,cancer
GDS2771,5,4,GSM94045,train,cancer
GDS2771,5,4,GSM94046,train,cancer
GDS2771,5,4,GSM94047,train,cancer
GDS2771,5,4,GSM94048,train,cancer
GDS2771,5,4,GSM94049,train,cancer
GDS2771,5,4,GSM94050,train,cancer
GDS2771,5,4,GSM94052,train,cancer
GDS2771,5,4,GSM94053,train,cancer
GDS2771,5,4,GSM94054,train,cancer
GDS2771,5,4,GSM94055,train,cancer
GDS2771,5,4,GSM94056,train,cancer
GDS2771,5,4,GSM94057,train,cancer
GDS2771,5,4,GSM94058,train,cancer
GDS2771,5,4,GSM94059,train,cancer
GDS2771,5,4,GSM94060,train,cancer
GDS2771,5,4,GSM94062,train,cancer
GDS2771,5,4,GSM94063,train,cancer
GDS2771,5,4,GSM94064,train,cancer
GDS2771,5,4,GSM94066,train,cancer
GDS2771,5,4,GSM94067,train,cancer
GDS2771,5,4,GSM94068,train,cancer
GDS2771,5,4,GSM94069,train,cancer
GDS2771,5,4,GSM94070,train,cancer
GDS2771,5,4,GSM94071,train,cancer
GDS2771,5,4,GSM94072,train,cancer
GDS2771,5,4,GSM94073,train,cancer
GDS2771,5,4,GSM94074,train,cancer
GDS2771,5,4,GSM94075,train,cancer
GDS2771,5,4,GSM94155,train,cancer
GDS2771,5,4,GSM94156,train,cancer
GDS2771,5,4,GSM94157,train,cancer
GDS2771,5,4,GSM94160,train,cancer
GDS2771,5,4,GSM94161,train,cancer
GDS2771,5,4,GSM94162,train,cancer
GDS2771,5,4,GSM94164,train,cancer
GDS2771,5,4,GSM94166,train,cancer
GDS2771,5,4,GSM94167,train,cancer
GDS2771,5,4,GSM94168,train,cancer
GDS2771,5,4,GSM94169,train,cancer
GDS2771,5,4,GSM94170,train,cancer
GDS2771,5,4,GSM94171,train,cancer
GDS2771,5,4,GSM94172,train,cancer
GDS2771,5,4,GSM94173,train,cancer
GDS2771,5,4,GSM94174,train,cancer
GDS2771,5,4,GSM94175,train,cancer
GDS2771,5,4,GSM94176,train,cancer
GDS2771,5,4,GSM94177,train,cancer
GDS2771,5,4,GSM98767,train,cancer
GDS2771,5,4,GSM98768,train,cancer
GDS2771,5,4,GSM98769,train,cancer
GDS2771,5,4,GSM98770,train,cancer
GDS2771,5,4,GSM98771,train,cancer
GDS2771,5,4,GSM98772,train,cancer
GDS2771,5,4,GSM98773,train,cancer
GDS2771,5,4,GSM98774,train,cancer
GDS2771,5,4,GSM98775,train,cancer
GDS2771,5,4,GSM98776,train,cancer
GDS2771,5,4,GSM98777,train,cancer
GDS2771,5,4,GSM98778,train,cancer
GDS2771,5,4,GSM98779,train,cancer
GDS2771,5,4,GSM98780,train,cancer
GDS2771,5,4,GSM98781,train,cancer
GDS2771,5,4,GSM98782,train,cancer
GDS2771,5,4,GSM98783,train,cancer
GDS2771,5,4,GSM98784,train,cancer
GDS2771,5,4,GSM98871,train,cancer
GDS2771,5,4,GSM98872,train,cancer
GDS2771,5,4,GSM98873,train,cancer
GDS2771,5,4,GSM98874,train,cancer
GDS2771,5,4,GSM98875,train,cancer
GDS2771,5,4,GSM94092,test,no_cancer
GDS2771,5,4,GSM94098,test,no_cancer
GDS2771,5,4,GSM94101,test,no_cancer
GDS2771,5,4,GSM94105,test,no_cancer
GDS2771,5,4,GSM94116,test,no_cancer
GDS2771,5,4,GSM94131,test,no_cancer
GDS2771,5,4,GSM94138,test,no_cancer
GDS2771,5,4,GSM98796,test,no_cancer
GDS2771,5,4,GSM98798,test,no_cancer
GDS2771,5,4,GSM94024,test,cancer
GDS2771,5,4,GSM94027,test,cancer
GDS2771,5,4,GSM94032,test,cancer
GDS2771,5,4,GSM94042,test,cancer
GDS2771,5,4,GSM94051,test,cancer
GDS2771,5,4,GSM94061,test,cancer
GDS2771,5,4,GSM94065,test,cancer
GDS2771,5,4,GSM94163,test,cancer
GDS2771,5,4,GSM94165,test,cancer
GDS2771,5,4,GSM94178,test,cancer
GDS2771,5,5,GSM93997,train,no_cancer
GDS2771,5,5,GSM94078,train,no_cancer
GDS2771,5,5,GSM94079,train,no_cancer
GDS2771,5,5,GSM94080,train,no_cancer
GDS2771,5,5,GSM94083,train,no_cancer
GDS2771,5,5,GSM94084,train,no_cancer
GDS2771,5,5,GSM94085,train,no_cancer
GDS2771,5,5,GSM94087,train,no_cancer
GDS2771,5,5,GSM94089,train,no_cancer
GDS2771,5,5,GSM94090,train,no_cancer
GDS2771,5,5,GSM94091,train,no_cancer
GDS2771,5,5,GSM94092,train,no_cancer
GDS2771,5,5,GSM94093,train,no_cancer
GDS2771,5,5,GSM94094,train,no_cancer
GDS2771,5,5,GSM94095,train,no_cancer
GDS2771,5,5,GSM94096,train,no_cancer
GDS2771,5,5,GSM94097,train,no_cancer
GDS2771,5,5,GSM94098,train,no_cancer
GDS2771,5,5,GSM94099,train,no_cancer
GDS2771,5,5,GSM94100,train,no_cancer
GDS2771,5,5,GSM94101,train,no_cancer
GDS2771,5,5,GSM94102,train,no_cancer
GDS2771,5,5,GSM94103,train,no_cancer
GDS2771,5,5,GSM94104,train,no_cancer
GDS2771,5,5,GSM94105,train,no_cancer
GDS2771,5,5,GSM94106,train,no_cancer
GDS2771,5,5,GSM94107,train,no_cancer
GDS2771,5,5,GSM94108,train,no_cancer
GDS2771,5,5,GSM94109,train,no_cancer
GDS2771,5,5,GSM94110,train,no_cancer
GDS2771,5,5,GSM94111,train,no_cancer
GDS2771,5,5,GSM94112,train,no_cancer
GDS2771,5,5,GSM94113,train,no_cancer
GDS2771,5,5,GSM94114,train,no_cancer
GDS2771,5,5,GSM94115,train,no_cancer
GDS2771,5,5,GSM94116,train,no_cancer
GDS2771,5,5,GSM94118,train,no_cancer
GDS2771,5,5,GSM94119,train,no_cancer
GDS2771,5,5,GSM94120,train,no_cancer
GDS2771,5,5,GSM94121,train,no_cancer
GDS2771,5,5,GSM94122,train,no_cancer
GDS2771,5,5,GSM94123,train,no_cancer
GDS2771,5,5,GSM94124,train,no_cancer
GDS2771,5,5,GSM94125,train,no_cancer
GDS2771,5,5,GSM94126,train,no_cancer
GDS2771,5,5,GSM94127,train,no_cancer
GDS2771,5,5,GSM94128,train,no_cancer
GDS2771,5,5,GSM94129,train,no_cancer
GDS2771,5,5,GSM94130,train,no_cancer
GDS2771,5,5,GSM94131,train,no_cancer
GDS2771,5,5,GSM94132,train,no_cancer
GDS2771,5,5,GSM94133,train,no_cancer
GDS2771,5,5,GSM94135,train,no_cancer
GDS2771,5,5,GSM94136,train,no_cancer
GDS2771,5,5,GSM94137,train,no_cancer
GDS2771,5,5,GSM94138,train,no_cancer
GDS2771,5,5,GSM94139,train,no_cancer
GDS2771,5,5,GSM94140,train,no_cancer
GDS2771,5,5,GSM94141,train,no_cancer
GDS2771,5,5,GSM94142,train,no_cancer
GDS2771,5,5,GSM94144,train,no_cancer
GDS2771,5,5,GSM94145,train,no_cancer
GDS2771,5,5,GSM94146,train,no_cancer
GDS2771,5,5,GSM94147,train,no_cancer
GDS2771,5,5,GSM94148,train,no_cancer
GDS2771,5,5,GSM98785,train,no_cancer
GDS2771,5,5,GSM98786,train,no_cancer
GDS2771,5,5,GSM98787,train,no_cancer
GDS2771,5,5,GSM98789,train,no_cancer
GDS2771,5,5,GSM98790,train,no_cancer
GDS2771,5,5,GSM98791,train,no_cancer
GDS2771,5,5,GSM98792,train,no_cancer
GDS2771,5,5,GSM98793,train,no_cancer
GDS2771,5,5,GSM98794,train,no_cancer
GDS2771,5,5,GSM98795,train,no_cancer
GDS2771,5,5,GSM98796,train,no_cancer
GDS2771,5,5,GSM98797,train,no_cancer
GDS2771,5,5,GSM98798,train,no_cancer
GDS2771,5,5,GSM98799,train,no_cancer
GDS2771,5,5,GSM98800,train,no_cancer
GDS2771,5,5,GSM98801,train,no_cancer
GDS2771,5,5,GSM94019,train,cancer
GDS2771,5,5,GSM94020,train,cancer
GDS2771,5,5,GSM94021,train,cancer
GDS2771,5,5,GSM94024,train,cancer
GDS2771,5,5,GSM94025,train,cancer
GDS2771,5,5,GSM94026,train,cancer
GDS2771,5,5,GSM94027,train,cancer
GDS2771,5,5,GSM94028,train,cancer
GDS2771,5,5,GSM94029,train,cancer
GDS2771,5,5,GSM94030,train,cancer
GDS2771,5,5,GSM94031,train,cancer
GDS2771,5,5,GSM94032,train,cancer
GDS2771,5,5,GSM94033,train,cancer
GDS2771,5,5,GSM94034,train,cancer
GDS2771,5,5,GSM94035,train,cancer
GDS2771,5,5,GSM94036,train,cancer
GDS2771,5,5,GSM94037,train,cancer
GDS2771,5,5,GSM94038,train,cancer
GDS2771,5,5,GSM94039,train,cancer
GDS2771,5,5,GSM94040,train,cancer
GDS2771,5,5,GSM94041,train,cancer
GDS2771,5,5,GSM94042,train,cancer
GDS2771,5,5,GSM94043,train,cancer
GDS2771,5,5,GSM94044,train,cancer
GDS2771,5,5,GSM94045,train,cancer
GDS2771,5,5,GSM94047,train,cancer
GDS2771,5,5,GSM94048,train,cancer
GDS2771,5,5,GSM94049,train,cancer
GDS2771,5,5,GSM94051,train,cancer
GDS2771,5,5,GSM94052,train,cancer
GDS2771,5,5,GSM94053,train,cancer
GDS2771,5,5,GSM94054,train,cancer
GDS2771,5,5,GSM94055,train,cancer
GDS2771,5,5,GSM94056,train,cancer
GDS2771,5,5,GSM94057,train,cancer
GDS2771,5,5,GSM94058,train,cancer
GDS2771,5,5,GSM94059,train,cancer
GDS2771,5,5,GSM94060,train,cancer
GDS2771,5,5,GSM94061,train,cancer
GDS2771,5,5,GSM94062,train,cancer
GDS2771,5,5,GSM94063,train,cancer
GDS2771,5,5,GSM94064,train,cancer
GDS2771,5,5,GSM94065,train,cancer
GDS2771,5,5,GSM94066,train,cancer
GDS2771,5,5,GSM94067,train,cancer
GDS2771,5,5,GSM94068,train,cancer
GDS2771,5,5,GSM94069,train,cancer
GDS2771,5,5,GSM94070,train,cancer
GDS2771,5,5,GSM94071,train,cancer
GDS2771,5,5,GSM94072,train,cancer
GDS2771,5,5,GSM94073,train,cancer
GDS2771,5,5,GSM94074,train,cancer
GDS2771,5,5,GSM94156,train,cancer
GDS2771,5,5,GSM94157,train,cancer
GDS2771,5,5,GSM94160,train,cancer
GDS2771,5,5,GSM94161,train,cancer
GDS2771,5,5,GSM94162,train,cancer
GDS2771,5,5,GSM94163,train,cancer
GDS2771,5,5,GSM94164,train,cancer
GDS2771,5,5,GSM94165,train,cancer
GDS2771,5,5,GSM94166,train,cancer
GDS2771,5,5,GSM94167,train,cancer
GDS2771,5,5,GSM94168,train,cancer
GDS2771,5,5,GSM94169,train,cancer
GDS2771,5,5,GSM94170,train,cancer
GDS2771,5,5,GSM94171,train,cancer
GDS2771,5,5,GSM94172,train,cancer
GDS2771,5,5,GSM94173,train,cancer
GDS2771,5,5,GSM94174,train,cancer
GDS2771,5,5,GSM94175,train,cancer
GDS2771,5,5,GSM94176,train,cancer
GDS2771,5,5,GSM94177,train,cancer
GDS2771,5,5,GSM94178,train,cancer
GDS2771,5,5,GSM98767,train,cancer
GDS2771,5,5,GSM98768,train,cancer
GDS2771,5,5,GSM98769,train,cancer
GDS2771,5,5,GSM98770,train,cancer
GDS2771,5,5,GSM98773,train,cancer
GDS2771,5,5,GSM98774,train,cancer
GDS2771,5,5,GSM98775,train,cancer
GDS2771,5,5,GSM98776,train,cancer
GDS2771,5,5,GSM98777,train,cancer
GDS2771,5,5,GSM98778,train,cancer
GDS2771,5,5,GSM98779,train,cancer
GDS2771,5,5,GSM98780,train,cancer
GDS2771,5,5,GSM98781,train,cancer
GDS2771,5,5,GSM98782,train,cancer
GDS2771,5,5,GSM98783,train,cancer
GDS2771,5,5,GSM98784,train,cancer
GDS2771,5,5,GSM98871,train,cancer
GDS2771,5,5,GSM98873,train,cancer
GDS2771,5,5,GSM98874,train,cancer
GDS2771,5,5,GSM94077,test,no_cancer
GDS2771,5,5,GSM94081,test,no_cancer
GDS2771,5,5,GSM94082,test,no_cancer
GDS2771,5,5,GSM94086,test,no_cancer
GDS2771,5,5,GSM94088,test,no_cancer
GDS2771,5,5,GSM94117,test,no_cancer
GDS2771,5,5,GSM94134,test,no_cancer
GDS2771,5,5,GSM94143,test,no_cancer
GDS2771,5,5,GSM98788,test,no_cancer
GDS2771,5,5,GSM94022,test,cancer
GDS2771,5,5,GSM94023,test,cancer
GDS2771,5,5,GSM94046,test,cancer
GDS2771,5,5,GSM94050,test,cancer
GDS2771,5,5,GSM94075,test,cancer
GDS2771,5,5,GSM94155,test,cancer
GDS2771,5,5,GSM98771,test,cancer
GDS2771,5,5,GSM98772,test,cancer
GDS2771,5,5,GSM98872,test,cancer
GDS2771,5,5,GSM98875,test,cancer
GDS2771,5,6,GSM93997,train,no_cancer
GDS2771,5,6,GSM94077,train,no_cancer
GDS2771,5,6,GSM94078,train,no_cancer
GDS2771,5,6,GSM94079,train,no_cancer
GDS2771,5,6,GSM94080,train,no_cancer
GDS2771,5,6,GSM94081,train,no_cancer
GDS2771,5,6,GSM94082,train,no_cancer
GDS2771,5,6,GSM94083,train,no_cancer
GDS2771,5,6,GSM94084,train,no_cancer
GDS2771,5,6,GSM94085,train,no_cancer
GDS2771,5,6,GSM94086,train,no_cancer
GDS2771,5,6,GSM94087,train,no_cancer
GDS2771,5,6,GSM94088,train,no_cancer
GDS2771,5,6,GSM94089,train,no_cancer
GDS2771,5,6,GSM94091,train,no_cancer
GDS2771,5,6,GSM94092,train,no_cancer
GDS2771,5,6,GSM94094,train,no_cancer
GDS2771,5,6,GSM94095,train,no_cancer
GDS2771,5,6,GSM94096,train,no_cancer
GDS2771,5,6,GSM94097,train,no_cancer
GDS2771,5,6,GSM94098,train,no_cancer
GDS2771,5,6,GSM94099,train,no_cancer
GDS2771,5,6,GSM94100,train,no_cancer
GDS2771,5,6,GSM94101,train,no_cancer
GDS2771,5,6,GSM94102,train,no_cancer
GDS2771,5,6,GSM94103,train,no_cancer
GDS2771,5,6,GSM94105,train,no_cancer
GDS2771,5,6,GSM94106,train,no_cancer
GDS2771,5,6,GSM94107,train,no_cancer
GDS2771,5,6,GSM94108,train,no_cancer
GDS2771,5,6,GSM94109,train,no_cancer
GDS2771,5,6,GSM94110,train,no_cancer
GDS2771,5,6,GSM94111,train,no_cancer
GDS2771,5,6,GSM94112,train,no_cancer
GDS2771,5,6,GSM94113,train,no_cancer
GDS2771,5,6,GSM94114,train,no_cancer
GDS2771,5,6,GSM94115,train,no_cancer
GDS2771,5,6,GSM94116,train,no_cancer
GDS2771,5,6,GSM94117,train,no_cancer
GDS2771,5,6,GSM94118,train,no_cancer
GDS2771,5,6,GSM94119,train,no_cancer
GDS2771,5,6,GSM94120,train,no_cancer
GDS2771,5,6,GSM94121,train,no_cancer
GDS2771,5,6,GSM94122,train,no_cancer
GDS2771,5,6,GSM94123,train,no_cancer
GDS2771,5,6,GSM94125,train,no_cancer
GDS2771,5,6,GSM94126,train,no_cancer
GDS2771,5,6,GSM94127,train,no_cancer
GDS2771,5,6,GSM94128,train,no_cancer
GDS2771,5,6,GSM94129,train,no_cancer
GDS2771,5,6,GSM94130,train,no_cancer
GDS2771,5,6,GSM94131,train,no_cancer
GDS2771,5,6,GSM94133,train,no_cancer
GDS2771,5,6,GSM94134,train,no_cancer
GDS2771,5,6,GSM94136,train,no_cancer
GDS2771,5,6,GSM94137,train,no_cancer
GDS2771,5,6,GSM94138,train,no_cancer
GDS2771,5,6,GSM94139,train,no_cancer
GDS2771,5,6,GSM94140,train,no_cancer
GDS2771,5,6,GSM94141,train,no_cancer
GDS2771,5,6,GSM94142,train,no_cancer
GDS2771,5,6,GSM94143,train,no_cancer
GDS2771,5,6,GSM94144,train,no_cancer
GDS2771,5,6,GSM94145,train,no_cancer
GDS2771,5,6,GSM94146,train,no_cancer
GDS2771,5,6,GSM94148,train,no_cancer
GDS2771,5,6,GSM98785,train,no_cancer
GDS2771,5,6,GSM98787,train,no_cancer
GDS2771,5,6,GSM98788,train,no_cancer
GDS2771,5,6,GSM98789,train,no_cancer
GDS2771,5,6,GSM98791,train,no_cancer
GDS2771,5,6,GSM98792,train,no_cancer
GDS2771,5,6,GSM98793,train,no_cancer
GDS2771,5,6,GSM98794,train,no_cancer
GDS2771,5,6,GSM98795,train,no_cancer
GDS2771,5,6,GSM98796,train,no_cancer
GDS2771,5,6,GSM98797,train,no_cancer
GDS2771,5,6,GSM98798,train,no_cancer
GDS2771,5,6,GSM98799,train,no_cancer
GDS2771,5,6,GSM98800,train,no_cancer
GDS2771,5,6,GSM98801,train,no_cancer
GDS2771,5,6,GSM94019,train,cancer
GDS2771,5,6,GSM94020,train,cancer
GDS2771,5,6,GSM94021,train,cancer
GDS2771,5,6,GSM94022,train,cancer
GDS2771,5,6,GSM94023,train,cancer
GDS2771,5,6,GSM94024,train,cancer
GDS2771,5,6,GSM94025,train,cancer
GDS2771,5,6,GSM94026,train,cancer
GDS2771,5,6,GSM94027,train,cancer
GDS2771,5,6,GSM94028,train,cancer
GDS2771,5,6,GSM94029,train,cancer
GDS2771,5,6,GSM94030,train,cancer
GDS2771,5,6,GSM94031,train,cancer
GDS2771,5,6,GSM94032,train,cancer
GDS2771,5,6,GSM94033,train,cancer
GDS2771,5,6,GSM94034,train,cancer
GDS2771,5,6,GSM94037,train,cancer
GDS2771,5,6,GSM94038,train,cancer
GDS2771,5,6,GSM94040,train,cancer
GDS2771,5,6,GSM94041,train,cancer
GDS2771,5,6,GSM94042,train,cancer
GDS2771,5,6,GSM94043,train,cancer
GDS2771,5,6,GSM94044,train,cancer
GDS2771,5,6,GSM94045,train,cancer
GDS2771,5,6,GSM94046,train,cancer
GDS2771,5,6,GSM94047,train,cancer
GDS2771,5,6,GSM94048,train,cancer
GDS2771,5,6,GSM94049,train,cancer
GDS2771,5,6,GSM94050,train,cancer
GDS2771,5,6,GSM94051,train,cancer
GDS2771,5,6,GSM94052,train,cancer
GDS2771,5,6,GSM94053,train,cancer
GDS2771,5,6,GSM94054,train,cancer
GDS2771,5,6,GSM94055,train,cancer
GDS2771,5,6,GSM94056,train,cancer
GDS2771,5,6,GSM94058,train,cancer
GDS2771,5,6,GSM94059,train,cancer
GDS2771,5,6,GSM94060,train,cancer
GDS2771,5,6,GSM94061,train,cancer
GDS2771,5,6,GSM94062,train,cancer
GDS2771,5,6,GSM94063,train,cancer
GDS2771,5,6,GSM94065,train,cancer
GDS2771,5,6,GSM94066,train,cancer
GDS2771,5,6,GSM94067,train,cancer
GDS2771,5,6,GSM94068,train,cancer
GDS2771,5,6,GSM94069,train,cancer
GDS2771,5,6,GSM94070,train,cancer
GDS2771,5,6,GSM94072,train,cancer
GDS2771,5,6,GSM94074,train,cancer
GDS2771,5,6,GSM94075,train,cancer
GDS2771,5,6,GSM94155,train,cancer
GDS2771,5,6,GSM94156,train,cancer
GDS2771,5,6,GSM94157,train,cancer
GDS2771,5,6,GSM94160,train,cancer
GDS2771,5,6,GSM94162,train,cancer
GDS2771,5,6,GSM94163,train,cancer
GDS2771,5,6,GSM94164,train,cancer
GDS2771,5,6,GSM94165,train,cancer
GDS2771,5,6,GSM94166,train,cancer
GDS2771,5,6,GSM94167,train,cancer
GDS2771,5,6,GSM94168,train,cancer
GDS2771,5,6,GSM94169,train,cancer
GDS2771,5,6,GSM94170,train,cancer
GDS2771,5,6,GSM94171,train,cancer
GDS2771,5,6,GSM94172,train,cancer
GDS2771,5,6,GSM94173,train,cancer
GDS2771,5,6,GSM94174,train,cancer
GDS2771,5,6,GSM94175,train,cancer
GDS2771,5,6,GSM94176,train,cancer
GDS2771,5,6,GSM94178,train,cancer
GDS2771,5,6,GSM98767,train,cancer
GDS2771,5,6,GSM98768,train,cancer
GDS2771,5,6,GSM98769,train,cancer
GDS2771,5,6,GSM98771,train,cancer
GDS2771,5,6,GSM98772,train,cancer
GDS2771,5,6,GSM98773,train,cancer
GDS2771,5,6,GSM98774,train,cancer
GDS2771,5,6,GSM98775,train,cancer
GDS2771,5,6,GSM98776,train,cancer
GDS2771,5,6,GSM98777,train,cancer
GDS2771,5,6,GSM98778,train,cancer
GDS2771,5,6,GSM98779,train,cancer
GDS2771,5,6,GSM98780,train,cancer
GDS2771,5,6,GSM98781,train,cancer
GDS2771,5,6,GSM98782,train,cancer
GDS2771,5,6,GSM98783,train,cancer
GDS2771,5,6,GSM98784,train,cancer
GDS2771,5,6,GSM98871,train,cancer
GDS2771,5,6,GSM98872,train,cancer
GDS2771,5,6,GSM98873,train,cancer
GDS2771,5,6,GSM98874,train,cancer
GDS2771,5,6,GSM98875,train,cancer
GDS2771,5,6,GSM94090,test,no_cancer
GDS2771,5,6,GSM94093,test,no_cancer
GDS2771,5,6,GSM94104,test,no_cancer
GDS2771,5,6,GSM94124,test,no_cancer
GDS2771,5,6,GSM94132,test,no_cancer
GDS2771,5,6,GSM94135,test,no_cancer
GDS2771,5,6,GSM94147,test,no_cancer
GDS2771,5,6,GSM98786,test,no_cancer
GDS2771,5,6,GSM98790,test,no_cancer
GDS2771,5,6,GSM94035,test,cancer
GDS2771,5,6,GSM94036,test,cancer
GDS2771,5,6,GSM94039,test,cancer
GDS2771,5,6,GSM94057,test,cancer
GDS2771,5,6,GSM94064,test,cancer
GDS2771,5,6,GSM94071,test,cancer
GDS2771,5,6,GSM94073,test,cancer
GDS2771,5,6,GSM94161,test,cancer
GDS2771,5,6,GSM94177,test,cancer
GDS2771,5,6,GSM98770,test,cancer
GDS2771,5,7,GSM93997,train,no_cancer
GDS2771,5,7,GSM94077,train,no_cancer
GDS2771,5,7,GSM94078,train,no_cancer
GDS2771,5,7,GSM94079,train,no_cancer
GDS2771,5,7,GSM94081,train,no_cancer
GDS2771,5,7,GSM94082,train,no_cancer
GDS2771,5,7,GSM94083,train,no_cancer
GDS2771,5,7,GSM94084,train,no_cancer
GDS2771,5,7,GSM94085,train,no_cancer
GDS2771,5,7,GSM94086,train,no_cancer
GDS2771,5,7,GSM94087,train,no_cancer
GDS2771,5,7,GSM94088,train,no_cancer
GDS2771,5,7,GSM94089,train,no_cancer
GDS2771,5,7,GSM94090,train,no_cancer
GDS2771,5,7,GSM94091,train,no_cancer
GDS2771,5,7,GSM94092,train,no_cancer
GDS2771,5,7,GSM94093,train,no_cancer
GDS2771,5,7,GSM94094,train,no_cancer
GDS2771,5,7,GSM94095,train,no_cancer
GDS2771,5,7,GSM94096,train,no_cancer
GDS2771,5,7,GSM94097,train,no_cancer
GDS2771,5,7,GSM94098,train,no_cancer
GDS2771,5,7,GSM94099,train,no_cancer
GDS2771,5,7,GSM94100,train,no_cancer
GDS2771,5,7,GSM94101,train,no_cancer
GDS2771,5,7,GSM94102,train,no_cancer
GDS2771,5,7,GSM94103,train,no_cancer
GDS2771,5,7,GSM94104,train,no_cancer
GDS2771,5,7,GSM94105,train,no_cancer
GDS2771,5,7,GSM94106,train,no_cancer
GDS2771,5,7,GSM94107,train,no_cancer
GDS2771,5,7,GSM94108,train,no_cancer
GDS2771,5,7,GSM94109,train,no_cancer
GDS2771,5,7,GSM94110,train,no_cancer
GDS2771,5,7,GSM94111,train,no_cancer
GDS2771,5,7,GSM94113,train,no_cancer
GDS2771,5,7,GSM94114,train,no_cancer
GDS2771,5,7,GSM94115,train,no_cancer
GDS2771,5,7,GSM94116,train,no_cancer
GDS2771,5,7,GSM94117,train,no_cancer
GDS2771,5,7,GSM94118,train,no_cancer
GDS2771,5,7,GSM94119,train,no_cancer
GDS2771,5,7,GSM94120,train,no_cancer
GDS2771,5,7,GSM94121,train,no_cancer
GDS2771,5,7,GSM94122,train,no_cancer
GDS2771,5,7,GSM94123,train,no_cancer
GDS2771,5,7,GSM94124,train,no_cancer
GDS2771,5,7,GSM94126,train,no_cancer
GDS2771,5,7,GSM94127,train,no_cancer
GDS2771,5,7,GSM94129,train,no_cancer
GDS2771,5,7,GSM94131,train,no_cancer
GDS2771,5,7,GSM94132,train,no_cancer
GDS2771,5,7,GSM94133,train,no_cancer
GDS2771,5,7,GSM94134,train,no_cancer
GDS2771,5,7,GSM94135,train,no_cancer
GDS2771,5,7,GSM94136,train,no_cancer
GDS2771,5,7,GSM94138,train,no_cancer
GDS2771,5,7,GSM94139,train,no_cancer
GDS2771,5,7,GSM94140,train,no_cancer
GDS2771,5,7,GSM94141,train,no_cancer
GDS2771,5,7,GSM94142,train,no_cancer
GDS2771,5,7,GSM94143,train,no_cancer
GDS2771,5,7,GSM94144,train,no_cancer
GDS2771,5,7,GSM94145,train,no_cancer
GDS2771,5,7,GSM94146,train,no_cancer
GDS2771,5,7,GSM94147,train,no_cancer
GDS2771,5,7,GSM94148,train,no_cancer
GDS2771,5,7,GSM98785,train,no_cancer
GDS2771,5,7,GSM98786,train,no_cancer
GDS2771,5,7,GSM98787,train,no_cancer
GDS2771,5,7,GSM98788,train,no_cancer
GDS2771,5,7,GSM98790,train,no_cancer
GDS2771,5,7,GSM98791,train,no_cancer
GDS2771,5,7,GSM98792,train,no_cancer
GDS2771,5,7,GSM98794,train,no_cancer
GDS2771,5,7,GSM98795,train,no_cancer
GDS2771,5,7,GSM98796,train,no_cancer
GDS2771,5,7,GSM98797,train,no_cancer
GDS2771,5,7,GSM98798,train,no_cancer
GDS2771,5,7,GSM98799,train,no_cancer
GDS2771,5,7,GSM98801,train,no_cancer
GDS2771,5,7,GSM94019,train,cancer
GDS2771,5,7,GSM94021,train,cancer
GDS2771,5,7,GSM94022,train,cancer
GDS2771,5,7,GSM94023,train,cancer
GDS2771,5,7,GSM94024,train,cancer
GDS2771,5,7,GSM94025,train,cancer
GDS2771,5,7,GSM94026,train,cancer
GDS2771,5,7,GSM94027,train,cancer
GDS2771,5,7,GSM94028,train,cancer
GDS2771,5,7,GSM94030,train,cancer
GDS2771,5,7,GSM94031,train,cancer
GDS2771,5,7,GSM94032,train,cancer
GDS2771,5,7,GSM94033,train,cancer
GDS2771,5,7,GSM94034,train,cancer
GDS2771,5,7,GSM94035,train,cancer
GDS2771,5,7,GSM94036,train,cancer
GDS2771,5,7,GSM94037,train,cancer
GDS2771,5,7,GSM94038,train,cancer
GDS2771,5,7,GSM94039,train,cancer
GDS2771,5,7,GSM94040,train,cancer
GDS2771,5,7,GSM94042,train,cancer
GDS2771,5,7,GSM94043,train,cancer
GDS2771,5,7,GSM94044,train,cancer
GDS2771,5,7,GSM94045,train,cancer
GDS2771,5,7,GSM94046,train,cancer
GDS2771,5,7,GSM94047,train,cancer
GDS2771,5,7,GSM94048,train,cancer
GDS2771,5,7,GSM94049,train,cancer
GDS2771,5,7,GSM94050,train,cancer
GDS2771,5,7,GSM94051,train,cancer
GDS2771,5,7,GSM94052,train,cancer
GDS2771,5,7,GSM94053,train,cancer
GDS2771,5,7,GSM94056,train,cancer
GDS2771,5,7,GSM94057,train,cancer
GDS2771,5,7,GSM94059,train,cancer
GDS2771,5,7,GSM94060,train,cancer
GDS2771,5,7,GSM94061,train,cancer
GDS2771,5,7,GSM94062,train,cancer
GDS2771,5,7,GSM94063,train,cancer
GDS2771,5,7,GSM94064,train,cancer
GDS2771,5,7,GSM94065,train,cancer
GDS2771,5,7,GSM94066,train,cancer
GDS2771,5,7,GSM94067,train,cancer
GDS2771,5,7,GSM94068,train,cancer
GDS2771,5,7,GSM94069,train,cancer
GDS2771,5,7,GSM94070,train,cancer
GDS2771,5,7,GSM94071,train,cancer
GDS2771,5,7,GSM94072,train,cancer
GDS2771,5,7,GSM94073,train,cancer
GDS2771,5,7,GSM94074,train,cancer
GDS2771,5,7,GSM94075,train,cancer
GDS2771,5,7,GSM94155,train,cancer
GDS2771,5,7,GSM94156,train,cancer
GDS2771,5,7,GSM94157,train,cancer
GDS2771,5,7,GSM94160,train,cancer
GDS2771,5,7,GSM94161,train,cancer
GDS2771,5,7,GSM94162,train,cancer
GDS2771,5,7,GSM94163,train,cancer
GDS2771,5,7,GSM94164,train,cancer
GDS2771,5,7,GSM94165,train,cancer
GDS2771,5,7,GSM94167,train,cancer
GDS2771,5,7,GSM94168,train,cancer
GDS2771,5,7,GSM94169,train,cancer
GDS2771,5,7,GSM94170,train,cancer
GDS2771,5,7,GSM94171,train,cancer
GDS2771,5,7,GSM94172,train,cancer
GDS2771,5,7,GSM94173,train,cancer
GDS2771,5,7,GSM94174,train,cancer
GDS2771,5,7,GSM94175,train,cancer
GDS2771,5,7,GSM94176,train,cancer
GDS2771,5,7,GSM94177,train,cancer
GDS2771,5,7,GSM94178,train,cancer
GDS2771,5,7,GSM98767,train,cancer
GDS2771,5,7,GSM98768,train,cancer
GDS2771,5,7,GSM98769,train,cancer
GDS2771,5,7,GSM98770,train,cancer
GDS2771,5,7,GSM98771,train,cancer
GDS2771,5,7,GSM98772,train,cancer
GDS2771,5,7,GSM98775,train,cancer
GDS2771,5,7,GSM98776,train,cancer
GDS2771,5,7,GSM98777,train,cancer
GDS2771,5,7,GSM98778,train,cancer
GDS2771,5,7,GSM98779,train,cancer
GDS2771,5,7,GSM98781,train,cancer
GDS2771,5,7,GSM98782,train,cancer
GDS2771,5,7,GSM98783,train,cancer
GDS2771,5,7,GSM98784,train,cancer
GDS2771,5,7,GSM98871,train,cancer
GDS2771,5,7,GSM98872,train,cancer
GDS2771,5,7,GSM98873,train,cancer
GDS2771,5,7,GSM98874,train,cancer
GDS2771,5,7,GSM98875,train,cancer
GDS2771,5,7,GSM94080,test,no_cancer
GDS2771,5,7,GSM94112,test,no_cancer
GDS2771,5,7,GSM94125,test,no_cancer
GDS2771,5,7,GSM94128,test,no_cancer
GDS2771,5,7,GSM94130,test,no_cancer
GDS2771,5,7,GSM94137,test,no_cancer
GDS2771,5,7,GSM98789,test,no_cancer
GDS2771,5,7,GSM98793,test,no_cancer
GDS2771,5,7,GSM98800,test,no_cancer
GDS2771,5,7,GSM94020,test,cancer
GDS2771,5,7,GSM94029,test,cancer
GDS2771,5,7,GSM94041,test,cancer
GDS2771,5,7,GSM94054,test,cancer
GDS2771,5,7,GSM94055,test,cancer
GDS2771,5,7,GSM94058,test,cancer
GDS2771,5,7,GSM94166,test,cancer
GDS2771,5,7,GSM98773,test,cancer
GDS2771,5,7,GSM98774,test,cancer
GDS2771,5,7,GSM98780,test,cancer
GDS2771,5,8,GSM93997,train,no_cancer
GDS2771,5,8,GSM94077,train,no_cancer
GDS2771,5,8,GSM94079,train,no_cancer
GDS2771,5,8,GSM94080,train,no_cancer
GDS2771,5,8,GSM94081,train,no_cancer
GDS2771,5,8,GSM94082,train,no_cancer
GDS2771,5,8,GSM94084,train,no_cancer
GDS2771,5,8,GSM94085,train,no_cancer
GDS2771,5,8,GSM94086,train,no_cancer
GDS2771,5,8,GSM94087,train,no_cancer
GDS2771,5,8,GSM94088,train,no_cancer
GDS2771,5,8,GSM94089,train,no_cancer
GDS2771,5,8,GSM94090,train,no_cancer
GDS2771,5,8,GSM94091,train,no_cancer
GDS2771,5,8,GSM94092,train,no_cancer
GDS2771,5,8,GSM94093,train,no_cancer
GDS2771,5,8,GSM94094,train,no_cancer
GDS2771,5,8,GSM94095,train,no_cancer
GDS2771,5,8,GSM94096,train,no_cancer
GDS2771,5,8,GSM94097,train,no_cancer
GDS2771,5,8,GSM94098,train,no_cancer
GDS2771,5,8,GSM94099,train,no_cancer
GDS2771,5,8,GSM94100,train,no_cancer
GDS2771,5,8,GSM94101,train,no_cancer
GDS2771,5,8,GSM94102,train,no_cancer
GDS2771,5,8,GSM94103,train,no_cancer
GDS2771,5,8,GSM94104,train,no_cancer
GDS2771,5,8,GSM94105,train,no_cancer
GDS2771,5,8,GSM94106,train,no_cancer
GDS2771,5,8,GSM94107,train,no_cancer
GDS2771,5,8,GSM94108,train,no_cancer
GDS2771,5,8,GSM94111,train,no_cancer
GDS2771,5,8,GSM94112,train,no_cancer
GDS2771,5,8,GSM94113,train,no_cancer
GDS2771,5,8,GSM94114,train,no_cancer
GDS2771,5,8,GSM94115,train,no_cancer
GDS2771,5,8,GSM94116,train,no_cancer
GDS2771,5,8,GSM94117,train,no_cancer
GDS2771,5,8,GSM94119,train,no_cancer
GDS2771,5,8,GSM94121,train,no_cancer
GDS2771,5,8,GSM94122,train,no_cancer
GDS2771,5,8,GSM94123,train,no_cancer
GDS2771,5,8,GSM94124,train,no_cancer
GDS2771,5,8,GSM94125,train,no_cancer
GDS2771,5,8,GSM94126,train,no_cancer
GDS2771,5,8,GSM94128,train,no_cancer
GDS2771,5,8,GSM94129,train,no_cancer
GDS2771,5,8,GSM94130,train,no_cancer
GDS2771,5,8,GSM94131,train,no_cancer
GDS2771,5,8,GSM94132,train,no_cancer
GDS2771,5,8,GSM94133,train,no_cancer
GDS2771,5,8,GSM94134,train,no_cancer
GDS2771,5,8,GSM94135,train,no_cancer
GDS2771,5,8,GSM94136,train,no_cancer
GDS2771,5,8,GSM94137,train,no_cancer
GDS2771,5,8,GSM94138,train,no_cancer
GDS2771,5,8,GSM94139,train,no_cancer
GDS2771,5,8,GSM94140,train,no_cancer
GDS2771,5,8,GSM94141,train,no_cancer
GDS2771,5,8,GSM94142,train,no_cancer
GDS2771,5,8,GSM94143,train,no_cancer
GDS2771,5,8,GSM94144,train,no_cancer
GDS2771,5,8,GSM94145,train,no_cancer
GDS2771,5,8,GSM94146,train,no_cancer
GDS2771,5,8,GSM94147,train,no_cancer
GDS2771,5,8,GSM94148,train,no_cancer
GDS2771,5,8,GSM98786,train,no_cancer
GDS2771,5,8,GSM98787,train,no_cancer
GDS2771,5,8,GSM98788,train,no_cancer
GDS2771,5,8,GSM98789,train,no_cancer
GDS2771,5,8,GSM98790,train,no_cancer
GDS2771,5,8,GSM98791,train,no_cancer
GDS2771,5,8,GSM98792,train,no_cancer
GDS2771,5,8,GSM98793,train,no_cancer
GDS2771,5,8,GSM98794,train,no_cancer
GDS2771,5,8,GSM98795,train,no_cancer
GDS2771,5,8,GSM98796,train,no_cancer
GDS2771,5,8,GSM98797,train,no_cancer
GDS2771,5,8,GSM98798,train,no_cancer
GDS2771,5,8,GSM98799,train,no_cancer
GDS2771,5,8,GSM98800,train,no_cancer
GDS2771,5,8,GSM94019,train,cancer
GDS2771,5,8,GSM94020,train,cancer
GDS2771,5,8,GSM94022,train,cancer
GDS2771,5,8,GSM94023,train,cancer
GDS2771,5,8,GSM94024,train,cancer
GDS2771,5,8,GSM94025,train,cancer
GDS2771,5,8,GSM94026,train,cancer
GDS2771,5,8,GSM94027,train,cancer
GDS2771,5,8,GSM94028,train,cancer
GDS2771,5,8,GSM94029,train,cancer
GDS2771,5,8,GSM94032,train,cancer
GDS2771,5,8,GSM94034,train,cancer
GDS2771,5,8,GSM94035,train,cancer
GDS2771,5,8,GSM94036,train,cancer
GDS2771,5,8,GSM94037,train,cancer
GDS2771,5,8,GSM94038,train,cancer
GDS2771,5,8,GSM94039,train,cancer
GDS2771,5,8,GSM94040,train,cancer
GDS2771,5,8,GSM94041,train,cancer
GDS2771,5,8,GSM94042,train,cancer
GDS2771,5,8,GSM94043,train,cancer
GDS2771,5,8,GSM94044,train,cancer
GDS2771,5,8,GSM94046,train,cancer
GDS2771,5,8,GSM94047,train,cancer
GDS2771,5,8,GSM94048,train,cancer
GDS2771,5,8,GSM94049,train,cancer
GDS2771,5,8,GSM94050,train,cancer
GDS2771,5,8,GSM94051,train,cancer
GDS2771,5,8,GSM94052,train,cancer
GDS2771,5,8,GSM94053,train,cancer
GDS2771,5,8,GSM94054,train,cancer
GDS2771,5,8,GSM94055,train,cancer
GDS2771,5,8,GSM94056,train,cancer
GDS2771,5,8,GSM94057,train,cancer
GDS2771,5,8,GSM94058,train,cancer
GDS2771,5,8,GSM94059,train,cancer
GDS2771,5,8,GSM94060,train,cancer
GDS2771,5,8,GSM94061,train,cancer
GDS2771,5,8,GSM94062,train,cancer
GDS2771,5,8,GSM94063,train,cancer
GDS2771,5,8,GSM94064,train,cancer
GDS2771,5,8,GSM94065,train,cancer
GDS2771,5,8,GSM94067,train,cancer
GDS2771,5,8,GSM94068,train,cancer
GDS2771,5,8,GSM94069,train,cancer
GDS2771,5,8,GSM94070,train,cancer
GDS2771,5,8,GSM94071,train,cancer
GDS2771,5,8,GSM94073,train,cancer
GDS2771,5,8,GSM94074,train,cancer
GDS2771,5,8,GSM94075,train,cancer
GDS2771,5,8,GSM94155,train,cancer
GDS2771,5,8,GSM94156,train,cancer
GDS2771,5,8,GSM94160,train,cancer
GDS2771,5,8,GSM94161,train,cancer
GDS2771,5,8,GSM94162,train,cancer
GDS2771,5,8,GSM94163,train,cancer
GDS2771,5,8,GSM94164,train,cancer
GDS2771,5,8,GSM94165,train,cancer
GDS2771,5,8,GSM94166,train,cancer
GDS2771,5,8,GSM94167,train,cancer
GDS2771,5,8,GSM94168,train,cancer
GDS2771,5,8,GSM94169,train,cancer
GDS2771,5,8,GSM94170,train,cancer
GDS2771,5,8,GSM94171,train,cancer
GDS2771,5,8,GSM94173,train,cancer
GDS2771,5,8,GSM94174,train,cancer
GDS2771,5,8,GSM94176,train,cancer
GDS2771,5,8,GSM94177,train,cancer
GDS2771,5,8,GSM94178,train,cancer
GDS2771,5,8,GSM98767,train,cancer
GDS2771,5,8,GSM98768,train,cancer
GDS2771,5,8,GSM98769,train,cancer
GDS2771,5,8,GSM98770,train,cancer
GDS2771,5,8,GSM98771,train,cancer
GDS2771,5,8,GSM98772,train,cancer
GDS2771,5,8,GSM98773,train,cancer
GDS2771,5,8,GSM98774,train,cancer
GDS2771,5,8,GSM98775,train,cancer
GDS2771,5,8,GSM98776,train,cancer
GDS2771,5,8,GSM98777,train,cancer
GDS2771,5,8,GSM98778,train,cancer
GDS2771,5,8,GSM98779,train,cancer
GDS2771,5,8,GSM98780,train,cancer
GDS2771,5,8,GSM98781,train,cancer
GDS2771,5,8,GSM98782,train,cancer
GDS2771,5,8,GSM98783,train,cancer
GDS2771,5,8,GSM98784,train,cancer
GDS2771,5,8,GSM98871,train,cancer
GDS2771,5,8,GSM98872,train,cancer
GDS2771,5,8,GSM98873,train,cancer
GDS2771,5,8,GSM98874,train,cancer
GDS2771,5,8,GSM98875,train,cancer
GDS2771,5,8,GSM94078,test,no_cancer
GDS2771,5,8,GSM94083,test,no_cancer
GDS2771,5,8,GSM94109,test,no_cancer
GDS2771,5,8,GSM94110,test,no_cancer
GDS2771,5,8,GSM94118,test,no_cancer
GDS2771,5,8,GSM94120,test,no_cancer
GDS2771,5,8,GSM94127,test,no_cancer
GDS2771,5,8,GSM98785,test,no_cancer
GDS2771,5,8,GSM98801,test,no_cancer
GDS2771,5,8,GSM94021,test,cancer
GDS2771,5,8,GSM94030,test,cancer
GDS2771,5,8,GSM94031,test,cancer
GDS2771,5,8,GSM94033,test,cancer
GDS2771,5,8,GSM94045,test,cancer
GDS2771,5,8,GSM94066,test,cancer
GDS2771,5,8,GSM94072,test,cancer
GDS2771,5,8,GSM94157,test,cancer
GDS2771,5,8,GSM94172,test,cancer
GDS2771,5,8,GSM94175,test,cancer
GDS2771,5,9,GSM93997,train,no_cancer
GDS2771,5,9,GSM94077,train,no_cancer
GDS2771,5,9,GSM94078,train,no_cancer
GDS2771,5,9,GSM94079,train,no_cancer
GDS2771,5,9,GSM94080,train,no_cancer
GDS2771,5,9,GSM94081,train,no_cancer
GDS2771,5,9,GSM94082,train,no_cancer
GDS2771,5,9,GSM94083,train,no_cancer
GDS2771,5,9,GSM94084,train,no_cancer
GDS2771,5,9,GSM94085,train,no_cancer
GDS2771,5,9,GSM94086,train,no_cancer
GDS2771,5,9,GSM94087,train,no_cancer
GDS2771,5,9,GSM94088,train,no_cancer
GDS2771,5,9,GSM94089,train,no_cancer
GDS2771,5,9,GSM94090,train,no_cancer
GDS2771,5,9,GSM94091,train,no_cancer
GDS2771,5,9,GSM94092,train,no_cancer
GDS2771,5,9,GSM94093,train,no_cancer
GDS2771,5,9,GSM94094,train,no_cancer
GDS2771,5,9,GSM94096,train,no_cancer
GDS2771,5,9,GSM94097,train,no_cancer
GDS2771,5,9,GSM94098,train,no_cancer
GDS2771,5,9,GSM94099,train,no_cancer
GDS2771,5,9,GSM94100,train,no_cancer
GDS2771,5,9,GSM94101,train,no_cancer
GDS2771,5,9,GSM94102,train,no_cancer
GDS2771,5,9,GSM94103,train,no_cancer
GDS2771,5,9,GSM94104,train,no_cancer
GDS2771,5,9,GSM94105,train,no_cancer
GDS2771,5,9,GSM94106,train,no_cancer
GDS2771,5,9,GSM94108,train,no_cancer
GDS2771,5,9,GSM94109,train,no_cancer
GDS2771,5,9,GSM94110,train,no_cancer
GDS2771,5,9,GSM94112,train,no_cancer
GDS2771,5,9,GSM94113,train,no_cancer
GDS2771,5,9,GSM94114,train,no_cancer
GDS2771,5,9,GSM94116,train,no_cancer
GDS2771,5,9,GSM94117,train,no_cancer
GDS2771,5,9,GSM94118,train,no_cancer
GDS2771,5,9,GSM94119,train,no_cancer
GDS2771,5,9,GSM94120,train,no_cancer
GDS2771,5,9,GSM94121,train,no_cancer
GDS2771,5,9,GSM94122,train,no_cancer
GDS2771,5,9,GSM94124,train,no_cancer
GDS2771,5,9,GSM94125,train,no_cancer
GDS2771,5,9,GSM94126,train,no_cancer
GDS2771,5,9,GSM94127,train,no_cancer
GDS2771,5,9,GSM94128,train,no_cancer
GDS2771,5,9,GSM94130,train,no_cancer
GDS2771,5,9,GSM94131,train,no_cancer
GDS2771,5,9,GSM94132,train,no_cancer
GDS2771,5,9,GSM94134,train,no_cancer
GDS2771,5,9,GSM94135,train,no_cancer
GDS2771,5,9,GSM94136,train,no_cancer
GDS2771,5,9,GSM94137,train,no_cancer
GDS2771,5,9,GSM94138,train,no_cancer
GDS2771,5,9,GSM94139,train,no_cancer
GDS2771,5,9,GSM94141,train,no_cancer
GDS2771,5,9,GSM94142,train,no_cancer
GDS2771,5,9,GSM94143,train,no_cancer
GDS2771,5,9,GSM94144,train,no_cancer
GDS2771,5,9,GSM94145,train,no_cancer
GDS2771,5,9,GSM94146,train,no_cancer
GDS2771,5,9,GSM94147,train,no_cancer
GDS2771,5,9,GSM94148,train,no_cancer
GDS2771,5,9,GSM98785,train,no_cancer
GDS2771,5,9,GSM98786,train,no_cancer
GDS2771,5,9,GSM98787,train,no_cancer
GDS2771,5,9,GSM98788,train,no_cancer
GDS2771,5,9,GSM98789,train,no_cancer
GDS2771,5,9,GSM98790,train,no_cancer
GDS2771,5,9,GSM98791,train,no_cancer
GDS2771,5,9,GSM98792,train,no_cancer
GDS2771,5,9,GSM98793,train,no_cancer
GDS2771,5,9,GSM98794,train,no_cancer
GDS2771,5,9,GSM98796,train,no_cancer
GDS2771,5,9,GSM98797,train,no_cancer
GDS2771,5,9,GSM98798,train,no_cancer
GDS2771,5,9,GSM98799,train,no_cancer
GDS2771,5,9,GSM98800,train,no_cancer
GDS2771,5,9,GSM98801,train,no_cancer
GDS2771,5,9,GSM94020,train,cancer
GDS2771,5,9,GSM94021,train,cancer
GDS2771,5,9,GSM94022,train,cancer
GDS2771,5,9,GSM94023,train,cancer
GDS2771,5,9,GSM94024,train,cancer
GDS2771,5,9,GSM94025,train,cancer
GDS2771,5,9,GSM94026,train,cancer
GDS2771,5,9,GSM94027,train,cancer
GDS2771,5,9,GSM94028,train,cancer
GDS2771,5,9,GSM94029,train,cancer
GDS2771,5,9,GSM94030,train,cancer
GDS2771,5,9,GSM94031,train,cancer
GDS2771,5,9,GSM94032,train,cancer
GDS2771,5,9,GSM94033,train,cancer
GDS2771,5,9,GSM94035,train,cancer
GDS2771,5,9,GSM94036,train,cancer
GDS2771,5,9,GSM94037,train,cancer
GDS2771,5,9,GSM94038,train,cancer
GDS2771,5,9,GSM94039,train,cancer
GDS2771,5,9,GSM94040,train,cancer
GDS2771,5,9,GSM94041,train,cancer
GDS2771,5,9,GSM94042,train,cancer
GDS2771,5,9,GSM94043,train,cancer
GDS2771,5,9,GSM94044,train,cancer
GDS2771,5,9,GSM94045,train,cancer
GDS2771,5,9,GSM94046,train,cancer
GDS2771,5,9,GSM94047,train,cancer
GDS2771,5,9,GSM94048,train,cancer
GDS2771,5,9,GSM94050,train,cancer
GDS2771,5,9,GSM94051,train,cancer
GDS2771,5,9,GSM94052,train,cancer
GDS2771,5,9,GSM94053,train,cancer
GDS2771,5,9,GSM94054,train,cancer
GDS2771,5,9,GSM94055,train,cancer
GDS2771,5,9,GSM94056,train,cancer
GDS2771,5,9,GSM94057,train,cancer
GDS2771,5,9,GSM94058,train,cancer
GDS2771,5,9,GSM94059,train,cancer
GDS2771,5,9,GSM94060,train,cancer
GDS2771,5,9,GSM94061,train,cancer
GDS2771,5,9,GSM94062,train,cancer
GDS2771,5,9,GSM94063,train,cancer
GDS2771,5,9,GSM94064,train,cancer
GDS2771,5,9,GSM94065,train,cancer
GDS2771,5,9,GSM94066,train,cancer
GDS2771,5,9,GSM94067,train,cancer
GDS2771,5,9,GSM94068,train,cancer
GDS2771,5,9,GSM94070,train,cancer
GDS2771,5,9,GSM94071,train,cancer
GDS2771,5,9,GSM94072,train,cancer
GDS2771,5,9,GSM94073,train,cancer
GDS2771,5,9,GSM94074,train,cancer
GDS2771,5,9,GSM94075,train,cancer
GDS2771,5,9,GSM94155,train,cancer
GDS2771,5,9,GSM94157,train,cancer
GDS2771,5,9,GSM94161,train,cancer
GDS2771,5,9,GSM94162,train,cancer
GDS2771,5,9,GSM94163,train,cancer
GDS2771,5,9,GSM94164,train,cancer
GDS2771,5,9,GSM94165,train,cancer
GDS2771,5,9,GSM94166,train,cancer
GDS2771,5,9,GSM94167,train,cancer
GDS2771,5,9,GSM94168,train,cancer
GDS2771,5,9,GSM94170,train,cancer
GDS2771,5,9,GSM94171,train,cancer
GDS2771,5,9,GSM94172,train,cancer
GDS2771,5,9,GSM94173,train,cancer
GDS2771,5,9,GSM94174,train,cancer
GDS2771,5,9,GSM94175,train,cancer
GDS2771,5,9,GSM94176,train,cancer
GDS2771,5,9,GSM94177,train,cancer
GDS2771,5,9,GSM94178,train,cancer
GDS2771,5,9,GSM98767,train,cancer
GDS2771,5,9,GSM98769,train,cancer
GDS2771,5,9,GSM98770,train,cancer
GDS2771,5,9,GSM98771,train,cancer
GDS2771,5,9,GSM98772,train,cancer
GDS2771,5,9,GSM98773,train,cancer
GDS2771,5,9,GSM98774,train,cancer
GDS2771,5,9,GSM98775,train,cancer
GDS2771,5,9,GSM98776,train,cancer
GDS2771,5,9,GSM98779,train,cancer
GDS2771,5,9,GSM98780,train,cancer
GDS2771,5,9,GSM98781,train,cancer
GDS2771,5,9,GSM98782,train,cancer
GDS2771,5,9,GSM98783,train,cancer
GDS2771,5,9,GSM98784,train,cancer
GDS2771,5,9,GSM98871,train,cancer
GDS2771,5,9,GSM98872,train,cancer
GDS2771,5,9,GSM98873,train,cancer
GDS2771,5,9,GSM98874,train,cancer
GDS2771,5,9,GSM98875,train,cancer
GDS2771,5,9,GSM94095,test,no_cancer
GDS2771,5,9,GSM94107,test,no_cancer
GDS2771,5,9,GSM94111,test,no_cancer
GDS2771,5,9,GSM94115,test,no_cancer
GDS2771,5,9,GSM94123,test,no_cancer
GDS2771,5,9,GSM94129,test,no_cancer
GDS2771,5,9,GSM94133,test,no_cancer
GDS2771,5,9,GSM94140,test,no_cancer
GDS2771,5,9,GSM98795,test,no_cancer
GDS2771,5,9,GSM94019,test,cancer
GDS2771,5,9,GSM94034,test,cancer
GDS2771,5,9,GSM94049,test,cancer
GDS2771,5,9,GSM94069,test,cancer
GDS2771,5,9,GSM94156,test,cancer
GDS2771,5,9,GSM94160,test,cancer
GDS2771,5,9,GSM94169,test,cancer
GDS2771,5,9,GSM98768,test,cancer
GDS2771,5,9,GSM98777,test,cancer
GDS2771,5,9,GSM98778,test,cancer
GDS2771,5,10,GSM93997,train,no_cancer
GDS2771,5,10,GSM94077,train,no_cancer
GDS2771,5,10,GSM94078,train,no_cancer
GDS2771,5,10,GSM94079,train,no_cancer
GDS2771,5,10,GSM94080,train,no_cancer
GDS2771,5,10,GSM94081,train,no_cancer
GDS2771,5,10,GSM94082,train,no_cancer
GDS2771,5,10,GSM94083,train,no_cancer
GDS2771,5,10,GSM94086,train,no_cancer
GDS2771,5,10,GSM94087,train,no_cancer
GDS2771,5,10,GSM94088,train,no_cancer
GDS2771,5,10,GSM94089,train,no_cancer
GDS2771,5,10,GSM94090,train,no_cancer
GDS2771,5,10,GSM94091,train,no_cancer
GDS2771,5,10,GSM94092,train,no_cancer
GDS2771,5,10,GSM94093,train,no_cancer
GDS2771,5,10,GSM94095,train,no_cancer
GDS2771,5,10,GSM94097,train,no_cancer
GDS2771,5,10,GSM94098,train,no_cancer
GDS2771,5,10,GSM94100,train,no_cancer
GDS2771,5,10,GSM94101,train,no_cancer
GDS2771,5,10,GSM94103,train,no_cancer
GDS2771,5,10,GSM94104,train,no_cancer
GDS2771,5,10,GSM94105,train,no_cancer
GDS2771,5,10,GSM94106,train,no_cancer
GDS2771,5,10,GSM94107,train,no_cancer
GDS2771,5,10,GSM94109,train,no_cancer
GDS2771,5,10,GSM94110,train,no_cancer
GDS2771,5,10,GSM94111,train,no_cancer
GDS2771,5,10,GSM94112,train,no_cancer
GDS2771,5,10,GSM94113,train,no_cancer
GDS2771,5,10,GSM94114,train,no_cancer
GDS2771,5,10,GSM94115,train,no_cancer
GDS2771,5,10,GSM94116,train,no_cancer
GDS2771,5,10,GSM94117,train,no_cancer
GDS2771,5,10,GSM94118,train,no_cancer
GDS2771,5,10,GSM94119,train,no_cancer
GDS2771,5,10,GSM94120,train,no_cancer
GDS2771,5,10,GSM94121,train,no_cancer
GDS2771,5,10,GSM94122,train,no_cancer
GDS2771,5,10,GSM94123,train,no_cancer
GDS2771,5,10,GSM94124,train,no_cancer
GDS2771,5,10,GSM94125,train,no_cancer
GDS2771,5,10,GSM94126,train,no_cancer
GDS2771,5,10,GSM94127,train,no_cancer
GDS2771,5,10,GSM94128,train,no_cancer
GDS2771,5,10,GSM94129,train,no_cancer
GDS2771,5,10,GSM94130,train,no_cancer
GDS2771,5,10,GSM94131,train,no_cancer
GDS2771,5,10,GSM94132,train,no_cancer
GDS2771,5,10,GSM94133,train,no_cancer
GDS2771,5,10,GSM94134,train,no_cancer
GDS2771,5,10,GSM94135,train,no_cancer
GDS2771,5,10,GSM94137,train,no_cancer
GDS2771,5,10,GSM94138,train,no_cancer
GDS2771,5,10,GSM94139,train,no_cancer
GDS2771,5,10,GSM94140,train,no_cancer
GDS2771,5,10,GSM94141,train,no_cancer
GDS2771,5,10,GSM94142,train,no_cancer
GDS2771,5,10,GSM94143,train,no_cancer
GDS2771,5,10,GSM94144,train,no_cancer
GDS2771,5,10,GSM94145,train,no_cancer
GDS2771,5,10,GSM94146,train,no_cancer
GDS2771,5,10,GSM94147,train,no_cancer
GDS2771,5,10,GSM94148,train,no_cancer
GDS2771,5,10,GSM98785,train,no_cancer
GDS2771,5,10,GSM98786,train,no_cancer
GDS2771,5,10,GSM98787,train,no_cancer
GDS2771,5,10,GSM98788,train,no_cancer
GDS2771,5,10,GSM98789,train,no_cancer
GDS2771,5,10,GSM98790,train,no_cancer
GDS2771,5,10,GSM98792,train,no_cancer
GDS2771,5,10,GSM98793,train,no_cancer
GDS2771,5,10,GSM98794,train,no_cancer
GDS2771,5,10,GSM98795,train,no_cancer
GDS2771,5,10,GSM98796,train,no_cancer
GDS2771,5,10,GSM98797,train,no_cancer
GDS2771,5,10,GSM98798,train,no_cancer
GDS2771,5,10,GSM98799,train,no_cancer
GDS2771,5,10,GSM98800,train,no_cancer
GDS2771,5,10,GSM98801,train,no_cancer
GDS2771,5,10,GSM94019,train,cancer
GDS2771,5,10,GSM94020,train,cancer
GDS2771,5,10,GSM94021,train,cancer
GDS2771,5,10,GSM94022,train,cancer
GDS2771,5,10,GSM94023,train,cancer
GDS2771,5,10,GSM94024,train,cancer
GDS2771,5,10,GSM94025,train,cancer
GDS2771,5,10,GSM94026,train,cancer
GDS2771,5,10,GSM94027,train,cancer
GDS2771,5,10,GSM94028,train,cancer
GDS2771,5,10,GSM94029,train,cancer
GDS2771,5,10,GSM94030,train,cancer
GDS2771,5,10,GSM94031,train,cancer
GDS2771,5,10,GSM94032,train,cancer
GDS2771,5,10,GSM94033,train,cancer
GDS2771,5,10,GSM94034,train,cancer
GDS2771,5,10,GSM94035,train,cancer
GDS2771,5,10,GSM94036,train,cancer
GDS2771,5,10,GSM94037,train,cancer
GDS2771,5,10,GSM94038,train,cancer
GDS2771,5,10,GSM94039,train,cancer
GDS2771,5,10,GSM94040,train,cancer
GDS2771,5,10,GSM94041,train,cancer
GDS2771,5,10,GSM94042,train,cancer
GDS2771,5,10,GSM94043,train,cancer
GDS2771,5,10,GSM94044,train,cancer
GDS2771,5,10,GSM94045,train,cancer
GDS2771,5,10,GSM94046,train,cancer
GDS2771,5,10,GSM94048,train,cancer
GDS2771,5,10,GSM94049,train,cancer
GDS2771,5,10,GSM94050,train,cancer
GDS2771,5,10,GSM94051,train,cancer
GDS2771,5,10,GSM94052,train,cancer
GDS2771,5,10,GSM94053,train,cancer
GDS2771,5,10,GSM94054,train,cancer
GDS2771,5,10,GSM94055,train,cancer
GDS2771,5,10,GSM94056,train,cancer
GDS2771,5,10,GSM94057,train,cancer
GDS2771,5,10,GSM94058,train,cancer
GDS2771,5,10,GSM94059,train,cancer
GDS2771,5,10,GSM94060,train,cancer
GDS2771,5,10,GSM94061,train,cancer
GDS2771,5,10,GSM94062,train,cancer
GDS2771,5,10,GSM94063,train,cancer
GDS2771,5,10,GSM94064,train,cancer
GDS2771,5,10,GSM94065,train,cancer
GDS2771,5,10,GSM94066,train,cancer
GDS2771,5,10,GSM94067,train,cancer
GDS2771,5,10,GSM94068,train,cancer
GDS2771,5,10,GSM94069,train,cancer
GDS2771,5,10,GSM94071,train,cancer
GDS2771,5,10,GSM94072,train,cancer
GDS2771,5,10,GSM94073,train,cancer
GDS2771,5,10,GSM94074,train,cancer
GDS2771,5,10,GSM94075,train,cancer
GDS2771,5,10,GSM94155,train,cancer
GDS2771,5,10,GSM94156,train,cancer
GDS2771,5,10,GSM94157,train,cancer
GDS2771,5,10,GSM94160,train,cancer
GDS2771,5,10,GSM94161,train,cancer
GDS2771,5,10,GSM94163,train,cancer
GDS2771,5,10,GSM94165,train,cancer
GDS2771,5,10,GSM94166,train,cancer
GDS2771,5,10,GSM94167,train,cancer
GDS2771,5,10,GSM94168,train,cancer
GDS2771,5,10,GSM94169,train,cancer
GDS2771,5,10,GSM94170,train,cancer
GDS2771,5,10,GSM94171,train,cancer
GDS2771,5,10,GSM94172,train,cancer
GDS2771,5,10,GSM94175,train,cancer
GDS2771,5,10,GSM94176,train,cancer
GDS2771,5,10,GSM94177,train,cancer
GDS2771,5,10,GSM94178,train,cancer
GDS2771,5,10,GSM98768,train,cancer
GDS2771,5,10,GSM98770,train,cancer
GDS2771,5,10,GSM98771,train,cancer
GDS2771,5,10,GSM98772,train,cancer
GDS2771,5,10,GSM98773,train,cancer
GDS2771,5,10,GSM98774,train,cancer
GDS2771,5,10,GSM98776,train,cancer
GDS2771,5,10,GSM98777,train,cancer
GDS2771,5,10,GSM98778,train,cancer
GDS2771,5,10,GSM98779,train,cancer
GDS2771,5,10,GSM98780,train,cancer
GDS2771,5,10,GSM98781,train,cancer
GDS2771,5,10,GSM98783,train,cancer
GDS2771,5,10,GSM98784,train,cancer
GDS2771,5,10,GSM98871,train,cancer
GDS2771,5,10,GSM98872,train,cancer
GDS2771,5,10,GSM98873,train,cancer
GDS2771,5,10,GSM98874,train,cancer
GDS2771,5,10,GSM98875,train,cancer
GDS2771,5,10,GSM94084,test,no_cancer
GDS2771,5,10,GSM94085,test,no_cancer
GDS2771,5,10,GSM94094,test,no_cancer
GDS2771,5,10,GSM94096,test,no_cancer
GDS2771,5,10,GSM94099,test,no_cancer
GDS2771,5,10,GSM94102,test,no_cancer
GDS2771,5,10,GSM94108,test,no_cancer
GDS2771,5,10,GSM94136,test,no_cancer
GDS2771,5,10,GSM98791,test,no_cancer
GDS2771,5,10,GSM94047,test,cancer
GDS2771,5,10,GSM94070,test,cancer
GDS2771,5,10,GSM94162,test,cancer
GDS2771,5,10,GSM94164,test,cancer
GDS2771,5,10,GSM94173,test,cancer
GDS2771,5,10,GSM94174,test,cancer
GDS2771,5,10,GSM98767,test,cancer
GDS2771,5,10,GSM98769,test,cancer
GDS2771,5,10,GSM98775,test,cancer
GDS2771,5,10,GSM98782,test,cancer
GDS2771,6,1,GSM93997,train,no_cancer
GDS2771,6,1,GSM94077,train,no_cancer
GDS2771,6,1,GSM94078,train,no_cancer
GDS2771,6,1,GSM94080,train,no_cancer
GDS2771,6,1,GSM94081,train,no_cancer
GDS2771,6,1,GSM94082,train,no_cancer
GDS2771,6,1,GSM94083,train,no_cancer
GDS2771,6,1,GSM94084,train,no_cancer
GDS2771,6,1,GSM94085,train,no_cancer
GDS2771,6,1,GSM94086,train,no_cancer
GDS2771,6,1,GSM94087,train,no_cancer
GDS2771,6,1,GSM94089,train,no_cancer
GDS2771,6,1,GSM94090,train,no_cancer
GDS2771,6,1,GSM94091,train,no_cancer
GDS2771,6,1,GSM94092,train,no_cancer
GDS2771,6,1,GSM94093,train,no_cancer
GDS2771,6,1,GSM94094,train,no_cancer
GDS2771,6,1,GSM94095,train,no_cancer
GDS2771,6,1,GSM94096,train,no_cancer
GDS2771,6,1,GSM94097,train,no_cancer
GDS2771,6,1,GSM94098,train,no_cancer
GDS2771,6,1,GSM94099,train,no_cancer
GDS2771,6,1,GSM94100,train,no_cancer
GDS2771,6,1,GSM94101,train,no_cancer
GDS2771,6,1,GSM94102,train,no_cancer
GDS2771,6,1,GSM94103,train,no_cancer
GDS2771,6,1,GSM94104,train,no_cancer
GDS2771,6,1,GSM94106,train,no_cancer
GDS2771,6,1,GSM94107,train,no_cancer
GDS2771,6,1,GSM94108,train,no_cancer
GDS2771,6,1,GSM94110,train,no_cancer
GDS2771,6,1,GSM94111,train,no_cancer
GDS2771,6,1,GSM94112,train,no_cancer
GDS2771,6,1,GSM94113,train,no_cancer
GDS2771,6,1,GSM94114,train,no_cancer
GDS2771,6,1,GSM94115,train,no_cancer
GDS2771,6,1,GSM94116,train,no_cancer
GDS2771,6,1,GSM94117,train,no_cancer
GDS2771,6,1,GSM94118,train,no_cancer
GDS2771,6,1,GSM94120,train,no_cancer
GDS2771,6,1,GSM94121,train,no_cancer
GDS2771,6,1,GSM94122,train,no_cancer
GDS2771,6,1,GSM94123,train,no_cancer
GDS2771,6,1,GSM94124,train,no_cancer
GDS2771,6,1,GSM94125,train,no_cancer
GDS2771,6,1,GSM94127,train,no_cancer
GDS2771,6,1,GSM94129,train,no_cancer
GDS2771,6,1,GSM94130,train,no_cancer
GDS2771,6,1,GSM94131,train,no_cancer
GDS2771,6,1,GSM94132,train,no_cancer
GDS2771,6,1,GSM94133,train,no_cancer
GDS2771,6,1,GSM94134,train,no_cancer
GDS2771,6,1,GSM94135,train,no_cancer
GDS2771,6,1,GSM94136,train,no_cancer
GDS2771,6,1,GSM94137,train,no_cancer
GDS2771,6,1,GSM94138,train,no_cancer
GDS2771,6,1,GSM94139,train,no_cancer
GDS2771,6,1,GSM94140,train,no_cancer
GDS2771,6,1,GSM94141,train,no_cancer
GDS2771,6,1,GSM94142,train,no_cancer
GDS2771,6,1,GSM94143,train,no_cancer
GDS2771,6,1,GSM94145,train,no_cancer
GDS2771,6,1,GSM94146,train,no_cancer
GDS2771,6,1,GSM94147,train,no_cancer
GDS2771,6,1,GSM94148,train,no_cancer
GDS2771,6,1,GSM98785,train,no_cancer
GDS2771,6,1,GSM98787,train,no_cancer
GDS2771,6,1,GSM98788,train,no_cancer
GDS2771,6,1,GSM98789,train,no_cancer
GDS2771,6,1,GSM98790,train,no_cancer
GDS2771,6,1,GSM98791,train,no_cancer
GDS2771,6,1,GSM98792,train,no_cancer
GDS2771,6,1,GSM98793,train,no_cancer
GDS2771,6,1,GSM98794,train,no_cancer
GDS2771,6,1,GSM98795,train,no_cancer
GDS2771,6,1,GSM98796,train,no_cancer
GDS2771,6,1,GSM98797,train,no_cancer
GDS2771,6,1,GSM98798,train,no_cancer
GDS2771,6,1,GSM98799,train,no_cancer
GDS2771,6,1,GSM98800,train,no_cancer
GDS2771,6,1,GSM98801,train,no_cancer
GDS2771,6,1,GSM94019,train,cancer
GDS2771,6,1,GSM94020,train,cancer
GDS2771,6,1,GSM94022,train,cancer
GDS2771,6,1,GSM94023,train,cancer
GDS2771,6,1,GSM94024,train,cancer
GDS2771,6,1,GSM94025,train,cancer
GDS2771,6,1,GSM94026,train,cancer
GDS2771,6,1,GSM94027,train,cancer
GDS2771,6,1,GSM94028,train,cancer
GDS2771,6,1,GSM94029,train,cancer
GDS2771,6,1,GSM94030,train,cancer
GDS2771,6,1,GSM94031,train,cancer
GDS2771,6,1,GSM94032,train,cancer
GDS2771,6,1,GSM94033,train,cancer
GDS2771,6,1,GSM94034,train,cancer
GDS2771,6,1,GSM94035,train,cancer
GDS2771,6,1,GSM94036,train,cancer
GDS2771,6,1,GSM94037,train,cancer
GDS2771,6,1,GSM94038,train,cancer
GDS2771,6,1,GSM94039,train,cancer
GDS2771,6,1,GSM94040,train,cancer
GDS2771,6,1,GSM94041,train,cancer
GDS2771,6,1,GSM94042,train,cancer
GDS2771,6,1,GSM94043,train,cancer
GDS2771,6,1,GSM94044,train,cancer
GDS2771,6,1,GSM94046,train,cancer
GDS2771,6,1,GSM94047,train,cancer
GDS2771,6,1,GSM94048,train,cancer
GDS2771,6,1,GSM94049,train,cancer
GDS2771,6,1,GSM94050,train,cancer
GDS2771,6,1,GSM94051,train,cancer
GDS2771,6,1,GSM94052,train,cancer
GDS2771,6,1,GSM94054,train,cancer
GDS2771,6,1,GSM94055,train,cancer
GDS2771,6,1,GSM94056,train,cancer
GDS2771,6,1,GSM94057,train,cancer
GDS2771,6,1,GSM94058,train,cancer
GDS2771,6,1,GSM94059,train,cancer
GDS2771,6,1,GSM94060,train,cancer
GDS2771,6,1,GSM94061,train,cancer
GDS2771,6,1,GSM94062,train,cancer
GDS2771,6,1,GSM94064,train,cancer
GDS2771,6,1,GSM94065,train,cancer
GDS2771,6,1,GSM94066,train,cancer
GDS2771,6,1,GSM94068,train,cancer
GDS2771,6,1,GSM94070,train,cancer
GDS2771,6,1,GSM94071,train,cancer
GDS2771,6,1,GSM94072,train,cancer
GDS2771,6,1,GSM94073,train,cancer
GDS2771,6,1,GSM94074,train,cancer
GDS2771,6,1,GSM94155,train,cancer
GDS2771,6,1,GSM94156,train,cancer
GDS2771,6,1,GSM94160,train,cancer
GDS2771,6,1,GSM94161,train,cancer
GDS2771,6,1,GSM94162,train,cancer
GDS2771,6,1,GSM94163,train,cancer
GDS2771,6,1,GSM94164,train,cancer
GDS2771,6,1,GSM94165,train,cancer
GDS2771,6,1,GSM94166,train,cancer
GDS2771,6,1,GSM94167,train,cancer
GDS2771,6,1,GSM94168,train,cancer
GDS2771,6,1,GSM94169,train,cancer
GDS2771,6,1,GSM94170,train,cancer
GDS2771,6,1,GSM94171,train,cancer
GDS2771,6,1,GSM94172,train,cancer
GDS2771,6,1,GSM94173,train,cancer
GDS2771,6,1,GSM94174,train,cancer
GDS2771,6,1,GSM94175,train,cancer
GDS2771,6,1,GSM94176,train,cancer
GDS2771,6,1,GSM94177,train,cancer
GDS2771,6,1,GSM94178,train,cancer
GDS2771,6,1,GSM98768,train,cancer
GDS2771,6,1,GSM98769,train,cancer
GDS2771,6,1,GSM98771,train,cancer
GDS2771,6,1,GSM98772,train,cancer
GDS2771,6,1,GSM98773,train,cancer
GDS2771,6,1,GSM98774,train,cancer
GDS2771,6,1,GSM98775,train,cancer
GDS2771,6,1,GSM98776,train,cancer
GDS2771,6,1,GSM98777,train,cancer
GDS2771,6,1,GSM98778,train,cancer
GDS2771,6,1,GSM98779,train,cancer
GDS2771,6,1,GSM98780,train,cancer
GDS2771,6,1,GSM98782,train,cancer
GDS2771,6,1,GSM98783,train,cancer
GDS2771,6,1,GSM98784,train,cancer
GDS2771,6,1,GSM98871,train,cancer
GDS2771,6,1,GSM98872,train,cancer
GDS2771,6,1,GSM98873,train,cancer
GDS2771,6,1,GSM98874,train,cancer
GDS2771,6,1,GSM98875,train,cancer
GDS2771,6,1,GSM94079,test,no_cancer
GDS2771,6,1,GSM94088,test,no_cancer
GDS2771,6,1,GSM94105,test,no_cancer
GDS2771,6,1,GSM94109,test,no_cancer
GDS2771,6,1,GSM94119,test,no_cancer
GDS2771,6,1,GSM94126,test,no_cancer
GDS2771,6,1,GSM94128,test,no_cancer
GDS2771,6,1,GSM94144,test,no_cancer
GDS2771,6,1,GSM98786,test,no_cancer
GDS2771,6,1,GSM94021,test,cancer
GDS2771,6,1,GSM94045,test,cancer
GDS2771,6,1,GSM94053,test,cancer
GDS2771,6,1,GSM94063,test,cancer
GDS2771,6,1,GSM94067,test,cancer
GDS2771,6,1,GSM94069,test,cancer
GDS2771,6,1,GSM94075,test,cancer
GDS2771,6,1,GSM94157,test,cancer
GDS2771,6,1,GSM98767,test,cancer
GDS2771,6,1,GSM98770,test,cancer
GDS2771,6,1,GSM98781,test,cancer
GDS2771,6,2,GSM94077,train,no_cancer
GDS2771,6,2,GSM94078,train,no_cancer
GDS2771,6,2,GSM94079,train,no_cancer
GDS2771,6,2,GSM94080,train,no_cancer
GDS2771,6,2,GSM94082,train,no_cancer
GDS2771,6,2,GSM94083,train,no_cancer
GDS2771,6,2,GSM94084,train,no_cancer
GDS2771,6,2,GSM94085,train,no_cancer
GDS2771,6,2,GSM94086,train,no_cancer
GDS2771,6,2,GSM94087,train,no_cancer
GDS2771,6,2,GSM94088,train,no_cancer
GDS2771,6,2,GSM94089,train,no_cancer
GDS2771,6,2,GSM94090,train,no_cancer
GDS2771,6,2,GSM94091,train,no_cancer
GDS2771,6,2,GSM94093,train,no_cancer
GDS2771,6,2,GSM94094,train,no_cancer
GDS2771,6,2,GSM94096,train,no_cancer
GDS2771,6,2,GSM94097,train,no_cancer
GDS2771,6,2,GSM94098,train,no_cancer
GDS2771,6,2,GSM94099,train,no_cancer
GDS2771,6,2,GSM94101,train,no_cancer
GDS2771,6,2,GSM94102,train,no_cancer
GDS2771,6,2,GSM94103,train,no_cancer
GDS2771,6,2,GSM94104,train,no_cancer
GDS2771,6,2,GSM94105,train,no_cancer
GDS2771,6,2,GSM94106,train,no_cancer
GDS2771,6,2,GSM94108,train,no_cancer
GDS2771,6,2,GSM94109,train,no_cancer
GDS2771,6,2,GSM94110,train,no_cancer
GDS2771,6,2,GSM94111,train,no_cancer
GDS2771,6,2,GSM94112,train,no_cancer
GDS2771,6,2,GSM94113,train,no_cancer
GDS2771,6,2,GSM94114,train,no_cancer
GDS2771,6,2,GSM94115,train,no_cancer
GDS2771,6,2,GSM94116,train,no_cancer
GDS2771,6,2,GSM94117,train,no_cancer
GDS2771,6,2,GSM94118,train,no_cancer
GDS2771,6,2,GSM94119,train,no_cancer
GDS2771,6,2,GSM94120,train,no_cancer
GDS2771,6,2,GSM94121,train,no_cancer
GDS2771,6,2,GSM94122,train,no_cancer
GDS2771,6,2,GSM94123,train,no_cancer
GDS2771,6,2,GSM94124,train,no_cancer
GDS2771,6,2,GSM94125,train,no_cancer
GDS2771,6,2,GSM94126,train,no_cancer
GDS2771,6,2,GSM94127,train,no_cancer
GDS2771,6,2,GSM94128,train,no_cancer
GDS2771,6,2,GSM94129,train,no_cancer
GDS2771,6,2,GSM94130,train,no_cancer
GDS2771,6,2,GSM94131,train,no_cancer
GDS2771,6,2,GSM94132,train,no_cancer
GDS2771,6,2,GSM94133,train,no_cancer
GDS2771,6,2,GSM94134,train,no_cancer
GDS2771,6,2,GSM94136,train,no_cancer
GDS2771,6,2,GSM94137,train,no_cancer
GDS2771,6,2,GSM94138,train,no_cancer
GDS2771,6,2,GSM94139,train,no_cancer
GDS2771,6,2,GSM94140,train,no_cancer
GDS2771,6,2,GSM94142,train,no_cancer
GDS2771,6,2,GSM94143,train,no_cancer
GDS2771,6,2,GSM94144,train,no_cancer
GDS2771,6,2,GSM94145,train,no_cancer
GDS2771,6,2,GSM94146,train,no_cancer
GDS2771,6,2,GSM94147,train,no_cancer
GDS2771,6,2,GSM94148,train,no_cancer
GDS2771,6,2,GSM98785,train,no_cancer
GDS2771,6,2,GSM98786,train,no_cancer
GDS2771,6,2,GSM98787,train,no_cancer
GDS2771,6,2,GSM98788,train,no_cancer
GDS2771,6,2,GSM98789,train,no_cancer
GDS2771,6,2,GSM98790,train,no_cancer
GDS2771,6,2,GSM98791,train,no_cancer
GDS2771,6,2,GSM98792,train,no_cancer
GDS2771,6,2,GSM98793,train,no_cancer
GDS2771,6,2,GSM98794,train,no_cancer
GDS2771,6,2,GSM98795,train,no_cancer
GDS2771,6,2,GSM98796,train,no_cancer
GDS2771,6,2,GSM98798,train,no_cancer
GDS2771,6,2,GSM98799,train,no_cancer
GDS2771,6,2,GSM98800,train,no_cancer
GDS2771,6,2,GSM98801,train,no_cancer
GDS2771,6,2,GSM94019,train,cancer
GDS2771,6,2,GSM94021,train,cancer
GDS2771,6,2,GSM94022,train,cancer
GDS2771,6,2,GSM94023,train,cancer
GDS2771,6,2,GSM94024,train,cancer
GDS2771,6,2,GSM94025,train,cancer
GDS2771,6,2,GSM94026,train,cancer
GDS2771,6,2,GSM94027,train,cancer
GDS2771,6,2,GSM94028,train,cancer
GDS2771,6,2,GSM94029,train,cancer
GDS2771,6,2,GSM94030,train,cancer
GDS2771,6,2,GSM94031,train,cancer
GDS2771,6,2,GSM94032,train,cancer
GDS2771,6,2,GSM94033,train,cancer
GDS2771,6,2,GSM94034,train,cancer
GDS2771,6,2,GSM94035,train,cancer
GDS2771,6,2,GSM94036,train,cancer
GDS2771,6,2,GSM94039,train,cancer
GDS2771,6,2,GSM94040,train,cancer
GDS2771,6,2,GSM94041,train,cancer
GDS2771,6,2,GSM94042,train,cancer
GDS2771,6,2,GSM94043,train,cancer
GDS2771,6,2,GSM94044,train,cancer
GDS2771,6,2,GSM94045,train,cancer
GDS2771,6,2,GSM94046,train,cancer
GDS2771,6,2,GSM94047,train,cancer
GDS2771,6,2,GSM94048,train,cancer
GDS2771,6,2,GSM94049,train,cancer
GDS2771,6,2,GSM94050,train,cancer
GDS2771,6,2,GSM94052,train,cancer
GDS2771,6,2,GSM94053,train,cancer
GDS2771,6,2,GSM94054,train,cancer
GDS2771,6,2,GSM94056,train,cancer
GDS2771,6,2,GSM94057,train,cancer
GDS2771,6,2,GSM94058,train,cancer
GDS2771,6,2,GSM94059,train,cancer
GDS2771,6,2,GSM94062,train,cancer
GDS2771,6,2,GSM94063,train,cancer
GDS2771,6,2,GSM94064,train,cancer
GDS2771,6,2,GSM94065,train,cancer
GDS2771,6,2,GSM94066,train,cancer
GDS2771,6,2,GSM94067,train,cancer
GDS2771,6,2,GSM94069,train,cancer
GDS2771,6,2,GSM94070,train,cancer
GDS2771,6,2,GSM94071,train,cancer
GDS2771,6,2,GSM94072,train,cancer
GDS2771,6,2,GSM94073,train,cancer
GDS2771,6,2,GSM94074,train,cancer
GDS2771,6,2,GSM94075,train,cancer
GDS2771,6,2,GSM94155,train,cancer
GDS2771,6,2,GSM94156,train,cancer
GDS2771,6,2,GSM94157,train,cancer
GDS2771,6,2,GSM94160,train,cancer
GDS2771,6,2,GSM94161,train,cancer
GDS2771,6,2,GSM94162,train,cancer
GDS2771,6,2,GSM94163,train,cancer
GDS2771,6,2,GSM94164,train,cancer
GDS2771,6,2,GSM94165,train,cancer
GDS2771,6,2,GSM94166,train,cancer
GDS2771,6,2,GSM94167,train,cancer
GDS2771,6,2,GSM94168,train,cancer
GDS2771,6,2,GSM94169,train,cancer
GDS2771,6,2,GSM94171,train,cancer
GDS2771,6,2,GSM94172,train,cancer
GDS2771,6,2,GSM94173,train,cancer
GDS2771,6,2,GSM94175,train,cancer
GDS2771,6,2,GSM94176,train,cancer
GDS2771,6,2,GSM94177,train,cancer
GDS2771,6,2,GSM94178,train,cancer
GDS2771,6,2,GSM98767,train,cancer
GDS2771,6,2,GSM98768,train,cancer
GDS2771,6,2,GSM98769,train,cancer
GDS2771,6,2,GSM98770,train,cancer
GDS2771,6,2,GSM98771,train,cancer
GDS2771,6,2,GSM98772,train,cancer
GDS2771,6,2,GSM98773,train,cancer
GDS2771,6,2,GSM98774,train,cancer
GDS2771,6,2,GSM98775,train,cancer
GDS2771,6,2,GSM98776,train,cancer
GDS2771,6,2,GSM98777,train,cancer
GDS2771,6,2,GSM98778,train,cancer
GDS2771,6,2,GSM98779,train,cancer
GDS2771,6,2,GSM98780,train,cancer
GDS2771,6,2,GSM98781,train,cancer
GDS2771,6,2,GSM98782,train,cancer
GDS2771,6,2,GSM98783,train,cancer
GDS2771,6,2,GSM98784,train,cancer
GDS2771,6,2,GSM98871,train,cancer
GDS2771,6,2,GSM98872,train,cancer
GDS2771,6,2,GSM98873,train,cancer
GDS2771,6,2,GSM98874,train,cancer
GDS2771,6,2,GSM93997,test,no_cancer
GDS2771,6,2,GSM94081,test,no_cancer
GDS2771,6,2,GSM94092,test,no_cancer
GDS2771,6,2,GSM94095,test,no_cancer
GDS2771,6,2,GSM94100,test,no_cancer
GDS2771,6,2,GSM94107,test,no_cancer
GDS2771,6,2,GSM94135,test,no_cancer
GDS2771,6,2,GSM94141,test,no_cancer
GDS2771,6,2,GSM98797,test,no_cancer
GDS2771,6,2,GSM94020,test,cancer
GDS2771,6,2,GSM94037,test,cancer
GDS2771,6,2,GSM94038,test,cancer
GDS2771,6,2,GSM94051,test,cancer
GDS2771,6,2,GSM94055,test,cancer
GDS2771,6,2,GSM94060,test,cancer
GDS2771,6,2,GSM94061,test,cancer
GDS2771,6,2,GSM94068,test,cancer
GDS2771,6,2,GSM94170,test,cancer
GDS2771,6,2,GSM94174,test,cancer
GDS2771,6,2,GSM98875,test,cancer
GDS2771,6,3,GSM93997,train,no_cancer
GDS2771,6,3,GSM94077,train,no_cancer
GDS2771,6,3,GSM94078,train,no_cancer
GDS2771,6,3,GSM94079,train,no_cancer
GDS2771,6,3,GSM94080,train,no_cancer
GDS2771,6,3,GSM94081,train,no_cancer
GDS2771,6,3,GSM94082,train,no_cancer
GDS2771,6,3,GSM94083,train,no_cancer
GDS2771,6,3,GSM94084,train,no_cancer
GDS2771,6,3,GSM94085,train,no_cancer
GDS2771,6,3,GSM94086,train,no_cancer
GDS2771,6,3,GSM94087,train,no_cancer
GDS2771,6,3,GSM94088,train,no_cancer
GDS2771,6,3,GSM94089,train,no_cancer
GDS2771,6,3,GSM94090,train,no_cancer
GDS2771,6,3,GSM94091,train,no_cancer
GDS2771,6,3,GSM94092,train,no_cancer
GDS2771,6,3,GSM94093,train,no_cancer
GDS2771,6,3,GSM94094,train,no_cancer
GDS2771,6,3,GSM94095,train,no_cancer
GDS2771,6,3,GSM94096,train,no_cancer
GDS2771,6,3,GSM94098,train,no_cancer
GDS2771,6,3,GSM94099,train,no_cancer
GDS2771,6,3,GSM94100,train,no_cancer
GDS2771,6,3,GSM94101,train,no_cancer
GDS2771,6,3,GSM94103,train,no_cancer
GDS2771,6,3,GSM94105,train,no_cancer
GDS2771,6,3,GSM94106,train,no_cancer
GDS2771,6,3,GSM94107,train,no_cancer
GDS2771,6,3,GSM94108,train,no_cancer
GDS2771,6,3,GSM94109,train,no_cancer
GDS2771,6,3,GSM94110,train,no_cancer
GDS2771,6,3,GSM94111,train,no_cancer
GDS2771,6,3,GSM94113,train,no_cancer
GDS2771,6,3,GSM94114,train,no_cancer
GDS2771,6,3,GSM94115,train,no_cancer
GDS2771,6,3,GSM94116,train,no_cancer
GDS2771,6,3,GSM94117,train,no_cancer
GDS2771,6,3,GSM94118,train,no_cancer
GDS2771,6,3,GSM94119,train,no_cancer
GDS2771,6,3,GSM94120,train,no_cancer
GDS2771,6,3,GSM94121,train,no_cancer
GDS2771,6,3,GSM94122,train,no_cancer
GDS2771,6,3,GSM94123,train,no_cancer
GDS2771,6,3,GSM94124,train,no_cancer
GDS2771,6,3,GSM94125,train,no_cancer
GDS2771,6,3,GSM94126,train,no_cancer
GDS2771,6,3,GSM94127,train,no_cancer
GDS2771,6,3,GSM94128,train,no_cancer
GDS2771,6,3,GSM94129,train,no_cancer
GDS2771,6,3,GSM94130,train,no_cancer
GDS2771,6,3,GSM94131,train,no_cancer
GDS2771,6,3,GSM94132,train,no_cancer
GDS2771,6,3,GSM94133,train,no_cancer
GDS2771,6,3,GSM94134,train,no_cancer
GDS2771,6,3,GSM94135,train,no_cancer
GDS2771,6,3,GSM94136,train,no_cancer
GDS2771,6,3,GSM94137,train,no_cancer
GDS2771,6,3,GSM94138,train,no_cancer
GDS2771,6,3,GSM94139,train,no_cancer
GDS2771,6,3,GSM94141,train,no_cancer
GDS2771,6,3,GSM94142,train,no_cancer
GDS2771,6,3,GSM94143,train,no_cancer
GDS2771,6,3,GSM94144,train,no_cancer
GDS2771,6,3,GSM94145,train,no_cancer
GDS2771,6,3,GSM94146,train,no_cancer
GDS2771,6,3,GSM94147,train,no_cancer
GDS2771,6,3,GSM94148,train,no_cancer
GDS2771,6,3,GSM98785,train,no_cancer
GDS2771,6,3,GSM98786,train,no_cancer
GDS2771,6,3,GSM98787,train,no_cancer
GDS2771,6,3,GSM98788,train,no_cancer
GDS2771,6,3,GSM98789,train,no_cancer
GDS2771,6,3,GSM98790,train,no_cancer
GDS2771,6,3,GSM98792,train,no_cancer
GDS2771,6,3,GSM98794,train,no_cancer
GDS2771,6,3,GSM98795,train,no_cancer
GDS2771,6,3,GSM98797,train,no_cancer
GDS2771,6,3,GSM98799,train,no_cancer
GDS2771,6,3,GSM98800,train,no_cancer
GDS2771,6,3,GSM98801,train,no_cancer
GDS2771,6,3,GSM94019,train,cancer
GDS2771,6,3,GSM94020,train,cancer
GDS2771,6,3,GSM94021,train,cancer
GDS2771,6,3,GSM94022,train,cancer
GDS2771,6,3,GSM94024,train,cancer
GDS2771,6,3,GSM94025,train,cancer
GDS2771,6,3,GSM94026,train,cancer
GDS2771,6,3,GSM94027,train,cancer
GDS2771,6,3,GSM94028,train,cancer
GDS2771,6,3,GSM94029,train,cancer
GDS2771,6,3,GSM94030,train,cancer
GDS2771,6,3,GSM94031,train,cancer
GDS2771,6,3,GSM94032,train,cancer
GDS2771,6,3,GSM94034,train,cancer
GDS2771,6,3,GSM94035,train,cancer
GDS2771,6,3,GSM94036,train,cancer
GDS2771,6,3,GSM94037,train,cancer
GDS2771,6,3,GSM94038,train,cancer
GDS2771,6,3,GSM94040,train,cancer
GDS2771,6,3,GSM94041,train,cancer
GDS2771,6,3,GSM94043,train,cancer
GDS2771,6,3,GSM94044,train,cancer
GDS2771,6,3,GSM94045,train,cancer
GDS2771,6,3,GSM94046,train,cancer
GDS2771,6,3,GSM94047,train,cancer
GDS2771,6,3,GSM94049,train,cancer
GDS2771,6,3,GSM94050,train,cancer
GDS2771,6,3,GSM94051,train,cancer
GDS2771,6,3,GSM94052,train,cancer
GDS2771,6,3,GSM94053,train,cancer
GDS2771,6,3,GSM94054,train,cancer
GDS2771,6,3,GSM94055,train,cancer
GDS2771,6,3,GSM94056,train,cancer
GDS2771,6,3,GSM94057,train,cancer
GDS2771,6,3,GSM94058,train,cancer
GDS2771,6,3,GSM94059,train,cancer
GDS2771,6,3,GSM94060,train,cancer
GDS2771,6,3,GSM94061,train,cancer
GDS2771,6,3,GSM94062,train,cancer
GDS2771,6,3,GSM94063,train,cancer
GDS2771,6,3,GSM94065,train,cancer
GDS2771,6,3,GSM94066,train,cancer
GDS2771,6,3,GSM94067,train,cancer
GDS2771,6,3,GSM94068,train,cancer
GDS2771,6,3,GSM94069,train,cancer
GDS2771,6,3,GSM94071,train,cancer
GDS2771,6,3,GSM94072,train,cancer
GDS2771,6,3,GSM94073,train,cancer
GDS2771,6,3,GSM94074,train,cancer
GDS2771,6,3,GSM94075,train,cancer
GDS2771,6,3,GSM94155,train,cancer
GDS2771,6,3,GSM94156,train,cancer
GDS2771,6,3,GSM94157,train,cancer
GDS2771,6,3,GSM94160,train,cancer
GDS2771,6,3,GSM94161,train,cancer
GDS2771,6,3,GSM94164,train,cancer
GDS2771,6,3,GSM94165,train,cancer
GDS2771,6,3,GSM94166,train,cancer
GDS2771,6,3,GSM94167,train,cancer
GDS2771,6,3,GSM94168,train,cancer
GDS2771,6,3,GSM94169,train,cancer
GDS2771,6,3,GSM94170,train,cancer
GDS2771,6,3,GSM94171,train,cancer
GDS2771,6,3,GSM94172,train,cancer
GDS2771,6,3,GSM94173,train,cancer
GDS2771,6,3,GSM94174,train,cancer
GDS2771,6,3,GSM94175,train,cancer
GDS2771,6,3,GSM94176,train,cancer
GDS2771,6,3,GSM94177,train,cancer
GDS2771,6,3,GSM94178,train,cancer
GDS2771,6,3,GSM98767,train,cancer
GDS2771,6,3,GSM98768,train,cancer
GDS2771,6,3,GSM98769,train,cancer
GDS2771,6,3,GSM98770,train,cancer
GDS2771,6,3,GSM98771,train,cancer
GDS2771,6,3,GSM98772,train,cancer
GDS2771,6,3,GSM98773,train,cancer
GDS2771,6,3,GSM98774,train,cancer
GDS2771,6,3,GSM98775,train,cancer
GDS2771,6,3,GSM98776,train,cancer
GDS2771,6,3,GSM98777,train,cancer
GDS2771,6,3,GSM98778,train,cancer
GDS2771,6,3,GSM98779,train,cancer
GDS2771,6,3,GSM98780,train,cancer
GDS2771,6,3,GSM98781,train,cancer
GDS2771,6,3,GSM98782,train,cancer
GDS2771,6,3,GSM98783,train,cancer
GDS2771,6,3,GSM98784,train,cancer
GDS2771,6,3,GSM98871,train,cancer
GDS2771,6,3,GSM98873,train,cancer
GDS2771,6,3,GSM98874,train,cancer
GDS2771,6,3,GSM98875,train,cancer
GDS2771,6,3,GSM94097,test,no_cancer
GDS2771,6,3,GSM94102,test,no_cancer
GDS2771,6,3,GSM94104,test,no_cancer
GDS2771,6,3,GSM94112,test,no_cancer
GDS2771,6,3,GSM94140,test,no_cancer
GDS2771,6,3,GSM98791,test,no_cancer
GDS2771,6,3,GSM98793,test,no_cancer
GDS2771,6,3,GSM98796,test,no_cancer
GDS2771,6,3,GSM98798,test,no_cancer
GDS2771,6,3,GSM94023,test,cancer
GDS2771,6,3,GSM94033,test,cancer
GDS2771,6,3,GSM94039,test,cancer
GDS2771,6,3,GSM94042,test,cancer
GDS2771,6,3,GSM94048,test,cancer
GDS2771,6,3,GSM94064,test,cancer
GDS2771,6,3,GSM94070,test,cancer
GDS2771,6,3,GSM94162,test,cancer
GDS2771,6,3,GSM94163,test,cancer
GDS2771,6,3,GSM98872,test,cancer
GDS2771,6,4,GSM93997,train,no_cancer
GDS2771,6,4,GSM94077,train,no_cancer
GDS2771,6,4,GSM94078,train,no_cancer
GDS2771,6,4,GSM94079,train,no_cancer
GDS2771,6,4,GSM94081,train,no_cancer
GDS2771,6,4,GSM94082,train,no_cancer
GDS2771,6,4,GSM94083,train,no_cancer
GDS2771,6,4,GSM94084,train,no_cancer
GDS2771,6,4,GSM94085,train,no_cancer
GDS2771,6,4,GSM94086,train,no_cancer
GDS2771,6,4,GSM94087,train,no_cancer
GDS2771,6,4,GSM94088,train,no_cancer
GDS2771,6,4,GSM94089,train,no_cancer
GDS2771,6,4,GSM94090,train,no_cancer
GDS2771,6,4,GSM94091,train,no_cancer
GDS2771,6,4,GSM94092,train,no_cancer
GDS2771,6,4,GSM94093,train,no_cancer
GDS2771,6,4,GSM94095,train,no_cancer
GDS2771,6,4,GSM94096,train,no_cancer
GDS2771,6,4,GSM94097,train,no_cancer
GDS2771,6,4,GSM94098,train,no_cancer
GDS2771,6,4,GSM94099,train,no_cancer
GDS2771,6,4,GSM94100,train,no_cancer
GDS2771,6,4,GSM94101,train,no_cancer
GDS2771,6,4,GSM94102,train,no_cancer
GDS2771,6,4,GSM94103,train,no_cancer
GDS2771,6,4,GSM94104,train,no_cancer
GDS2771,6,4,GSM94105,train,no_cancer
GDS2771,6,4,GSM94106,train,no_cancer
GDS2771,6,4,GSM94107,train,no_cancer
GDS2771,6,4,GSM94108,train,no_cancer
GDS2771,6,4,GSM94109,train,no_cancer
GDS2771,6,4,GSM94110,train,no_cancer
GDS2771,6,4,GSM94111,train,no_cancer
GDS2771,6,4,GSM94112,train,no_cancer
GDS2771,6,4,GSM94114,train,no_cancer
GDS2771,6,4,GSM94115,train,no_cancer
GDS2771,6,4,GSM94116,train,no_cancer
GDS2771,6,4,GSM94117,train,no_cancer
GDS2771,6,4,GSM94118,train,no_cancer
GDS2771,6,4,GSM94119,train,no_cancer
GDS2771,6,4,GSM94120,train,no_cancer
GDS2771,6,4,GSM94121,train,no_cancer
GDS2771,6,4,GSM94122,train,no_cancer
GDS2771,6,4,GSM94123,train,no_cancer
GDS2771,6,4,GSM94124,train,no_cancer
GDS2771,6,4,GSM94126,train,no_cancer
GDS2771,6,4,GSM94127,train,no_cancer
GDS2771,6,4,GSM94128,train,no_cancer
GDS2771,6,4,GSM94130,train,no_cancer
GDS2771,6,4,GSM94132,train,no_cancer
GDS2771,6,4,GSM94133,train,no_cancer
GDS2771,6,4,GSM94135,train,no_cancer
GDS2771,6,4,GSM94136,train,no_cancer
GDS2771,6,4,GSM94137,train,no_cancer
GDS2771,6,4,GSM94138,train,no_cancer
GDS2771,6,4,GSM94139,train,no_cancer
GDS2771,6,4,GSM94140,train,no_cancer
GDS2771,6,4,GSM94141,train,no_cancer
GDS2771,6,4,GSM94143,train,no_cancer
GDS2771,6,4,GSM94144,train,no_cancer
GDS2771,6,4,GSM94145,train,no_cancer
GDS2771,6,4,GSM94146,train,no_cancer
GDS2771,6,4,GSM94147,train,no_cancer
GDS2771,6,4,GSM94148,train,no_cancer
GDS2771,6,4,GSM98786,train,no_cancer
GDS2771,6,4,GSM98787,train,no_cancer
GDS2771,6,4,GSM98788,train,no_cancer
GDS2771,6,4,GSM98789,train,no_cancer
GDS2771,6,4,GSM98790,train,no_cancer
GDS2771,6,4,GSM98791,train,no_cancer
GDS2771,6,4,GSM98792,train,no_cancer
GDS2771,6,4,GSM98793,train,no_cancer
GDS2771,6,4,GSM98794,train,no_cancer
GDS2771,6,4,GSM98795,train,no_cancer
GDS2771,6,4,GSM98796,train,no_cancer
GDS2771,6,4,GSM98797,train,no_cancer
GDS2771,6,4,GSM98798,train,no_cancer
GDS2771,6,4,GSM98799,train,no_cancer
GDS2771,6,4,GSM98800,train,no_cancer
GDS2771,6,4,GSM98801,train,no_cancer
GDS2771,6,4,GSM94019,train,cancer
GDS2771,6,4,GSM94020,train,cancer
GDS2771,6,4,GSM94021,train,cancer
GDS2771,6,4,GSM94022,train,cancer
GDS2771,6,4,GSM94023,train,cancer
GDS2771,6,4,GSM94024,train,cancer
GDS2771,6,4,GSM94025,train,cancer
GDS2771,6,4,GSM94026,train,cancer
GDS2771,6,4,GSM94027,train,cancer
GDS2771,6,4,GSM94028,train,cancer
GDS2771,6,4,GSM94029,train,cancer
GDS2771,6,4,GSM94031,train,cancer
GDS2771,6,4,GSM94032,train,cancer
GDS2771,6,4,GSM94033,train,cancer
GDS2771,6,4,GSM94034,train,cancer
GDS2771,6,4,GSM94035,train,cancer
GDS2771,6,4,GSM94036,train,cancer
GDS2771,6,4,GSM94037,train,cancer
GDS2771,6,4,GSM94038,train,cancer
GDS2771,6,4,GSM94039,train,cancer
GDS2771,6,4,GSM94040,train,cancer
GDS2771,6,4,GSM94041,train,cancer
GDS2771,6,4,GSM94042,train,cancer
GDS2771,6,4,GSM94043,train,cancer
GDS2771,6,4,GSM94044,train,cancer
GDS2771,6,4,GSM94045,train,cancer
GDS2771,6,4,GSM94046,train,cancer
GDS2771,6,4,GSM94047,train,cancer
GDS2771,6,4,GSM94048,train,cancer
GDS2771,6,4,GSM94049,train,cancer
GDS2771,6,4,GSM94050,train,cancer
GDS2771,6,4,GSM94051,train,cancer
GDS2771,6,4,GSM94052,train,cancer
GDS2771,6,4,GSM94053,train,cancer
GDS2771,6,4,GSM94055,train,cancer
GDS2771,6,4,GSM94056,train,cancer
GDS2771,6,4,GSM94058,train,cancer
GDS2771,6,4,GSM94060,train,cancer
GDS2771,6,4,GSM94061,train,cancer
GDS2771,6,4,GSM94062,train,cancer
GDS2771,6,4,GSM94063,train,cancer
GDS2771,6,4,GSM94064,train,cancer
GDS2771,6,4,GSM94066,train,cancer
GDS2771,6,4,GSM94067,train,cancer
GDS2771,6,4,GSM94068,train,cancer
GDS2771,6,4,GSM94069,train,cancer
GDS2771,6,4,GSM94070,train,cancer
GDS2771,6,4,GSM94071,train,cancer
GDS2771,6,4,GSM94072,train,cancer
GDS2771,6,4,GSM94073,train,cancer
GDS2771,6,4,GSM94074,train,cancer
GDS2771,6,4,GSM94075,train,cancer
GDS2771,6,4,GSM94155,train,cancer
GDS2771,6,4,GSM94156,train,cancer
GDS2771,6,4,GSM94157,train,cancer
GDS2771,6,4,GSM94160,train,cancer
GDS2771,6,4,GSM94161,train,cancer
GDS2771,6,4,GSM94162,train,cancer
GDS2771,6,4,GSM94163,train,cancer
GDS2771,6,4,GSM94164,train,cancer
GDS2771,6,4,GSM94166,train,cancer
GDS2771,6,4,GSM94167,train,cancer
GDS2771,6,4,GSM94169,train,cancer
GDS2771,6,4,GSM94170,train,cancer
GDS2771,6,4,GSM94171,train,cancer
GDS2771,6,4,GSM94172,train,cancer
GDS2771,6,4,GSM94173,train,cancer
GDS2771,6,4,GSM94174,train,cancer
GDS2771,6,4,GSM94175,train,cancer
GDS2771,6,4,GSM94176,train,cancer
GDS2771,6,4,GSM94177,train,cancer
GDS2771,6,4,GSM94178,train,cancer
GDS2771,6,4,GSM98767,train,cancer
GDS2771,6,4,GSM98769,train,cancer
GDS2771,6,4,GSM98770,train,cancer
GDS2771,6,4,GSM98771,train,cancer
GDS2771,6,4,GSM98772,train,cancer
GDS2771,6,4,GSM98773,train,cancer
GDS2771,6,4,GSM98774,train,cancer
GDS2771,6,4,GSM98775,train,cancer
GDS2771,6,4,GSM98776,train,cancer
GDS2771,6,4,GSM98777,train,cancer
GDS2771,6,4,GSM98778,train,cancer
GDS2771,6,4,GSM98780,train,cancer
GDS2771,6,4,GSM98781,train,cancer
GDS2771,6,4,GSM98782,train,cancer
GDS2771,6,4,GSM98784,train,cancer
GDS2771,6,4,GSM98871,train,cancer
GDS2771,6,4,GSM98872,train,cancer
GDS2771,6,4,GSM98873,train,cancer
GDS2771,6,4,GSM98874,train,cancer
GDS2771,6,4,GSM98875,train,cancer
GDS2771,6,4,GSM94080,test,no_cancer
GDS2771,6,4,GSM94094,test,no_cancer
GDS2771,6,4,GSM94113,test,no_cancer
GDS2771,6,4,GSM94125,test,no_cancer
GDS2771,6,4,GSM94129,test,no_cancer
GDS2771,6,4,GSM94131,test,no_cancer
GDS2771,6,4,GSM94134,test,no_cancer
GDS2771,6,4,GSM94142,test,no_cancer
GDS2771,6,4,GSM98785,test,no_cancer
GDS2771,6,4,GSM94030,test,cancer
GDS2771,6,4,GSM94054,test,cancer
GDS2771,6,4,GSM94057,test,cancer
GDS2771,6,4,GSM94059,test,cancer
GDS2771,6,4,GSM94065,test,cancer
GDS2771,6,4,GSM94165,test,cancer
GDS2771,6,4,GSM94168,test,cancer
GDS2771,6,4,GSM98768,test,cancer
GDS2771,6,4,GSM98779,test,cancer
GDS2771,6,4,GSM98783,test,cancer
GDS2771,6,5,GSM93997,train,no_cancer
GDS2771,6,5,GSM94077,train,no_cancer
GDS2771,6,5,GSM94078,train,no_cancer
GDS2771,6,5,GSM94079,train,no_cancer
GDS2771,6,5,GSM94080,train,no_cancer
GDS2771,6,5,GSM94081,train,no_cancer
GDS2771,6,5,GSM94082,train,no_cancer
GDS2771,6,5,GSM94083,train,no_cancer
GDS2771,6,5,GSM94084,train,no_cancer
GDS2771,6,5,GSM94087,train,no_cancer
GDS2771,6,5,GSM94088,train,no_cancer
GDS2771,6,5,GSM94089,train,no_cancer
GDS2771,6,5,GSM94090,train,no_cancer
GDS2771,6,5,GSM94091,train,no_cancer
GDS2771,6,5,GSM94092,train,no_cancer
GDS2771,6,5,GSM94093,train,no_cancer
GDS2771,6,5,GSM94094,train,no_cancer
GDS2771,6,5,GSM94095,train,no_cancer
GDS2771,6,5,GSM94097,train,no_cancer
GDS2771,6,5,GSM94098,train,no_cancer
GDS2771,6,5,GSM94099,train,no_cancer
GDS2771,6,5,GSM94100,train,no_cancer
GDS2771,6,5,GSM94101,train,no_cancer
GDS2771,6,5,GSM94102,train,no_cancer
GDS2771,6,5,GSM94103,train,no_cancer
GDS2771,6,5,GSM94104,train,no_cancer
GDS2771,6,5,GSM94105,train,no_cancer
GDS2771,6,5,GSM94106,train,no_cancer
GDS2771,6,5,GSM94107,train,no_cancer
GDS2771,6,5,GSM94108,train,no_cancer
GDS2771,6,5,GSM94109,train,no_cancer
GDS2771,6,5,GSM94110,train,no_cancer
GDS2771,6,5,GSM94111,train,no_cancer
GDS2771,6,5,GSM94112,train,no_cancer
GDS2771,6,5,GSM94113,train,no_cancer
GDS2771,6,5,GSM94114,train,no_cancer
GDS2771,6,5,GSM94116,train,no_cancer
GDS2771,6,5,GSM94117,train,no_cancer
GDS2771,6,5,GSM94118,train,no_cancer
GDS2771,6,5,GSM94119,train,no_cancer
GDS2771,6,5,GSM94120,train,no_cancer
GDS2771,6,5,GSM94122,train,no_cancer
GDS2771,6,5,GSM94124,train,no_cancer
GDS2771,6,5,GSM94125,train,no_cancer
GDS2771,6,5,GSM94126,train,no_cancer
GDS2771,6,5,GSM94127,train,no_cancer
GDS2771,6,5,GSM94128,train,no_cancer
GDS2771,6,5,GSM94129,train,no_cancer
GDS2771,6,5,GSM94130,train,no_cancer
GDS2771,6,5,GSM94131,train,no_cancer
GDS2771,6,5,GSM94132,train,no_cancer
GDS2771,6,5,GSM94133,train,no_cancer
GDS2771,6,5,GSM94134,train,no_cancer
GDS2771,6,5,GSM94135,train,no_cancer
GDS2771,6,5,GSM94138,train,no_cancer
GDS2771,6,5,GSM94139,train,no_cancer
GDS2771,6,5,GSM94140,train,no_cancer
GDS2771,6,5,GSM94141,train,no_cancer
GDS2771,6,5,GSM94142,train,no_cancer
GDS2771,6,5,GSM94143,train,no_cancer
GDS2771,6,5,GSM94144,train,no_cancer
GDS2771,6,5,GSM94145,train,no_cancer
GDS2771,6,5,GSM94147,train,no_cancer
GDS2771,6,5,GSM94148,train,no_cancer
GDS2771,6,5,GSM98785,train,no_cancer
GDS2771,6,5,GSM98786,train,no_cancer
GDS2771,6,5,GSM98787,train,no_cancer
GDS2771,6,5,GSM98788,train,no_cancer
GDS2771,6,5,GSM98789,train,no_cancer
GDS2771,6,5,GSM98790,train,no_cancer
GDS2771,6,5,GSM98791,train,no_cancer
GDS2771,6,5,GSM98792,train,no_cancer
GDS2771,6,5,GSM98793,train,no_cancer
GDS2771,6,5,GSM98794,train,no_cancer
GDS2771,6,5,GSM98795,train,no_cancer
GDS2771,6,5,GSM98796,train,no_cancer
GDS2771,6,5,GSM98797,train,no_cancer
GDS2771,6,5,GSM98798,train,no_cancer
GDS2771,6,5,GSM98799,train,no_cancer
GDS2771,6,5,GSM98800,train,no_cancer
GDS2771,6,5,GSM98801,train,no_cancer
GDS2771,6,5,GSM94019,train,cancer
GDS2771,6,5,GSM94020,train,cancer
GDS2771,6,5,GSM94021,train,cancer
GDS2771,6,5,GSM94022,train,cancer
GDS2771,6,5,GSM94023,train,cancer
GDS2771,6,5,GSM94024,train,cancer
GDS2771,6,5,GSM94025,train,cancer
GDS2771,6,5,GSM94026,train,cancer
GDS2771,6,5,GSM94027,train,cancer
GDS2771,6,5,GSM94028,train,cancer
GDS2771,6,5,GSM94029,train,cancer
GDS2771,6,5,GSM94030,train,cancer
GDS2771,6,5,GSM94031,train,cancer
GDS2771,6,5,GSM94033,train,cancer
GDS2771,6,5,GSM94035,train,cancer
GDS2771,6,5,GSM94036,train,cancer
GDS2771,6,5,GSM94037,train,cancer
GDS2771,6,5,GSM94038,train,cancer
GDS2771,6,5,GSM94039,train,cancer
GDS2771,6,5,GSM94040,train,cancer
GDS2771,6,5,GSM94041,train,cancer
GDS2771,6,5,GSM94042,train,cancer
GDS2771,6,5,GSM94043,train,cancer
GDS2771,6,5,GSM94044,train,cancer
GDS2771,6,5,GSM94045,train,cancer
GDS2771,6,5,GSM94046,train,cancer
GDS2771,6,5,GSM94047,train,cancer
GDS2771,6,5,GSM94048,train,cancer
GDS2771,6,5,GSM94049,train,cancer
GDS2771,6,5,GSM94051,train,cancer
GDS2771,6,5,GSM94052,train,cancer
GDS2771,6,5,GSM94053,train,cancer
GDS2771,6,5,GSM94054,train,cancer
GDS2771,6,5,GSM94055,train,cancer
GDS2771,6,5,GSM94056,train,cancer
GDS2771,6,5,GSM94057,train,cancer
GDS2771,6,5,GSM94058,train,cancer
GDS2771,6,5,GSM94059,train,cancer
GDS2771,6,5,GSM94060,train,cancer
GDS2771,6,5,GSM94061,train,cancer
GDS2771,6,5,GSM94062,train,cancer
GDS2771,6,5,GSM94063,train,cancer
GDS2771,6,5,GSM94064,train,cancer
GDS2771,6,5,GSM94065,train,cancer
GDS2771,6,5,GSM94066,train,cancer
GDS2771,6,5,GSM94067,train,cancer
GDS2771,6,5,GSM94068,train,cancer
GDS2771,6,5,GSM94069,train,cancer
GDS2771,6,5,GSM94070,train,cancer
GDS2771,6,5,GSM94071,train,cancer
GDS2771,6,5,GSM94072,train,cancer
GDS2771,6,5,GSM94075,train,cancer
GDS2771,6,5,GSM94156,train,cancer
GDS2771,6,5,GSM94157,train,cancer
GDS2771,6,5,GSM94160,train,cancer
GDS2771,6,5,GSM94161,train,cancer
GDS2771,6,5,GSM94162,train,cancer
GDS2771,6,5,GSM94163,train,cancer
GDS2771,6,5,GSM94164,train,cancer
GDS2771,6,5,GSM94165,train,cancer
GDS2771,6,5,GSM94166,train,cancer
GDS2771,6,5,GSM94167,train,cancer
GDS2771,6,5,GSM94168,train,cancer
GDS2771,6,5,GSM94169,train,cancer
GDS2771,6,5,GSM94170,train,cancer
GDS2771,6,5,GSM94172,train,cancer
GDS2771,6,5,GSM94173,train,cancer
GDS2771,6,5,GSM94174,train,cancer
GDS2771,6,5,GSM94175,train,cancer
GDS2771,6,5,GSM94176,train,cancer
GDS2771,6,5,GSM94177,train,cancer
GDS2771,6,5,GSM94178,train,cancer
GDS2771,6,5,GSM98767,train,cancer
GDS2771,6,5,GSM98768,train,cancer
GDS2771,6,5,GSM98769,train,cancer
GDS2771,6,5,GSM98770,train,cancer
GDS2771,6,5,GSM98771,train,cancer
GDS2771,6,5,GSM98772,train,cancer
GDS2771,6,5,GSM98774,train,cancer
GDS2771,6,5,GSM98775,train,cancer
GDS2771,6,5,GSM98776,train,cancer
GDS2771,6,5,GSM98777,train,cancer
GDS2771,6,5,GSM98778,train,cancer
GDS2771,6,5,GSM98779,train,cancer
GDS2771,6,5,GSM98781,train,cancer
GDS2771,6,5,GSM98782,train,cancer
GDS2771,6,5,GSM98783,train,cancer
GDS2771,6,5,GSM98784,train,cancer
GDS2771,6,5,GSM98871,train,cancer
GDS2771,6,5,GSM98872,train,cancer
GDS2771,6,5,GSM98873,train,cancer
GDS2771,6,5,GSM98875,train,cancer
GDS2771,6,5,GSM94085,test,no_cancer
GDS2771,6,5,GSM94086,test,no_cancer
GDS2771,6,5,GSM94096,test,no_cancer
GDS2771,6,5,GSM94115,test,no_cancer
GDS2771,6,5,GSM94121,test,no_cancer
GDS2771,6,5,GSM94123,test,no_cancer
GDS2771,6,5,GSM94136,test,no_cancer
GDS2771,6,5,GSM94137,test,no_cancer
GDS2771,6,5,GSM94146,test,no_cancer
GDS2771,6,5,GSM94032,test,cancer
GDS2771,6,5,GSM94034,test,cancer
GDS2771,6,5,GSM94050,test,cancer
GDS2771,6,5,GSM94073,test,cancer
GDS2771,6,5,GSM94074,test,cancer
GDS2771,6,5,GSM94155,test,cancer
GDS2771,6,5,GSM94171,test,cancer
GDS2771,6,5,GSM98773,test,cancer
GDS2771,6,5,GSM98780,test,cancer
GDS2771,6,5,GSM98874,test,cancer
GDS2771,6,6,GSM93997,train,no_cancer
GDS2771,6,6,GSM94077,train,no_cancer
GDS2771,6,6,GSM94078,train,no_cancer
GDS2771,6,6,GSM94079,train,no_cancer
GDS2771,6,6,GSM94080,train,no_cancer
GDS2771,6,6,GSM94081,train,no_cancer
GDS2771,6,6,GSM94082,train,no_cancer
GDS2771,6,6,GSM94083,train,no_cancer
GDS2771,6,6,GSM94084,train,no_cancer
GDS2771,6,6,GSM94085,train,no_cancer
GDS2771,6,6,GSM94086,train,no_cancer
GDS2771,6,6,GSM94087,train,no_cancer
GDS2771,6,6,GSM94088,train,no_cancer
GDS2771,6,6,GSM94089,train,no_cancer
GDS2771,6,6,GSM94090,train,no_cancer
GDS2771,6,6,GSM94091,train,no_cancer
GDS2771,6,6,GSM94092,train,no_cancer
GDS2771,6,6,GSM94094,train,no_cancer
GDS2771,6,6,GSM94095,train,no_cancer
GDS2771,6,6,GSM94096,train,no_cancer
GDS2771,6,6,GSM94097,train,no_cancer
GDS2771,6,6,GSM94099,train,no_cancer
GDS2771,6,6,GSM94100,train,no_cancer
GDS2771,6,6,GSM94101,train,no_cancer
GDS2771,6,6,GSM94102,train,no_cancer
GDS2771,6,6,GSM94103,train,no_cancer
GDS2771,6,6,GSM94104,train,no_cancer
GDS2771,6,6,GSM94105,train,no_cancer
GDS2771,6,6,GSM94106,train,no_cancer
GDS2771,6,6,GSM94107,train,no_cancer
GDS2771,6,6,GSM94108,train,no_cancer
GDS2771,6,6,GSM94109,train,no_cancer
GDS2771,6,6,GSM94111,train,no_cancer
GDS2771,6,6,GSM94112,train,no_cancer
GDS2771,6,6,GSM94113,train,no_cancer
GDS2771,6,6,GSM94115,train,no_cancer
GDS2771,6,6,GSM94116,train,no_cancer
GDS2771,6,6,GSM94117,train,no_cancer
GDS2771,6,6,GSM94118,train,no_cancer
GDS2771,6,6,GSM94119,train,no_cancer
GDS2771,6,6,GSM94120,train,no_cancer
GDS2771,6,6,GSM94121,train,no_cancer
GDS2771,6,6,GSM94122,train,no_cancer
GDS2771,6,6,GSM94123,train,no_cancer
GDS2771,6,6,GSM94125,train,no_cancer
GDS2771,6,6,GSM94126,train,no_cancer
GDS2771,6,6,GSM94127,train,no_cancer
GDS2771,6,6,GSM94128,train,no_cancer
GDS2771,6,6,GSM94129,train,no_cancer
GDS2771,6,6,GSM94130,train,no_cancer
GDS2771,6,6,GSM94131,train,no_cancer
GDS2771,6,6,GSM94132,train,no_cancer
GDS2771,6,6,GSM94133,train,no_cancer
GDS2771,6,6,GSM94134,train,no_cancer
GDS2771,6,6,GSM94135,train,no_cancer
GDS2771,6,6,GSM94136,train,no_cancer
GDS2771,6,6,GSM94137,train,no_cancer
GDS2771,6,6,GSM94138,train,no_cancer
GDS2771,6,6,GSM94139,train,no_cancer
GDS2771,6,6,GSM94140,train,no_cancer
GDS2771,6,6,GSM94141,train,no_cancer
GDS2771,6,6,GSM94142,train,no_cancer
GDS2771,6,6,GSM94143,train,no_cancer
GDS2771,6,6,GSM94144,train,no_cancer
GDS2771,6,6,GSM94145,train,no_cancer
GDS2771,6,6,GSM94146,train,no_cancer
GDS2771,6,6,GSM94147,train,no_cancer
GDS2771,6,6,GSM94148,train,no_cancer
GDS2771,6,6,GSM98785,train,no_cancer
GDS2771,6,6,GSM98786,train,no_cancer
GDS2771,6,6,GSM98787,train,no_cancer
GDS2771,6,6,GSM98790,train,no_cancer
GDS2771,6,6,GSM98791,train,no_cancer
GDS2771,6,6,GSM98792,train,no_cancer
GDS2771,6,6,GSM98793,train,no_cancer
GDS2771,6,6,GSM98795,train,no_cancer
GDS2771,6,6,GSM98796,train,no_cancer
GDS2771,6,6,GSM98797,train,no_cancer
GDS2771,6,6,GSM98798,train,no_cancer
GDS2771,6,6,GSM98799,train,no_cancer
GDS2771,6,6,GSM98801,train,no_cancer
GDS2771,6,6,GSM94019,train,cancer
GDS2771,6,6,GSM94020,train,cancer
GDS2771,6,6,GSM94021,train,cancer
GDS2771,6,6,GSM94022,train,cancer
GDS2771,6,6,GSM94023,train,cancer
GDS2771,6,6,GSM94024,train,cancer
GDS2771,6,6,GSM94025,train,cancer
GDS2771,6,6,GSM94027,train,cancer
GDS2771,6,6,GSM94028,train,cancer
GDS2771,6,6,GSM94029,train,cancer
GDS2771,6,6,GSM94030,train,cancer
GDS2771,6,6,GSM94031,train,cancer
GDS2771,6,6,GSM94032,train,cancer
GDS2771,6,6,GSM94033,train,cancer
GDS2771,6,6,GSM94034,train,cancer
GDS2771,6,6,GSM94035,train,cancer
GDS2771,6,6,GSM94036,train,cancer
GDS2771,6,6,GSM94037,train,cancer
GDS2771,6,6,GSM94038,train,cancer
GDS2771,6,6,GSM94039,train,cancer
GDS2771,6,6,GSM94040,train,cancer
GDS2771,6,6,GSM94041,train,cancer
GDS2771,6,6,GSM94042,train,cancer
GDS2771,6,6,GSM94043,train,cancer
GDS2771,6,6,GSM94044,train,cancer
GDS2771,6,6,GSM94045,train,cancer
GDS2771,6,6,GSM94047,train,cancer
GDS2771,6,6,GSM94048,train,cancer
GDS2771,6,6,GSM94049,train,cancer
GDS2771,6,6,GSM94050,train,cancer
GDS2771,6,6,GSM94051,train,cancer
GDS2771,6,6,GSM94052,train,cancer
GDS2771,6,6,GSM94053,train,cancer
GDS2771,6,6,GSM94054,train,cancer
GDS2771,6,6,GSM94055,train,cancer
GDS2771,6,6,GSM94057,train,cancer
GDS2771,6,6,GSM94058,train,cancer
GDS2771,6,6,GSM94059,train,cancer
GDS2771,6,6,GSM94060,train,cancer
GDS2771,6,6,GSM94061,train,cancer
GDS2771,6,6,GSM94062,train,cancer
GDS2771,6,6,GSM94063,train,cancer
GDS2771,6,6,GSM94064,train,cancer
GDS2771,6,6,GSM94065,train,cancer
GDS2771,6,6,GSM94067,train,cancer
GDS2771,6,6,GSM94068,train,cancer
GDS2771,6,6,GSM94069,train,cancer
GDS2771,6,6,GSM94070,train,cancer
GDS2771,6,6,GSM94071,train,cancer
GDS2771,6,6,GSM94073,train,cancer
GDS2771,6,6,GSM94074,train,cancer
GDS2771,6,6,GSM94075,train,cancer
GDS2771,6,6,GSM94155,train,cancer
GDS2771,6,6,GSM94157,train,cancer
GDS2771,6,6,GSM94160,train,cancer
GDS2771,6,6,GSM94161,train,cancer
GDS2771,6,6,GSM94162,train,cancer
GDS2771,6,6,GSM94163,train,cancer
GDS2771,6,6,GSM94164,train,cancer
GDS2771,6,6,GSM94165,train,cancer
GDS2771,6,6,GSM94166,train,cancer
GDS2771,6,6,GSM94167,train,cancer
GDS2771,6,6,GSM94168,train,cancer
GDS2771,6,6,GSM94169,train,cancer
GDS2771,6,6,GSM94170,train,cancer
GDS2771,6,6,GSM94171,train,cancer
GDS2771,6,6,GSM94172,train,cancer
GDS2771,6,6,GSM94174,train,cancer
GDS2771,6,6,GSM94175,train,cancer
GDS2771,6,6,GSM94176,train,cancer
GDS2771,6,6,GSM94177,train,cancer
GDS2771,6,6,GSM94178,train,cancer
GDS2771,6,6,GSM98767,train,cancer
GDS2771,6,6,GSM98768,train,cancer
GDS2771,6,6,GSM98770,train,cancer
GDS2771,6,6,GSM98771,train,cancer
GDS2771,6,6,GSM98772,train,cancer
GDS2771,6,6,GSM98773,train,cancer
GDS2771,6,6,GSM98774,train,cancer
GDS2771,6,6,GSM98775,train,cancer
GDS2771,6,6,GSM98776,train,cancer
GDS2771,6,6,GSM98777,train,cancer
GDS2771,6,6,GSM98778,train,cancer
GDS2771,6,6,GSM98779,train,cancer
GDS2771,6,6,GSM98780,train,cancer
GDS2771,6,6,GSM98781,train,cancer
GDS2771,6,6,GSM98782,train,cancer
GDS2771,6,6,GSM98783,train,cancer
GDS2771,6,6,GSM98784,train,cancer
GDS2771,6,6,GSM98872,train,cancer
GDS2771,6,6,GSM98874,train,cancer
GDS2771,6,6,GSM98875,train,cancer
GDS2771,6,6,GSM94093,test,no_cancer
GDS2771,6,6,GSM94098,test,no_cancer
GDS2771,6,6,GSM94110,test,no_cancer
GDS2771,6,6,GSM94114,test,no_cancer
GDS2771,6,6,GSM94124,test,no_cancer
GDS2771,6,6,GSM98788,test,no_cancer
GDS2771,6,6,GSM98789,test,no_cancer
GDS2771,6,6,GSM98794,test,no_cancer
GDS2771,6,6,GSM98800,test,no_cancer
GDS2771,6,6,GSM94026,test,cancer
GDS2771,6,6,GSM94046,test,cancer
GDS2771,6,6,GSM94056,test,cancer
GDS2771,6,6,GSM94066,test,cancer
GDS2771,6,6,GSM94072,test,cancer
GDS2771,6,6,GSM94156,test,cancer
GDS2771,6,6,GSM94173,test,cancer
GDS2771,6,6,GSM98769,test,cancer
GDS2771,6,6,GSM98871,test,cancer
GDS2771,6,6,GSM98873,test,cancer
GDS2771,6,7,GSM93997,train,no_cancer
GDS2771,6,7,GSM94079,train,no_cancer
GDS2771,6,7,GSM94080,train,no_cancer
GDS2771,6,7,GSM94081,train,no_cancer
GDS2771,6,7,GSM94083,train,no_cancer
GDS2771,6,7,GSM94084,train,no_cancer
GDS2771,6,7,GSM94085,train,no_cancer
GDS2771,6,7,GSM94086,train,no_cancer
GDS2771,6,7,GSM94087,train,no_cancer
GDS2771,6,7,GSM94088,train,no_cancer
GDS2771,6,7,GSM94089,train,no_cancer
GDS2771,6,7,GSM94090,train,no_cancer
GDS2771,6,7,GSM94091,train,no_cancer
GDS2771,6,7,GSM94092,train,no_cancer
GDS2771,6,7,GSM94093,train,no_cancer
GDS2771,6,7,GSM94094,train,no_cancer
GDS2771,6,7,GSM94095,train,no_cancer
GDS2771,6,7,GSM94096,train,no_cancer
GDS2771,6,7,GSM94097,train,no_cancer
GDS2771,6,7,GSM94098,train,no_cancer
GDS2771,6,7,GSM94099,train,no_cancer
GDS2771,6,7,GSM94100,train,no_cancer
GDS2771,6,7,GSM94101,train,no_cancer
GDS2771,6,7,GSM94102,train,no_cancer
GDS2771,6,7,GSM94103,train,no_cancer
GDS2771,6,7,GSM94104,train,no_cancer
GDS2771,6,7,GSM94105,train,no_cancer
GDS2771,6,7,GSM94107,train,no_cancer
GDS2771,6,7,GSM94108,train,no_cancer
GDS2771,6,7,GSM94109,train,no_cancer
GDS2771,6,7,GSM94110,train,no_cancer
GDS2771,6,7,GSM94111,train,no_cancer
GDS2771,6,7,GSM94112,train,no_cancer
GDS2771,6,7,GSM94113,train,no_cancer
GDS2771,6,7,GSM94114,train,no_cancer
GDS2771,6,7,GSM94115,train,no_cancer
GDS2771,6,7,GSM94117,train,no_cancer
GDS2771,6,7,GSM94118,train,no_cancer
GDS2771,6,7,GSM94119,train,no_cancer
GDS2771,6,7,GSM94120,train,no_cancer
GDS2771,6,7,GSM94121,train,no_cancer
GDS2771,6,7,GSM94123,train,no_cancer
GDS2771,6,7,GSM94124,train,no_cancer
GDS2771,6,7,GSM94125,train,no_cancer
GDS2771,6,7,GSM94126,train,no_cancer
GDS2771,6,7,GSM94127,train,no_cancer
GDS2771,6,7,GSM94128,train,no_cancer
GDS2771,6,7,GSM94129,train,no_cancer
GDS2771,6,7,GSM94131,train,no_cancer
GDS2771,6,7,GSM94132,train,no_cancer
GDS2771,6,7,GSM94133,train,no_cancer
GDS2771,6,7,GSM94134,train,no_cancer
GDS2771,6,7,GSM94135,train,no_cancer
GDS2771,6,7,GSM94136,train,no_cancer
GDS2771,6,7,GSM94137,train,no_cancer
GDS2771,6,7,GSM94138,train,no_cancer
GDS2771,6,7,GSM94139,train,no_cancer
GDS2771,6,7,GSM94140,train,no_cancer
GDS2771,6,7,GSM94141,train,no_cancer
GDS2771,6,7,GSM94142,train,no_cancer
GDS2771,6,7,GSM94143,train,no_cancer
GDS2771,6,7,GSM94144,train,no_cancer
GDS2771,6,7,GSM94145,train,no_cancer
GDS2771,6,7,GSM94146,train,no_cancer
GDS2771,6,7,GSM94147,train,no_cancer
GDS2771,6,7,GSM94148,train,no_cancer
GDS2771,6,7,GSM98785,train,no_cancer
GDS2771,6,7,GSM98786,train,no_cancer
GDS2771,6,7,GSM98788,train,no_cancer
GDS2771,6,7,GSM98789,train,no_cancer
GDS2771,6,7,GSM98790,train,no_cancer
GDS2771,6,7,GSM98791,train,no_cancer
GDS2771,6,7,GSM98792,train,no_cancer
GDS2771,6,7,GSM98793,train,no_cancer
GDS2771,6,7,GSM98794,train,no_cancer
GDS2771,6,7,GSM98795,train,no_cancer
GDS2771,6,7,GSM98796,train,no_cancer
GDS2771,6,7,GSM98797,train,no_cancer
GDS2771,6,7,GSM98798,train,no_cancer
GDS2771,6,7,GSM98799,train,no_cancer
GDS2771,6,7,GSM98800,train,no_cancer
GDS2771,6,7,GSM94019,train,cancer
GDS2771,6,7,GSM94020,train,cancer
GDS2771,6,7,GSM94021,train,cancer
GDS2771,6,7,GSM94022,train,cancer
GDS2771,6,7,GSM94023,train,cancer
GDS2771,6,7,GSM94024,train,cancer
GDS2771,6,7,GSM94026,train,cancer
GDS2771,6,7,GSM94027,train,cancer
GDS2771,6,7,GSM94029,train,cancer
GDS2771,6,7,GSM94030,train,cancer
GDS2771,6,7,GSM94031,train,cancer
GDS2771,6,7,GSM94032,train,cancer
GDS2771,6,7,GSM94033,train,cancer
GDS2771,6,7,GSM94034,train,cancer
GDS2771,6,7,GSM94035,train,cancer
GDS2771,6,7,GSM94036,train,cancer
GDS2771,6,7,GSM94037,train,cancer
GDS2771,6,7,GSM94038,train,cancer
GDS2771,6,7,GSM94039,train,cancer
GDS2771,6,7,GSM94040,train,cancer
GDS2771,6,7,GSM94041,train,cancer
GDS2771,6,7,GSM94042,train,cancer
GDS2771,6,7,GSM94043,train,cancer
GDS2771,6,7,GSM94045,train,cancer
GDS2771,6,7,GSM94046,train,cancer
GDS2771,6,7,GSM94047,train,cancer
GDS2771,6,7,GSM94048,train,cancer
GDS2771,6,7,GSM94049,train,cancer
GDS2771,6,7,GSM94050,train,cancer
GDS2771,6,7,GSM94051,train,cancer
GDS2771,6,7,GSM94053,train,cancer
GDS2771,6,7,GSM94054,train,cancer
GDS2771,6,7,GSM94055,train,cancer
GDS2771,6,7,GSM94056,train,cancer
GDS2771,6,7,GSM94057,train,cancer
GDS2771,6,7,GSM94058,train,cancer
GDS2771,6,7,GSM94059,train,cancer
GDS2771,6,7,GSM94060,train,cancer
GDS2771,6,7,GSM94061,train,cancer
GDS2771,6,7,GSM94062,train,cancer
GDS2771,6,7,GSM94063,train,cancer
GDS2771,6,7,GSM94064,train,cancer
GDS2771,6,7,GSM94065,train,cancer
GDS2771,6,7,GSM94066,train,cancer
GDS2771,6,7,GSM94067,train,cancer
GDS2771,6,7,GSM94068,train,cancer
GDS2771,6,7,GSM94069,train,cancer
GDS2771,6,7,GSM94070,train,cancer
GDS2771,6,7,GSM94071,train,cancer
GDS2771,6,7,GSM94072,train,cancer
GDS2771,6,7,GSM94073,train,cancer
GDS2771,6,7,GSM94074,train,cancer
GDS2771,6,7,GSM94075,train,cancer
GDS2771,6,7,GSM94155,train,cancer
GDS2771,6,7,GSM94156,train,cancer
GDS2771,6,7,GSM94157,train,cancer
GDS2771,6,7,GSM94160,train,cancer
GDS2771,6,7,GSM94161,train,cancer
GDS2771,6,7,GSM94162,train,cancer
GDS2771,6,7,GSM94163,train,cancer
GDS2771,6,7,GSM94164,train,cancer
GDS2771,6,7,GSM94165,train,cancer
GDS2771,6,7,GSM94166,train,cancer
GDS2771,6,7,GSM94167,train,cancer
GDS2771,6,7,GSM94168,train,cancer
GDS2771,6,7,GSM94169,train,cancer
GDS2771,6,7,GSM94170,train,cancer
GDS2771,6,7,GSM94171,train,cancer
GDS2771,6,7,GSM94173,train,cancer
GDS2771,6,7,GSM94174,train,cancer
GDS2771,6,7,GSM94175,train,cancer
GDS2771,6,7,GSM94177,train,cancer
GDS2771,6,7,GSM94178,train,cancer
GDS2771,6,7,GSM98767,train,cancer
GDS2771,6,7,GSM98768,train,cancer
GDS2771,6,7,GSM98769,train,cancer
GDS2771,6,7,GSM98770,train,cancer
GDS2771,6,7,GSM98772,train,cancer
GDS2771,6,7,GSM98773,train,cancer
GDS2771,6,7,GSM98776,train,cancer
GDS2771,6,7,GSM98777,train,cancer
GDS2771,6,7,GSM98778,train,cancer
GDS2771,6,7,GSM98779,train,cancer
GDS2771,6,7,GSM98780,train,cancer
GDS2771,6,7,GSM98781,train,cancer
GDS2771,6,7,GSM98783,train,cancer
GDS2771,6,7,GSM98784,train,cancer
GDS2771,6,7,GSM98871,train,cancer
GDS2771,6,7,GSM98872,train,cancer
GDS2771,6,7,GSM98873,train,cancer
GDS2771,6,7,GSM98874,train,cancer
GDS2771,6,7,GSM98875,train,cancer
GDS2771,6,7,GSM94077,test,no_cancer
GDS2771,6,7,GSM94078,test,no_cancer
GDS2771,6,7,GSM94082,test,no_cancer
GDS2771,6,7,GSM94106,test,no_cancer
GDS2771,6,7,GSM94116,test,no_cancer
GDS2771,6,7,GSM94122,test,no_cancer
GDS2771,6,7,GSM94130,test,no_cancer
GDS2771,6,7,GSM98787,test,no_cancer
GDS2771,6,7,GSM98801,test,no_cancer
GDS2771,6,7,GSM94025,test,cancer
GDS2771,6,7,GSM94028,test,cancer
GDS2771,6,7,GSM94044,test,cancer
GDS2771,6,7,GSM94052,test,cancer
GDS2771,6,7,GSM94172,test,cancer
GDS2771,6,7,GSM94176,test,cancer
GDS2771,6,7,GSM98771,test,cancer
GDS2771,6,7,GSM98774,test,cancer
GDS2771,6,7,GSM98775,test,cancer
GDS2771,6,7,GSM98782,test,cancer
GDS2771,6,8,GSM93997,train,no_cancer
GDS2771,6,8,GSM94077,train,no_cancer
GDS2771,6,8,GSM94078,train,no_cancer
GDS2771,6,8,GSM94079,train,no_cancer
GDS2771,6,8,GSM94080,train,no_cancer
GDS2771,6,8,GSM94081,train,no_cancer
GDS2771,6,8,GSM94082,train,no_cancer
GDS2771,6,8,GSM94084,train,no_cancer
GDS2771,6,8,GSM94085,train,no_cancer
GDS2771,6,8,GSM94086,train,no_cancer
GDS2771,6,8,GSM94087,train,no_cancer
GDS2771,6,8,GSM94088,train,no_cancer
GDS2771,6,8,GSM94089,train,no_cancer
GDS2771,6,8,GSM94090,train,no_cancer
GDS2771,6,8,GSM94092,train,no_cancer
GDS2771,6,8,GSM94093,train,no_cancer
GDS2771,6,8,GSM94094,train,no_cancer
GDS2771,6,8,GSM94095,train,no_cancer
GDS2771,6,8,GSM94096,train,no_cancer
GDS2771,6,8,GSM94097,train,no_cancer
GDS2771,6,8,GSM94098,train,no_cancer
GDS2771,6,8,GSM94099,train,no_cancer
GDS2771,6,8,GSM94100,train,no_cancer
GDS2771,6,8,GSM94101,train,no_cancer
GDS2771,6,8,GSM94102,train,no_cancer
GDS2771,6,8,GSM94103,train,no_cancer
GDS2771,6,8,GSM94104,train,no_cancer
GDS2771,6,8,GSM94105,train,no_cancer
GDS2771,6,8,GSM94106,train,no_cancer
GDS2771,6,8,GSM94107,train,no_cancer
GDS2771,6,8,GSM94109,train,no_cancer
GDS2771,6,8,GSM94110,train,no_cancer
GDS2771,6,8,GSM94111,train,no_cancer
GDS2771,6,8,GSM94112,train,no_cancer
GDS2771,6,8,GSM94113,train,no_cancer
GDS2771,6,8,GSM94114,train,no_cancer
GDS2771,6,8,GSM94115,train,no_cancer
GDS2771,6,8,GSM94116,train,no_cancer
GDS2771,6,8,GSM94117,train,no_cancer
GDS2771,6,8,GSM94118,train,no_cancer
GDS2771,6,8,GSM94119,train,no_cancer
GDS2771,6,8,GSM94120,train,no_cancer
GDS2771,6,8,GSM94121,train,no_cancer
GDS2771,6,8,GSM94122,train,no_cancer
GDS2771,6,8,GSM94123,train,no_cancer
GDS2771,6,8,GSM94124,train,no_cancer
GDS2771,6,8,GSM94125,train,no_cancer
GDS2771,6,8,GSM94126,train,no_cancer
GDS2771,6,8,GSM94127,train,no_cancer
GDS2771,6,8,GSM94128,train,no_cancer
GDS2771,6,8,GSM94129,train,no_cancer
GDS2771,6,8,GSM94130,train,no_cancer
GDS2771,6,8,GSM94131,train,no_cancer
GDS2771,6,8,GSM94132,train,no_cancer
GDS2771,6,8,GSM94133,train,no_cancer
GDS2771,6,8,GSM94134,train,no_cancer
GDS2771,6,8,GSM94135,train,no_cancer
GDS2771,6,8,GSM94136,train,no_cancer
GDS2771,6,8,GSM94137,train,no_cancer
GDS2771,6,8,GSM94140,train,no_cancer
GDS2771,6,8,GSM94141,train,no_cancer
GDS2771,6,8,GSM94142,train,no_cancer
GDS2771,6,8,GSM94144,train,no_cancer
GDS2771,6,8,GSM94146,train,no_cancer
GDS2771,6,8,GSM94147,train,no_cancer
GDS2771,6,8,GSM94148,train,no_cancer
GDS2771,6,8,GSM98785,train,no_cancer
GDS2771,6,8,GSM98786,train,no_cancer
GDS2771,6,8,GSM98787,train,no_cancer
GDS2771,6,8,GSM98788,train,no_cancer
GDS2771,6,8,GSM98789,train,no_cancer
GDS2771,6,8,GSM98791,train,no_cancer
GDS2771,6,8,GSM98792,train,no_cancer
GDS2771,6,8,GSM98793,train,no_cancer
GDS2771,6,8,GSM98794,train,no_cancer
GDS2771,6,8,GSM98796,train,no_cancer
GDS2771,6,8,GSM98797,train,no_cancer
GDS2771,6,8,GSM98798,train,no_cancer
GDS2771,6,8,GSM98799,train,no_cancer
GDS2771,6,8,GSM98800,train,no_cancer
GDS2771,6,8,GSM98801,train,no_cancer
GDS2771,6,8,GSM94019,train,cancer
GDS2771,6,8,GSM94020,train,cancer
GDS2771,6,8,GSM94021,train,cancer
GDS2771,6,8,GSM94022,train,cancer
GDS2771,6,8,GSM94023,train,cancer
GDS2771,6,8,GSM94025,train,cancer
GDS2771,6,8,GSM94026,train,cancer
GDS2771,6,8,GSM94027,train,cancer
GDS2771,6,8,GSM94028,train,cancer
GDS2771,6,8,GSM94029,train,cancer
GDS2771,6,8,GSM94030,train,cancer
GDS2771,6,8,GSM94031,train,cancer
GDS2771,6,8,GSM94032,train,cancer
GDS2771,6,8,GSM94033,train,cancer
GDS2771,6,8,GSM94034,train,cancer
GDS2771,6,8,GSM94035,train,cancer
GDS2771,6,8,GSM94036,train,cancer
GDS2771,6,8,GSM94037,train,cancer
GDS2771,6,8,GSM94038,train,cancer
GDS2771,6,8,GSM94039,train,cancer
GDS2771,6,8,GSM94041,train,cancer
GDS2771,6,8,GSM94042,train,cancer
GDS2771,6,8,GSM94043,train,cancer
GDS2771,6,8,GSM94044,train,cancer
GDS2771,6,8,GSM94045,train,cancer
GDS2771,6,8,GSM94046,train,cancer
GDS2771,6,8,GSM94047,train,cancer
GDS2771,6,8,GSM94048,train,cancer
GDS2771,6,8,GSM94049,train,cancer
GDS2771,6,8,GSM94050,train,cancer
GDS2771,6,8,GSM94051,train,cancer
GDS2771,6,8,GSM94052,train,cancer
GDS2771,6,8,GSM94053,train,cancer
GDS2771,6,8,GSM94054,train,cancer
GDS2771,6,8,GSM94055,train,cancer
GDS2771,6,8,GSM94056,train,cancer
GDS2771,6,8,GSM94057,train,cancer
GDS2771,6,8,GSM94058,train,cancer
GDS2771,6,8,GSM94059,train,cancer
GDS2771,6,8,GSM94060,train,cancer
GDS2771,6,8,GSM94061,train,cancer
GDS2771,6,8,GSM94062,train,cancer
GDS2771,6,8,GSM94063,train,cancer
GDS2771,6,8,GSM94064,train,cancer
GDS2771,6,8,GSM94065,train,cancer
GDS2771,6,8,GSM94066,train,cancer
GDS2771,6,8,GSM94067,train,cancer
GDS2771,6,8,GSM94068,train,cancer
GDS2771,6,8,GSM94069,train,cancer
GDS2771,6,8,GSM94070,train,cancer
GDS2771,6,8,GSM94072,train,cancer
GDS2771,6,8,GSM94073,train,cancer
GDS2771,6,8,GSM94074,train,cancer
GDS2771,6,8,GSM94075,train,cancer
GDS2771,6,8,GSM94155,train,cancer
GDS2771,6,8,GSM94156,train,cancer
GDS2771,6,8,GSM94157,train,cancer
GDS2771,6,8,GSM94161,train,cancer
GDS2771,6,8,GSM94162,train,cancer
GDS2771,6,8,GSM94163,train,cancer
GDS2771,6,8,GSM94165,train,cancer
GDS2771,6,8,GSM94167,train,cancer
GDS2771,6,8,GSM94168,train,cancer
GDS2771,6,8,GSM94170,train,cancer
GDS2771,6,8,GSM94171,train,cancer
GDS2771,6,8,GSM94172,train,cancer
GDS2771,6,8,GSM94173,train,cancer
GDS2771,6,8,GSM94174,train,cancer
GDS2771,6,8,GSM94175,train,cancer
GDS2771,6,8,GSM94176,train,cancer
GDS2771,6,8,GSM94177,train,cancer
GDS2771,6,8,GSM94178,train,cancer
GDS2771,6,8,GSM98767,train,cancer
GDS2771,6,8,GSM98768,train,cancer
GDS2771,6,8,GSM98769,train,cancer
GDS2771,6,8,GSM98770,train,cancer
GDS2771,6,8,GSM98771,train,cancer
GDS2771,6,8,GSM98772,train,cancer
GDS2771,6,8,GSM98773,train,cancer
GDS2771,6,8,GSM98774,train,cancer
GDS2771,6,8,GSM98775,train,cancer
GDS2771,6,8,GSM98779,train,cancer
GDS2771,6,8,GSM98780,train,cancer
GDS2771,6,8,GSM98781,train,cancer
GDS2771,6,8,GSM98782,train,cancer
GDS2771,6,8,GSM98783,train,cancer
GDS2771,6,8,GSM98784,train,cancer
GDS2771,6,8,GSM98871,train,cancer
GDS2771,6,8,GSM98872,train,cancer
GDS2771,6,8,GSM98873,train,cancer
GDS2771,6,8,GSM98874,train,cancer
GDS2771,6,8,GSM98875,train,cancer
GDS2771,6,8,GSM94083,test,no_cancer
GDS2771,6,8,GSM94091,test,no_cancer
GDS2771,6,8,GSM94108,test,no_cancer
GDS2771,6,8,GSM94138,test,no_cancer
GDS2771,6,8,GSM94139,test,no_cancer
GDS2771,6,8,GSM94143,test,no_cancer
GDS2771,6,8,GSM94145,test,no_cancer
GDS2771,6,8,GSM98790,test,no_cancer
GDS2771,6,8,GSM98795,test,no_cancer
GDS2771,6,8,GSM94024,test,cancer
GDS2771,6,8,GSM94040,test,cancer
GDS2771,6,8,GSM94071,test,cancer
GDS2771,6,8,GSM94160,test,cancer
GDS2771,6,8,GSM94164,test,cancer
GDS2771,6,8,GSM94166,test,cancer
GDS2771,6,8,GSM94169,test,cancer
GDS2771,6,8,GSM98776,test,cancer
GDS2771,6,8,GSM98777,test,cancer
GDS2771,6,8,GSM98778,test,cancer
GDS2771,6,9,GSM93997,train,no_cancer
GDS2771,6,9,GSM94077,train,no_cancer
GDS2771,6,9,GSM94078,train,no_cancer
GDS2771,6,9,GSM94079,train,no_cancer
GDS2771,6,9,GSM94080,train,no_cancer
GDS2771,6,9,GSM94081,train,no_cancer
GDS2771,6,9,GSM94082,train,no_cancer
GDS2771,6,9,GSM94083,train,no_cancer
GDS2771,6,9,GSM94085,train,no_cancer
GDS2771,6,9,GSM94086,train,no_cancer
GDS2771,6,9,GSM94087,train,no_cancer
GDS2771,6,9,GSM94088,train,no_cancer
GDS2771,6,9,GSM94090,train,no_cancer
GDS2771,6,9,GSM94091,train,no_cancer
GDS2771,6,9,GSM94092,train,no_cancer
GDS2771,6,9,GSM94093,train,no_cancer
GDS2771,6,9,GSM94094,train,no_cancer
GDS2771,6,9,GSM94095,train,no_cancer
GDS2771,6,9,GSM94096,train,no_cancer
GDS2771,6,9,GSM94097,train,no_cancer
GDS2771,6,9,GSM94098,train,no_cancer
GDS2771,6,9,GSM94100,train,no_cancer
GDS2771,6,9,GSM94101,train,no_cancer
GDS2771,6,9,GSM94102,train,no_cancer
GDS2771,6,9,GSM94103,train,no_cancer
GDS2771,6,9,GSM94104,train,no_cancer
GDS2771,6,9,GSM94105,train,no_cancer
GDS2771,6,9,GSM94106,train,no_cancer
GDS2771,6,9,GSM94107,train,no_cancer
GDS2771,6,9,GSM94108,train,no_cancer
GDS2771,6,9,GSM94109,train,no_cancer
GDS2771,6,9,GSM94110,train,no_cancer
GDS2771,6,9,GSM94112,train,no_cancer
GDS2771,6,9,GSM94113,train,no_cancer
GDS2771,6,9,GSM94114,train,no_cancer
GDS2771,6,9,GSM94115,train,no_cancer
GDS2771,6,9,GSM94116,train,no_cancer
GDS2771,6,9,GSM94117,train,no_cancer
GDS2771,6,9,GSM94118,train,no_cancer
GDS2771,6,9,GSM94119,train,no_cancer
GDS2771,6,9,GSM94121,train,no_cancer
GDS2771,6,9,GSM94122,train,no_cancer
GDS2771,6,9,GSM94123,train,no_cancer
GDS2771,6,9,GSM94124,train,no_cancer
GDS2771,6,9,GSM94125,train,no_cancer
GDS2771,6,9,GSM94126,train,no_cancer
GDS2771,6,9,GSM94128,train,no_cancer
GDS2771,6,9,GSM94129,train,no_cancer
GDS2771,6,9,GSM94130,train,no_cancer
GDS2771,6,9,GSM94131,train,no_cancer
GDS2771,6,9,GSM94132,train,no_cancer
GDS2771,6,9,GSM94133,train,no_cancer
GDS2771,6,9,GSM94134,train,no_cancer
GDS2771,6,9,GSM94135,train,no_cancer
GDS2771,6,9,GSM94136,train,no_cancer
GDS2771,6,9,GSM94137,train,no_cancer
GDS2771,6,9,GSM94138,train,no_cancer
GDS2771,6,9,GSM94139,train,no_cancer
GDS2771,6,9,GSM94140,train,no_cancer
GDS2771,6,9,GSM94141,train,no_cancer
GDS2771,6,9,GSM94142,train,no_cancer
GDS2771,6,9,GSM94143,train,no_cancer
GDS2771,6,9,GSM94144,train,no_cancer
GDS2771,6,9,GSM94145,train,no_cancer
GDS2771,6,9,GSM94146,train,no_cancer
GDS2771,6,9,GSM94148,train,no_cancer
GDS2771,6,9,GSM98785,train,no_cancer
GDS2771,6,9,GSM98786,train,no_cancer
GDS2771,6,9,GSM98787,train,no_cancer
GDS2771,6,9,GSM98788,train,no_cancer
GDS2771,6,9,GSM98789,train,no_cancer
GDS2771,6,9,GSM98790,train,no_cancer
GDS2771,6,9,GSM98791,train,no_cancer
GDS2771,6,9,GSM98793,train,no_cancer
GDS2771,6,9,GSM98794,train,no_cancer
GDS2771,6,9,GSM98795,train,no_cancer
GDS2771,6,9,GSM98796,train,no_cancer
GDS2771,6,9,GSM98797,train,no_cancer
GDS2771,6,9,GSM98798,train,no_cancer
GDS2771,6,9,GSM98800,train,no_cancer
GDS2771,6,9,GSM98801,train,no_cancer
GDS2771,6,9,GSM94019,train,cancer
GDS2771,6,9,GSM94020,train,cancer
GDS2771,6,9,GSM94021,train,cancer
GDS2771,6,9,GSM94023,train,cancer
GDS2771,6,9,GSM94024,train,cancer
GDS2771,6,9,GSM94025,train,cancer
GDS2771,6,9,GSM94026,train,cancer
GDS2771,6,9,GSM94027,train,cancer
GDS2771,6,9,GSM94028,train,cancer
GDS2771,6,9,GSM94030,train,cancer
GDS2771,6,9,GSM94031,train,cancer
GDS2771,6,9,GSM94032,train,cancer
GDS2771,6,9,GSM94033,train,cancer
GDS2771,6,9,GSM94034,train,cancer
GDS2771,6,9,GSM94035,train,cancer
GDS2771,6,9,GSM94037,train,cancer
GDS2771,6,9,GSM94038,train,cancer
GDS2771,6,9,GSM94039,train,cancer
GDS2771,6,9,GSM94040,train,cancer
GDS2771,6,9,GSM94042,train,cancer
GDS2771,6,9,GSM94044,train,cancer
GDS2771,6,9,GSM94045,train,cancer
GDS2771,6,9,GSM94046,train,cancer
GDS2771,6,9,GSM94048,train,cancer
GDS2771,6,9,GSM94049,train,cancer
GDS2771,6,9,GSM94050,train,cancer
GDS2771,6,9,GSM94051,train,cancer
GDS2771,6,9,GSM94052,train,cancer
GDS2771,6,9,GSM94053,train,cancer
GDS2771,6,9,GSM94054,train,cancer
GDS2771,6,9,GSM94055,train,cancer
GDS2771,6,9,GSM94056,train,cancer
GDS2771,6,9,GSM94057,train,cancer
GDS2771,6,9,GSM94059,train,cancer
GDS2771,6,9,GSM94060,train,cancer
GDS2771,6,9,GSM94061,train,cancer
GDS2771,6,9,GSM94062,train,cancer
GDS2771,6,9,GSM94063,train,cancer
GDS2771,6,9,GSM94064,train,cancer
GDS2771,6,9,GSM94065,train,cancer
GDS2771,6,9,GSM94066,train,cancer
GDS2771,6,9,GSM94067,train,cancer
GDS2771,6,9,GSM94068,train,cancer
GDS2771,6,9,GSM94069,train,cancer
GDS2771,6,9,GSM94070,train,cancer
GDS2771,6,9,GSM94071,train,cancer
GDS2771,6,9,GSM94072,train,cancer
GDS2771,6,9,GSM94073,train,cancer
GDS2771,6,9,GSM94074,train,cancer
GDS2771,6,9,GSM94075,train,cancer
GDS2771,6,9,GSM94155,train,cancer
GDS2771,6,9,GSM94156,train,cancer
GDS2771,6,9,GSM94157,train,cancer
GDS2771,6,9,GSM94160,train,cancer
GDS2771,6,9,GSM94161,train,cancer
GDS2771,6,9,GSM94162,train,cancer
GDS2771,6,9,GSM94163,train,cancer
GDS2771,6,9,GSM94164,train,cancer
GDS2771,6,9,GSM94165,train,cancer
GDS2771,6,9,GSM94166,train,cancer
GDS2771,6,9,GSM94167,train,cancer
GDS2771,6,9,GSM94168,train,cancer
GDS2771,6,9,GSM94169,train,cancer
GDS2771,6,9,GSM94170,train,cancer
GDS2771,6,9,GSM94171,train,cancer
GDS2771,6,9,GSM94172,train,cancer
GDS2771,6,9,GSM94173,train,cancer
GDS2771,6,9,GSM94174,train,cancer
GDS2771,6,9,GSM94176,train,cancer
GDS2771,6,9,GSM98767,train,cancer
GDS2771,6,9,GSM98768,train,cancer
GDS2771,6,9,GSM98769,train,cancer
GDS2771,6,9,GSM98770,train,cancer
GDS2771,6,9,GSM98771,train,cancer
GDS2771,6,9,GSM98772,train,cancer
GDS2771,6,9,GSM98773,train,cancer
GDS2771,6,9,GSM98774,train,cancer
GDS2771,6,9,GSM98775,train,cancer
GDS2771,6,9,GSM98776,train,cancer
GDS2771,6,9,GSM98777,train,cancer
GDS2771,6,9,GSM98778,train,cancer
GDS2771,6,9,GSM98779,train,cancer
GDS2771,6,9,GSM98780,train,cancer
GDS2771,6,9,GSM98781,train,cancer
GDS2771,6,9,GSM98782,train,cancer
GDS2771,6,9,GSM98783,train,cancer
GDS2771,6,9,GSM98784,train,cancer
GDS2771,6,9,GSM98871,train,cancer
GDS2771,6,9,GSM98872,train,cancer
GDS2771,6,9,GSM98873,train,cancer
GDS2771,6,9,GSM98874,train,cancer
GDS2771,6,9,GSM98875,train,cancer
GDS2771,6,9,GSM94084,test,no_cancer
GDS2771,6,9,GSM94089,test,no_cancer
GDS2771,6,9,GSM94099,test,no_cancer
GDS2771,6,9,GSM94111,test,no_cancer
GDS2771,6,9,GSM94120,test,no_cancer
GDS2771,6,9,GSM94127,test,no_cancer
GDS2771,6,9,GSM94147,test,no_cancer
GDS2771,6,9,GSM98792,test,no_cancer
GDS2771,6,9,GSM98799,test,no_cancer
GDS2771,6,9,GSM94022,test,cancer
GDS2771,6,9,GSM94029,test,cancer
GDS2771,6,9,GSM94036,test,cancer
GDS2771,6,9,GSM94041,test,cancer
GDS2771,6,9,GSM94043,test,cancer
GDS2771,6,9,GSM94047,test,cancer
GDS2771,6,9,GSM94058,test,cancer
GDS2771,6,9,GSM94175,test,cancer
GDS2771,6,9,GSM94177,test,cancer
GDS2771,6,9,GSM94178,test,cancer
GDS2771,6,10,GSM93997,train,no_cancer
GDS2771,6,10,GSM94077,train,no_cancer
GDS2771,6,10,GSM94078,train,no_cancer
GDS2771,6,10,GSM94079,train,no_cancer
GDS2771,6,10,GSM94080,train,no_cancer
GDS2771,6,10,GSM94081,train,no_cancer
GDS2771,6,10,GSM94082,train,no_cancer
GDS2771,6,10,GSM94083,train,no_cancer
GDS2771,6,10,GSM94084,train,no_cancer
GDS2771,6,10,GSM94085,train,no_cancer
GDS2771,6,10,GSM94086,train,no_cancer
GDS2771,6,10,GSM94088,train,no_cancer
GDS2771,6,10,GSM94089,train,no_cancer
GDS2771,6,10,GSM94091,train,no_cancer
GDS2771,6,10,GSM94092,train,no_cancer
GDS2771,6,10,GSM94093,train,no_cancer
GDS2771,6,10,GSM94094,train,no_cancer
GDS2771,6,10,GSM94095,train,no_cancer
GDS2771,6,10,GSM94096,train,no_cancer
GDS2771,6,10,GSM94097,train,no_cancer
GDS2771,6,10,GSM94098,train,no_cancer
GDS2771,6,10,GSM94099,train,no_cancer
GDS2771,6,10,GSM94100,train,no_cancer
GDS2771,6,10,GSM94102,train,no_cancer
GDS2771,6,10,GSM94104,train,no_cancer
GDS2771,6,10,GSM94105,train,no_cancer
GDS2771,6,10,GSM94106,train,no_cancer
GDS2771,6,10,GSM94107,train,no_cancer
GDS2771,6,10,GSM94108,train,no_cancer
GDS2771,6,10,GSM94109,train,no_cancer
GDS2771,6,10,GSM94110,train,no_cancer
GDS2771,6,10,GSM94111,train,no_cancer
GDS2771,6,10,GSM94112,train,no_cancer
GDS2771,6,10,GSM94113,train,no_cancer
GDS2771,6,10,GSM94114,train,no_cancer
GDS2771,6,10,GSM94115,train,no_cancer
GDS2771,6,10,GSM94116,train,no_cancer
GDS2771,6,10,GSM94119,train,no_cancer
GDS2771,6,10,GSM94120,train,no_cancer
GDS2771,6,10,GSM94121,train,no_cancer
GDS2771,6,10,GSM94122,train,no_cancer
GDS2771,6,10,GSM94123,train,no_cancer
GDS2771,6,10,GSM94124,train,no_cancer
GDS2771,6,10,GSM94125,train,no_cancer
GDS2771,6,10,GSM94126,train,no_cancer
GDS2771,6,10,GSM94127,train,no_cancer
GDS2771,6,10,GSM94128,train,no_cancer
GDS2771,6,10,GSM94129,train,no_cancer
GDS2771,6,10,GSM94130,train,no_cancer
GDS2771,6,10,GSM94131,train,no_cancer
GDS2771,6,10,GSM94134,train,no_cancer
GDS2771,6,10,GSM94135,train,no_cancer
GDS2771,6,10,GSM94136,train,no_cancer
GDS2771,6,10,GSM94137,train,no_cancer
GDS2771,6,10,GSM94138,train,no_cancer
GDS2771,6,10,GSM94139,train,no_cancer
GDS2771,6,10,GSM94140,train,no_cancer
GDS2771,6,10,GSM94141,train,no_cancer
GDS2771,6,10,GSM94142,train,no_cancer
GDS2771,6,10,GSM94143,train,no_cancer
GDS2771,6,10,GSM94144,train,no_cancer
GDS2771,6,10,GSM94145,train,no_cancer
GDS2771,6,10,GSM94146,train,no_cancer
GDS2771,6,10,GSM94147,train,no_cancer
GDS2771,6,10,GSM98785,train,no_cancer
GDS2771,6,10,GSM98786,train,no_cancer
GDS2771,6,10,GSM98787,train,no_cancer
GDS2771,6,10,GSM98788,train,no_cancer
GDS2771,6,10,GSM98789,train,no_cancer
GDS2771,6,10,GSM98790,train,no_cancer
GDS2771,6,10,GSM98791,train,no_cancer
GDS2771,6,10,GSM98792,train,no_cancer
GDS2771,6,10,GSM98793,train,no_cancer
GDS2771,6,10,GSM98794,train,no_cancer
GDS2771,6,10,GSM98795,train,no_cancer
GDS2771,6,10,GSM98796,train,no_cancer
GDS2771,6,10,GSM98797,train,no_cancer
GDS2771,6,10,GSM98798,train,no_cancer
GDS2771,6,10,GSM98799,train,no_cancer
GDS2771,6,10,GSM98800,train,no_cancer
GDS2771,6,10,GSM98801,train,no_cancer
GDS2771,6,10,GSM94020,train,cancer
GDS2771,6,10,GSM94021,train,cancer
GDS2771,6,10,GSM94022,train,cancer
GDS2771,6,10,GSM94023,train,cancer
GDS2771,6,10,GSM94024,train,cancer
GDS2771,6,10,GSM94025,train,cancer
GDS2771,6,10,GSM94026,train,cancer
GDS2771,6,10,GSM94028,train,cancer
GDS2771,6,10,GSM94029,train,cancer
GDS2771,6,10,GSM94030,train,cancer
GDS2771,6,10,GSM94032,train,cancer
GDS2771,6,10,GSM94033,train,cancer
GDS2771,6,10,GSM94034,train,cancer
GDS2771,6,10,GSM94036,train,cancer
GDS2771,6,10,GSM94037,train,cancer
GDS2771,6,10,GSM94038,train,cancer
GDS2771,6,10,GSM94039,train,cancer
GDS2771,6,10,GSM94040,train,cancer
GDS2771,6,10,GSM94041,train,cancer
GDS2771,6,10,GSM94042,train,cancer
GDS2771,6,10,GSM94043,train,cancer
GDS2771,6,10,GSM94044,train,cancer
GDS2771,6,10,GSM94045,train,cancer
GDS2771,6,10,GSM94046,train,cancer
GDS2771,6,10,GSM94047,train,cancer
GDS2771,6,10,GSM94048,train,cancer
GDS2771,6,10,GSM94050,train,cancer
GDS2771,6,10,GSM94051,train,cancer
GDS2771,6,10,GSM94052,train,cancer
GDS2771,6,10,GSM94053,train,cancer
GDS2771,6,10,GSM94054,train,cancer
GDS2771,6,10,GSM94055,train,cancer
GDS2771,6,10,GSM94056,train,cancer
GDS2771,6,10,GSM94057,train,cancer
GDS2771,6,10,GSM94058,train,cancer
GDS2771,6,10,GSM94059,train,cancer
GDS2771,6,10,GSM94060,train,cancer
GDS2771,6,10,GSM94061,train,cancer
GDS2771,6,10,GSM94063,train,cancer
GDS2771,6,10,GSM94064,train,cancer
GDS2771,6,10,GSM94065,train,cancer
GDS2771,6,10,GSM94066,train,cancer
GDS2771,6,10,GSM94067,train,cancer
GDS2771,6,10,GSM94068,train,cancer
GDS2771,6,10,GSM94069,train,cancer
GDS2771,6,10,GSM94070,train,cancer
GDS2771,6,10,GSM94071,train,cancer
GDS2771,6,10,GSM94072,train,cancer
GDS2771,6,10,GSM94073,train,cancer
GDS2771,6,10,GSM94074,train,cancer
GDS2771,6,10,GSM94075,train,cancer
GDS2771,6,10,GSM94155,train,cancer
GDS2771,6,10,GSM94156,train,cancer
GDS2771,6,10,GSM94157,train,cancer
GDS2771,6,10,GSM94160,train,cancer
GDS2771,6,10,GSM94162,train,cancer
GDS2771,6,10,GSM94163,train,cancer
GDS2771,6,10,GSM94164,train,cancer
GDS2771,6,10,GSM94165,train,cancer
GDS2771,6,10,GSM94166,train,cancer
GDS2771,6,10,GSM94168,train,cancer
GDS2771,6,10,GSM94169,train,cancer
GDS2771,6,10,GSM94170,train,cancer
GDS2771,6,10,GSM94171,train,cancer
GDS2771,6,10,GSM94172,train,cancer
GDS2771,6,10,GSM94173,train,cancer
GDS2771,6,10,GSM94174,train,cancer
GDS2771,6,10,GSM94175,train,cancer
GDS2771,6,10,GSM94176,train,cancer
GDS2771,6,10,GSM94177,train,cancer
GDS2771,6,10,GSM94178,train,cancer
GDS2771,6,10,GSM98767,train,cancer
GDS2771,6,10,GSM98768,train,cancer
GDS2771,6,10,GSM98769,train,cancer
GDS2771,6,10,GSM98770,train,cancer
GDS2771,6,10,GSM98771,train,cancer
GDS2771,6,10,GSM98773,train,cancer
GDS2771,6,10,GSM98774,train,cancer
GDS2771,6,10,GSM98775,train,cancer
GDS2771,6,10,GSM98776,train,cancer
GDS2771,6,10,GSM98777,train,cancer
GDS2771,6,10,GSM98778,train,cancer
GDS2771,6,10,GSM98779,train,cancer
GDS2771,6,10,GSM98780,train,cancer
GDS2771,6,10,GSM98781,train,cancer
GDS2771,6,10,GSM98782,train,cancer
GDS2771,6,10,GSM98783,train,cancer
GDS2771,6,10,GSM98871,train,cancer
GDS2771,6,10,GSM98872,train,cancer
GDS2771,6,10,GSM98873,train,cancer
GDS2771,6,10,GSM98874,train,cancer
GDS2771,6,10,GSM98875,train,cancer
GDS2771,6,10,GSM94087,test,no_cancer
GDS2771,6,10,GSM94090,test,no_cancer
GDS2771,6,10,GSM94101,test,no_cancer
GDS2771,6,10,GSM94103,test,no_cancer
GDS2771,6,10,GSM94117,test,no_cancer
GDS2771,6,10,GSM94118,test,no_cancer
GDS2771,6,10,GSM94132,test,no_cancer
GDS2771,6,10,GSM94133,test,no_cancer
GDS2771,6,10,GSM94148,test,no_cancer
GDS2771,6,10,GSM94019,test,cancer
GDS2771,6,10,GSM94027,test,cancer
GDS2771,6,10,GSM94031,test,cancer
GDS2771,6,10,GSM94035,test,cancer
GDS2771,6,10,GSM94049,test,cancer
GDS2771,6,10,GSM94062,test,cancer
GDS2771,6,10,GSM94161,test,cancer
GDS2771,6,10,GSM94167,test,cancer
GDS2771,6,10,GSM98772,test,cancer
GDS2771,6,10,GSM98784,test,cancer
GDS2771,7,1,GSM93997,train,no_cancer
GDS2771,7,1,GSM94077,train,no_cancer
GDS2771,7,1,GSM94078,train,no_cancer
GDS2771,7,1,GSM94079,train,no_cancer
GDS2771,7,1,GSM94080,train,no_cancer
GDS2771,7,1,GSM94081,train,no_cancer
GDS2771,7,1,GSM94082,train,no_cancer
GDS2771,7,1,GSM94083,train,no_cancer
GDS2771,7,1,GSM94084,train,no_cancer
GDS2771,7,1,GSM94086,train,no_cancer
GDS2771,7,1,GSM94087,train,no_cancer
GDS2771,7,1,GSM94088,train,no_cancer
GDS2771,7,1,GSM94090,train,no_cancer
GDS2771,7,1,GSM94091,train,no_cancer
GDS2771,7,1,GSM94093,train,no_cancer
GDS2771,7,1,GSM94094,train,no_cancer
GDS2771,7,1,GSM94095,train,no_cancer
GDS2771,7,1,GSM94096,train,no_cancer
GDS2771,7,1,GSM94097,train,no_cancer
GDS2771,7,1,GSM94098,train,no_cancer
GDS2771,7,1,GSM94099,train,no_cancer
GDS2771,7,1,GSM94100,train,no_cancer
GDS2771,7,1,GSM94101,train,no_cancer
GDS2771,7,1,GSM94102,train,no_cancer
GDS2771,7,1,GSM94103,train,no_cancer
GDS2771,7,1,GSM94104,train,no_cancer
GDS2771,7,1,GSM94105,train,no_cancer
GDS2771,7,1,GSM94106,train,no_cancer
GDS2771,7,1,GSM94107,train,no_cancer
GDS2771,7,1,GSM94108,train,no_cancer
GDS2771,7,1,GSM94109,train,no_cancer
GDS2771,7,1,GSM94110,train,no_cancer
GDS2771,7,1,GSM94111,train,no_cancer
GDS2771,7,1,GSM94112,train,no_cancer
GDS2771,7,1,GSM94113,train,no_cancer
GDS2771,7,1,GSM94114,train,no_cancer
GDS2771,7,1,GSM94115,train,no_cancer
GDS2771,7,1,GSM94116,train,no_cancer
GDS2771,7,1,GSM94117,train,no_cancer
GDS2771,7,1,GSM94118,train,no_cancer
GDS2771,7,1,GSM94119,train,no_cancer
GDS2771,7,1,GSM94120,train,no_cancer
GDS2771,7,1,GSM94121,train,no_cancer
GDS2771,7,1,GSM94122,train,no_cancer
GDS2771,7,1,GSM94123,train,no_cancer
GDS2771,7,1,GSM94124,train,no_cancer
GDS2771,7,1,GSM94125,train,no_cancer
GDS2771,7,1,GSM94126,train,no_cancer
GDS2771,7,1,GSM94127,train,no_cancer
GDS2771,7,1,GSM94128,train,no_cancer
GDS2771,7,1,GSM94129,train,no_cancer
GDS2771,7,1,GSM94130,train,no_cancer
GDS2771,7,1,GSM94131,train,no_cancer
GDS2771,7,1,GSM94132,train,no_cancer
GDS2771,7,1,GSM94133,train,no_cancer
GDS2771,7,1,GSM94134,train,no_cancer
GDS2771,7,1,GSM94135,train,no_cancer
GDS2771,7,1,GSM94136,train,no_cancer
GDS2771,7,1,GSM94137,train,no_cancer
GDS2771,7,1,GSM94138,train,no_cancer
GDS2771,7,1,GSM94139,train,no_cancer
GDS2771,7,1,GSM94142,train,no_cancer
GDS2771,7,1,GSM94143,train,no_cancer
GDS2771,7,1,GSM94144,train,no_cancer
GDS2771,7,1,GSM94145,train,no_cancer
GDS2771,7,1,GSM94146,train,no_cancer
GDS2771,7,1,GSM94147,train,no_cancer
GDS2771,7,1,GSM94148,train,no_cancer
GDS2771,7,1,GSM98785,train,no_cancer
GDS2771,7,1,GSM98786,train,no_cancer
GDS2771,7,1,GSM98787,train,no_cancer
GDS2771,7,1,GSM98788,train,no_cancer
GDS2771,7,1,GSM98789,train,no_cancer
GDS2771,7,1,GSM98790,train,no_cancer
GDS2771,7,1,GSM98791,train,no_cancer
GDS2771,7,1,GSM98792,train,no_cancer
GDS2771,7,1,GSM98795,train,no_cancer
GDS2771,7,1,GSM98796,train,no_cancer
GDS2771,7,1,GSM98798,train,no_cancer
GDS2771,7,1,GSM98799,train,no_cancer
GDS2771,7,1,GSM98800,train,no_cancer
GDS2771,7,1,GSM94019,train,cancer
GDS2771,7,1,GSM94021,train,cancer
GDS2771,7,1,GSM94023,train,cancer
GDS2771,7,1,GSM94024,train,cancer
GDS2771,7,1,GSM94025,train,cancer
GDS2771,7,1,GSM94026,train,cancer
GDS2771,7,1,GSM94027,train,cancer
GDS2771,7,1,GSM94028,train,cancer
GDS2771,7,1,GSM94029,train,cancer
GDS2771,7,1,GSM94030,train,cancer
GDS2771,7,1,GSM94031,train,cancer
GDS2771,7,1,GSM94032,train,cancer
GDS2771,7,1,GSM94033,train,cancer
GDS2771,7,1,GSM94034,train,cancer
GDS2771,7,1,GSM94035,train,cancer
GDS2771,7,1,GSM94036,train,cancer
GDS2771,7,1,GSM94037,train,cancer
GDS2771,7,1,GSM94038,train,cancer
GDS2771,7,1,GSM94039,train,cancer
GDS2771,7,1,GSM94041,train,cancer
GDS2771,7,1,GSM94042,train,cancer
GDS2771,7,1,GSM94043,train,cancer
GDS2771,7,1,GSM94044,train,cancer
GDS2771,7,1,GSM94045,train,cancer
GDS2771,7,1,GSM94046,train,cancer
GDS2771,7,1,GSM94047,train,cancer
GDS2771,7,1,GSM94048,train,cancer
GDS2771,7,1,GSM94050,train,cancer
GDS2771,7,1,GSM94052,train,cancer
GDS2771,7,1,GSM94054,train,cancer
GDS2771,7,1,GSM94055,train,cancer
GDS2771,7,1,GSM94056,train,cancer
GDS2771,7,1,GSM94057,train,cancer
GDS2771,7,1,GSM94059,train,cancer
GDS2771,7,1,GSM94060,train,cancer
GDS2771,7,1,GSM94061,train,cancer
GDS2771,7,1,GSM94062,train,cancer
GDS2771,7,1,GSM94063,train,cancer
GDS2771,7,1,GSM94064,train,cancer
GDS2771,7,1,GSM94066,train,cancer
GDS2771,7,1,GSM94067,train,cancer
GDS2771,7,1,GSM94068,train,cancer
GDS2771,7,1,GSM94069,train,cancer
GDS2771,7,1,GSM94070,train,cancer
GDS2771,7,1,GSM94071,train,cancer
GDS2771,7,1,GSM94072,train,cancer
GDS2771,7,1,GSM94073,train,cancer
GDS2771,7,1,GSM94074,train,cancer
GDS2771,7,1,GSM94075,train,cancer
GDS2771,7,1,GSM94155,train,cancer
GDS2771,7,1,GSM94156,train,cancer
GDS2771,7,1,GSM94157,train,cancer
GDS2771,7,1,GSM94161,train,cancer
GDS2771,7,1,GSM94162,train,cancer
GDS2771,7,1,GSM94163,train,cancer
GDS2771,7,1,GSM94164,train,cancer
GDS2771,7,1,GSM94165,train,cancer
GDS2771,7,1,GSM94166,train,cancer
GDS2771,7,1,GSM94167,train,cancer
GDS2771,7,1,GSM94168,train,cancer
GDS2771,7,1,GSM94169,train,cancer
GDS2771,7,1,GSM94170,train,cancer
GDS2771,7,1,GSM94171,train,cancer
GDS2771,7,1,GSM94172,train,cancer
GDS2771,7,1,GSM94173,train,cancer
GDS2771,7,1,GSM94174,train,cancer
GDS2771,7,1,GSM94175,train,cancer
GDS2771,7,1,GSM94176,train,cancer
GDS2771,7,1,GSM98767,train,cancer
GDS2771,7,1,GSM98768,train,cancer
GDS2771,7,1,GSM98769,train,cancer
GDS2771,7,1,GSM98770,train,cancer
GDS2771,7,1,GSM98771,train,cancer
GDS2771,7,1,GSM98772,train,cancer
GDS2771,7,1,GSM98773,train,cancer
GDS2771,7,1,GSM98774,train,cancer
GDS2771,7,1,GSM98775,train,cancer
GDS2771,7,1,GSM98776,train,cancer
GDS2771,7,1,GSM98777,train,cancer
GDS2771,7,1,GSM98778,train,cancer
GDS2771,7,1,GSM98779,train,cancer
GDS2771,7,1,GSM98780,train,cancer
GDS2771,7,1,GSM98781,train,cancer
GDS2771,7,1,GSM98782,train,cancer
GDS2771,7,1,GSM98783,train,cancer
GDS2771,7,1,GSM98784,train,cancer
GDS2771,7,1,GSM98871,train,cancer
GDS2771,7,1,GSM98872,train,cancer
GDS2771,7,1,GSM98873,train,cancer
GDS2771,7,1,GSM98874,train,cancer
GDS2771,7,1,GSM98875,train,cancer
GDS2771,7,1,GSM94085,test,no_cancer
GDS2771,7,1,GSM94089,test,no_cancer
GDS2771,7,1,GSM94092,test,no_cancer
GDS2771,7,1,GSM94140,test,no_cancer
GDS2771,7,1,GSM94141,test,no_cancer
GDS2771,7,1,GSM98793,test,no_cancer
GDS2771,7,1,GSM98794,test,no_cancer
GDS2771,7,1,GSM98797,test,no_cancer
GDS2771,7,1,GSM98801,test,no_cancer
GDS2771,7,1,GSM94020,test,cancer
GDS2771,7,1,GSM94022,test,cancer
GDS2771,7,1,GSM94040,test,cancer
GDS2771,7,1,GSM94049,test,cancer
GDS2771,7,1,GSM94051,test,cancer
GDS2771,7,1,GSM94053,test,cancer
GDS2771,7,1,GSM94058,test,cancer
GDS2771,7,1,GSM94065,test,cancer
GDS2771,7,1,GSM94160,test,cancer
GDS2771,7,1,GSM94177,test,cancer
GDS2771,7,1,GSM94178,test,cancer
GDS2771,7,2,GSM93997,train,no_cancer
GDS2771,7,2,GSM94077,train,no_cancer
GDS2771,7,2,GSM94078,train,no_cancer
GDS2771,7,2,GSM94079,train,no_cancer
GDS2771,7,2,GSM94080,train,no_cancer
GDS2771,7,2,GSM94081,train,no_cancer
GDS2771,7,2,GSM94082,train,no_cancer
GDS2771,7,2,GSM94084,train,no_cancer
GDS2771,7,2,GSM94085,train,no_cancer
GDS2771,7,2,GSM94087,train,no_cancer
GDS2771,7,2,GSM94088,train,no_cancer
GDS2771,7,2,GSM94089,train,no_cancer
GDS2771,7,2,GSM94090,train,no_cancer
GDS2771,7,2,GSM94091,train,no_cancer
GDS2771,7,2,GSM94092,train,no_cancer
GDS2771,7,2,GSM94093,train,no_cancer
GDS2771,7,2,GSM94094,train,no_cancer
GDS2771,7,2,GSM94095,train,no_cancer
GDS2771,7,2,GSM94096,train,no_cancer
GDS2771,7,2,GSM94097,train,no_cancer
GDS2771,7,2,GSM94098,train,no_cancer
GDS2771,7,2,GSM94099,train,no_cancer
GDS2771,7,2,GSM94100,train,no_cancer
GDS2771,7,2,GSM94101,train,no_cancer
GDS2771,7,2,GSM94103,train,no_cancer
GDS2771,7,2,GSM94105,train,no_cancer
GDS2771,7,2,GSM94106,train,no_cancer
GDS2771,7,2,GSM94107,train,no_cancer
GDS2771,7,2,GSM94108,train,no_cancer
GDS2771,7,2,GSM94109,train,no_cancer
GDS2771,7,2,GSM94110,train,no_cancer
GDS2771,7,2,GSM94111,train,no_cancer
GDS2771,7,2,GSM94112,train,no_cancer
GDS2771,7,2,GSM94113,train,no_cancer
GDS2771,7,2,GSM94114,train,no_cancer
GDS2771,7,2,GSM94115,train,no_cancer
GDS2771,7,2,GSM94117,train,no_cancer
GDS2771,7,2,GSM94118,train,no_cancer
GDS2771,7,2,GSM94119,train,no_cancer
GDS2771,7,2,GSM94120,train,no_cancer
GDS2771,7,2,GSM94121,train,no_cancer
GDS2771,7,2,GSM94123,train,no_cancer
GDS2771,7,2,GSM94124,train,no_cancer
GDS2771,7,2,GSM94125,train,no_cancer
GDS2771,7,2,GSM94126,train,no_cancer
GDS2771,7,2,GSM94127,train,no_cancer
GDS2771,7,2,GSM94128,train,no_cancer
GDS2771,7,2,GSM94129,train,no_cancer
GDS2771,7,2,GSM94130,train,no_cancer
GDS2771,7,2,GSM94131,train,no_cancer
GDS2771,7,2,GSM94132,train,no_cancer
GDS2771,7,2,GSM94133,train,no_cancer
GDS2771,7,2,GSM94134,train,no_cancer
GDS2771,7,2,GSM94135,train,no_cancer
GDS2771,7,2,GSM94136,train,no_cancer
GDS2771,7,2,GSM94137,train,no_cancer
GDS2771,7,2,GSM94138,train,no_cancer
GDS2771,7,2,GSM94139,train,no_cancer
GDS2771,7,2,GSM94140,train,no_cancer
GDS2771,7,2,GSM94141,train,no_cancer
GDS2771,7,2,GSM94142,train,no_cancer
GDS2771,7,2,GSM94144,train,no_cancer
GDS2771,7,2,GSM94145,train,no_cancer
GDS2771,7,2,GSM94146,train,no_cancer
GDS2771,7,2,GSM94147,train,no_cancer
GDS2771,7,2,GSM94148,train,no_cancer
GDS2771,7,2,GSM98785,train,no_cancer
GDS2771,7,2,GSM98786,train,no_cancer
GDS2771,7,2,GSM98787,train,no_cancer
GDS2771,7,2,GSM98788,train,no_cancer
GDS2771,7,2,GSM98790,train,no_cancer
GDS2771,7,2,GSM98791,train,no_cancer
GDS2771,7,2,GSM98793,train,no_cancer
GDS2771,7,2,GSM98794,train,no_cancer
GDS2771,7,2,GSM98795,train,no_cancer
GDS2771,7,2,GSM98796,train,no_cancer
GDS2771,7,2,GSM98797,train,no_cancer
GDS2771,7,2,GSM98798,train,no_cancer
GDS2771,7,2,GSM98799,train,no_cancer
GDS2771,7,2,GSM98800,train,no_cancer
GDS2771,7,2,GSM98801,train,no_cancer
GDS2771,7,2,GSM94019,train,cancer
GDS2771,7,2,GSM94020,train,cancer
GDS2771,7,2,GSM94021,train,cancer
GDS2771,7,2,GSM94022,train,cancer
GDS2771,7,2,GSM94023,train,cancer
GDS2771,7,2,GSM94024,train,cancer
GDS2771,7,2,GSM94025,train,cancer
GDS2771,7,2,GSM94026,train,cancer
GDS2771,7,2,GSM94027,train,cancer
GDS2771,7,2,GSM94029,train,cancer
GDS2771,7,2,GSM94030,train,cancer
GDS2771,7,2,GSM94031,train,cancer
GDS2771,7,2,GSM94032,train,cancer
GDS2771,7,2,GSM94034,train,cancer
GDS2771,7,2,GSM94036,train,cancer
GDS2771,7,2,GSM94037,train,cancer
GDS2771,7,2,GSM94038,train,cancer
GDS2771,7,2,GSM94039,train,cancer
GDS2771,7,2,GSM94040,train,cancer
GDS2771,7,2,GSM94041,train,cancer
GDS2771,7,2,GSM94042,train,cancer
GDS2771,7,2,GSM94043,train,cancer
GDS2771,7,2,GSM94044,train,cancer
GDS2771,7,2,GSM94045,train,cancer
GDS2771,7,2,GSM94046,train,cancer
GDS2771,7,2,GSM94047,train,cancer
GDS2771,7,2,GSM94048,train,cancer
GDS2771,7,2,GSM94049,train,cancer
GDS2771,7,2,GSM94051,train,cancer
GDS2771,7,2,GSM94052,train,cancer
GDS2771,7,2,GSM94053,train,cancer
GDS2771,7,2,GSM94054,train,cancer
GDS2771,7,2,GSM94055,train,cancer
GDS2771,7,2,GSM94056,train,cancer
GDS2771,7,2,GSM94057,train,cancer
GDS2771,7,2,GSM94058,train,cancer
GDS2771,7,2,GSM94059,train,cancer
GDS2771,7,2,GSM94060,train,cancer
GDS2771,7,2,GSM94062,train,cancer
GDS2771,7,2,GSM94064,train,cancer
GDS2771,7,2,GSM94065,train,cancer
GDS2771,7,2,GSM94066,train,cancer
GDS2771,7,2,GSM94067,train,cancer
GDS2771,7,2,GSM94068,train,cancer
GDS2771,7,2,GSM94069,train,cancer
GDS2771,7,2,GSM94070,train,cancer
GDS2771,7,2,GSM94071,train,cancer
GDS2771,7,2,GSM94072,train,cancer
GDS2771,7,2,GSM94073,train,cancer
GDS2771,7,2,GSM94075,train,cancer
GDS2771,7,2,GSM94155,train,cancer
GDS2771,7,2,GSM94156,train,cancer
GDS2771,7,2,GSM94157,train,cancer
GDS2771,7,2,GSM94160,train,cancer
GDS2771,7,2,GSM94161,train,cancer
GDS2771,7,2,GSM94162,train,cancer
GDS2771,7,2,GSM94163,train,cancer
GDS2771,7,2,GSM94164,train,cancer
GDS2771,7,2,GSM94165,train,cancer
GDS2771,7,2,GSM94166,train,cancer
GDS2771,7,2,GSM94167,train,cancer
GDS2771,7,2,GSM94169,train,cancer
GDS2771,7,2,GSM94170,train,cancer
GDS2771,7,2,GSM94171,train,cancer
GDS2771,7,2,GSM94172,train,cancer
GDS2771,7,2,GSM94173,train,cancer
GDS2771,7,2,GSM94174,train,cancer
GDS2771,7,2,GSM94175,train,cancer
GDS2771,7,2,GSM94177,train,cancer
GDS2771,7,2,GSM94178,train,cancer
GDS2771,7,2,GSM98767,train,cancer
GDS2771,7,2,GSM98768,train,cancer
GDS2771,7,2,GSM98769,train,cancer
GDS2771,7,2,GSM98770,train,cancer
GDS2771,7,2,GSM98771,train,cancer
GDS2771,7,2,GSM98772,train,cancer
GDS2771,7,2,GSM98773,train,cancer
GDS2771,7,2,GSM98775,train,cancer
GDS2771,7,2,GSM98776,train,cancer
GDS2771,7,2,GSM98778,train,cancer
GDS2771,7,2,GSM98779,train,cancer
GDS2771,7,2,GSM98780,train,cancer
GDS2771,7,2,GSM98781,train,cancer
GDS2771,7,2,GSM98782,train,cancer
GDS2771,7,2,GSM98783,train,cancer
GDS2771,7,2,GSM98784,train,cancer
GDS2771,7,2,GSM98871,train,cancer
GDS2771,7,2,GSM98872,train,cancer
GDS2771,7,2,GSM98873,train,cancer
GDS2771,7,2,GSM98874,train,cancer
GDS2771,7,2,GSM98875,train,cancer
GDS2771,7,2,GSM94083,test,no_cancer
GDS2771,7,2,GSM94086,test,no_cancer
GDS2771,7,2,GSM94102,test,no_cancer
GDS2771,7,2,GSM94104,test,no_cancer
GDS2771,7,2,GSM94116,test,no_cancer
GDS2771,7,2,GSM94122,test,no_cancer
GDS2771,7,2,GSM94143,test,no_cancer
GDS2771,7,2,GSM98789,test,no_cancer
GDS2771,7,2,GSM98792,test,no_cancer
GDS2771,7,2,GSM94028,test,cancer
GDS2771,7,2,GSM94033,test,cancer
GDS2771,7,2,GSM94035,test,cancer
GDS2771,7,2,GSM94050,test,cancer
GDS2771,7,2,GSM94061,test,cancer
GDS2771,7,2,GSM94063,test,cancer
GDS2771,7,2,GSM94074,test,cancer
GDS2771,7,2,GSM94168,test,cancer
GDS2771,7,2,GSM94176,test,cancer
GDS2771,7,2,GSM98774,test,cancer
GDS2771,7,2,GSM98777,test,cancer
GDS2771,7,3,GSM93997,train,no_cancer
GDS2771,7,3,GSM94077,train,no_cancer
GDS2771,7,3,GSM94078,train,no_cancer
GDS2771,7,3,GSM94079,train,no_cancer
GDS2771,7,3,GSM94080,train,no_cancer
GDS2771,7,3,GSM94081,train,no_cancer
GDS2771,7,3,GSM94082,train,no_cancer
GDS2771,7,3,GSM94083,train,no_cancer
GDS2771,7,3,GSM94084,train,no_cancer
GDS2771,7,3,GSM94085,train,no_cancer
GDS2771,7,3,GSM94086,train,no_cancer
GDS2771,7,3,GSM94087,train,no_cancer
GDS2771,7,3,GSM94088,train,no_cancer
GDS2771,7,3,GSM94089,train,no_cancer
GDS2771,7,3,GSM94090,train,no_cancer
GDS2771,7,3,GSM94091,train,no_cancer
GDS2771,7,3,GSM94092,train,no_cancer
GDS2771,7,3,GSM94093,train,no_cancer
GDS2771,7,3,GSM94096,train,no_cancer
GDS2771,7,3,GSM94097,train,no_cancer
GDS2771,7,3,GSM94098,train,no_cancer
GDS2771,7,3,GSM94100,train,no_cancer
GDS2771,7,3,GSM94101,train,no_cancer
GDS2771,7,3,GSM94102,train,no_cancer
GDS2771,7,3,GSM94103,train,no_cancer
GDS2771,7,3,GSM94104,train,no_cancer
GDS2771,7,3,GSM94105,train,no_cancer
GDS2771,7,3,GSM94106,train,no_cancer
GDS2771,7,3,GSM94107,train,no_cancer
GDS2771,7,3,GSM94108,train,no_cancer
GDS2771,7,3,GSM94109,train,no_cancer
GDS2771,7,3,GSM94110,train,no_cancer
GDS2771,7,3,GSM94111,train,no_cancer
GDS2771,7,3,GSM94112,train,no_cancer
GDS2771,7,3,GSM94113,train,no_cancer
GDS2771,7,3,GSM94114,train,no_cancer
GDS2771,7,3,GSM94115,train,no_cancer
GDS2771,7,3,GSM94116,train,no_cancer
GDS2771,7,3,GSM94117,train,no_cancer
GDS2771,7,3,GSM94118,train,no_cancer
GDS2771,7,3,GSM94119,train,no_cancer
GDS2771,7,3,GSM94120,train,no_cancer
GDS2771,7,3,GSM94121,train,no_cancer
GDS2771,7,3,GSM94122,train,no_cancer
GDS2771,7,3,GSM94124,train,no_cancer
GDS2771,7,3,GSM94125,train,no_cancer
GDS2771,7,3,GSM94126,train,no_cancer
GDS2771,7,3,GSM94127,train,no_cancer
GDS2771,7,3,GSM94128,train,no_cancer
GDS2771,7,3,GSM94129,train,no_cancer
GDS2771,7,3,GSM94130,train,no_cancer
GDS2771,7,3,GSM94131,train,no_cancer
GDS2771,7,3,GSM94134,train,no_cancer
GDS2771,7,3,GSM94135,train,no_cancer
GDS2771,7,3,GSM94136,train,no_cancer
GDS2771,7,3,GSM94137,train,no_cancer
GDS2771,7,3,GSM94138,train,no_cancer
GDS2771,7,3,GSM94139,train,no_cancer
GDS2771,7,3,GSM94140,train,no_cancer
GDS2771,7,3,GSM94141,train,no_cancer
GDS2771,7,3,GSM94142,train,no_cancer
GDS2771,7,3,GSM94143,train,no_cancer
GDS2771,7,3,GSM94144,train,no_cancer
GDS2771,7,3,GSM94145,train,no_cancer
GDS2771,7,3,GSM94146,train,no_cancer
GDS2771,7,3,GSM94147,train,no_cancer
GDS2771,7,3,GSM94148,train,no_cancer
GDS2771,7,3,GSM98785,train,no_cancer
GDS2771,7,3,GSM98786,train,no_cancer
GDS2771,7,3,GSM98787,train,no_cancer
GDS2771,7,3,GSM98788,train,no_cancer
GDS2771,7,3,GSM98789,train,no_cancer
GDS2771,7,3,GSM98790,train,no_cancer
GDS2771,7,3,GSM98791,train,no_cancer
GDS2771,7,3,GSM98792,train,no_cancer
GDS2771,7,3,GSM98793,train,no_cancer
GDS2771,7,3,GSM98794,train,no_cancer
GDS2771,7,3,GSM98795,train,no_cancer
GDS2771,7,3,GSM98797,train,no_cancer
GDS2771,7,3,GSM98799,train,no_cancer
GDS2771,7,3,GSM98801,train,no_cancer
GDS2771,7,3,GSM94019,train,cancer
GDS2771,7,3,GSM94020,train,cancer
GDS2771,7,3,GSM94021,train,cancer
GDS2771,7,3,GSM94022,train,cancer
GDS2771,7,3,GSM94023,train,cancer
GDS2771,7,3,GSM94024,train,cancer
GDS2771,7,3,GSM94026,train,cancer
GDS2771,7,3,GSM94027,train,cancer
GDS2771,7,3,GSM94028,train,cancer
GDS2771,7,3,GSM94029,train,cancer
GDS2771,7,3,GSM94030,train,cancer
GDS2771,7,3,GSM94032,train,cancer
GDS2771,7,3,GSM94033,train,cancer
GDS2771,7,3,GSM94034,train,cancer
GDS2771,7,3,GSM94035,train,cancer
GDS2771,7,3,GSM94036,train,cancer
GDS2771,7,3,GSM94037,train,cancer
GDS2771,7,3,GSM94038,train,cancer
GDS2771,7,3,GSM94039,train,cancer
GDS2771,7,3,GSM94040,train,cancer
GDS2771,7,3,GSM94041,train,cancer
GDS2771,7,3,GSM94042,train,cancer
GDS2771,7,3,GSM94043,train,cancer
GDS2771,7,3,GSM94044,train,cancer
GDS2771,7,3,GSM94045,train,cancer
GDS2771,7,3,GSM94049,train,cancer
GDS2771,7,3,GSM94050,train,cancer
GDS2771,7,3,GSM94051,train,cancer
GDS2771,7,3,GSM94053,train,cancer
GDS2771,7,3,GSM94054,train,cancer
GDS2771,7,3,GSM94055,train,cancer
GDS2771,7,3,GSM94056,train,cancer
GDS2771,7,3,GSM94057,train,cancer
GDS2771,7,3,GSM94058,train,cancer
GDS2771,7,3,GSM94059,train,cancer
GDS2771,7,3,GSM94060,train,cancer
GDS2771,7,3,GSM94061,train,cancer
GDS2771,7,3,GSM94063,train,cancer
GDS2771,7,3,GSM94064,train,cancer
GDS2771,7,3,GSM94065,train,cancer
GDS2771,7,3,GSM94066,train,cancer
GDS2771,7,3,GSM94067,train,cancer
GDS2771,7,3,GSM94068,train,cancer
GDS2771,7,3,GSM94069,train,cancer
GDS2771,7,3,GSM94071,train,cancer
GDS2771,7,3,GSM94072,train,cancer
GDS2771,7,3,GSM94073,train,cancer
GDS2771,7,3,GSM94074,train,cancer
GDS2771,7,3,GSM94075,train,cancer
GDS2771,7,3,GSM94155,train,cancer
GDS2771,7,3,GSM94156,train,cancer
GDS2771,7,3,GSM94157,train,cancer
GDS2771,7,3,GSM94160,train,cancer
GDS2771,7,3,GSM94161,train,cancer
GDS2771,7,3,GSM94162,train,cancer
GDS2771,7,3,GSM94163,train,cancer
GDS2771,7,3,GSM94164,train,cancer
GDS2771,7,3,GSM94165,train,cancer
GDS2771,7,3,GSM94166,train,cancer
GDS2771,7,3,GSM94167,train,cancer
GDS2771,7,3,GSM94168,train,cancer
GDS2771,7,3,GSM94170,train,cancer
GDS2771,7,3,GSM94171,train,cancer
GDS2771,7,3,GSM94172,train,cancer
GDS2771,7,3,GSM94173,train,cancer
GDS2771,7,3,GSM94174,train,cancer
GDS2771,7,3,GSM94175,train,cancer
GDS2771,7,3,GSM94176,train,cancer
GDS2771,7,3,GSM94177,train,cancer
GDS2771,7,3,GSM94178,train,cancer
GDS2771,7,3,GSM98767,train,cancer
GDS2771,7,3,GSM98768,train,cancer
GDS2771,7,3,GSM98769,train,cancer
GDS2771,7,3,GSM98770,train,cancer
GDS2771,7,3,GSM98771,train,cancer
GDS2771,7,3,GSM98772,train,cancer
GDS2771,7,3,GSM98773,train,cancer
GDS2771,7,3,GSM98774,train,cancer
GDS2771,7,3,GSM98775,train,cancer
GDS2771,7,3,GSM98776,train,cancer
GDS2771,7,3,GSM98777,train,cancer
GDS2771,7,3,GSM98778,train,cancer
GDS2771,7,3,GSM98779,train,cancer
GDS2771,7,3,GSM98780,train,cancer
GDS2771,7,3,GSM98781,train,cancer
GDS2771,7,3,GSM98782,train,cancer
GDS2771,7,3,GSM98783,train,cancer
GDS2771,7,3,GSM98784,train,cancer
GDS2771,7,3,GSM98871,train,cancer
GDS2771,7,3,GSM98872,train,cancer
GDS2771,7,3,GSM98874,train,cancer
GDS2771,7,3,GSM98875,train,cancer
GDS2771,7,3,GSM94094,test,no_cancer
GDS2771,7,3,GSM94095,test,no_cancer
GDS2771,7,3,GSM94099,test,no_cancer
GDS2771,7,3,GSM94123,test,no_cancer
GDS2771,7,3,GSM94132,test,no_cancer
GDS2771,7,3,GSM94133,test,no_cancer
GDS2771,7,3,GSM98796,test,no_cancer
GDS2771,7,3,GSM98798,test,no_cancer
GDS2771,7,3,GSM98800,test,no_cancer
GDS2771,7,3,GSM94025,test,cancer
GDS2771,7,3,GSM94031,test,cancer
GDS2771,7,3,GSM94046,test,cancer
GDS2771,7,3,GSM94047,test,cancer
GDS2771,7,3,GSM94048,test,cancer
GDS2771,7,3,GSM94052,test,cancer
GDS2771,7,3,GSM94062,test,cancer
GDS2771,7,3,GSM94070,test,cancer
GDS2771,7,3,GSM94169,test,cancer
GDS2771,7,3,GSM98873,test,cancer
GDS2771,7,4,GSM93997,train,no_cancer
GDS2771,7,4,GSM94077,train,no_cancer
GDS2771,7,4,GSM94078,train,no_cancer
GDS2771,7,4,GSM94079,train,no_cancer
GDS2771,7,4,GSM94080,train,no_cancer
GDS2771,7,4,GSM94081,train,no_cancer
GDS2771,7,4,GSM94082,train,no_cancer
GDS2771,7,4,GSM94083,train,no_cancer
GDS2771,7,4,GSM94084,train,no_cancer
GDS2771,7,4,GSM94085,train,no_cancer
GDS2771,7,4,GSM94086,train,no_cancer
GDS2771,7,4,GSM94087,train,no_cancer
GDS2771,7,4,GSM94088,train,no_cancer
GDS2771,7,4,GSM94089,train,no_cancer
GDS2771,7,4,GSM94090,train,no_cancer
GDS2771,7,4,GSM94091,train,no_cancer
GDS2771,7,4,GSM94092,train,no_cancer
GDS2771,7,4,GSM94093,train,no_cancer
GDS2771,7,4,GSM94094,train,no_cancer
GDS2771,7,4,GSM94095,train,no_cancer
GDS2771,7,4,GSM94096,train,no_cancer
GDS2771,7,4,GSM94097,train,no_cancer
GDS2771,7,4,GSM94099,train,no_cancer
GDS2771,7,4,GSM94100,train,no_cancer
GDS2771,7,4,GSM94101,train,no_cancer
GDS2771,7,4,GSM94102,train,no_cancer
GDS2771,7,4,GSM94103,train,no_cancer
GDS2771,7,4,GSM94104,train,no_cancer
GDS2771,7,4,GSM94106,train,no_cancer
GDS2771,7,4,GSM94107,train,no_cancer
GDS2771,7,4,GSM94108,train,no_cancer
GDS2771,7,4,GSM94109,train,no_cancer
GDS2771,7,4,GSM94110,train,no_cancer
GDS2771,7,4,GSM94111,train,no_cancer
GDS2771,7,4,GSM94112,train,no_cancer
GDS2771,7,4,GSM94113,train,no_cancer
GDS2771,7,4,GSM94114,train,no_cancer
GDS2771,7,4,GSM94115,train,no_cancer
GDS2771,7,4,GSM94116,train,no_cancer
GDS2771,7,4,GSM94119,train,no_cancer
GDS2771,7,4,GSM94120,train,no_cancer
GDS2771,7,4,GSM94121,train,no_cancer
GDS2771,7,4,GSM94122,train,no_cancer
GDS2771,7,4,GSM94123,train,no_cancer
GDS2771,7,4,GSM94124,train,no_cancer
GDS2771,7,4,GSM94126,train,no_cancer
GDS2771,7,4,GSM94127,train,no_cancer
GDS2771,7,4,GSM94128,train,no_cancer
GDS2771,7,4,GSM94129,train,no_cancer
GDS2771,7,4,GSM94131,train,no_cancer
GDS2771,7,4,GSM94132,train,no_cancer
GDS2771,7,4,GSM94133,train,no_cancer
GDS2771,7,4,GSM94134,train,no_cancer
GDS2771,7,4,GSM94135,train,no_cancer
GDS2771,7,4,GSM94136,train,no_cancer
GDS2771,7,4,GSM94137,train,no_cancer
GDS2771,7,4,GSM94138,train,no_cancer
GDS2771,7,4,GSM94140,train,no_cancer
GDS2771,7,4,GSM94141,train,no_cancer
GDS2771,7,4,GSM94142,train,no_cancer
GDS2771,7,4,GSM94143,train,no_cancer
GDS2771,7,4,GSM94144,train,no_cancer
GDS2771,7,4,GSM94145,train,no_cancer
GDS2771,7,4,GSM94146,train,no_cancer
GDS2771,7,4,GSM94147,train,no_cancer
GDS2771,7,4,GSM94148,train,no_cancer
GDS2771,7,4,GSM98786,train,no_cancer
GDS2771,7,4,GSM98787,train,no_cancer
GDS2771,7,4,GSM98788,train,no_cancer
GDS2771,7,4,GSM98789,train,no_cancer
GDS2771,7,4,GSM98790,train,no_cancer
GDS2771,7,4,GSM98791,train,no_cancer
GDS2771,7,4,GSM98792,train,no_cancer
GDS2771,7,4,GSM98793,train,no_cancer
GDS2771,7,4,GSM98794,train,no_cancer
GDS2771,7,4,GSM98795,train,no_cancer
GDS2771,7,4,GSM98796,train,no_cancer
GDS2771,7,4,GSM98797,train,no_cancer
GDS2771,7,4,GSM98798,train,no_cancer
GDS2771,7,4,GSM98800,train,no_cancer
GDS2771,7,4,GSM98801,train,no_cancer
GDS2771,7,4,GSM94019,train,cancer
GDS2771,7,4,GSM94020,train,cancer
GDS2771,7,4,GSM94022,train,cancer
GDS2771,7,4,GSM94023,train,cancer
GDS2771,7,4,GSM94025,train,cancer
GDS2771,7,4,GSM94026,train,cancer
GDS2771,7,4,GSM94027,train,cancer
GDS2771,7,4,GSM94028,train,cancer
GDS2771,7,4,GSM94029,train,cancer
GDS2771,7,4,GSM94030,train,cancer
GDS2771,7,4,GSM94031,train,cancer
GDS2771,7,4,GSM94033,train,cancer
GDS2771,7,4,GSM94034,train,cancer
GDS2771,7,4,GSM94035,train,cancer
GDS2771,7,4,GSM94036,train,cancer
GDS2771,7,4,GSM94037,train,cancer
GDS2771,7,4,GSM94038,train,cancer
GDS2771,7,4,GSM94039,train,cancer
GDS2771,7,4,GSM94040,train,cancer
GDS2771,7,4,GSM94041,train,cancer
GDS2771,7,4,GSM94042,train,cancer
GDS2771,7,4,GSM94045,train,cancer
GDS2771,7,4,GSM94046,train,cancer
GDS2771,7,4,GSM94047,train,cancer
GDS2771,7,4,GSM94048,train,cancer
GDS2771,7,4,GSM94049,train,cancer
GDS2771,7,4,GSM94050,train,cancer
GDS2771,7,4,GSM94051,train,cancer
GDS2771,7,4,GSM94052,train,cancer
GDS2771,7,4,GSM94053,train,cancer
GDS2771,7,4,GSM94054,train,cancer
GDS2771,7,4,GSM94055,train,cancer
GDS2771,7,4,GSM94056,train,cancer
GDS2771,7,4,GSM94057,train,cancer
GDS2771,7,4,GSM94058,train,cancer
GDS2771,7,4,GSM94059,train,cancer
GDS2771,7,4,GSM94060,train,cancer
GDS2771,7,4,GSM94061,train,cancer
GDS2771,7,4,GSM94062,train,cancer
GDS2771,7,4,GSM94063,train,cancer
GDS2771,7,4,GSM94064,train,cancer
GDS2771,7,4,GSM94065,train,cancer
GDS2771,7,4,GSM94067,train,cancer
GDS2771,7,4,GSM94068,train,cancer
GDS2771,7,4,GSM94070,train,cancer
GDS2771,7,4,GSM94071,train,cancer
GDS2771,7,4,GSM94072,train,cancer
GDS2771,7,4,GSM94073,train,cancer
GDS2771,7,4,GSM94074,train,cancer
GDS2771,7,4,GSM94075,train,cancer
GDS2771,7,4,GSM94155,train,cancer
GDS2771,7,4,GSM94156,train,cancer
GDS2771,7,4,GSM94157,train,cancer
GDS2771,7,4,GSM94160,train,cancer
GDS2771,7,4,GSM94161,train,cancer
GDS2771,7,4,GSM94162,train,cancer
GDS2771,7,4,GSM94163,train,cancer
GDS2771,7,4,GSM94164,train,cancer
GDS2771,7,4,GSM94165,train,cancer
GDS2771,7,4,GSM94166,train,cancer
GDS2771,7,4,GSM94167,train,cancer
GDS2771,7,4,GSM94168,train,cancer
GDS2771,7,4,GSM94169,train,cancer
GDS2771,7,4,GSM94170,train,cancer
GDS2771,7,4,GSM94171,train,cancer
GDS2771,7,4,GSM94172,train,cancer
GDS2771,7,4,GSM94173,train,cancer
GDS2771,7,4,GSM94174,train,cancer
GDS2771,7,4,GSM94175,train,cancer
GDS2771,7,4,GSM94176,train,cancer
GDS2771,7,4,GSM94177,train,cancer
GDS2771,7,4,GSM94178,train,cancer
GDS2771,7,4,GSM98767,train,cancer
GDS2771,7,4,GSM98768,train,cancer
GDS2771,7,4,GSM98769,train,cancer
GDS2771,7,4,GSM98770,train,cancer
GDS2771,7,4,GSM98771,train,cancer
GDS2771,7,4,GSM98773,train,cancer
GDS2771,7,4,GSM98774,train,cancer
GDS2771,7,4,GSM98776,train,cancer
GDS2771,7,4,GSM98777,train,cancer
GDS2771,7,4,GSM98778,train,cancer
GDS2771,7,4,GSM98779,train,cancer
GDS2771,7,4,GSM98780,train,cancer
GDS2771,7,4,GSM98782,train,cancer
GDS2771,7,4,GSM98783,train,cancer
GDS2771,7,4,GSM98784,train,cancer
GDS2771,7,4,GSM98871,train,cancer
GDS2771,7,4,GSM98872,train,cancer
GDS2771,7,4,GSM98873,train,cancer
GDS2771,7,4,GSM98874,train,cancer
GDS2771,7,4,GSM98875,train,cancer
GDS2771,7,4,GSM94098,test,no_cancer
GDS2771,7,4,GSM94105,test,no_cancer
GDS2771,7,4,GSM94117,test,no_cancer
GDS2771,7,4,GSM94118,test,no_cancer
GDS2771,7,4,GSM94125,test,no_cancer
GDS2771,7,4,GSM94130,test,no_cancer
GDS2771,7,4,GSM94139,test,no_cancer
GDS2771,7,4,GSM98785,test,no_cancer
GDS2771,7,4,GSM98799,test,no_cancer
GDS2771,7,4,GSM94021,test,cancer
GDS2771,7,4,GSM94024,test,cancer
GDS2771,7,4,GSM94032,test,cancer
GDS2771,7,4,GSM94043,test,cancer
GDS2771,7,4,GSM94044,test,cancer
GDS2771,7,4,GSM94066,test,cancer
GDS2771,7,4,GSM94069,test,cancer
GDS2771,7,4,GSM98772,test,cancer
GDS2771,7,4,GSM98775,test,cancer
GDS2771,7,4,GSM98781,test,cancer
GDS2771,7,5,GSM94077,train,no_cancer
GDS2771,7,5,GSM94078,train,no_cancer
GDS2771,7,5,GSM94079,train,no_cancer
GDS2771,7,5,GSM94080,train,no_cancer
GDS2771,7,5,GSM94081,train,no_cancer
GDS2771,7,5,GSM94082,train,no_cancer
GDS2771,7,5,GSM94083,train,no_cancer
GDS2771,7,5,GSM94084,train,no_cancer
GDS2771,7,5,GSM94085,train,no_cancer
GDS2771,7,5,GSM94086,train,no_cancer
GDS2771,7,5,GSM94087,train,no_cancer
GDS2771,7,5,GSM94089,train,no_cancer
GDS2771,7,5,GSM94090,train,no_cancer
GDS2771,7,5,GSM94091,train,no_cancer
GDS2771,7,5,GSM94092,train,no_cancer
GDS2771,7,5,GSM94093,train,no_cancer
GDS2771,7,5,GSM94094,train,no_cancer
GDS2771,7,5,GSM94095,train,no_cancer
GDS2771,7,5,GSM94096,train,no_cancer
GDS2771,7,5,GSM94098,train,no_cancer
GDS2771,7,5,GSM94099,train,no_cancer
GDS2771,7,5,GSM94101,train,no_cancer
GDS2771,7,5,GSM94102,train,no_cancer
GDS2771,7,5,GSM94104,train,no_cancer
GDS2771,7,5,GSM94105,train,no_cancer
GDS2771,7,5,GSM94106,train,no_cancer
GDS2771,7,5,GSM94107,train,no_cancer
GDS2771,7,5,GSM94108,train,no_cancer
GDS2771,7,5,GSM94109,train,no_cancer
GDS2771,7,5,GSM94110,train,no_cancer
GDS2771,7,5,GSM94111,train,no_cancer
GDS2771,7,5,GSM94112,train,no_cancer
GDS2771,7,5,GSM94113,train,no_cancer
GDS2771,7,5,GSM94114,train,no_cancer
GDS2771,7,5,GSM94115,train,no_cancer
GDS2771,7,5,GSM94116,train,no_cancer
GDS2771,7,5,GSM94117,train,no_cancer
GDS2771,7,5,GSM94118,train,no_cancer
GDS2771,7,5,GSM94119,train,no_cancer
GDS2771,7,5,GSM94121,train,no_cancer
GDS2771,7,5,GSM94122,train,no_cancer
GDS2771,7,5,GSM94123,train,no_cancer
GDS2771,7,5,GSM94124,train,no_cancer
GDS2771,7,5,GSM94125,train,no_cancer
GDS2771,7,5,GSM94126,train,no_cancer
GDS2771,7,5,GSM94127,train,no_cancer
GDS2771,7,5,GSM94128,train,no_cancer
GDS2771,7,5,GSM94129,train,no_cancer
GDS2771,7,5,GSM94130,train,no_cancer
GDS2771,7,5,GSM94132,train,no_cancer
GDS2771,7,5,GSM94133,train,no_cancer
GDS2771,7,5,GSM94134,train,no_cancer
GDS2771,7,5,GSM94135,train,no_cancer
GDS2771,7,5,GSM94136,train,no_cancer
GDS2771,7,5,GSM94137,train,no_cancer
GDS2771,7,5,GSM94138,train,no_cancer
GDS2771,7,5,GSM94139,train,no_cancer
GDS2771,7,5,GSM94140,train,no_cancer
GDS2771,7,5,GSM94141,train,no_cancer
GDS2771,7,5,GSM94142,train,no_cancer
GDS2771,7,5,GSM94143,train,no_cancer
GDS2771,7,5,GSM94144,train,no_cancer
GDS2771,7,5,GSM94145,train,no_cancer
GDS2771,7,5,GSM94146,train,no_cancer
GDS2771,7,5,GSM94148,train,no_cancer
GDS2771,7,5,GSM98785,train,no_cancer
GDS2771,7,5,GSM98786,train,no_cancer
GDS2771,7,5,GSM98787,train,no_cancer
GDS2771,7,5,GSM98788,train,no_cancer
GDS2771,7,5,GSM98789,train,no_cancer
GDS2771,7,5,GSM98790,train,no_cancer
GDS2771,7,5,GSM98792,train,no_cancer
GDS2771,7,5,GSM98793,train,no_cancer
GDS2771,7,5,GSM98794,train,no_cancer
GDS2771,7,5,GSM98795,train,no_cancer
GDS2771,7,5,GSM98796,train,no_cancer
GDS2771,7,5,GSM98797,train,no_cancer
GDS2771,7,5,GSM98798,train,no_cancer
GDS2771,7,5,GSM98799,train,no_cancer
GDS2771,7,5,GSM98800,train,no_cancer
GDS2771,7,5,GSM98801,train,no_cancer
GDS2771,7,5,GSM94019,train,cancer
GDS2771,7,5,GSM94020,train,cancer
GDS2771,7,5,GSM94021,train,cancer
GDS2771,7,5,GSM94022,train,cancer
GDS2771,7,5,GSM94024,train,cancer
GDS2771,7,5,GSM94025,train,cancer
GDS2771,7,5,GSM94027,train,cancer
GDS2771,7,5,GSM94028,train,cancer
GDS2771,7,5,GSM94029,train,cancer
GDS2771,7,5,GSM94030,train,cancer
GDS2771,7,5,GSM94031,train,cancer
GDS2771,7,5,GSM94032,train,cancer
GDS2771,7,5,GSM94033,train,cancer
GDS2771,7,5,GSM94034,train,cancer
GDS2771,7,5,GSM94035,train,cancer
GDS2771,7,5,GSM94036,train,cancer
GDS2771,7,5,GSM94038,train,cancer
GDS2771,7,5,GSM94039,train,cancer
GDS2771,7,5,GSM94040,train,cancer
GDS2771,7,5,GSM94042,train,cancer
GDS2771,7,5,GSM94043,train,cancer
GDS2771,7,5,GSM94044,train,cancer
GDS2771,7,5,GSM94045,train,cancer
GDS2771,7,5,GSM94046,train,cancer
GDS2771,7,5,GSM94047,train,cancer
GDS2771,7,5,GSM94048,train,cancer
GDS2771,7,5,GSM94049,train,cancer
GDS2771,7,5,GSM94050,train,cancer
GDS2771,7,5,GSM94051,train,cancer
GDS2771,7,5,GSM94052,train,cancer
GDS2771,7,5,GSM94053,train,cancer
GDS2771,7,5,GSM94054,train,cancer
GDS2771,7,5,GSM94055,train,cancer
GDS2771,7,5,GSM94056,train,cancer
GDS2771,7,5,GSM94057,train,cancer
GDS2771,7,5,GSM94058,train,cancer
GDS2771,7,5,GSM94059,train,cancer
GDS2771,7,5,GSM94060,train,cancer
GDS2771,7,5,GSM94061,train,cancer
GDS2771,7,5,GSM94062,train,cancer
GDS2771,7,5,GSM94063,train,cancer
GDS2771,7,5,GSM94064,train,cancer
GDS2771,7,5,GSM94065,train,cancer
GDS2771,7,5,GSM94066,train,cancer
GDS2771,7,5,GSM94067,train,cancer
GDS2771,7,5,GSM94068,train,cancer
GDS2771,7,5,GSM94069,train,cancer
GDS2771,7,5,GSM94070,train,cancer
GDS2771,7,5,GSM94071,train,cancer
GDS2771,7,5,GSM94072,train,cancer
GDS2771,7,5,GSM94073,train,cancer
GDS2771,7,5,GSM94074,train,cancer
GDS2771,7,5,GSM94075,train,cancer
GDS2771,7,5,GSM94155,train,cancer
GDS2771,7,5,GSM94157,train,cancer
GDS2771,7,5,GSM94160,train,cancer
GDS2771,7,5,GSM94162,train,cancer
GDS2771,7,5,GSM94163,train,cancer
GDS2771,7,5,GSM94166,train,cancer
GDS2771,7,5,GSM94167,train,cancer
GDS2771,7,5,GSM94168,train,cancer
GDS2771,7,5,GSM94169,train,cancer
GDS2771,7,5,GSM94170,train,cancer
GDS2771,7,5,GSM94171,train,cancer
GDS2771,7,5,GSM94172,train,cancer
GDS2771,7,5,GSM94173,train,cancer
GDS2771,7,5,GSM94174,train,cancer
GDS2771,7,5,GSM94175,train,cancer
GDS2771,7,5,GSM94176,train,cancer
GDS2771,7,5,GSM94177,train,cancer
GDS2771,7,5,GSM94178,train,cancer
GDS2771,7,5,GSM98767,train,cancer
GDS2771,7,5,GSM98768,train,cancer
GDS2771,7,5,GSM98770,train,cancer
GDS2771,7,5,GSM98771,train,cancer
GDS2771,7,5,GSM98772,train,cancer
GDS2771,7,5,GSM98773,train,cancer
GDS2771,7,5,GSM98774,train,cancer
GDS2771,7,5,GSM98775,train,cancer
GDS2771,7,5,GSM98776,train,cancer
GDS2771,7,5,GSM98777,train,cancer
GDS2771,7,5,GSM98778,train,cancer
GDS2771,7,5,GSM98779,train,cancer
GDS2771,7,5,GSM98780,train,cancer
GDS2771,7,5,GSM98781,train,cancer
GDS2771,7,5,GSM98782,train,cancer
GDS2771,7,5,GSM98783,train,cancer
GDS2771,7,5,GSM98784,train,cancer
GDS2771,7,5,GSM98871,train,cancer
GDS2771,7,5,GSM98872,train,cancer
GDS2771,7,5,GSM98873,train,cancer
GDS2771,7,5,GSM98874,train,cancer
GDS2771,7,5,GSM93997,test,no_cancer
GDS2771,7,5,GSM94088,test,no_cancer
GDS2771,7,5,GSM94097,test,no_cancer
GDS2771,7,5,GSM94100,test,no_cancer
GDS2771,7,5,GSM94103,test,no_cancer
GDS2771,7,5,GSM94120,test,no_cancer
GDS2771,7,5,GSM94131,test,no_cancer
GDS2771,7,5,GSM94147,test,no_cancer
GDS2771,7,5,GSM98791,test,no_cancer
GDS2771,7,5,GSM94023,test,cancer
GDS2771,7,5,GSM94026,test,cancer
GDS2771,7,5,GSM94037,test,cancer
GDS2771,7,5,GSM94041,test,cancer
GDS2771,7,5,GSM94156,test,cancer
GDS2771,7,5,GSM94161,test,cancer
GDS2771,7,5,GSM94164,test,cancer
GDS2771,7,5,GSM94165,test,cancer
GDS2771,7,5,GSM98769,test,cancer
GDS2771,7,5,GSM98875,test,cancer
GDS2771,7,6,GSM93997,train,no_cancer
GDS2771,7,6,GSM94077,train,no_cancer
GDS2771,7,6,GSM94079,train,no_cancer
GDS2771,7,6,GSM94080,train,no_cancer
GDS2771,7,6,GSM94081,train,no_cancer
GDS2771,7,6,GSM94082,train,no_cancer
GDS2771,7,6,GSM94083,train,no_cancer
GDS2771,7,6,GSM94084,train,no_cancer
GDS2771,7,6,GSM94085,train,no_cancer
GDS2771,7,6,GSM94086,train,no_cancer
GDS2771,7,6,GSM94087,train,no_cancer
GDS2771,7,6,GSM94088,train,no_cancer
GDS2771,7,6,GSM94089,train,no_cancer
GDS2771,7,6,GSM94090,train,no_cancer
GDS2771,7,6,GSM94091,train,no_cancer
GDS2771,7,6,GSM94092,train,no_cancer
GDS2771,7,6,GSM94094,train,no_cancer
GDS2771,7,6,GSM94095,train,no_cancer
GDS2771,7,6,GSM94097,train,no_cancer
GDS2771,7,6,GSM94098,train,no_cancer
GDS2771,7,6,GSM94099,train,no_cancer
GDS2771,7,6,GSM94100,train,no_cancer
GDS2771,7,6,GSM94101,train,no_cancer
GDS2771,7,6,GSM94102,train,no_cancer
GDS2771,7,6,GSM94103,train,no_cancer
GDS2771,7,6,GSM94104,train,no_cancer
GDS2771,7,6,GSM94105,train,no_cancer
GDS2771,7,6,GSM94106,train,no_cancer
GDS2771,7,6,GSM94107,train,no_cancer
GDS2771,7,6,GSM94108,train,no_cancer
GDS2771,7,6,GSM94110,train,no_cancer
GDS2771,7,6,GSM94111,train,no_cancer
GDS2771,7,6,GSM94112,train,no_cancer
GDS2771,7,6,GSM94113,train,no_cancer
GDS2771,7,6,GSM94114,train,no_cancer
GDS2771,7,6,GSM94115,train,no_cancer
GDS2771,7,6,GSM94116,train,no_cancer
GDS2771,7,6,GSM94117,train,no_cancer
GDS2771,7,6,GSM94118,train,no_cancer
GDS2771,7,6,GSM94120,train,no_cancer
GDS2771,7,6,GSM94121,train,no_cancer
GDS2771,7,6,GSM94122,train,no_cancer
GDS2771,7,6,GSM94123,train,no_cancer
GDS2771,7,6,GSM94124,train,no_cancer
GDS2771,7,6,GSM94125,train,no_cancer
GDS2771,7,6,GSM94127,train,no_cancer
GDS2771,7,6,GSM94129,train,no_cancer
GDS2771,7,6,GSM94130,train,no_cancer
GDS2771,7,6,GSM94131,train,no_cancer
GDS2771,7,6,GSM94132,train,no_cancer
GDS2771,7,6,GSM94133,train,no_cancer
GDS2771,7,6,GSM94135,train,no_cancer
GDS2771,7,6,GSM94136,train,no_cancer
GDS2771,7,6,GSM94137,train,no_cancer
GDS2771,7,6,GSM94138,train,no_cancer
GDS2771,7,6,GSM94139,train,no_cancer
GDS2771,7,6,GSM94140,train,no_cancer
GDS2771,7,6,GSM94141,train,no_cancer
GDS2771,7,6,GSM94142,train,no_cancer
GDS2771,7,6,GSM94143,train,no_cancer
GDS2771,7,6,GSM94144,train,no_cancer
GDS2771,7,6,GSM94145,train,no_cancer
GDS2771,7,6,GSM94146,train,no_cancer
GDS2771,7,6,GSM94147,train,no_cancer
GDS2771,7,6,GSM94148,train,no_cancer
GDS2771,7,6,GSM98785,train,no_cancer
GDS2771,7,6,GSM98786,train,no_cancer
GDS2771,7,6,GSM98788,train,no_cancer
GDS2771,7,6,GSM98789,train,no_cancer
GDS2771,7,6,GSM98790,train,no_cancer
GDS2771,7,6,GSM98791,train,no_cancer
GDS2771,7,6,GSM98792,train,no_cancer
GDS2771,7,6,GSM98793,train,no_cancer
GDS2771,7,6,GSM98794,train,no_cancer
GDS2771,7,6,GSM98795,train,no_cancer
GDS2771,7,6,GSM98796,train,no_cancer
GDS2771,7,6,GSM98797,train,no_cancer
GDS2771,7,6,GSM98798,train,no_cancer
GDS2771,7,6,GSM98799,train,no_cancer
GDS2771,7,6,GSM98800,train,no_cancer
GDS2771,7,6,GSM98801,train,no_cancer
GDS2771,7,6,GSM94019,train,cancer
GDS2771,7,6,GSM94020,train,cancer
GDS2771,7,6,GSM94021,train,cancer
GDS2771,7,6,GSM94022,train,cancer
GDS2771,7,6,GSM94023,train,cancer
GDS2771,7,6,GSM94024,train,cancer
GDS2771,7,6,GSM94025,train,cancer
GDS2771,7,6,GSM94026,train,cancer
GDS2771,7,6,GSM94027,train,cancer
GDS2771,7,6,GSM94028,train,cancer
GDS2771,7,6,GSM94029,train,cancer
GDS2771,7,6,GSM94031,train,cancer
GDS2771,7,6,GSM94032,train,cancer
GDS2771,7,6,GSM94033,train,cancer
GDS2771,7,6,GSM94034,train,cancer
GDS2771,7,6,GSM94035,train,cancer
GDS2771,7,6,GSM94036,train,cancer
GDS2771,7,6,GSM94037,train,cancer
GDS2771,7,6,GSM94038,train,cancer
GDS2771,7,6,GSM94039,train,cancer
GDS2771,7,6,GSM94040,train,cancer
GDS2771,7,6,GSM94041,train,cancer
GDS2771,7,6,GSM94042,train,cancer
GDS2771,7,6,GSM94043,train,cancer
GDS2771,7,6,GSM94044,train,cancer
GDS2771,7,6,GSM94046,train,cancer
GDS2771,7,6,GSM94047,train,cancer
GDS2771,7,6,GSM94048,train,cancer
GDS2771,7,6,GSM94049,train,cancer
GDS2771,7,6,GSM94050,train,cancer
GDS2771,7,6,GSM94051,train,cancer
GDS2771,7,6,GSM94052,train,cancer
GDS2771,7,6,GSM94053,train,cancer
GDS2771,7,6,GSM94054,train,cancer
GDS2771,7,6,GSM94056,train,cancer
GDS2771,7,6,GSM94058,train,cancer
GDS2771,7,6,GSM94059,train,cancer
GDS2771,7,6,GSM94060,train,cancer
GDS2771,7,6,GSM94061,train,cancer
GDS2771,7,6,GSM94062,train,cancer
GDS2771,7,6,GSM94063,train,cancer
GDS2771,7,6,GSM94065,train,cancer
GDS2771,7,6,GSM94066,train,cancer
GDS2771,7,6,GSM94067,train,cancer
GDS2771,7,6,GSM94068,train,cancer
GDS2771,7,6,GSM94069,train,cancer
GDS2771,7,6,GSM94070,train,cancer
GDS2771,7,6,GSM94073,train,cancer
GDS2771,7,6,GSM94074,train,cancer
GDS2771,7,6,GSM94075,train,cancer
GDS2771,7,6,GSM94155,train,cancer
GDS2771,7,6,GSM94156,train,cancer
GDS2771,7,6,GSM94157,train,cancer
GDS2771,7,6,GSM94160,train,cancer
GDS2771,7,6,GSM94161,train,cancer
GDS2771,7,6,GSM94162,train,cancer
GDS2771,7,6,GSM94163,train,cancer
GDS2771,7,6,GSM94164,train,cancer
GDS2771,7,6,GSM94165,train,cancer
GDS2771,7,6,GSM94166,train,cancer
GDS2771,7,6,GSM94167,train,cancer
GDS2771,7,6,GSM94168,train,cancer
GDS2771,7,6,GSM94169,train,cancer
GDS2771,7,6,GSM94170,train,cancer
GDS2771,7,6,GSM94171,train,cancer
GDS2771,7,6,GSM94172,train,cancer
GDS2771,7,6,GSM94173,train,cancer
GDS2771,7,6,GSM94174,train,cancer
GDS2771,7,6,GSM94176,train,cancer
GDS2771,7,6,GSM94177,train,cancer
GDS2771,7,6,GSM94178,train,cancer
GDS2771,7,6,GSM98768,train,cancer
GDS2771,7,6,GSM98769,train,cancer
GDS2771,7,6,GSM98771,train,cancer
GDS2771,7,6,GSM98772,train,cancer
GDS2771,7,6,GSM98773,train,cancer
GDS2771,7,6,GSM98774,train,cancer
GDS2771,7,6,GSM98775,train,cancer
GDS2771,7,6,GSM98776,train,cancer
GDS2771,7,6,GSM98777,train,cancer
GDS2771,7,6,GSM98778,train,cancer
GDS2771,7,6,GSM98779,train,cancer
GDS2771,7,6,GSM98780,train,cancer
GDS2771,7,6,GSM98781,train,cancer
GDS2771,7,6,GSM98782,train,cancer
GDS2771,7,6,GSM98783,train,cancer
GDS2771,7,6,GSM98784,train,cancer
GDS2771,7,6,GSM98871,train,cancer
GDS2771,7,6,GSM98872,train,cancer
GDS2771,7,6,GSM98873,train,cancer
GDS2771,7,6,GSM98874,train,cancer
GDS2771,7,6,GSM98875,train,cancer
GDS2771,7,6,GSM94078,test,no_cancer
GDS2771,7,6,GSM94093,test,no_cancer
GDS2771,7,6,GSM94096,test,no_cancer
GDS2771,7,6,GSM94109,test,no_cancer
GDS2771,7,6,GSM94119,test,no_cancer
GDS2771,7,6,GSM94126,test,no_cancer
GDS2771,7,6,GSM94128,test,no_cancer
GDS2771,7,6,GSM94134,test,no_cancer
GDS2771,7,6,GSM98787,test,no_cancer
GDS2771,7,6,GSM94030,test,cancer
GDS2771,7,6,GSM94045,test,cancer
GDS2771,7,6,GSM94055,test,cancer
GDS2771,7,6,GSM94057,test,cancer
GDS2771,7,6,GSM94064,test,cancer
GDS2771,7,6,GSM94071,test,cancer
GDS2771,7,6,GSM94072,test,cancer
GDS2771,7,6,GSM94175,test,cancer
GDS2771,7,6,GSM98767,test,cancer
GDS2771,7,6,GSM98770,test,cancer
GDS2771,7,7,GSM93997,train,no_cancer
GDS2771,7,7,GSM94078,train,no_cancer
GDS2771,7,7,GSM94079,train,no_cancer
GDS2771,7,7,GSM94080,train,no_cancer
GDS2771,7,7,GSM94082,train,no_cancer
GDS2771,7,7,GSM94083,train,no_cancer
GDS2771,7,7,GSM94084,train,no_cancer
GDS2771,7,7,GSM94085,train,no_cancer
GDS2771,7,7,GSM94086,train,no_cancer
GDS2771,7,7,GSM94087,train,no_cancer
GDS2771,7,7,GSM94088,train,no_cancer
GDS2771,7,7,GSM94089,train,no_cancer
GDS2771,7,7,GSM94090,train,no_cancer
GDS2771,7,7,GSM94091,train,no_cancer
GDS2771,7,7,GSM94092,train,no_cancer
GDS2771,7,7,GSM94093,train,no_cancer
GDS2771,7,7,GSM94094,train,no_cancer
GDS2771,7,7,GSM94095,train,no_cancer
GDS2771,7,7,GSM94096,train,no_cancer
GDS2771,7,7,GSM94097,train,no_cancer
GDS2771,7,7,GSM94098,train,no_cancer
GDS2771,7,7,GSM94099,train,no_cancer
GDS2771,7,7,GSM94100,train,no_cancer
GDS2771,7,7,GSM94101,train,no_cancer
GDS2771,7,7,GSM94102,train,no_cancer
GDS2771,7,7,GSM94103,train,no_cancer
GDS2771,7,7,GSM94104,train,no_cancer
GDS2771,7,7,GSM94105,train,no_cancer
GDS2771,7,7,GSM94106,train,no_cancer
GDS2771,7,7,GSM94107,train,no_cancer
GDS2771,7,7,GSM94108,train,no_cancer
GDS2771,7,7,GSM94109,train,no_cancer
GDS2771,7,7,GSM94110,train,no_cancer
GDS2771,7,7,GSM94113,train,no_cancer
GDS2771,7,7,GSM94114,train,no_cancer
GDS2771,7,7,GSM94115,train,no_cancer
GDS2771,7,7,GSM94116,train,no_cancer
GDS2771,7,7,GSM94117,train,no_cancer
GDS2771,7,7,GSM94118,train,no_cancer
GDS2771,7,7,GSM94119,train,no_cancer
GDS2771,7,7,GSM94120,train,no_cancer
GDS2771,7,7,GSM94121,train,no_cancer
GDS2771,7,7,GSM94122,train,no_cancer
GDS2771,7,7,GSM94123,train,no_cancer
GDS2771,7,7,GSM94125,train,no_cancer
GDS2771,7,7,GSM94126,train,no_cancer
GDS2771,7,7,GSM94127,train,no_cancer
GDS2771,7,7,GSM94128,train,no_cancer
GDS2771,7,7,GSM94130,train,no_cancer
GDS2771,7,7,GSM94131,train,no_cancer
GDS2771,7,7,GSM94132,train,no_cancer
GDS2771,7,7,GSM94133,train,no_cancer
GDS2771,7,7,GSM94134,train,no_cancer
GDS2771,7,7,GSM94135,train,no_cancer
GDS2771,7,7,GSM94136,train,no_cancer
GDS2771,7,7,GSM94139,train,no_cancer
GDS2771,7,7,GSM94140,train,no_cancer
GDS2771,7,7,GSM94141,train,no_cancer
GDS2771,7,7,GSM94142,train,no_cancer
GDS2771,7,7,GSM94143,train,no_cancer
GDS2771,7,7,GSM94144,train,no_cancer
GDS2771,7,7,GSM94146,train,no_cancer
GDS2771,7,7,GSM94147,train,no_cancer
GDS2771,7,7,GSM94148,train,no_cancer
GDS2771,7,7,GSM98785,train,no_cancer
GDS2771,7,7,GSM98786,train,no_cancer
GDS2771,7,7,GSM98787,train,no_cancer
GDS2771,7,7,GSM98788,train,no_cancer
GDS2771,7,7,GSM98789,train,no_cancer
GDS2771,7,7,GSM98790,train,no_cancer
GDS2771,7,7,GSM98791,train,no_cancer
GDS2771,7,7,GSM98792,train,no_cancer
GDS2771,7,7,GSM98793,train,no_cancer
GDS2771,7,7,GSM98794,train,no_cancer
GDS2771,7,7,GSM98795,train,no_cancer
GDS2771,7,7,GSM98796,train,no_cancer
GDS2771,7,7,GSM98797,train,no_cancer
GDS2771,7,7,GSM98798,train,no_cancer
GDS2771,7,7,GSM98799,train,no_cancer
GDS2771,7,7,GSM98800,train,no_cancer
GDS2771,7,7,GSM98801,train,no_cancer
GDS2771,7,7,GSM94019,train,cancer
GDS2771,7,7,GSM94020,train,cancer
GDS2771,7,7,GSM94021,train,cancer
GDS2771,7,7,GSM94022,train,cancer
GDS2771,7,7,GSM94023,train,cancer
GDS2771,7,7,GSM94024,train,cancer
GDS2771,7,7,GSM94025,train,cancer
GDS2771,7,7,GSM94026,train,cancer
GDS2771,7,7,GSM94027,train,cancer
GDS2771,7,7,GSM94028,train,cancer
GDS2771,7,7,GSM94029,train,cancer
GDS2771,7,7,GSM94030,train,cancer
GDS2771,7,7,GSM94031,train,cancer
GDS2771,7,7,GSM94032,train,cancer
GDS2771,7,7,GSM94033,train,cancer
GDS2771,7,7,GSM94034,train,cancer
GDS2771,7,7,GSM94035,train,cancer
GDS2771,7,7,GSM94036,train,cancer
GDS2771,7,7,GSM94037,train,cancer
GDS2771,7,7,GSM94039,train,cancer
GDS2771,7,7,GSM94040,train,cancer
GDS2771,7,7,GSM94041,train,cancer
GDS2771,7,7,GSM94042,train,cancer
GDS2771,7,7,GSM94043,train,cancer
GDS2771,7,7,GSM94044,train,cancer
GDS2771,7,7,GSM94045,train,cancer
GDS2771,7,7,GSM94046,train,cancer
GDS2771,7,7,GSM94047,train,cancer
GDS2771,7,7,GSM94048,train,cancer
GDS2771,7,7,GSM94049,train,cancer
GDS2771,7,7,GSM94050,train,cancer
GDS2771,7,7,GSM94051,train,cancer
GDS2771,7,7,GSM94052,train,cancer
GDS2771,7,7,GSM94053,train,cancer
GDS2771,7,7,GSM94055,train,cancer
GDS2771,7,7,GSM94056,train,cancer
GDS2771,7,7,GSM94057,train,cancer
GDS2771,7,7,GSM94058,train,cancer
GDS2771,7,7,GSM94059,train,cancer
GDS2771,7,7,GSM94061,train,cancer
GDS2771,7,7,GSM94062,train,cancer
GDS2771,7,7,GSM94063,train,cancer
GDS2771,7,7,GSM94064,train,cancer
GDS2771,7,7,GSM94065,train,cancer
GDS2771,7,7,GSM94066,train,cancer
GDS2771,7,7,GSM94067,train,cancer
GDS2771,7,7,GSM94068,train,cancer
GDS2771,7,7,GSM94069,train,cancer
GDS2771,7,7,GSM94070,train,cancer
GDS2771,7,7,GSM94071,train,cancer
GDS2771,7,7,GSM94072,train,cancer
GDS2771,7,7,GSM94074,train,cancer
GDS2771,7,7,GSM94155,train,cancer
GDS2771,7,7,GSM94156,train,cancer
GDS2771,7,7,GSM94157,train,cancer
GDS2771,7,7,GSM94160,train,cancer
GDS2771,7,7,GSM94161,train,cancer
GDS2771,7,7,GSM94162,train,cancer
GDS2771,7,7,GSM94163,train,cancer
GDS2771,7,7,GSM94164,train,cancer
GDS2771,7,7,GSM94165,train,cancer
GDS2771,7,7,GSM94168,train,cancer
GDS2771,7,7,GSM94169,train,cancer
GDS2771,7,7,GSM94170,train,cancer
GDS2771,7,7,GSM94172,train,cancer
GDS2771,7,7,GSM94173,train,cancer
GDS2771,7,7,GSM94175,train,cancer
GDS2771,7,7,GSM94176,train,cancer
GDS2771,7,7,GSM94177,train,cancer
GDS2771,7,7,GSM94178,train,cancer
GDS2771,7,7,GSM98767,train,cancer
GDS2771,7,7,GSM98768,train,cancer
GDS2771,7,7,GSM98769,train,cancer
GDS2771,7,7,GSM98770,train,cancer
GDS2771,7,7,GSM98771,train,cancer
GDS2771,7,7,GSM98772,train,cancer
GDS2771,7,7,GSM98773,train,cancer
GDS2771,7,7,GSM98774,train,cancer
GDS2771,7,7,GSM98775,train,cancer
GDS2771,7,7,GSM98776,train,cancer
GDS2771,7,7,GSM98777,train,cancer
GDS2771,7,7,GSM98778,train,cancer
GDS2771,7,7,GSM98779,train,cancer
GDS2771,7,7,GSM98780,train,cancer
GDS2771,7,7,GSM98781,train,cancer
GDS2771,7,7,GSM98783,train,cancer
GDS2771,7,7,GSM98784,train,cancer
GDS2771,7,7,GSM98871,train,cancer
GDS2771,7,7,GSM98872,train,cancer
GDS2771,7,7,GSM98873,train,cancer
GDS2771,7,7,GSM98874,train,cancer
GDS2771,7,7,GSM98875,train,cancer
GDS2771,7,7,GSM94077,test,no_cancer
GDS2771,7,7,GSM94081,test,no_cancer
GDS2771,7,7,GSM94111,test,no_cancer
GDS2771,7,7,GSM94112,test,no_cancer
GDS2771,7,7,GSM94124,test,no_cancer
GDS2771,7,7,GSM94129,test,no_cancer
GDS2771,7,7,GSM94137,test,no_cancer
GDS2771,7,7,GSM94138,test,no_cancer
GDS2771,7,7,GSM94145,test,no_cancer
GDS2771,7,7,GSM94038,test,cancer
GDS2771,7,7,GSM94054,test,cancer
GDS2771,7,7,GSM94060,test,cancer
GDS2771,7,7,GSM94073,test,cancer
GDS2771,7,7,GSM94075,test,cancer
GDS2771,7,7,GSM94166,test,cancer
GDS2771,7,7,GSM94167,test,cancer
GDS2771,7,7,GSM94171,test,cancer
GDS2771,7,7,GSM94174,test,cancer
GDS2771,7,7,GSM98782,test,cancer
GDS2771,7,8,GSM93997,train,no_cancer
GDS2771,7,8,GSM94077,train,no_cancer
GDS2771,7,8,GSM94078,train,no_cancer
GDS2771,7,8,GSM94080,train,no_cancer
GDS2771,7,8,GSM94081,train,no_cancer
GDS2771,7,8,GSM94083,train,no_cancer
GDS2771,7,8,GSM94084,train,no_cancer
GDS2771,7,8,GSM94085,train,no_cancer
GDS2771,7,8,GSM94086,train,no_cancer
GDS2771,7,8,GSM94087,train,no_cancer
GDS2771,7,8,GSM94088,train,no_cancer
GDS2771,7,8,GSM94089,train,no_cancer
GDS2771,7,8,GSM94090,train,no_cancer
GDS2771,7,8,GSM94091,train,no_cancer
GDS2771,7,8,GSM94092,train,no_cancer
GDS2771,7,8,GSM94093,train,no_cancer
GDS2771,7,8,GSM94094,train,no_cancer
GDS2771,7,8,GSM94095,train,no_cancer
GDS2771,7,8,GSM94096,train,no_cancer
GDS2771,7,8,GSM94097,train,no_cancer
GDS2771,7,8,GSM94098,train,no_cancer
GDS2771,7,8,GSM94099,train,no_cancer
GDS2771,7,8,GSM94100,train,no_cancer
GDS2771,7,8,GSM94102,train,no_cancer
GDS2771,7,8,GSM94103,train,no_cancer
GDS2771,7,8,GSM94104,train,no_cancer
GDS2771,7,8,GSM94105,train,no_cancer
GDS2771,7,8,GSM94106,train,no_cancer
GDS2771,7,8,GSM94107,train,no_cancer
GDS2771,7,8,GSM94109,train,no_cancer
GDS2771,7,8,GSM94111,train,no_cancer
GDS2771,7,8,GSM94112,train,no_cancer
GDS2771,7,8,GSM94114,train,no_cancer
GDS2771,7,8,GSM94115,train,no_cancer
GDS2771,7,8,GSM94116,train,no_cancer
GDS2771,7,8,GSM94117,train,no_cancer
GDS2771,7,8,GSM94118,train,no_cancer
GDS2771,7,8,GSM94119,train,no_cancer
GDS2771,7,8,GSM94120,train,no_cancer
GDS2771,7,8,GSM94121,train,no_cancer
GDS2771,7,8,GSM94122,train,no_cancer
GDS2771,7,8,GSM94123,train,no_cancer
GDS2771,7,8,GSM94124,train,no_cancer
GDS2771,7,8,GSM94125,train,no_cancer
GDS2771,7,8,GSM94126,train,no_cancer
GDS2771,7,8,GSM94127,train,no_cancer
GDS2771,7,8,GSM94128,train,no_cancer
GDS2771,7,8,GSM94129,train,no_cancer
GDS2771,7,8,GSM94130,train,no_cancer
GDS2771,7,8,GSM94131,train,no_cancer
GDS2771,7,8,GSM94132,train,no_cancer
GDS2771,7,8,GSM94133,train,no_cancer
GDS2771,7,8,GSM94134,train,no_cancer
GDS2771,7,8,GSM94135,train,no_cancer
GDS2771,7,8,GSM94136,train,no_cancer
GDS2771,7,8,GSM94137,train,no_cancer
GDS2771,7,8,GSM94138,train,no_cancer
GDS2771,7,8,GSM94139,train,no_cancer
GDS2771,7,8,GSM94140,train,no_cancer
GDS2771,7,8,GSM94141,train,no_cancer
GDS2771,7,8,GSM94142,train,no_cancer
GDS2771,7,8,GSM94143,train,no_cancer
GDS2771,7,8,GSM94145,train,no_cancer
GDS2771,7,8,GSM94146,train,no_cancer
GDS2771,7,8,GSM94147,train,no_cancer
GDS2771,7,8,GSM98785,train,no_cancer
GDS2771,7,8,GSM98787,train,no_cancer
GDS2771,7,8,GSM98788,train,no_cancer
GDS2771,7,8,GSM98789,train,no_cancer
GDS2771,7,8,GSM98790,train,no_cancer
GDS2771,7,8,GSM98791,train,no_cancer
GDS2771,7,8,GSM98792,train,no_cancer
GDS2771,7,8,GSM98793,train,no_cancer
GDS2771,7,8,GSM98794,train,no_cancer
GDS2771,7,8,GSM98795,train,no_cancer
GDS2771,7,8,GSM98796,train,no_cancer
GDS2771,7,8,GSM98797,train,no_cancer
GDS2771,7,8,GSM98798,train,no_cancer
GDS2771,7,8,GSM98799,train,no_cancer
GDS2771,7,8,GSM98800,train,no_cancer
GDS2771,7,8,GSM98801,train,no_cancer
GDS2771,7,8,GSM94019,train,cancer
GDS2771,7,8,GSM94020,train,cancer
GDS2771,7,8,GSM94021,train,cancer
GDS2771,7,8,GSM94022,train,cancer
GDS2771,7,8,GSM94023,train,cancer
GDS2771,7,8,GSM94024,train,cancer
GDS2771,7,8,GSM94025,train,cancer
GDS2771,7,8,GSM94026,train,cancer
GDS2771,7,8,GSM94028,train,cancer
GDS2771,7,8,GSM94029,train,cancer
GDS2771,7,8,GSM94030,train,cancer
GDS2771,7,8,GSM94031,train,cancer
GDS2771,7,8,GSM94032,train,cancer
GDS2771,7,8,GSM94033,train,cancer
GDS2771,7,8,GSM94034,train,cancer
GDS2771,7,8,GSM94035,train,cancer
GDS2771,7,8,GSM94037,train,cancer
GDS2771,7,8,GSM94038,train,cancer
GDS2771,7,8,GSM94039,train,cancer
GDS2771,7,8,GSM94040,train,cancer
GDS2771,7,8,GSM94041,train,cancer
GDS2771,7,8,GSM94043,train,cancer
GDS2771,7,8,GSM94044,train,cancer
GDS2771,7,8,GSM94045,train,cancer
GDS2771,7,8,GSM94046,train,cancer
GDS2771,7,8,GSM94047,train,cancer
GDS2771,7,8,GSM94048,train,cancer
GDS2771,7,8,GSM94049,train,cancer
GDS2771,7,8,GSM94050,train,cancer
GDS2771,7,8,GSM94051,train,cancer
GDS2771,7,8,GSM94052,train,cancer
GDS2771,7,8,GSM94053,train,cancer
GDS2771,7,8,GSM94054,train,cancer
GDS2771,7,8,GSM94055,train,cancer
GDS2771,7,8,GSM94057,train,cancer
GDS2771,7,8,GSM94058,train,cancer
GDS2771,7,8,GSM94059,train,cancer
GDS2771,7,8,GSM94060,train,cancer
GDS2771,7,8,GSM94061,train,cancer
GDS2771,7,8,GSM94062,train,cancer
GDS2771,7,8,GSM94063,train,cancer
GDS2771,7,8,GSM94064,train,cancer
GDS2771,7,8,GSM94065,train,cancer
GDS2771,7,8,GSM94066,train,cancer
GDS2771,7,8,GSM94067,train,cancer
GDS2771,7,8,GSM94069,train,cancer
GDS2771,7,8,GSM94070,train,cancer
GDS2771,7,8,GSM94071,train,cancer
GDS2771,7,8,GSM94072,train,cancer
GDS2771,7,8,GSM94073,train,cancer
GDS2771,7,8,GSM94074,train,cancer
GDS2771,7,8,GSM94075,train,cancer
GDS2771,7,8,GSM94155,train,cancer
GDS2771,7,8,GSM94156,train,cancer
GDS2771,7,8,GSM94157,train,cancer
GDS2771,7,8,GSM94160,train,cancer
GDS2771,7,8,GSM94161,train,cancer
GDS2771,7,8,GSM94162,train,cancer
GDS2771,7,8,GSM94163,train,cancer
GDS2771,7,8,GSM94164,train,cancer
GDS2771,7,8,GSM94165,train,cancer
GDS2771,7,8,GSM94166,train,cancer
GDS2771,7,8,GSM94167,train,cancer
GDS2771,7,8,GSM94168,train,cancer
GDS2771,7,8,GSM94169,train,cancer
GDS2771,7,8,GSM94170,train,cancer
GDS2771,7,8,GSM94171,train,cancer
GDS2771,7,8,GSM94172,train,cancer
GDS2771,7,8,GSM94173,train,cancer
GDS2771,7,8,GSM94174,train,cancer
GDS2771,7,8,GSM94175,train,cancer
GDS2771,7,8,GSM94176,train,cancer
GDS2771,7,8,GSM94177,train,cancer
GDS2771,7,8,GSM94178,train,cancer
GDS2771,7,8,GSM98767,train,cancer
GDS2771,7,8,GSM98768,train,cancer
GDS2771,7,8,GSM98769,train,cancer
GDS2771,7,8,GSM98770,train,cancer
GDS2771,7,8,GSM98772,train,cancer
GDS2771,7,8,GSM98774,train,cancer
GDS2771,7,8,GSM98775,train,cancer
GDS2771,7,8,GSM98777,train,cancer
GDS2771,7,8,GSM98778,train,cancer
GDS2771,7,8,GSM98780,train,cancer
GDS2771,7,8,GSM98781,train,cancer
GDS2771,7,8,GSM98782,train,cancer
GDS2771,7,8,GSM98783,train,cancer
GDS2771,7,8,GSM98784,train,cancer
GDS2771,7,8,GSM98871,train,cancer
GDS2771,7,8,GSM98872,train,cancer
GDS2771,7,8,GSM98873,train,cancer
GDS2771,7,8,GSM98875,train,cancer
GDS2771,7,8,GSM94079,test,no_cancer
GDS2771,7,8,GSM94082,test,no_cancer
GDS2771,7,8,GSM94101,test,no_cancer
GDS2771,7,8,GSM94108,test,no_cancer
GDS2771,7,8,GSM94110,test,no_cancer
GDS2771,7,8,GSM94113,test,no_cancer
GDS2771,7,8,GSM94144,test,no_cancer
GDS2771,7,8,GSM94148,test,no_cancer
GDS2771,7,8,GSM98786,test,no_cancer
GDS2771,7,8,GSM94027,test,cancer
GDS2771,7,8,GSM94036,test,cancer
GDS2771,7,8,GSM94042,test,cancer
GDS2771,7,8,GSM94056,test,cancer
GDS2771,7,8,GSM94068,test,cancer
GDS2771,7,8,GSM98771,test,cancer
GDS2771,7,8,GSM98773,test,cancer
GDS2771,7,8,GSM98776,test,cancer
GDS2771,7,8,GSM98779,test,cancer
GDS2771,7,8,GSM98874,test,cancer
GDS2771,7,9,GSM93997,train,no_cancer
GDS2771,7,9,GSM94077,train,no_cancer
GDS2771,7,9,GSM94078,train,no_cancer
GDS2771,7,9,GSM94079,train,no_cancer
GDS2771,7,9,GSM94080,train,no_cancer
GDS2771,7,9,GSM94081,train,no_cancer
GDS2771,7,9,GSM94082,train,no_cancer
GDS2771,7,9,GSM94083,train,no_cancer
GDS2771,7,9,GSM94084,train,no_cancer
GDS2771,7,9,GSM94085,train,no_cancer
GDS2771,7,9,GSM94086,train,no_cancer
GDS2771,7,9,GSM94088,train,no_cancer
GDS2771,7,9,GSM94089,train,no_cancer
GDS2771,7,9,GSM94091,train,no_cancer
GDS2771,7,9,GSM94092,train,no_cancer
GDS2771,7,9,GSM94093,train,no_cancer
GDS2771,7,9,GSM94094,train,no_cancer
GDS2771,7,9,GSM94095,train,no_cancer
GDS2771,7,9,GSM94096,train,no_cancer
GDS2771,7,9,GSM94097,train,no_cancer
GDS2771,7,9,GSM94098,train,no_cancer
GDS2771,7,9,GSM94099,train,no_cancer
GDS2771,7,9,GSM94100,train,no_cancer
GDS2771,7,9,GSM94101,train,no_cancer
GDS2771,7,9,GSM94102,train,no_cancer
GDS2771,7,9,GSM94103,train,no_cancer
GDS2771,7,9,GSM94104,train,no_cancer
GDS2771,7,9,GSM94105,train,no_cancer
GDS2771,7,9,GSM94106,train,no_cancer
GDS2771,7,9,GSM94108,train,no_cancer
GDS2771,7,9,GSM94109,train,no_cancer
GDS2771,7,9,GSM94110,train,no_cancer
GDS2771,7,9,GSM94111,train,no_cancer
GDS2771,7,9,GSM94112,train,no_cancer
GDS2771,7,9,GSM94113,train,no_cancer
GDS2771,7,9,GSM94114,train,no_cancer
GDS2771,7,9,GSM94116,train,no_cancer
GDS2771,7,9,GSM94117,train,no_cancer
GDS2771,7,9,GSM94118,train,no_cancer
GDS2771,7,9,GSM94119,train,no_cancer
GDS2771,7,9,GSM94120,train,no_cancer
GDS2771,7,9,GSM94122,train,no_cancer
GDS2771,7,9,GSM94123,train,no_cancer
GDS2771,7,9,GSM94124,train,no_cancer
GDS2771,7,9,GSM94125,train,no_cancer
GDS2771,7,9,GSM94126,train,no_cancer
GDS2771,7,9,GSM94127,train,no_cancer
GDS2771,7,9,GSM94128,train,no_cancer
GDS2771,7,9,GSM94129,train,no_cancer
GDS2771,7,9,GSM94130,train,no_cancer
GDS2771,7,9,GSM94131,train,no_cancer
GDS2771,7,9,GSM94132,train,no_cancer
GDS2771,7,9,GSM94133,train,no_cancer
GDS2771,7,9,GSM94134,train,no_cancer
GDS2771,7,9,GSM94136,train,no_cancer
GDS2771,7,9,GSM94137,train,no_cancer
GDS2771,7,9,GSM94138,train,no_cancer
GDS2771,7,9,GSM94139,train,no_cancer
GDS2771,7,9,GSM94140,train,no_cancer
GDS2771,7,9,GSM94141,train,no_cancer
GDS2771,7,9,GSM94143,train,no_cancer
GDS2771,7,9,GSM94144,train,no_cancer
GDS2771,7,9,GSM94145,train,no_cancer
GDS2771,7,9,GSM94146,train,no_cancer
GDS2771,7,9,GSM94147,train,no_cancer
GDS2771,7,9,GSM94148,train,no_cancer
GDS2771,7,9,GSM98785,train,no_cancer
GDS2771,7,9,GSM98786,train,no_cancer
GDS2771,7,9,GSM98787,train,no_cancer
GDS2771,7,9,GSM98788,train,no_cancer
GDS2771,7,9,GSM98789,train,no_cancer
GDS2771,7,9,GSM98791,train,no_cancer
GDS2771,7,9,GSM98792,train,no_cancer
GDS2771,7,9,GSM98793,train,no_cancer
GDS2771,7,9,GSM98794,train,no_cancer
GDS2771,7,9,GSM98796,train,no_cancer
GDS2771,7,9,GSM98797,train,no_cancer
GDS2771,7,9,GSM98798,train,no_cancer
GDS2771,7,9,GSM98799,train,no_cancer
GDS2771,7,9,GSM98800,train,no_cancer
GDS2771,7,9,GSM98801,train,no_cancer
GDS2771,7,9,GSM94020,train,cancer
GDS2771,7,9,GSM94021,train,cancer
GDS2771,7,9,GSM94022,train,cancer
GDS2771,7,9,GSM94023,train,cancer
GDS2771,7,9,GSM94024,train,cancer
GDS2771,7,9,GSM94025,train,cancer
GDS2771,7,9,GSM94026,train,cancer
GDS2771,7,9,GSM94027,train,cancer
GDS2771,7,9,GSM94028,train,cancer
GDS2771,7,9,GSM94029,train,cancer
GDS2771,7,9,GSM94030,train,cancer
GDS2771,7,9,GSM94031,train,cancer
GDS2771,7,9,GSM94032,train,cancer
GDS2771,7,9,GSM94033,train,cancer
GDS2771,7,9,GSM94035,train,cancer
GDS2771,7,9,GSM94036,train,cancer
GDS2771,7,9,GSM94037,train,cancer
GDS2771,7,9,GSM94038,train,cancer
GDS2771,7,9,GSM94039,train,cancer
GDS2771,7,9,GSM94040,train,cancer
GDS2771,7,9,GSM94041,train,cancer
GDS2771,7,9,GSM94042,train,cancer
GDS2771,7,9,GSM94043,train,cancer
GDS2771,7,9,GSM94044,train,cancer
GDS2771,7,9,GSM94045,train,cancer
GDS2771,7,9,GSM94046,train,cancer
GDS2771,7,9,GSM94047,train,cancer
GDS2771,7,9,GSM94048,train,cancer
GDS2771,7,9,GSM94049,train,cancer
GDS2771,7,9,GSM94050,train,cancer
GDS2771,7,9,GSM94051,train,cancer
GDS2771,7,9,GSM94052,train,cancer
GDS2771,7,9,GSM94053,train,cancer
GDS2771,7,9,GSM94054,train,cancer
GDS2771,7,9,GSM94055,train,cancer
GDS2771,7,9,GSM94056,train,cancer
GDS2771,7,9,GSM94057,train,cancer
GDS2771,7,9,GSM94058,train,cancer
GDS2771,7,9,GSM94059,train,cancer
GDS2771,7,9,GSM94060,train,cancer
GDS2771,7,9,GSM94061,train,cancer
GDS2771,7,9,GSM94062,train,cancer
GDS2771,7,9,GSM94063,train,cancer
GDS2771,7,9,GSM94064,train,cancer
GDS2771,7,9,GSM94065,train,cancer
GDS2771,7,9,GSM94066,train,cancer
GDS2771,7,9,GSM94068,train,cancer
GDS2771,7,9,GSM94069,train,cancer
GDS2771,7,9,GSM94070,train,cancer
GDS2771,7,9,GSM94071,train,cancer
GDS2771,7,9,GSM94072,train,cancer
GDS2771,7,9,GSM94073,train,cancer
GDS2771,7,9,GSM94074,train,cancer
GDS2771,7,9,GSM94075,train,cancer
GDS2771,7,9,GSM94155,train,cancer
GDS2771,7,9,GSM94156,train,cancer
GDS2771,7,9,GSM94160,train,cancer
GDS2771,7,9,GSM94161,train,cancer
GDS2771,7,9,GSM94163,train,cancer
GDS2771,7,9,GSM94164,train,cancer
GDS2771,7,9,GSM94165,train,cancer
GDS2771,7,9,GSM94166,train,cancer
GDS2771,7,9,GSM94167,train,cancer
GDS2771,7,9,GSM94168,train,cancer
GDS2771,7,9,GSM94169,train,cancer
GDS2771,7,9,GSM94170,train,cancer
GDS2771,7,9,GSM94171,train,cancer
GDS2771,7,9,GSM94174,train,cancer
GDS2771,7,9,GSM94175,train,cancer
GDS2771,7,9,GSM94176,train,cancer
GDS2771,7,9,GSM94177,train,cancer
GDS2771,7,9,GSM94178,train,cancer
GDS2771,7,9,GSM98767,train,cancer
GDS2771,7,9,GSM98768,train,cancer
GDS2771,7,9,GSM98769,train,cancer
GDS2771,7,9,GSM98770,train,cancer
GDS2771,7,9,GSM98771,train,cancer
GDS2771,7,9,GSM98772,train,cancer
GDS2771,7,9,GSM98773,train,cancer
GDS2771,7,9,GSM98774,train,cancer
GDS2771,7,9,GSM98775,train,cancer
GDS2771,7,9,GSM98776,train,cancer
GDS2771,7,9,GSM98777,train,cancer
GDS2771,7,9,GSM98779,train,cancer
GDS2771,7,9,GSM98780,train,cancer
GDS2771,7,9,GSM98781,train,cancer
GDS2771,7,9,GSM98782,train,cancer
GDS2771,7,9,GSM98783,train,cancer
GDS2771,7,9,GSM98871,train,cancer
GDS2771,7,9,GSM98873,train,cancer
GDS2771,7,9,GSM98874,train,cancer
GDS2771,7,9,GSM98875,train,cancer
GDS2771,7,9,GSM94087,test,no_cancer
GDS2771,7,9,GSM94090,test,no_cancer
GDS2771,7,9,GSM94107,test,no_cancer
GDS2771,7,9,GSM94115,test,no_cancer
GDS2771,7,9,GSM94121,test,no_cancer
GDS2771,7,9,GSM94135,test,no_cancer
GDS2771,7,9,GSM94142,test,no_cancer
GDS2771,7,9,GSM98790,test,no_cancer
GDS2771,7,9,GSM98795,test,no_cancer
GDS2771,7,9,GSM94019,test,cancer
GDS2771,7,9,GSM94034,test,cancer
GDS2771,7,9,GSM94067,test,cancer
GDS2771,7,9,GSM94157,test,cancer
GDS2771,7,9,GSM94162,test,cancer
GDS2771,7,9,GSM94172,test,cancer
GDS2771,7,9,GSM94173,test,cancer
GDS2771,7,9,GSM98778,test,cancer
GDS2771,7,9,GSM98784,test,cancer
GDS2771,7,9,GSM98872,test,cancer
GDS2771,7,10,GSM93997,train,no_cancer
GDS2771,7,10,GSM94077,train,no_cancer
GDS2771,7,10,GSM94078,train,no_cancer
GDS2771,7,10,GSM94079,train,no_cancer
GDS2771,7,10,GSM94081,train,no_cancer
GDS2771,7,10,GSM94082,train,no_cancer
GDS2771,7,10,GSM94083,train,no_cancer
GDS2771,7,10,GSM94085,train,no_cancer
GDS2771,7,10,GSM94086,train,no_cancer
GDS2771,7,10,GSM94087,train,no_cancer
GDS2771,7,10,GSM94088,train,no_cancer
GDS2771,7,10,GSM94089,train,no_cancer
GDS2771,7,10,GSM94090,train,no_cancer
GDS2771,7,10,GSM94092,train,no_cancer
GDS2771,7,10,GSM94093,train,no_cancer
GDS2771,7,10,GSM94094,train,no_cancer
GDS2771,7,10,GSM94095,train,no_cancer
GDS2771,7,10,GSM94096,train,no_cancer
GDS2771,7,10,GSM94097,train,no_cancer
GDS2771,7,10,GSM94098,train,no_cancer
GDS2771,7,10,GSM94099,train,no_cancer
GDS2771,7,10,GSM94100,train,no_cancer
GDS2771,7,10,GSM94101,train,no_cancer
GDS2771,7,10,GSM94102,train,no_cancer
GDS2771,7,10,GSM94103,train,no_cancer
GDS2771,7,10,GSM94104,train,no_cancer
GDS2771,7,10,GSM94105,train,no_cancer
GDS2771,7,10,GSM94107,train,no_cancer
GDS2771,7,10,GSM94108,train,no_cancer
GDS2771,7,10,GSM94109,train,no_cancer
GDS2771,7,10,GSM94110,train,no_cancer
GDS2771,7,10,GSM94111,train,no_cancer
GDS2771,7,10,GSM94112,train,no_cancer
GDS2771,7,10,GSM94113,train,no_cancer
GDS2771,7,10,GSM94115,train,no_cancer
GDS2771,7,10,GSM94116,train,no_cancer
GDS2771,7,10,GSM94117,train,no_cancer
GDS2771,7,10,GSM94118,train,no_cancer
GDS2771,7,10,GSM94119,train,no_cancer
GDS2771,7,10,GSM94120,train,no_cancer
GDS2771,7,10,GSM94121,train,no_cancer
GDS2771,7,10,GSM94122,train,no_cancer
GDS2771,7,10,GSM94123,train,no_cancer
GDS2771,7,10,GSM94124,train,no_cancer
GDS2771,7,10,GSM94125,train,no_cancer
GDS2771,7,10,GSM94126,train,no_cancer
GDS2771,7,10,GSM94128,train,no_cancer
GDS2771,7,10,GSM94129,train,no_cancer
GDS2771,7,10,GSM94130,train,no_cancer
GDS2771,7,10,GSM94131,train,no_cancer
GDS2771,7,10,GSM94132,train,no_cancer
GDS2771,7,10,GSM94133,train,no_cancer
GDS2771,7,10,GSM94134,train,no_cancer
GDS2771,7,10,GSM94135,train,no_cancer
GDS2771,7,10,GSM94137,train,no_cancer
GDS2771,7,10,GSM94138,train,no_cancer
GDS2771,7,10,GSM94139,train,no_cancer
GDS2771,7,10,GSM94140,train,no_cancer
GDS2771,7,10,GSM94141,train,no_cancer
GDS2771,7,10,GSM94142,train,no_cancer
GDS2771,7,10,GSM94143,train,no_cancer
GDS2771,7,10,GSM94144,train,no_cancer
GDS2771,7,10,GSM94145,train,no_cancer
GDS2771,7,10,GSM94147,train,no_cancer
GDS2771,7,10,GSM94148,train,no_cancer
GDS2771,7,10,GSM98785,train,no_cancer
GDS2771,7,10,GSM98786,train,no_cancer
GDS2771,7,10,GSM98787,train,no_cancer
GDS2771,7,10,GSM98789,train,no_cancer
GDS2771,7,10,GSM98790,train,no_cancer
GDS2771,7,10,GSM98791,train,no_cancer
GDS2771,7,10,GSM98792,train,no_cancer
GDS2771,7,10,GSM98793,train,no_cancer
GDS2771,7,10,GSM98794,train,no_cancer
GDS2771,7,10,GSM98795,train,no_cancer
GDS2771,7,10,GSM98796,train,no_cancer
GDS2771,7,10,GSM98797,train,no_cancer
GDS2771,7,10,GSM98798,train,no_cancer
GDS2771,7,10,GSM98799,train,no_cancer
GDS2771,7,10,GSM98800,train,no_cancer
GDS2771,7,10,GSM98801,train,no_cancer
GDS2771,7,10,GSM94019,train,cancer
GDS2771,7,10,GSM94020,train,cancer
GDS2771,7,10,GSM94021,train,cancer
GDS2771,7,10,GSM94022,train,cancer
GDS2771,7,10,GSM94023,train,cancer
GDS2771,7,10,GSM94024,train,cancer
GDS2771,7,10,GSM94025,train,cancer
GDS2771,7,10,GSM94026,train,cancer
GDS2771,7,10,GSM94027,train,cancer
GDS2771,7,10,GSM94028,train,cancer
GDS2771,7,10,GSM94030,train,cancer
GDS2771,7,10,GSM94031,train,cancer
GDS2771,7,10,GSM94032,train,cancer
GDS2771,7,10,GSM94033,train,cancer
GDS2771,7,10,GSM94034,train,cancer
GDS2771,7,10,GSM94035,train,cancer
GDS2771,7,10,GSM94036,train,cancer
GDS2771,7,10,GSM94037,train,cancer
GDS2771,7,10,GSM94038,train,cancer
GDS2771,7,10,GSM94040,train,cancer
GDS2771,7,10,GSM94041,train,cancer
GDS2771,7,10,GSM94042,train,cancer
GDS2771,7,10,GSM94043,train,cancer
GDS2771,7,10,GSM94044,train,cancer
GDS2771,7,10,GSM94045,train,cancer
GDS2771,7,10,GSM94046,train,cancer
GDS2771,7,10,GSM94047,train,cancer
GDS2771,7,10,GSM94048,train,cancer
GDS2771,7,10,GSM94049,train,cancer
GDS2771,7,10,GSM94050,train,cancer
GDS2771,7,10,GSM94051,train,cancer
GDS2771,7,10,GSM94052,train,cancer
GDS2771,7,10,GSM94053,train,cancer
GDS2771,7,10,GSM94054,train,cancer
GDS2771,7,10,GSM94055,train,cancer
GDS2771,7,10,GSM94056,train,cancer
GDS2771,7,10,GSM94057,train,cancer
GDS2771,7,10,GSM94058,train,cancer
GDS2771,7,10,GSM94060,train,cancer
GDS2771,7,10,GSM94061,train,cancer
GDS2771,7,10,GSM94062,train,cancer
GDS2771,7,10,GSM94063,train,cancer
GDS2771,7,10,GSM94064,train,cancer
GDS2771,7,10,GSM94065,train,cancer
GDS2771,7,10,GSM94066,train,cancer
GDS2771,7,10,GSM94067,train,cancer
GDS2771,7,10,GSM94068,train,cancer
GDS2771,7,10,GSM94069,train,cancer
GDS2771,7,10,GSM94070,train,cancer
GDS2771,7,10,GSM94071,train,cancer
GDS2771,7,10,GSM94072,train,cancer
GDS2771,7,10,GSM94073,train,cancer
GDS2771,7,10,GSM94074,train,cancer
GDS2771,7,10,GSM94075,train,cancer
GDS2771,7,10,GSM94156,train,cancer
GDS2771,7,10,GSM94157,train,cancer
GDS2771,7,10,GSM94160,train,cancer
GDS2771,7,10,GSM94161,train,cancer
GDS2771,7,10,GSM94162,train,cancer
GDS2771,7,10,GSM94164,train,cancer
GDS2771,7,10,GSM94165,train,cancer
GDS2771,7,10,GSM94166,train,cancer
GDS2771,7,10,GSM94167,train,cancer
GDS2771,7,10,GSM94168,train,cancer
GDS2771,7,10,GSM94169,train,cancer
GDS2771,7,10,GSM94171,train,cancer
GDS2771,7,10,GSM94172,train,cancer
GDS2771,7,10,GSM94173,train,cancer
GDS2771,7,10,GSM94174,train,cancer
GDS2771,7,10,GSM94175,train,cancer
GDS2771,7,10,GSM94176,train,cancer
GDS2771,7,10,GSM94177,train,cancer
GDS2771,7,10,GSM94178,train,cancer
GDS2771,7,10,GSM98767,train,cancer
GDS2771,7,10,GSM98769,train,cancer
GDS2771,7,10,GSM98770,train,cancer
GDS2771,7,10,GSM98771,train,cancer
GDS2771,7,10,GSM98772,train,cancer
GDS2771,7,10,GSM98773,train,cancer
GDS2771,7,10,GSM98774,train,cancer
GDS2771,7,10,GSM98775,train,cancer
GDS2771,7,10,GSM98776,train,cancer
GDS2771,7,10,GSM98777,train,cancer
GDS2771,7,10,GSM98778,train,cancer
GDS2771,7,10,GSM98779,train,cancer
GDS2771,7,10,GSM98781,train,cancer
GDS2771,7,10,GSM98782,train,cancer
GDS2771,7,10,GSM98784,train,cancer
GDS2771,7,10,GSM98872,train,cancer
GDS2771,7,10,GSM98873,train,cancer
GDS2771,7,10,GSM98874,train,cancer
GDS2771,7,10,GSM98875,train,cancer
GDS2771,7,10,GSM94080,test,no_cancer
GDS2771,7,10,GSM94084,test,no_cancer
GDS2771,7,10,GSM94091,test,no_cancer
GDS2771,7,10,GSM94106,test,no_cancer
GDS2771,7,10,GSM94114,test,no_cancer
GDS2771,7,10,GSM94127,test,no_cancer
GDS2771,7,10,GSM94136,test,no_cancer
GDS2771,7,10,GSM94146,test,no_cancer
GDS2771,7,10,GSM98788,test,no_cancer
GDS2771,7,10,GSM94029,test,cancer
GDS2771,7,10,GSM94039,test,cancer
GDS2771,7,10,GSM94059,test,cancer
GDS2771,7,10,GSM94155,test,cancer
GDS2771,7,10,GSM94163,test,cancer
GDS2771,7,10,GSM94170,test,cancer
GDS2771,7,10,GSM98768,test,cancer
GDS2771,7,10,GSM98780,test,cancer
GDS2771,7,10,GSM98783,test,cancer
GDS2771,7,10,GSM98871,test,cancer
GDS2771,8,1,GSM93997,train,no_cancer
GDS2771,8,1,GSM94078,train,no_cancer
GDS2771,8,1,GSM94079,train,no_cancer
GDS2771,8,1,GSM94080,train,no_cancer
GDS2771,8,1,GSM94081,train,no_cancer
GDS2771,8,1,GSM94082,train,no_cancer
GDS2771,8,1,GSM94083,train,no_cancer
GDS2771,8,1,GSM94084,train,no_cancer
GDS2771,8,1,GSM94085,train,no_cancer
GDS2771,8,1,GSM94086,train,no_cancer
GDS2771,8,1,GSM94087,train,no_cancer
GDS2771,8,1,GSM94088,train,no_cancer
GDS2771,8,1,GSM94089,train,no_cancer
GDS2771,8,1,GSM94090,train,no_cancer
GDS2771,8,1,GSM94091,train,no_cancer
GDS2771,8,1,GSM94092,train,no_cancer
GDS2771,8,1,GSM94093,train,no_cancer
GDS2771,8,1,GSM94094,train,no_cancer
GDS2771,8,1,GSM94095,train,no_cancer
GDS2771,8,1,GSM94096,train,no_cancer
GDS2771,8,1,GSM94097,train,no_cancer
GDS2771,8,1,GSM94098,train,no_cancer
GDS2771,8,1,GSM94099,train,no_cancer
GDS2771,8,1,GSM94100,train,no_cancer
GDS2771,8,1,GSM94101,train,no_cancer
GDS2771,8,1,GSM94102,train,no_cancer
GDS2771,8,1,GSM94103,train,no_cancer
GDS2771,8,1,GSM94104,train,no_cancer
GDS2771,8,1,GSM94106,train,no_cancer
GDS2771,8,1,GSM94107,train,no_cancer
GDS2771,8,1,GSM94108,train,no_cancer
GDS2771,8,1,GSM94109,train,no_cancer
GDS2771,8,1,GSM94110,train,no_cancer
GDS2771,8,1,GSM94111,train,no_cancer
GDS2771,8,1,GSM94112,train,no_cancer
GDS2771,8,1,GSM94113,train,no_cancer
GDS2771,8,1,GSM94114,train,no_cancer
GDS2771,8,1,GSM94115,train,no_cancer
GDS2771,8,1,GSM94116,train,no_cancer
GDS2771,8,1,GSM94117,train,no_cancer
GDS2771,8,1,GSM94118,train,no_cancer
GDS2771,8,1,GSM94119,train,no_cancer
GDS2771,8,1,GSM94120,train,no_cancer
GDS2771,8,1,GSM94121,train,no_cancer
GDS2771,8,1,GSM94123,train,no_cancer
GDS2771,8,1,GSM94124,train,no_cancer
GDS2771,8,1,GSM94125,train,no_cancer
GDS2771,8,1,GSM94126,train,no_cancer
GDS2771,8,1,GSM94128,train,no_cancer
GDS2771,8,1,GSM94129,train,no_cancer
GDS2771,8,1,GSM94130,train,no_cancer
GDS2771,8,1,GSM94132,train,no_cancer
GDS2771,8,1,GSM94133,train,no_cancer
GDS2771,8,1,GSM94134,train,no_cancer
GDS2771,8,1,GSM94135,train,no_cancer
GDS2771,8,1,GSM94136,train,no_cancer
GDS2771,8,1,GSM94137,train,no_cancer
GDS2771,8,1,GSM94138,train,no_cancer
GDS2771,8,1,GSM94139,train,no_cancer
GDS2771,8,1,GSM94140,train,no_cancer
GDS2771,8,1,GSM94141,train,no_cancer
GDS2771,8,1,GSM94142,train,no_cancer
GDS2771,8,1,GSM94143,train,no_cancer
GDS2771,8,1,GSM94144,train,no_cancer
GDS2771,8,1,GSM94145,train,no_cancer
GDS2771,8,1,GSM94146,train,no_cancer
GDS2771,8,1,GSM94147,train,no_cancer
GDS2771,8,1,GSM94148,train,no_cancer
GDS2771,8,1,GSM98785,train,no_cancer
GDS2771,8,1,GSM98786,train,no_cancer
GDS2771,8,1,GSM98787,train,no_cancer
GDS2771,8,1,GSM98788,train,no_cancer
GDS2771,8,1,GSM98792,train,no_cancer
GDS2771,8,1,GSM98793,train,no_cancer
GDS2771,8,1,GSM98794,train,no_cancer
GDS2771,8,1,GSM98796,train,no_cancer
GDS2771,8,1,GSM98797,train,no_cancer
GDS2771,8,1,GSM98798,train,no_cancer
GDS2771,8,1,GSM98799,train,no_cancer
GDS2771,8,1,GSM98800,train,no_cancer
GDS2771,8,1,GSM98801,train,no_cancer
GDS2771,8,1,GSM94019,train,cancer
GDS2771,8,1,GSM94020,train,cancer
GDS2771,8,1,GSM94021,train,cancer
GDS2771,8,1,GSM94022,train,cancer
GDS2771,8,1,GSM94023,train,cancer
GDS2771,8,1,GSM94024,train,cancer
GDS2771,8,1,GSM94025,train,cancer
GDS2771,8,1,GSM94026,train,cancer
GDS2771,8,1,GSM94027,train,cancer
GDS2771,8,1,GSM94028,train,cancer
GDS2771,8,1,GSM94029,train,cancer
GDS2771,8,1,GSM94030,train,cancer
GDS2771,8,1,GSM94032,train,cancer
GDS2771,8,1,GSM94033,train,cancer
GDS2771,8,1,GSM94034,train,cancer
GDS2771,8,1,GSM94035,train,cancer
GDS2771,8,1,GSM94036,train,cancer
GDS2771,8,1,GSM94038,train,cancer
GDS2771,8,1,GSM94039,train,cancer
GDS2771,8,1,GSM94040,train,cancer
GDS2771,8,1,GSM94041,train,cancer
GDS2771,8,1,GSM94042,train,cancer
GDS2771,8,1,GSM94045,train,cancer
GDS2771,8,1,GSM94046,train,cancer
GDS2771,8,1,GSM94047,train,cancer
GDS2771,8,1,GSM94049,train,cancer
GDS2771,8,1,GSM94050,train,cancer
GDS2771,8,1,GSM94051,train,cancer
GDS2771,8,1,GSM94053,train,cancer
GDS2771,8,1,GSM94054,train,cancer
GDS2771,8,1,GSM94055,train,cancer
GDS2771,8,1,GSM94057,train,cancer
GDS2771,8,1,GSM94058,train,cancer
GDS2771,8,1,GSM94059,train,cancer
GDS2771,8,1,GSM94060,train,cancer
GDS2771,8,1,GSM94061,train,cancer
GDS2771,8,1,GSM94062,train,cancer
GDS2771,8,1,GSM94063,train,cancer
GDS2771,8,1,GSM94064,train,cancer
GDS2771,8,1,GSM94065,train,cancer
GDS2771,8,1,GSM94066,train,cancer
GDS2771,8,1,GSM94067,train,cancer
GDS2771,8,1,GSM94068,train,cancer
GDS2771,8,1,GSM94070,train,cancer
GDS2771,8,1,GSM94071,train,cancer
GDS2771,8,1,GSM94072,train,cancer
GDS2771,8,1,GSM94073,train,cancer
GDS2771,8,1,GSM94074,train,cancer
GDS2771,8,1,GSM94075,train,cancer
GDS2771,8,1,GSM94155,train,cancer
GDS2771,8,1,GSM94156,train,cancer
GDS2771,8,1,GSM94157,train,cancer
GDS2771,8,1,GSM94160,train,cancer
GDS2771,8,1,GSM94161,train,cancer
GDS2771,8,1,GSM94162,train,cancer
GDS2771,8,1,GSM94163,train,cancer
GDS2771,8,1,GSM94164,train,cancer
GDS2771,8,1,GSM94165,train,cancer
GDS2771,8,1,GSM94166,train,cancer
GDS2771,8,1,GSM94167,train,cancer
GDS2771,8,1,GSM94168,train,cancer
GDS2771,8,1,GSM94169,train,cancer
GDS2771,8,1,GSM94170,train,cancer
GDS2771,8,1,GSM94171,train,cancer
GDS2771,8,1,GSM94172,train,cancer
GDS2771,8,1,GSM94173,train,cancer
GDS2771,8,1,GSM94174,train,cancer
GDS2771,8,1,GSM94175,train,cancer
GDS2771,8,1,GSM94176,train,cancer
GDS2771,8,1,GSM94177,train,cancer
GDS2771,8,1,GSM94178,train,cancer
GDS2771,8,1,GSM98768,train,cancer
GDS2771,8,1,GSM98769,train,cancer
GDS2771,8,1,GSM98770,train,cancer
GDS2771,8,1,GSM98771,train,cancer
GDS2771,8,1,GSM98774,train,cancer
GDS2771,8,1,GSM98775,train,cancer
GDS2771,8,1,GSM98776,train,cancer
GDS2771,8,1,GSM98777,train,cancer
GDS2771,8,1,GSM98778,train,cancer
GDS2771,8,1,GSM98779,train,cancer
GDS2771,8,1,GSM98780,train,cancer
GDS2771,8,1,GSM98781,train,cancer
GDS2771,8,1,GSM98782,train,cancer
GDS2771,8,1,GSM98783,train,cancer
GDS2771,8,1,GSM98784,train,cancer
GDS2771,8,1,GSM98871,train,cancer
GDS2771,8,1,GSM98872,train,cancer
GDS2771,8,1,GSM98873,train,cancer
GDS2771,8,1,GSM98874,train,cancer
GDS2771,8,1,GSM98875,train,cancer
GDS2771,8,1,GSM94077,test,no_cancer
GDS2771,8,1,GSM94105,test,no_cancer
GDS2771,8,1,GSM94122,test,no_cancer
GDS2771,8,1,GSM94127,test,no_cancer
GDS2771,8,1,GSM94131,test,no_cancer
GDS2771,8,1,GSM98789,test,no_cancer
GDS2771,8,1,GSM98790,test,no_cancer
GDS2771,8,1,GSM98791,test,no_cancer
GDS2771,8,1,GSM98795,test,no_cancer
GDS2771,8,1,GSM94031,test,cancer
GDS2771,8,1,GSM94037,test,cancer
GDS2771,8,1,GSM94043,test,cancer
GDS2771,8,1,GSM94044,test,cancer
GDS2771,8,1,GSM94048,test,cancer
GDS2771,8,1,GSM94052,test,cancer
GDS2771,8,1,GSM94056,test,cancer
GDS2771,8,1,GSM94069,test,cancer
GDS2771,8,1,GSM98767,test,cancer
GDS2771,8,1,GSM98772,test,cancer
GDS2771,8,1,GSM98773,test,cancer
GDS2771,8,2,GSM93997,train,no_cancer
GDS2771,8,2,GSM94077,train,no_cancer
GDS2771,8,2,GSM94078,train,no_cancer
GDS2771,8,2,GSM94079,train,no_cancer
GDS2771,8,2,GSM94081,train,no_cancer
GDS2771,8,2,GSM94082,train,no_cancer
GDS2771,8,2,GSM94083,train,no_cancer
GDS2771,8,2,GSM94084,train,no_cancer
GDS2771,8,2,GSM94086,train,no_cancer
GDS2771,8,2,GSM94087,train,no_cancer
GDS2771,8,2,GSM94088,train,no_cancer
GDS2771,8,2,GSM94089,train,no_cancer
GDS2771,8,2,GSM94090,train,no_cancer
GDS2771,8,2,GSM94091,train,no_cancer
GDS2771,8,2,GSM94092,train,no_cancer
GDS2771,8,2,GSM94093,train,no_cancer
GDS2771,8,2,GSM94094,train,no_cancer
GDS2771,8,2,GSM94095,train,no_cancer
GDS2771,8,2,GSM94096,train,no_cancer
GDS2771,8,2,GSM94097,train,no_cancer
GDS2771,8,2,GSM94098,train,no_cancer
GDS2771,8,2,GSM94099,train,no_cancer
GDS2771,8,2,GSM94100,train,no_cancer
GDS2771,8,2,GSM94101,train,no_cancer
GDS2771,8,2,GSM94102,train,no_cancer
GDS2771,8,2,GSM94103,train,no_cancer
GDS2771,8,2,GSM94104,train,no_cancer
GDS2771,8,2,GSM94105,train,no_cancer
GDS2771,8,2,GSM94106,train,no_cancer
GDS2771,8,2,GSM94107,train,no_cancer
GDS2771,8,2,GSM94109,train,no_cancer
GDS2771,8,2,GSM94111,train,no_cancer
GDS2771,8,2,GSM94112,train,no_cancer
GDS2771,8,2,GSM94113,train,no_cancer
GDS2771,8,2,GSM94114,train,no_cancer
GDS2771,8,2,GSM94115,train,no_cancer
GDS2771,8,2,GSM94116,train,no_cancer
GDS2771,8,2,GSM94117,train,no_cancer
GDS2771,8,2,GSM94118,train,no_cancer
GDS2771,8,2,GSM94119,train,no_cancer
GDS2771,8,2,GSM94120,train,no_cancer
GDS2771,8,2,GSM94121,train,no_cancer
GDS2771,8,2,GSM94122,train,no_cancer
GDS2771,8,2,GSM94123,train,no_cancer
GDS2771,8,2,GSM94124,train,no_cancer
GDS2771,8,2,GSM94125,train,no_cancer
GDS2771,8,2,GSM94126,train,no_cancer
GDS2771,8,2,GSM94127,train,no_cancer
GDS2771,8,2,GSM94129,train,no_cancer
GDS2771,8,2,GSM94131,train,no_cancer
GDS2771,8,2,GSM94132,train,no_cancer
GDS2771,8,2,GSM94133,train,no_cancer
GDS2771,8,2,GSM94134,train,no_cancer
GDS2771,8,2,GSM94135,train,no_cancer
GDS2771,8,2,GSM94136,train,no_cancer
GDS2771,8,2,GSM94137,train,no_cancer
GDS2771,8,2,GSM94138,train,no_cancer
GDS2771,8,2,GSM94139,train,no_cancer
GDS2771,8,2,GSM94140,train,no_cancer
GDS2771,8,2,GSM94142,train,no_cancer
GDS2771,8,2,GSM94143,train,no_cancer
GDS2771,8,2,GSM94144,train,no_cancer
GDS2771,8,2,GSM94145,train,no_cancer
GDS2771,8,2,GSM94146,train,no_cancer
GDS2771,8,2,GSM94147,train,no_cancer
GDS2771,8,2,GSM94148,train,no_cancer
GDS2771,8,2,GSM98785,train,no_cancer
GDS2771,8,2,GSM98787,train,no_cancer
GDS2771,8,2,GSM98788,train,no_cancer
GDS2771,8,2,GSM98789,train,no_cancer
GDS2771,8,2,GSM98790,train,no_cancer
GDS2771,8,2,GSM98791,train,no_cancer
GDS2771,8,2,GSM98792,train,no_cancer
GDS2771,8,2,GSM98793,train,no_cancer
GDS2771,8,2,GSM98795,train,no_cancer
GDS2771,8,2,GSM98796,train,no_cancer
GDS2771,8,2,GSM98797,train,no_cancer
GDS2771,8,2,GSM98798,train,no_cancer
GDS2771,8,2,GSM98799,train,no_cancer
GDS2771,8,2,GSM98800,train,no_cancer
GDS2771,8,2,GSM98801,train,no_cancer
GDS2771,8,2,GSM94019,train,cancer
GDS2771,8,2,GSM94020,train,cancer
GDS2771,8,2,GSM94021,train,cancer
GDS2771,8,2,GSM94022,train,cancer
GDS2771,8,2,GSM94023,train,cancer
GDS2771,8,2,GSM94024,train,cancer
GDS2771,8,2,GSM94025,train,cancer
GDS2771,8,2,GSM94026,train,cancer
GDS2771,8,2,GSM94027,train,cancer
GDS2771,8,2,GSM94029,train,cancer
GDS2771,8,2,GSM94030,train,cancer
GDS2771,8,2,GSM94031,train,cancer
GDS2771,8,2,GSM94032,train,cancer
GDS2771,8,2,GSM94033,train,cancer
GDS2771,8,2,GSM94034,train,cancer
GDS2771,8,2,GSM94035,train,cancer
GDS2771,8,2,GSM94036,train,cancer
GDS2771,8,2,GSM94037,train,cancer
GDS2771,8,2,GSM94038,train,cancer
GDS2771,8,2,GSM94039,train,cancer
GDS2771,8,2,GSM94040,train,cancer
GDS2771,8,2,GSM94041,train,cancer
GDS2771,8,2,GSM94042,train,cancer
GDS2771,8,2,GSM94043,train,cancer
GDS2771,8,2,GSM94044,train,cancer
GDS2771,8,2,GSM94045,train,cancer
GDS2771,8,2,GSM94046,train,cancer
GDS2771,8,2,GSM94047,train,cancer
GDS2771,8,2,GSM94048,train,cancer
GDS2771,8,2,GSM94049,train,cancer
GDS2771,8,2,GSM94050,train,cancer
GDS2771,8,2,GSM94051,train,cancer
GDS2771,8,2,GSM94052,train,cancer
GDS2771,8,2,GSM94053,train,cancer
GDS2771,8,2,GSM94054,train,cancer
GDS2771,8,2,GSM94055,train,cancer
GDS2771,8,2,GSM94056,train,cancer
GDS2771,8,2,GSM94057,train,cancer
GDS2771,8,2,GSM94058,train,cancer
GDS2771,8,2,GSM94060,train,cancer
GDS2771,8,2,GSM94061,train,cancer
GDS2771,8,2,GSM94062,train,cancer
GDS2771,8,2,GSM94063,train,cancer
GDS2771,8,2,GSM94064,train,cancer
GDS2771,8,2,GSM94065,train,cancer
GDS2771,8,2,GSM94066,train,cancer
GDS2771,8,2,GSM94067,train,cancer
GDS2771,8,2,GSM94069,train,cancer
GDS2771,8,2,GSM94070,train,cancer
GDS2771,8,2,GSM94071,train,cancer
GDS2771,8,2,GSM94072,train,cancer
GDS2771,8,2,GSM94073,train,cancer
GDS2771,8,2,GSM94074,train,cancer
GDS2771,8,2,GSM94075,train,cancer
GDS2771,8,2,GSM94155,train,cancer
GDS2771,8,2,GSM94156,train,cancer
GDS2771,8,2,GSM94157,train,cancer
GDS2771,8,2,GSM94160,train,cancer
GDS2771,8,2,GSM94161,train,cancer
GDS2771,8,2,GSM94162,train,cancer
GDS2771,8,2,GSM94163,train,cancer
GDS2771,8,2,GSM94164,train,cancer
GDS2771,8,2,GSM94165,train,cancer
GDS2771,8,2,GSM94166,train,cancer
GDS2771,8,2,GSM94167,train,cancer
GDS2771,8,2,GSM94168,train,cancer
GDS2771,8,2,GSM94170,train,cancer
GDS2771,8,2,GSM94172,train,cancer
GDS2771,8,2,GSM94173,train,cancer
GDS2771,8,2,GSM94174,train,cancer
GDS2771,8,2,GSM94175,train,cancer
GDS2771,8,2,GSM94176,train,cancer
GDS2771,8,2,GSM94177,train,cancer
GDS2771,8,2,GSM98767,train,cancer
GDS2771,8,2,GSM98768,train,cancer
GDS2771,8,2,GSM98770,train,cancer
GDS2771,8,2,GSM98772,train,cancer
GDS2771,8,2,GSM98773,train,cancer
GDS2771,8,2,GSM98774,train,cancer
GDS2771,8,2,GSM98775,train,cancer
GDS2771,8,2,GSM98776,train,cancer
GDS2771,8,2,GSM98777,train,cancer
GDS2771,8,2,GSM98778,train,cancer
GDS2771,8,2,GSM98779,train,cancer
GDS2771,8,2,GSM98780,train,cancer
GDS2771,8,2,GSM98781,train,cancer
GDS2771,8,2,GSM98783,train,cancer
GDS2771,8,2,GSM98871,train,cancer
GDS2771,8,2,GSM98873,train,cancer
GDS2771,8,2,GSM98874,train,cancer
GDS2771,8,2,GSM98875,train,cancer
GDS2771,8,2,GSM94080,test,no_cancer
GDS2771,8,2,GSM94085,test,no_cancer
GDS2771,8,2,GSM94108,test,no_cancer
GDS2771,8,2,GSM94110,test,no_cancer
GDS2771,8,2,GSM94128,test,no_cancer
GDS2771,8,2,GSM94130,test,no_cancer
GDS2771,8,2,GSM94141,test,no_cancer
GDS2771,8,2,GSM98786,test,no_cancer
GDS2771,8,2,GSM98794,test,no_cancer
GDS2771,8,2,GSM94028,test,cancer
GDS2771,8,2,GSM94059,test,cancer
GDS2771,8,2,GSM94068,test,cancer
GDS2771,8,2,GSM94169,test,cancer
GDS2771,8,2,GSM94171,test,cancer
GDS2771,8,2,GSM94178,test,cancer
GDS2771,8,2,GSM98769,test,cancer
GDS2771,8,2,GSM98771,test,cancer
GDS2771,8,2,GSM98782,test,cancer
GDS2771,8,2,GSM98784,test,cancer
GDS2771,8,2,GSM98872,test,cancer
GDS2771,8,3,GSM93997,train,no_cancer
GDS2771,8,3,GSM94077,train,no_cancer
GDS2771,8,3,GSM94078,train,no_cancer
GDS2771,8,3,GSM94079,train,no_cancer
GDS2771,8,3,GSM94080,train,no_cancer
GDS2771,8,3,GSM94081,train,no_cancer
GDS2771,8,3,GSM94082,train,no_cancer
GDS2771,8,3,GSM94083,train,no_cancer
GDS2771,8,3,GSM94085,train,no_cancer
GDS2771,8,3,GSM94087,train,no_cancer
GDS2771,8,3,GSM94088,train,no_cancer
GDS2771,8,3,GSM94090,train,no_cancer
GDS2771,8,3,GSM94091,train,no_cancer
GDS2771,8,3,GSM94092,train,no_cancer
GDS2771,8,3,GSM94093,train,no_cancer
GDS2771,8,3,GSM94094,train,no_cancer
GDS2771,8,3,GSM94095,train,no_cancer
GDS2771,8,3,GSM94096,train,no_cancer
GDS2771,8,3,GSM94097,train,no_cancer
GDS2771,8,3,GSM94098,train,no_cancer
GDS2771,8,3,GSM94099,train,no_cancer
GDS2771,8,3,GSM94100,train,no_cancer
GDS2771,8,3,GSM94101,train,no_cancer
GDS2771,8,3,GSM94103,train,no_cancer
GDS2771,8,3,GSM94104,train,no_cancer
GDS2771,8,3,GSM94105,train,no_cancer
GDS2771,8,3,GSM94106,train,no_cancer
GDS2771,8,3,GSM94107,train,no_cancer
GDS2771,8,3,GSM94108,train,no_cancer
GDS2771,8,3,GSM94109,train,no_cancer
GDS2771,8,3,GSM94110,train,no_cancer
GDS2771,8,3,GSM94111,train,no_cancer
GDS2771,8,3,GSM94112,train,no_cancer
GDS2771,8,3,GSM94113,train,no_cancer
GDS2771,8,3,GSM94114,train,no_cancer
GDS2771,8,3,GSM94115,train,no_cancer
GDS2771,8,3,GSM94116,train,no_cancer
GDS2771,8,3,GSM94118,train,no_cancer
GDS2771,8,3,GSM94119,train,no_cancer
GDS2771,8,3,GSM94120,train,no_cancer
GDS2771,8,3,GSM94121,train,no_cancer
GDS2771,8,3,GSM94122,train,no_cancer
GDS2771,8,3,GSM94124,train,no_cancer
GDS2771,8,3,GSM94125,train,no_cancer
GDS2771,8,3,GSM94126,train,no_cancer
GDS2771,8,3,GSM94127,train,no_cancer
GDS2771,8,3,GSM94128,train,no_cancer
GDS2771,8,3,GSM94129,train,no_cancer
GDS2771,8,3,GSM94130,train,no_cancer
GDS2771,8,3,GSM94131,train,no_cancer
GDS2771,8,3,GSM94132,train,no_cancer
GDS2771,8,3,GSM94133,train,no_cancer
GDS2771,8,3,GSM94134,train,no_cancer
GDS2771,8,3,GSM94135,train,no_cancer
GDS2771,8,3,GSM94136,train,no_cancer
GDS2771,8,3,GSM94138,train,no_cancer
GDS2771,8,3,GSM94139,train,no_cancer
GDS2771,8,3,GSM94140,train,no_cancer
GDS2771,8,3,GSM94141,train,no_cancer
GDS2771,8,3,GSM94142,train,no_cancer
GDS2771,8,3,GSM94143,train,no_cancer
GDS2771,8,3,GSM94144,train,no_cancer
GDS2771,8,3,GSM94145,train,no_cancer
GDS2771,8,3,GSM94146,train,no_cancer
GDS2771,8,3,GSM94147,train,no_cancer
GDS2771,8,3,GSM94148,train,no_cancer
GDS2771,8,3,GSM98785,train,no_cancer
GDS2771,8,3,GSM98786,train,no_cancer
GDS2771,8,3,GSM98787,train,no_cancer
GDS2771,8,3,GSM98788,train,no_cancer
GDS2771,8,3,GSM98789,train,no_cancer
GDS2771,8,3,GSM98790,train,no_cancer
GDS2771,8,3,GSM98791,train,no_cancer
GDS2771,8,3,GSM98792,train,no_cancer
GDS2771,8,3,GSM98793,train,no_cancer
GDS2771,8,3,GSM98794,train,no_cancer
GDS2771,8,3,GSM98795,train,no_cancer
GDS2771,8,3,GSM98798,train,no_cancer
GDS2771,8,3,GSM98799,train,no_cancer
GDS2771,8,3,GSM98800,train,no_cancer
GDS2771,8,3,GSM98801,train,no_cancer
GDS2771,8,3,GSM94019,train,cancer
GDS2771,8,3,GSM94020,train,cancer
GDS2771,8,3,GSM94021,train,cancer
GDS2771,8,3,GSM94022,train,cancer
GDS2771,8,3,GSM94023,train,cancer
GDS2771,8,3,GSM94024,train,cancer
GDS2771,8,3,GSM94025,train,cancer
GDS2771,8,3,GSM94026,train,cancer
GDS2771,8,3,GSM94027,train,cancer
GDS2771,8,3,GSM94028,train,cancer
GDS2771,8,3,GSM94029,train,cancer
GDS2771,8,3,GSM94030,train,cancer
GDS2771,8,3,GSM94031,train,cancer
GDS2771,8,3,GSM94033,train,cancer
GDS2771,8,3,GSM94034,train,cancer
GDS2771,8,3,GSM94035,train,cancer
GDS2771,8,3,GSM94036,train,cancer
GDS2771,8,3,GSM94037,train,cancer
GDS2771,8,3,GSM94038,train,cancer
GDS2771,8,3,GSM94039,train,cancer
GDS2771,8,3,GSM94040,train,cancer
GDS2771,8,3,GSM94041,train,cancer
GDS2771,8,3,GSM94042,train,cancer
GDS2771,8,3,GSM94043,train,cancer
GDS2771,8,3,GSM94044,train,cancer
GDS2771,8,3,GSM94045,train,cancer
GDS2771,8,3,GSM94046,train,cancer
GDS2771,8,3,GSM94047,train,cancer
GDS2771,8,3,GSM94048,train,cancer
GDS2771,8,3,GSM94050,train,cancer
GDS2771,8,3,GSM94051,train,cancer
GDS2771,8,3,GSM94052,train,cancer
GDS2771,8,3,GSM94053,train,cancer
GDS2771,8,3,GSM94054,train,cancer
GDS2771,8,3,GSM94055,train,cancer
GDS2771,8,3,GSM94056,train,cancer
GDS2771,8,3,GSM94057,train,cancer
GDS2771,8,3,GSM94059,train,cancer
GDS2771,8,3,GSM94060,train,cancer
GDS2771,8,3,GSM94062,train,cancer
GDS2771,8,3,GSM94063,train,cancer
GDS2771,8,3,GSM94065,train,cancer
GDS2771,8,3,GSM94066,train,cancer
GDS2771,8,3,GSM94067,train,cancer
GDS2771,8,3,GSM94068,train,cancer
GDS2771,8,3,GSM94069,train,cancer
GDS2771,8,3,GSM94071,train,cancer
GDS2771,8,3,GSM94072,train,cancer
GDS2771,8,3,GSM94074,train,cancer
GDS2771,8,3,GSM94075,train,cancer
GDS2771,8,3,GSM94155,train,cancer
GDS2771,8,3,GSM94156,train,cancer
GDS2771,8,3,GSM94157,train,cancer
GDS2771,8,3,GSM94160,train,cancer
GDS2771,8,3,GSM94161,train,cancer
GDS2771,8,3,GSM94162,train,cancer
GDS2771,8,3,GSM94163,train,cancer
GDS2771,8,3,GSM94164,train,cancer
GDS2771,8,3,GSM94165,train,cancer
GDS2771,8,3,GSM94166,train,cancer
GDS2771,8,3,GSM94167,train,cancer
GDS2771,8,3,GSM94168,train,cancer
GDS2771,8,3,GSM94169,train,cancer
GDS2771,8,3,GSM94170,train,cancer
GDS2771,8,3,GSM94171,train,cancer
GDS2771,8,3,GSM94172,train,cancer
GDS2771,8,3,GSM94173,train,cancer
GDS2771,8,3,GSM94175,train,cancer
GDS2771,8,3,GSM94176,train,cancer
GDS2771,8,3,GSM94177,train,cancer
GDS2771,8,3,GSM94178,train,cancer
GDS2771,8,3,GSM98767,train,cancer
GDS2771,8,3,GSM98768,train,cancer
GDS2771,8,3,GSM98769,train,cancer
GDS2771,8,3,GSM98770,train,cancer
GDS2771,8,3,GSM98771,train,cancer
GDS2771,8,3,GSM98772,train,cancer
GDS2771,8,3,GSM98773,train,cancer
GDS2771,8,3,GSM98774,train,cancer
GDS2771,8,3,GSM98775,train,cancer
GDS2771,8,3,GSM98776,train,cancer
GDS2771,8,3,GSM98777,train,cancer
GDS2771,8,3,GSM98778,train,cancer
GDS2771,8,3,GSM98779,train,cancer
GDS2771,8,3,GSM98781,train,cancer
GDS2771,8,3,GSM98782,train,cancer
GDS2771,8,3,GSM98783,train,cancer
GDS2771,8,3,GSM98784,train,cancer
GDS2771,8,3,GSM98872,train,cancer
GDS2771,8,3,GSM98873,train,cancer
GDS2771,8,3,GSM98874,train,cancer
GDS2771,8,3,GSM98875,train,cancer
GDS2771,8,3,GSM94084,test,no_cancer
GDS2771,8,3,GSM94086,test,no_cancer
GDS2771,8,3,GSM94089,test,no_cancer
GDS2771,8,3,GSM94102,test,no_cancer
GDS2771,8,3,GSM94117,test,no_cancer
GDS2771,8,3,GSM94123,test,no_cancer
GDS2771,8,3,GSM94137,test,no_cancer
GDS2771,8,3,GSM98796,test,no_cancer
GDS2771,8,3,GSM98797,test,no_cancer
GDS2771,8,3,GSM94032,test,cancer
GDS2771,8,3,GSM94049,test,cancer
GDS2771,8,3,GSM94058,test,cancer
GDS2771,8,3,GSM94061,test,cancer
GDS2771,8,3,GSM94064,test,cancer
GDS2771,8,3,GSM94070,test,cancer
GDS2771,8,3,GSM94073,test,cancer
GDS2771,8,3,GSM94174,test,cancer
GDS2771,8,3,GSM98780,test,cancer
GDS2771,8,3,GSM98871,test,cancer
GDS2771,8,4,GSM94077,train,no_cancer
GDS2771,8,4,GSM94078,train,no_cancer
GDS2771,8,4,GSM94079,train,no_cancer
GDS2771,8,4,GSM94080,train,no_cancer
GDS2771,8,4,GSM94081,train,no_cancer
GDS2771,8,4,GSM94082,train,no_cancer
GDS2771,8,4,GSM94083,train,no_cancer
GDS2771,8,4,GSM94084,train,no_cancer
GDS2771,8,4,GSM94085,train,no_cancer
GDS2771,8,4,GSM94086,train,no_cancer
GDS2771,8,4,GSM94087,train,no_cancer
GDS2771,8,4,GSM94088,train,no_cancer
GDS2771,8,4,GSM94089,train,no_cancer
GDS2771,8,4,GSM94092,train,no_cancer
GDS2771,8,4,GSM94093,train,no_cancer
GDS2771,8,4,GSM94095,train,no_cancer
GDS2771,8,4,GSM94096,train,no_cancer
GDS2771,8,4,GSM94098,train,no_cancer
GDS2771,8,4,GSM94099,train,no_cancer
GDS2771,8,4,GSM94100,train,no_cancer
GDS2771,8,4,GSM94101,train,no_cancer
GDS2771,8,4,GSM94102,train,no_cancer
GDS2771,8,4,GSM94103,train,no_cancer
GDS2771,8,4,GSM94104,train,no_cancer
GDS2771,8,4,GSM94105,train,no_cancer
GDS2771,8,4,GSM94106,train,no_cancer
GDS2771,8,4,GSM94107,train,no_cancer
GDS2771,8,4,GSM94108,train,no_cancer
GDS2771,8,4,GSM94109,train,no_cancer
GDS2771,8,4,GSM94110,train,no_cancer
GDS2771,8,4,GSM94111,train,no_cancer
GDS2771,8,4,GSM94112,train,no_cancer
GDS2771,8,4,GSM94113,train,no_cancer
GDS2771,8,4,GSM94114,train,no_cancer
GDS2771,8,4,GSM94115,train,no_cancer
GDS2771,8,4,GSM94116,train,no_cancer
GDS2771,8,4,GSM94117,train,no_cancer
GDS2771,8,4,GSM94118,train,no_cancer
GDS2771,8,4,GSM94119,train,no_cancer
GDS2771,8,4,GSM94120,train,no_cancer
GDS2771,8,4,GSM94121,train,no_cancer
GDS2771,8,4,GSM94122,train,no_cancer
GDS2771,8,4,GSM94123,train,no_cancer
GDS2771,8,4,GSM94124,train,no_cancer
GDS2771,8,4,GSM94125,train,no_cancer
GDS2771,8,4,GSM94127,train,no_cancer
GDS2771,8,4,GSM94128,train,no_cancer
GDS2771,8,4,GSM94129,train,no_cancer
GDS2771,8,4,GSM94130,train,no_cancer
GDS2771,8,4,GSM94131,train,no_cancer
GDS2771,8,4,GSM94132,train,no_cancer
GDS2771,8,4,GSM94133,train,no_cancer
GDS2771,8,4,GSM94134,train,no_cancer
GDS2771,8,4,GSM94135,train,no_cancer
GDS2771,8,4,GSM94136,train,no_cancer
GDS2771,8,4,GSM94137,train,no_cancer
GDS2771,8,4,GSM94138,train,no_cancer
GDS2771,8,4,GSM94139,train,no_cancer
GDS2771,8,4,GSM94141,train,no_cancer
GDS2771,8,4,GSM94142,train,no_cancer
GDS2771,8,4,GSM94143,train,no_cancer
GDS2771,8,4,GSM94144,train,no_cancer
GDS2771,8,4,GSM94145,train,no_cancer
GDS2771,8,4,GSM94146,train,no_cancer
GDS2771,8,4,GSM94147,train,no_cancer
GDS2771,8,4,GSM98785,train,no_cancer
GDS2771,8,4,GSM98786,train,no_cancer
GDS2771,8,4,GSM98787,train,no_cancer
GDS2771,8,4,GSM98788,train,no_cancer
GDS2771,8,4,GSM98789,train,no_cancer
GDS2771,8,4,GSM98790,train,no_cancer
GDS2771,8,4,GSM98791,train,no_cancer
GDS2771,8,4,GSM98792,train,no_cancer
GDS2771,8,4,GSM98793,train,no_cancer
GDS2771,8,4,GSM98794,train,no_cancer
GDS2771,8,4,GSM98795,train,no_cancer
GDS2771,8,4,GSM98796,train,no_cancer
GDS2771,8,4,GSM98797,train,no_cancer
GDS2771,8,4,GSM98799,train,no_cancer
GDS2771,8,4,GSM98800,train,no_cancer
GDS2771,8,4,GSM98801,train,no_cancer
GDS2771,8,4,GSM94020,train,cancer
GDS2771,8,4,GSM94021,train,cancer
GDS2771,8,4,GSM94022,train,cancer
GDS2771,8,4,GSM94023,train,cancer
GDS2771,8,4,GSM94024,train,cancer
GDS2771,8,4,GSM94025,train,cancer
GDS2771,8,4,GSM94027,train,cancer
GDS2771,8,4,GSM94028,train,cancer
GDS2771,8,4,GSM94029,train,cancer
GDS2771,8,4,GSM94030,train,cancer
GDS2771,8,4,GSM94031,train,cancer
GDS2771,8,4,GSM94032,train,cancer
GDS2771,8,4,GSM94034,train,cancer
GDS2771,8,4,GSM94035,train,cancer
GDS2771,8,4,GSM94037,train,cancer
GDS2771,8,4,GSM94038,train,cancer
GDS2771,8,4,GSM94039,train,cancer
GDS2771,8,4,GSM94040,train,cancer
GDS2771,8,4,GSM94041,train,cancer
GDS2771,8,4,GSM94042,train,cancer
GDS2771,8,4,GSM94043,train,cancer
GDS2771,8,4,GSM94044,train,cancer
GDS2771,8,4,GSM94047,train,cancer
GDS2771,8,4,GSM94048,train,cancer
GDS2771,8,4,GSM94049,train,cancer
GDS2771,8,4,GSM94050,train,cancer
GDS2771,8,4,GSM94051,train,cancer
GDS2771,8,4,GSM94052,train,cancer
GDS2771,8,4,GSM94053,train,cancer
GDS2771,8,4,GSM94054,train,cancer
GDS2771,8,4,GSM94055,train,cancer
GDS2771,8,4,GSM94056,train,cancer
GDS2771,8,4,GSM94057,train,cancer
GDS2771,8,4,GSM94058,train,cancer
GDS2771,8,4,GSM94059,train,cancer
GDS2771,8,4,GSM94060,train,cancer
GDS2771,8,4,GSM94061,train,cancer
GDS2771,8,4,GSM94062,train,cancer
GDS2771,8,4,GSM94063,train,cancer
GDS2771,8,4,GSM94064,train,cancer
GDS2771,8,4,GSM94065,train,cancer
GDS2771,8,4,GSM94066,train,cancer
GDS2771,8,4,GSM94067,train,cancer
GDS2771,8,4,GSM94068,train,cancer
GDS2771,8,4,GSM94069,train,cancer
GDS2771,8,4,GSM94070,train,cancer
GDS2771,8,4,GSM94071,train,cancer
GDS2771,8,4,GSM94073,train,cancer
GDS2771,8,4,GSM94074,train,cancer
GDS2771,8,4,GSM94075,train,cancer
GDS2771,8,4,GSM94155,train,cancer
GDS2771,8,4,GSM94156,train,cancer
GDS2771,8,4,GSM94157,train,cancer
GDS2771,8,4,GSM94160,train,cancer
GDS2771,8,4,GSM94161,train,cancer
GDS2771,8,4,GSM94163,train,cancer
GDS2771,8,4,GSM94164,train,cancer
GDS2771,8,4,GSM94165,train,cancer
GDS2771,8,4,GSM94166,train,cancer
GDS2771,8,4,GSM94168,train,cancer
GDS2771,8,4,GSM94169,train,cancer
GDS2771,8,4,GSM94170,train,cancer
GDS2771,8,4,GSM94171,train,cancer
GDS2771,8,4,GSM94172,train,cancer
GDS2771,8,4,GSM94173,train,cancer
GDS2771,8,4,GSM94174,train,cancer
GDS2771,8,4,GSM94175,train,cancer
GDS2771,8,4,GSM94176,train,cancer
GDS2771,8,4,GSM94177,train,cancer
GDS2771,8,4,GSM94178,train,cancer
GDS2771,8,4,GSM98767,train,cancer
GDS2771,8,4,GSM98768,train,cancer
GDS2771,8,4,GSM98769,train,cancer
GDS2771,8,4,GSM98770,train,cancer
GDS2771,8,4,GSM98771,train,cancer
GDS2771,8,4,GSM98772,train,cancer
GDS2771,8,4,GSM98773,train,cancer
GDS2771,8,4,GSM98774,train,cancer
GDS2771,8,4,GSM98775,train,cancer
GDS2771,8,4,GSM98776,train,cancer
GDS2771,8,4,GSM98777,train,cancer
GDS2771,8,4,GSM98778,train,cancer
GDS2771,8,4,GSM98779,train,cancer
GDS2771,8,4,GSM98780,train,cancer
GDS2771,8,4,GSM98782,train,cancer
GDS2771,8,4,GSM98783,train,cancer
GDS2771,8,4,GSM98784,train,cancer
GDS2771,8,4,GSM98871,train,cancer
GDS2771,8,4,GSM98872,train,cancer
GDS2771,8,4,GSM98873,train,cancer
GDS2771,8,4,GSM98874,train,cancer
GDS2771,8,4,GSM98875,train,cancer
GDS2771,8,4,GSM93997,test,no_cancer
GDS2771,8,4,GSM94090,test,no_cancer
GDS2771,8,4,GSM94091,test,no_cancer
GDS2771,8,4,GSM94094,test,no_cancer
GDS2771,8,4,GSM94097,test,no_cancer
GDS2771,8,4,GSM94126,test,no_cancer
GDS2771,8,4,GSM94140,test,no_cancer
GDS2771,8,4,GSM94148,test,no_cancer
GDS2771,8,4,GSM98798,test,no_cancer
GDS2771,8,4,GSM94019,test,cancer
GDS2771,8,4,GSM94026,test,cancer
GDS2771,8,4,GSM94033,test,cancer
GDS2771,8,4,GSM94036,test,cancer
GDS2771,8,4,GSM94045,test,cancer
GDS2771,8,4,GSM94046,test,cancer
GDS2771,8,4,GSM94072,test,cancer
GDS2771,8,4,GSM94162,test,cancer
GDS2771,8,4,GSM94167,test,cancer
GDS2771,8,4,GSM98781,test,cancer
GDS2771,8,5,GSM93997,train,no_cancer
GDS2771,8,5,GSM94077,train,no_cancer
GDS2771,8,5,GSM94078,train,no_cancer
GDS2771,8,5,GSM94079,train,no_cancer
GDS2771,8,5,GSM94080,train,no_cancer
GDS2771,8,5,GSM94081,train,no_cancer
GDS2771,8,5,GSM94082,train,no_cancer
GDS2771,8,5,GSM94083,train,no_cancer
GDS2771,8,5,GSM94084,train,no_cancer
GDS2771,8,5,GSM94085,train,no_cancer
GDS2771,8,5,GSM94086,train,no_cancer
GDS2771,8,5,GSM94087,train,no_cancer
GDS2771,8,5,GSM94089,train,no_cancer
GDS2771,8,5,GSM94090,train,no_cancer
GDS2771,8,5,GSM94091,train,no_cancer
GDS2771,8,5,GSM94092,train,no_cancer
GDS2771,8,5,GSM94093,train,no_cancer
GDS2771,8,5,GSM94094,train,no_cancer
GDS2771,8,5,GSM94096,train,no_cancer
GDS2771,8,5,GSM94097,train,no_cancer
GDS2771,8,5,GSM94099,train,no_cancer
GDS2771,8,5,GSM94100,train,no_cancer
GDS2771,8,5,GSM94101,train,no_cancer
GDS2771,8,5,GSM94102,train,no_cancer
GDS2771,8,5,GSM94103,train,no_cancer
GDS2771,8,5,GSM94104,train,no_cancer
GDS2771,8,5,GSM94105,train,no_cancer
GDS2771,8,5,GSM94106,train,no_cancer
GDS2771,8,5,GSM94107,train,no_cancer
GDS2771,8,5,GSM94108,train,no_cancer
GDS2771,8,5,GSM94110,train,no_cancer
GDS2771,8,5,GSM94111,train,no_cancer
GDS2771,8,5,GSM94112,train,no_cancer
GDS2771,8,5,GSM94113,train,no_cancer
GDS2771,8,5,GSM94114,train,no_cancer
GDS2771,8,5,GSM94115,train,no_cancer
GDS2771,8,5,GSM94117,train,no_cancer
GDS2771,8,5,GSM94118,train,no_cancer
GDS2771,8,5,GSM94119,train,no_cancer
GDS2771,8,5,GSM94120,train,no_cancer
GDS2771,8,5,GSM94121,train,no_cancer
GDS2771,8,5,GSM94122,train,no_cancer
GDS2771,8,5,GSM94123,train,no_cancer
GDS2771,8,5,GSM94124,train,no_cancer
GDS2771,8,5,GSM94125,train,no_cancer
GDS2771,8,5,GSM94126,train,no_cancer
GDS2771,8,5,GSM94127,train,no_cancer
GDS2771,8,5,GSM94128,train,no_cancer
GDS2771,8,5,GSM94129,train,no_cancer
GDS2771,8,5,GSM94130,train,no_cancer
GDS2771,8,5,GSM94131,train,no_cancer
GDS2771,8,5,GSM94132,train,no_cancer
GDS2771,8,5,GSM94133,train,no_cancer
GDS2771,8,5,GSM94134,train,no_cancer
GDS2771,8,5,GSM94135,train,no_cancer
GDS2771,8,5,GSM94137,train,no_cancer
GDS2771,8,5,GSM94138,train,no_cancer
GDS2771,8,5,GSM94139,train,no_cancer
GDS2771,8,5,GSM94140,train,no_cancer
GDS2771,8,5,GSM94141,train,no_cancer
GDS2771,8,5,GSM94142,train,no_cancer
GDS2771,8,5,GSM94143,train,no_cancer
GDS2771,8,5,GSM94144,train,no_cancer
GDS2771,8,5,GSM94145,train,no_cancer
GDS2771,8,5,GSM94146,train,no_cancer
GDS2771,8,5,GSM94148,train,no_cancer
GDS2771,8,5,GSM98786,train,no_cancer
GDS2771,8,5,GSM98787,train,no_cancer
GDS2771,8,5,GSM98788,train,no_cancer
GDS2771,8,5,GSM98789,train,no_cancer
GDS2771,8,5,GSM98790,train,no_cancer
GDS2771,8,5,GSM98791,train,no_cancer
GDS2771,8,5,GSM98792,train,no_cancer
GDS2771,8,5,GSM98793,train,no_cancer
GDS2771,8,5,GSM98794,train,no_cancer
GDS2771,8,5,GSM98795,train,no_cancer
GDS2771,8,5,GSM98796,train,no_cancer
GDS2771,8,5,GSM98797,train,no_cancer
GDS2771,8,5,GSM98798,train,no_cancer
GDS2771,8,5,GSM98799,train,no_cancer
GDS2771,8,5,GSM98801,train,no_cancer
GDS2771,8,5,GSM94019,train,cancer
GDS2771,8,5,GSM94020,train,cancer
GDS2771,8,5,GSM94021,train,cancer
GDS2771,8,5,GSM94022,train,cancer
GDS2771,8,5,GSM94023,train,cancer
GDS2771,8,5,GSM94024,train,cancer
GDS2771,8,5,GSM94025,train,cancer
GDS2771,8,5,GSM94026,train,cancer
GDS2771,8,5,GSM94027,train,cancer
GDS2771,8,5,GSM94028,train,cancer
GDS2771,8,5,GSM94029,train,cancer
GDS2771,8,5,GSM94030,train,cancer
GDS2771,8,5,GSM94031,train,cancer
GDS2771,8,5,GSM94032,train,cancer
GDS2771,8,5,GSM94033,train,cancer
GDS2771,8,5,GSM94034,train,cancer
GDS2771,8,5,GSM94035,train,cancer
GDS2771,8,5,GSM94036,train,cancer
GDS2771,8,5,GSM94037,train,cancer
GDS2771,8,5,GSM94038,train,cancer
GDS2771,8,5,GSM94039,train,cancer
GDS2771,8,5,GSM94040,train,cancer
GDS2771,8,5,GSM94041,train,cancer
GDS2771,8,5,GSM94042,train,cancer
GDS2771,8,5,GSM94043,train,cancer
GDS2771,8,5,GSM94044,train,cancer
GDS2771,8,5,GSM94045,train,cancer
GDS2771,8,5,GSM94046,train,cancer
GDS2771,8,5,GSM94047,train,cancer
GDS2771,8,5,GSM94048,train,cancer
GDS2771,8,5,GSM94049,train,cancer
GDS2771,8,5,GSM94050,train,cancer
GDS2771,8,5,GSM94051,train,cancer
GDS2771,8,5,GSM94052,train,cancer
GDS2771,8,5,GSM94053,train,cancer
GDS2771,8,5,GSM94054,train,cancer
GDS2771,8,5,GSM94055,train,cancer
GDS2771,8,5,GSM94056,train,cancer
GDS2771,8,5,GSM94057,train,cancer
GDS2771,8,5,GSM94058,train,cancer
GDS2771,8,5,GSM94059,train,cancer
GDS2771,8,5,GSM94060,train,cancer
GDS2771,8,5,GSM94061,train,cancer
GDS2771,8,5,GSM94062,train,cancer
GDS2771,8,5,GSM94063,train,cancer
GDS2771,8,5,GSM94064,train,cancer
GDS2771,8,5,GSM94065,train,cancer
GDS2771,8,5,GSM94066,train,cancer
GDS2771,8,5,GSM94067,train,cancer
GDS2771,8,5,GSM94068,train,cancer
GDS2771,8,5,GSM94069,train,cancer
GDS2771,8,5,GSM94070,train,cancer
GDS2771,8,5,GSM94072,train,cancer
GDS2771,8,5,GSM94073,train,cancer
GDS2771,8,5,GSM94074,train,cancer
GDS2771,8,5,GSM94075,train,cancer
GDS2771,8,5,GSM94156,train,cancer
GDS2771,8,5,GSM94157,train,cancer
GDS2771,8,5,GSM94160,train,cancer
GDS2771,8,5,GSM94161,train,cancer
GDS2771,8,5,GSM94162,train,cancer
GDS2771,8,5,GSM94164,train,cancer
GDS2771,8,5,GSM94165,train,cancer
GDS2771,8,5,GSM94166,train,cancer
GDS2771,8,5,GSM94167,train,cancer
GDS2771,8,5,GSM94168,train,cancer
GDS2771,8,5,GSM94169,train,cancer
GDS2771,8,5,GSM94170,train,cancer
GDS2771,8,5,GSM94171,train,cancer
GDS2771,8,5,GSM94172,train,cancer
GDS2771,8,5,GSM94173,train,cancer
GDS2771,8,5,GSM94174,train,cancer
GDS2771,8,5,GSM94175,train,cancer
GDS2771,8,5,GSM94176,train,cancer
GDS2771,8,5,GSM94178,train,cancer
GDS2771,8,5,GSM98767,train,cancer
GDS2771,8,5,GSM98769,train,cancer
GDS2771,8,5,GSM98771,train,cancer
GDS2771,8,5,GSM98772,train,cancer
GDS2771,8,5,GSM98773,train,cancer
GDS2771,8,5,GSM98774,train,cancer
GDS2771,8,5,GSM98775,train,cancer
GDS2771,8,5,GSM98776,train,cancer
GDS2771,8,5,GSM98780,train,cancer
GDS2771,8,5,GSM98781,train,cancer
GDS2771,8,5,GSM98782,train,cancer
GDS2771,8,5,GSM98783,train,cancer
GDS2771,8,5,GSM98784,train,cancer
GDS2771,8,5,GSM98871,train,cancer
GDS2771,8,5,GSM98872,train,cancer
GDS2771,8,5,GSM98873,train,cancer
GDS2771,8,5,GSM98874,train,cancer
GDS2771,8,5,GSM94088,test,no_cancer
GDS2771,8,5,GSM94095,test,no_cancer
GDS2771,8,5,GSM94098,test,no_cancer
GDS2771,8,5,GSM94109,test,no_cancer
GDS2771,8,5,GSM94116,test,no_cancer
GDS2771,8,5,GSM94136,test,no_cancer
GDS2771,8,5,GSM94147,test,no_cancer
GDS2771,8,5,GSM98785,test,no_cancer
GDS2771,8,5,GSM98800,test,no_cancer
GDS2771,8,5,GSM94071,test,cancer
GDS2771,8,5,GSM94155,test,cancer
GDS2771,8,5,GSM94163,test,cancer
GDS2771,8,5,GSM94177,test,cancer
GDS2771,8,5,GSM98768,test,cancer
GDS2771,8,5,GSM98770,test,cancer
GDS2771,8,5,GSM98777,test,cancer
GDS2771,8,5,GSM98778,test,cancer
GDS2771,8,5,GSM98779,test,cancer
GDS2771,8,5,GSM98875,test,cancer
GDS2771,8,6,GSM93997,train,no_cancer
GDS2771,8,6,GSM94077,train,no_cancer
GDS2771,8,6,GSM94079,train,no_cancer
GDS2771,8,6,GSM94080,train,no_cancer
GDS2771,8,6,GSM94082,train,no_cancer
GDS2771,8,6,GSM94083,train,no_cancer
GDS2771,8,6,GSM94084,train,no_cancer
GDS2771,8,6,GSM94085,train,no_cancer
GDS2771,8,6,GSM94086,train,no_cancer
GDS2771,8,6,GSM94088,train,no_cancer
GDS2771,8,6,GSM94089,train,no_cancer
GDS2771,8,6,GSM94090,train,no_cancer
GDS2771,8,6,GSM94091,train,no_cancer
GDS2771,8,6,GSM94092,train,no_cancer
GDS2771,8,6,GSM94093,train,no_cancer
GDS2771,8,6,GSM94094,train,no_cancer
GDS2771,8,6,GSM94095,train,no_cancer
GDS2771,8,6,GSM94096,train,no_cancer
GDS2771,8,6,GSM94097,train,no_cancer
GDS2771,8,6,GSM94098,train,no_cancer
GDS2771,8,6,GSM94100,train,no_cancer
GDS2771,8,6,GSM94101,train,no_cancer
GDS2771,8,6,GSM94102,train,no_cancer
GDS2771,8,6,GSM94103,train,no_cancer
GDS2771,8,6,GSM94104,train,no_cancer
GDS2771,8,6,GSM94105,train,no_cancer
GDS2771,8,6,GSM94106,train,no_cancer
GDS2771,8,6,GSM94107,train,no_cancer
GDS2771,8,6,GSM94108,train,no_cancer
GDS2771,8,6,GSM94109,train,no_cancer
GDS2771,8,6,GSM94110,train,no_cancer
GDS2771,8,6,GSM94111,train,no_cancer
GDS2771,8,6,GSM94112,train,no_cancer
GDS2771,8,6,GSM94113,train,no_cancer
GDS2771,8,6,GSM94114,train,no_cancer
GDS2771,8,6,GSM94115,train,no_cancer
GDS2771,8,6,GSM94116,train,no_cancer
GDS2771,8,6,GSM94117,train,no_cancer
GDS2771,8,6,GSM94118,train,no_cancer
GDS2771,8,6,GSM94119,train,no_cancer
GDS2771,8,6,GSM94121,train,no_cancer
GDS2771,8,6,GSM94122,train,no_cancer
GDS2771,8,6,GSM94123,train,no_cancer
GDS2771,8,6,GSM94124,train,no_cancer
GDS2771,8,6,GSM94126,train,no_cancer
GDS2771,8,6,GSM94127,train,no_cancer
GDS2771,8,6,GSM94128,train,no_cancer
GDS2771,8,6,GSM94129,train,no_cancer
GDS2771,8,6,GSM94130,train,no_cancer
GDS2771,8,6,GSM94131,train,no_cancer
GDS2771,8,6,GSM94132,train,no_cancer
GDS2771,8,6,GSM94133,train,no_cancer
GDS2771,8,6,GSM94135,train,no_cancer
GDS2771,8,6,GSM94136,train,no_cancer
GDS2771,8,6,GSM94137,train,no_cancer
GDS2771,8,6,GSM94138,train,no_cancer
GDS2771,8,6,GSM94139,train,no_cancer
GDS2771,8,6,GSM94140,train,no_cancer
GDS2771,8,6,GSM94141,train,no_cancer
GDS2771,8,6,GSM94142,train,no_cancer
GDS2771,8,6,GSM94143,train,no_cancer
GDS2771,8,6,GSM94144,train,no_cancer
GDS2771,8,6,GSM94145,train,no_cancer
GDS2771,8,6,GSM94146,train,no_cancer
GDS2771,8,6,GSM94147,train,no_cancer
GDS2771,8,6,GSM94148,train,no_cancer
GDS2771,8,6,GSM98785,train,no_cancer
GDS2771,8,6,GSM98786,train,no_cancer
GDS2771,8,6,GSM98787,train,no_cancer
GDS2771,8,6,GSM98789,train,no_cancer
GDS2771,8,6,GSM98790,train,no_cancer
GDS2771,8,6,GSM98791,train,no_cancer
GDS2771,8,6,GSM98793,train,no_cancer
GDS2771,8,6,GSM98794,train,no_cancer
GDS2771,8,6,GSM98795,train,no_cancer
GDS2771,8,6,GSM98796,train,no_cancer
GDS2771,8,6,GSM98797,train,no_cancer
GDS2771,8,6,GSM98798,train,no_cancer
GDS2771,8,6,GSM98799,train,no_cancer
GDS2771,8,6,GSM98800,train,no_cancer
GDS2771,8,6,GSM98801,train,no_cancer
GDS2771,8,6,GSM94019,train,cancer
GDS2771,8,6,GSM94020,train,cancer
GDS2771,8,6,GSM94021,train,cancer
GDS2771,8,6,GSM94022,train,cancer
GDS2771,8,6,GSM94023,train,cancer
GDS2771,8,6,GSM94025,train,cancer
GDS2771,8,6,GSM94026,train,cancer
GDS2771,8,6,GSM94027,train,cancer
GDS2771,8,6,GSM94028,train,cancer
GDS2771,8,6,GSM94029,train,cancer
GDS2771,8,6,GSM94030,train,cancer
GDS2771,8,6,GSM94031,train,cancer
GDS2771,8,6,GSM94032,train,cancer
GDS2771,8,6,GSM94033,train,cancer
GDS2771,8,6,GSM94034,train,cancer
GDS2771,8,6,GSM94035,train,cancer
GDS2771,8,6,GSM94036,train,cancer
GDS2771,8,6,GSM94037,train,cancer
GDS2771,8,6,GSM94038,train,cancer
GDS2771,8,6,GSM94040,train,cancer
GDS2771,8,6,GSM94041,train,cancer
GDS2771,8,6,GSM94042,train,cancer
GDS2771,8,6,GSM94043,train,cancer
GDS2771,8,6,GSM94044,train,cancer
GDS2771,8,6,GSM94045,train,cancer
GDS2771,8,6,GSM94046,train,cancer
GDS2771,8,6,GSM94047,train,cancer
GDS2771,8,6,GSM94048,train,cancer
GDS2771,8,6,GSM94049,train,cancer
GDS2771,8,6,GSM94050,train,cancer
GDS2771,8,6,GSM94051,train,cancer
GDS2771,8,6,GSM94052,train,cancer
GDS2771,8,6,GSM94053,train,cancer
GDS2771,8,6,GSM94054,train,cancer
GDS2771,8,6,GSM94056,train,cancer
GDS2771,8,6,GSM94057,train,cancer
GDS2771,8,6,GSM94058,train,cancer
GDS2771,8,6,GSM94059,train,cancer
GDS2771,8,6,GSM94060,train,cancer
GDS2771,8,6,GSM94061,train,cancer
GDS2771,8,6,GSM94064,train,cancer
GDS2771,8,6,GSM94065,train,cancer
GDS2771,8,6,GSM94066,train,cancer
GDS2771,8,6,GSM94067,train,cancer
GDS2771,8,6,GSM94068,train,cancer
GDS2771,8,6,GSM94069,train,cancer
GDS2771,8,6,GSM94070,train,cancer
GDS2771,8,6,GSM94071,train,cancer
GDS2771,8,6,GSM94072,train,cancer
GDS2771,8,6,GSM94073,train,cancer
GDS2771,8,6,GSM94074,train,cancer
GDS2771,8,6,GSM94155,train,cancer
GDS2771,8,6,GSM94156,train,cancer
GDS2771,8,6,GSM94157,train,cancer
GDS2771,8,6,GSM94160,train,cancer
GDS2771,8,6,GSM94162,train,cancer
GDS2771,8,6,GSM94163,train,cancer
GDS2771,8,6,GSM94164,train,cancer
GDS2771,8,6,GSM94165,train,cancer
GDS2771,8,6,GSM94166,train,cancer
GDS2771,8,6,GSM94167,train,cancer
GDS2771,8,6,GSM94168,train,cancer
GDS2771,8,6,GSM94169,train,cancer
GDS2771,8,6,GSM94171,train,cancer
GDS2771,8,6,GSM94172,train,cancer
GDS2771,8,6,GSM94174,train,cancer
GDS2771,8,6,GSM94175,train,cancer
GDS2771,8,6,GSM94176,train,cancer
GDS2771,8,6,GSM94177,train,cancer
GDS2771,8,6,GSM94178,train,cancer
GDS2771,8,6,GSM98767,train,cancer
GDS2771,8,6,GSM98768,train,cancer
GDS2771,8,6,GSM98769,train,cancer
GDS2771,8,6,GSM98770,train,cancer
GDS2771,8,6,GSM98771,train,cancer
GDS2771,8,6,GSM98772,train,cancer
GDS2771,8,6,GSM98773,train,cancer
GDS2771,8,6,GSM98774,train,cancer
GDS2771,8,6,GSM98775,train,cancer
GDS2771,8,6,GSM98776,train,cancer
GDS2771,8,6,GSM98777,train,cancer
GDS2771,8,6,GSM98778,train,cancer
GDS2771,8,6,GSM98779,train,cancer
GDS2771,8,6,GSM98780,train,cancer
GDS2771,8,6,GSM98781,train,cancer
GDS2771,8,6,GSM98782,train,cancer
GDS2771,8,6,GSM98784,train,cancer
GDS2771,8,6,GSM98871,train,cancer
GDS2771,8,6,GSM98872,train,cancer
GDS2771,8,6,GSM98873,train,cancer
GDS2771,8,6,GSM98874,train,cancer
GDS2771,8,6,GSM98875,train,cancer
GDS2771,8,6,GSM94078,test,no_cancer
GDS2771,8,6,GSM94081,test,no_cancer
GDS2771,8,6,GSM94087,test,no_cancer
GDS2771,8,6,GSM94099,test,no_cancer
GDS2771,8,6,GSM94120,test,no_cancer
GDS2771,8,6,GSM94125,test,no_cancer
GDS2771,8,6,GSM94134,test,no_cancer
GDS2771,8,6,GSM98788,test,no_cancer
GDS2771,8,6,GSM98792,test,no_cancer
GDS2771,8,6,GSM94024,test,cancer
GDS2771,8,6,GSM94039,test,cancer
GDS2771,8,6,GSM94055,test,cancer
GDS2771,8,6,GSM94062,test,cancer
GDS2771,8,6,GSM94063,test,cancer
GDS2771,8,6,GSM94075,test,cancer
GDS2771,8,6,GSM94161,test,cancer
GDS2771,8,6,GSM94170,test,cancer
GDS2771,8,6,GSM94173,test,cancer
GDS2771,8,6,GSM98783,test,cancer
GDS2771,8,7,GSM93997,train,no_cancer
GDS2771,8,7,GSM94077,train,no_cancer
GDS2771,8,7,GSM94078,train,no_cancer
GDS2771,8,7,GSM94079,train,no_cancer
GDS2771,8,7,GSM94080,train,no_cancer
GDS2771,8,7,GSM94081,train,no_cancer
GDS2771,8,7,GSM94082,train,no_cancer
GDS2771,8,7,GSM94084,train,no_cancer
GDS2771,8,7,GSM94085,train,no_cancer
GDS2771,8,7,GSM94086,train,no_cancer
GDS2771,8,7,GSM94087,train,no_cancer
GDS2771,8,7,GSM94088,train,no_cancer
GDS2771,8,7,GSM94089,train,no_cancer
GDS2771,8,7,GSM94090,train,no_cancer
GDS2771,8,7,GSM94091,train,no_cancer
GDS2771,8,7,GSM94092,train,no_cancer
GDS2771,8,7,GSM94093,train,no_cancer
GDS2771,8,7,GSM94094,train,no_cancer
GDS2771,8,7,GSM94095,train,no_cancer
GDS2771,8,7,GSM94097,train,no_cancer
GDS2771,8,7,GSM94098,train,no_cancer
GDS2771,8,7,GSM94099,train,no_cancer
GDS2771,8,7,GSM94101,train,no_cancer
GDS2771,8,7,GSM94102,train,no_cancer
GDS2771,8,7,GSM94105,train,no_cancer
GDS2771,8,7,GSM94106,train,no_cancer
GDS2771,8,7,GSM94107,train,no_cancer
GDS2771,8,7,GSM94108,train,no_cancer
GDS2771,8,7,GSM94109,train,no_cancer
GDS2771,8,7,GSM94110,train,no_cancer
GDS2771,8,7,GSM94112,train,no_cancer
GDS2771,8,7,GSM94113,train,no_cancer
GDS2771,8,7,GSM94114,train,no_cancer
GDS2771,8,7,GSM94115,train,no_cancer
GDS2771,8,7,GSM94116,train,no_cancer
GDS2771,8,7,GSM94117,train,no_cancer
GDS2771,8,7,GSM94119,train,no_cancer
GDS2771,8,7,GSM94120,train,no_cancer
GDS2771,8,7,GSM94121,train,no_cancer
GDS2771,8,7,GSM94122,train,no_cancer
GDS2771,8,7,GSM94123,train,no_cancer
GDS2771,8,7,GSM94124,train,no_cancer
GDS2771,8,7,GSM94125,train,no_cancer
GDS2771,8,7,GSM94126,train,no_cancer
GDS2771,8,7,GSM94127,train,no_cancer
GDS2771,8,7,GSM94128,train,no_cancer
GDS2771,8,7,GSM94130,train,no_cancer
GDS2771,8,7,GSM94131,train,no_cancer
GDS2771,8,7,GSM94132,train,no_cancer
GDS2771,8,7,GSM94133,train,no_cancer
GDS2771,8,7,GSM94134,train,no_cancer
GDS2771,8,7,GSM94135,train,no_cancer
GDS2771,8,7,GSM94136,train,no_cancer
GDS2771,8,7,GSM94137,train,no_cancer
GDS2771,8,7,GSM94138,train,no_cancer
GDS2771,8,7,GSM94139,train,no_cancer
GDS2771,8,7,GSM94140,train,no_cancer
GDS2771,8,7,GSM94141,train,no_cancer
GDS2771,8,7,GSM94142,train,no_cancer
GDS2771,8,7,GSM94143,train,no_cancer
GDS2771,8,7,GSM94144,train,no_cancer
GDS2771,8,7,GSM94145,train,no_cancer
GDS2771,8,7,GSM94146,train,no_cancer
GDS2771,8,7,GSM94147,train,no_cancer
GDS2771,8,7,GSM94148,train,no_cancer
GDS2771,8,7,GSM98785,train,no_cancer
GDS2771,8,7,GSM98786,train,no_cancer
GDS2771,8,7,GSM98788,train,no_cancer
GDS2771,8,7,GSM98789,train,no_cancer
GDS2771,8,7,GSM98790,train,no_cancer
GDS2771,8,7,GSM98791,train,no_cancer
GDS2771,8,7,GSM98792,train,no_cancer
GDS2771,8,7,GSM98793,train,no_cancer
GDS2771,8,7,GSM98794,train,no_cancer
GDS2771,8,7,GSM98795,train,no_cancer
GDS2771,8,7,GSM98796,train,no_cancer
GDS2771,8,7,GSM98797,train,no_cancer
GDS2771,8,7,GSM98798,train,no_cancer
GDS2771,8,7,GSM98799,train,no_cancer
GDS2771,8,7,GSM98800,train,no_cancer
GDS2771,8,7,GSM98801,train,no_cancer
GDS2771,8,7,GSM94019,train,cancer
GDS2771,8,7,GSM94020,train,cancer
GDS2771,8,7,GSM94021,train,cancer
GDS2771,8,7,GSM94022,train,cancer
GDS2771,8,7,GSM94024,train,cancer
GDS2771,8,7,GSM94025,train,cancer
GDS2771,8,7,GSM94026,train,cancer
GDS2771,8,7,GSM94027,train,cancer
GDS2771,8,7,GSM94028,train,cancer
GDS2771,8,7,GSM94030,train,cancer
GDS2771,8,7,GSM94031,train,cancer
GDS2771,8,7,GSM94032,train,cancer
GDS2771,8,7,GSM94033,train,cancer
GDS2771,8,7,GSM94034,train,cancer
GDS2771,8,7,GSM94036,train,cancer
GDS2771,8,7,GSM94037,train,cancer
GDS2771,8,7,GSM94038,train,cancer
GDS2771,8,7,GSM94039,train,cancer
GDS2771,8,7,GSM94040,train,cancer
GDS2771,8,7,GSM94042,train,cancer
GDS2771,8,7,GSM94043,train,cancer
GDS2771,8,7,GSM94044,train,cancer
GDS2771,8,7,GSM94045,train,cancer
GDS2771,8,7,GSM94046,train,cancer
GDS2771,8,7,GSM94047,train,cancer
GDS2771,8,7,GSM94048,train,cancer
GDS2771,8,7,GSM94049,train,cancer
GDS2771,8,7,GSM94050,train,cancer
GDS2771,8,7,GSM94051,train,cancer
GDS2771,8,7,GSM94052,train,cancer
GDS2771,8,7,GSM94053,train,cancer
GDS2771,8,7,GSM94055,train,cancer
GDS2771,8,7,GSM94056,train,cancer
GDS2771,8,7,GSM94057,train,cancer
GDS2771,8,7,GSM94058,train,cancer
GDS2771,8,7,GSM94059,train,cancer
GDS2771,8,7,GSM94060,train,cancer
GDS2771,8,7,GSM94061,train,cancer
GDS2771,8,7,GSM94062,train,cancer
GDS2771,8,7,GSM94063,train,cancer
GDS2771,8,7,GSM94064,train,cancer
GDS2771,8,7,GSM94065,train,cancer
GDS2771,8,7,GSM94066,train,cancer
GDS2771,8,7,GSM94067,train,cancer
GDS2771,8,7,GSM94068,train,cancer
GDS2771,8,7,GSM94069,train,cancer
GDS2771,8,7,GSM94070,train,cancer
GDS2771,8,7,GSM94071,train,cancer
GDS2771,8,7,GSM94072,train,cancer
GDS2771,8,7,GSM94073,train,cancer
GDS2771,8,7,GSM94074,train,cancer
GDS2771,8,7,GSM94075,train,cancer
GDS2771,8,7,GSM94155,train,cancer
GDS2771,8,7,GSM94157,train,cancer
GDS2771,8,7,GSM94160,train,cancer
GDS2771,8,7,GSM94161,train,cancer
GDS2771,8,7,GSM94162,train,cancer
GDS2771,8,7,GSM94163,train,cancer
GDS2771,8,7,GSM94164,train,cancer
GDS2771,8,7,GSM94166,train,cancer
GDS2771,8,7,GSM94167,train,cancer
GDS2771,8,7,GSM94168,train,cancer
GDS2771,8,7,GSM94169,train,cancer
GDS2771,8,7,GSM94170,train,cancer
GDS2771,8,7,GSM94171,train,cancer
GDS2771,8,7,GSM94172,train,cancer
GDS2771,8,7,GSM94173,train,cancer
GDS2771,8,7,GSM94174,train,cancer
GDS2771,8,7,GSM94175,train,cancer
GDS2771,8,7,GSM94177,train,cancer
GDS2771,8,7,GSM94178,train,cancer
GDS2771,8,7,GSM98767,train,cancer
GDS2771,8,7,GSM98768,train,cancer
GDS2771,8,7,GSM98769,train,cancer
GDS2771,8,7,GSM98770,train,cancer
GDS2771,8,7,GSM98771,train,cancer
GDS2771,8,7,GSM98772,train,cancer
GDS2771,8,7,GSM98773,train,cancer
GDS2771,8,7,GSM98775,train,cancer
GDS2771,8,7,GSM98776,train,cancer
GDS2771,8,7,GSM98777,train,cancer
GDS2771,8,7,GSM98778,train,cancer
GDS2771,8,7,GSM98779,train,cancer
GDS2771,8,7,GSM98780,train,cancer
GDS2771,8,7,GSM98781,train,cancer
GDS2771,8,7,GSM98782,train,cancer
GDS2771,8,7,GSM98783,train,cancer
GDS2771,8,7,GSM98784,train,cancer
GDS2771,8,7,GSM98871,train,cancer
GDS2771,8,7,GSM98872,train,cancer
GDS2771,8,7,GSM98873,train,cancer
GDS2771,8,7,GSM98875,train,cancer
GDS2771,8,7,GSM94083,test,no_cancer
GDS2771,8,7,GSM94096,test,no_cancer
GDS2771,8,7,GSM94100,test,no_cancer
GDS2771,8,7,GSM94103,test,no_cancer
GDS2771,8,7,GSM94104,test,no_cancer
GDS2771,8,7,GSM94111,test,no_cancer
GDS2771,8,7,GSM94118,test,no_cancer
GDS2771,8,7,GSM94129,test,no_cancer
GDS2771,8,7,GSM98787,test,no_cancer
GDS2771,8,7,GSM94023,test,cancer
GDS2771,8,7,GSM94029,test,cancer
GDS2771,8,7,GSM94035,test,cancer
GDS2771,8,7,GSM94041,test,cancer
GDS2771,8,7,GSM94054,test,cancer
GDS2771,8,7,GSM94156,test,cancer
GDS2771,8,7,GSM94165,test,cancer
GDS2771,8,7,GSM94176,test,cancer
GDS2771,8,7,GSM98774,test,cancer
GDS2771,8,7,GSM98874,test,cancer
GDS2771,8,8,GSM93997,train,no_cancer
GDS2771,8,8,GSM94077,train,no_cancer
GDS2771,8,8,GSM94078,train,no_cancer
GDS2771,8,8,GSM94079,train,no_cancer
GDS2771,8,8,GSM94080,train,no_cancer
GDS2771,8,8,GSM94081,train,no_cancer
GDS2771,8,8,GSM94082,train,no_cancer
GDS2771,8,8,GSM94083,train,no_cancer
GDS2771,8,8,GSM94084,train,no_cancer
GDS2771,8,8,GSM94085,train,no_cancer
GDS2771,8,8,GSM94086,train,no_cancer
GDS2771,8,8,GSM94087,train,no_cancer
GDS2771,8,8,GSM94088,train,no_cancer
GDS2771,8,8,GSM94089,train,no_cancer
GDS2771,8,8,GSM94090,train,no_cancer
GDS2771,8,8,GSM94091,train,no_cancer
GDS2771,8,8,GSM94092,train,no_cancer
GDS2771,8,8,GSM94093,train,no_cancer
GDS2771,8,8,GSM94094,train,no_cancer
GDS2771,8,8,GSM94095,train,no_cancer
GDS2771,8,8,GSM94096,train,no_cancer
GDS2771,8,8,GSM94097,train,no_cancer
GDS2771,8,8,GSM94098,train,no_cancer
GDS2771,8,8,GSM94099,train,no_cancer
GDS2771,8,8,GSM94100,train,no_cancer
GDS2771,8,8,GSM94101,train,no_cancer
GDS2771,8,8,GSM94102,train,no_cancer
GDS2771,8,8,GSM94103,train,no_cancer
GDS2771,8,8,GSM94104,train,no_cancer
GDS2771,8,8,GSM94105,train,no_cancer
GDS2771,8,8,GSM94107,train,no_cancer
GDS2771,8,8,GSM94108,train,no_cancer
GDS2771,8,8,GSM94109,train,no_cancer
GDS2771,8,8,GSM94110,train,no_cancer
GDS2771,8,8,GSM94111,train,no_cancer
GDS2771,8,8,GSM94112,train,no_cancer
GDS2771,8,8,GSM94113,train,no_cancer
GDS2771,8,8,GSM94114,train,no_cancer
GDS2771,8,8,GSM94115,train,no_cancer
GDS2771,8,8,GSM94116,train,no_cancer
GDS2771,8,8,GSM94117,train,no_cancer
GDS2771,8,8,GSM94118,train,no_cancer
GDS2771,8,8,GSM94120,train,no_cancer
GDS2771,8,8,GSM94122,train,no_cancer
GDS2771,8,8,GSM94123,train,no_cancer
GDS2771,8,8,GSM94125,train,no_cancer
GDS2771,8,8,GSM94126,train,no_cancer
GDS2771,8,8,GSM94127,train,no_cancer
GDS2771,8,8,GSM94128,train,no_cancer
GDS2771,8,8,GSM94129,train,no_cancer
GDS2771,8,8,GSM94130,train,no_cancer
GDS2771,8,8,GSM94131,train,no_cancer
GDS2771,8,8,GSM94134,train,no_cancer
GDS2771,8,8,GSM94135,train,no_cancer
GDS2771,8,8,GSM94136,train,no_cancer
GDS2771,8,8,GSM94137,train,no_cancer
GDS2771,8,8,GSM94138,train,no_cancer
GDS2771,8,8,GSM94139,train,no_cancer
GDS2771,8,8,GSM94140,train,no_cancer
GDS2771,8,8,GSM94141,train,no_cancer
GDS2771,8,8,GSM94142,train,no_cancer
GDS2771,8,8,GSM94144,train,no_cancer
GDS2771,8,8,GSM94146,train,no_cancer
GDS2771,8,8,GSM94147,train,no_cancer
GDS2771,8,8,GSM94148,train,no_cancer
GDS2771,8,8,GSM98785,train,no_cancer
GDS2771,8,8,GSM98786,train,no_cancer
GDS2771,8,8,GSM98787,train,no_cancer
GDS2771,8,8,GSM98788,train,no_cancer
GDS2771,8,8,GSM98789,train,no_cancer
GDS2771,8,8,GSM98790,train,no_cancer
GDS2771,8,8,GSM98791,train,no_cancer
GDS2771,8,8,GSM98792,train,no_cancer
GDS2771,8,8,GSM98793,train,no_cancer
GDS2771,8,8,GSM98794,train,no_cancer
GDS2771,8,8,GSM98795,train,no_cancer
GDS2771,8,8,GSM98796,train,no_cancer
GDS2771,8,8,GSM98797,train,no_cancer
GDS2771,8,8,GSM98798,train,no_cancer
GDS2771,8,8,GSM98799,train,no_cancer
GDS2771,8,8,GSM98800,train,no_cancer
GDS2771,8,8,GSM94019,train,cancer
GDS2771,8,8,GSM94020,train,cancer
GDS2771,8,8,GSM94021,train,cancer
GDS2771,8,8,GSM94022,train,cancer
GDS2771,8,8,GSM94023,train,cancer
GDS2771,8,8,GSM94024,train,cancer
GDS2771,8,8,GSM94025,train,cancer
GDS2771,8,8,GSM94026,train,cancer
GDS2771,8,8,GSM94028,train,cancer
GDS2771,8,8,GSM94029,train,cancer
GDS2771,8,8,GSM94030,train,cancer
GDS2771,8,8,GSM94031,train,cancer
GDS2771,8,8,GSM94032,train,cancer
GDS2771,8,8,GSM94033,train,cancer
GDS2771,8,8,GSM94034,train,cancer
GDS2771,8,8,GSM94035,train,cancer
GDS2771,8,8,GSM94036,train,cancer
GDS2771,8,8,GSM94037,train,cancer
GDS2771,8,8,GSM94038,train,cancer
GDS2771,8,8,GSM94039,train,cancer
GDS2771,8,8,GSM94040,train,cancer
GDS2771,8,8,GSM94041,train,cancer
GDS2771,8,8,GSM94042,train,cancer
GDS2771,8,8,GSM94043,train,cancer
GDS2771,8,8,GSM94044,train,cancer
GDS2771,8,8,GSM94045,train,cancer
GDS2771,8,8,GSM94046,train,cancer
GDS2771,8,8,GSM94047,train,cancer
GDS2771,8,8,GSM94048,train,cancer
GDS2771,8,8,GSM94049,train,cancer
GDS2771,8,8,GSM94050,train,cancer
GDS2771,8,8,GSM94052,train,cancer
GDS2771,8,8,GSM94054,train,cancer
GDS2771,8,8,GSM94055,train,cancer
GDS2771,8,8,GSM94056,train,cancer
GDS2771,8,8,GSM94057,train,cancer
GDS2771,8,8,GSM94058,train,cancer
GDS2771,8,8,GSM94059,train,cancer
GDS2771,8,8,GSM94061,train,cancer
GDS2771,8,8,GSM94062,train,cancer
GDS2771,8,8,GSM94063,train,cancer
GDS2771,8,8,GSM94064,train,cancer
GDS2771,8,8,GSM94065,train,cancer
GDS2771,8,8,GSM94066,train,cancer
GDS2771,8,8,GSM94067,train,cancer
GDS2771,8,8,GSM94068,train,cancer
GDS2771,8,8,GSM94069,train,cancer
GDS2771,8,8,GSM94070,train,cancer
GDS2771,8,8,GSM94071,train,cancer
GDS2771,8,8,GSM94072,train,cancer
GDS2771,8,8,GSM94073,train,cancer
GDS2771,8,8,GSM94075,train,cancer
GDS2771,8,8,GSM94155,train,cancer
GDS2771,8,8,GSM94156,train,cancer
GDS2771,8,8,GSM94157,train,cancer
GDS2771,8,8,GSM94161,train,cancer
GDS2771,8,8,GSM94162,train,cancer
GDS2771,8,8,GSM94163,train,cancer
GDS2771,8,8,GSM94164,train,cancer
GDS2771,8,8,GSM94165,train,cancer
GDS2771,8,8,GSM94166,train,cancer
GDS2771,8,8,GSM94167,train,cancer
GDS2771,8,8,GSM94169,train,cancer
GDS2771,8,8,GSM94170,train,cancer
GDS2771,8,8,GSM94171,train,cancer
GDS2771,8,8,GSM94172,train,cancer
GDS2771,8,8,GSM94173,train,cancer
GDS2771,8,8,GSM94174,train,cancer
GDS2771,8,8,GSM94176,train,cancer
GDS2771,8,8,GSM94177,train,cancer
GDS2771,8,8,GSM94178,train,cancer
GDS2771,8,8,GSM98767,train,cancer
GDS2771,8,8,GSM98768,train,cancer
GDS2771,8,8,GSM98769,train,cancer
GDS2771,8,8,GSM98770,train,cancer
GDS2771,8,8,GSM98771,train,cancer
GDS2771,8,8,GSM98772,train,cancer
GDS2771,8,8,GSM98773,train,cancer
GDS2771,8,8,GSM98774,train,cancer
GDS2771,8,8,GSM98776,train,cancer
GDS2771,8,8,GSM98777,train,cancer
GDS2771,8,8,GSM98778,train,cancer
GDS2771,8,8,GSM98779,train,cancer
GDS2771,8,8,GSM98780,train,cancer
GDS2771,8,8,GSM98781,train,cancer
GDS2771,8,8,GSM98782,train,cancer
GDS2771,8,8,GSM98783,train,cancer
GDS2771,8,8,GSM98784,train,cancer
GDS2771,8,8,GSM98871,train,cancer
GDS2771,8,8,GSM98872,train,cancer
GDS2771,8,8,GSM98874,train,cancer
GDS2771,8,8,GSM98875,train,cancer
GDS2771,8,8,GSM94106,test,no_cancer
GDS2771,8,8,GSM94119,test,no_cancer
GDS2771,8,8,GSM94121,test,no_cancer
GDS2771,8,8,GSM94124,test,no_cancer
GDS2771,8,8,GSM94132,test,no_cancer
GDS2771,8,8,GSM94133,test,no_cancer
GDS2771,8,8,GSM94143,test,no_cancer
GDS2771,8,8,GSM94145,test,no_cancer
GDS2771,8,8,GSM98801,test,no_cancer
GDS2771,8,8,GSM94027,test,cancer
GDS2771,8,8,GSM94051,test,cancer
GDS2771,8,8,GSM94053,test,cancer
GDS2771,8,8,GSM94060,test,cancer
GDS2771,8,8,GSM94074,test,cancer
GDS2771,8,8,GSM94160,test,cancer
GDS2771,8,8,GSM94168,test,cancer
GDS2771,8,8,GSM94175,test,cancer
GDS2771,8,8,GSM98775,test,cancer
GDS2771,8,8,GSM98873,test,cancer
GDS2771,8,9,GSM93997,train,no_cancer
GDS2771,8,9,GSM94077,train,no_cancer
GDS2771,8,9,GSM94078,train,no_cancer
GDS2771,8,9,GSM94080,train,no_cancer
GDS2771,8,9,GSM94081,train,no_cancer
GDS2771,8,9,GSM94083,train,no_cancer
GDS2771,8,9,GSM94084,train,no_cancer
GDS2771,8,9,GSM94085,train,no_cancer
GDS2771,8,9,GSM94086,train,no_cancer
GDS2771,8,9,GSM94087,train,no_cancer
GDS2771,8,9,GSM94088,train,no_cancer
GDS2771,8,9,GSM94089,train,no_cancer
GDS2771,8,9,GSM94090,train,no_cancer
GDS2771,8,9,GSM94091,train,no_cancer
GDS2771,8,9,GSM94092,train,no_cancer
GDS2771,8,9,GSM94094,train,no_cancer
GDS2771,8,9,GSM94095,train,no_cancer
GDS2771,8,9,GSM94096,train,no_cancer
GDS2771,8,9,GSM94097,train,no_cancer
GDS2771,8,9,GSM94098,train,no_cancer
GDS2771,8,9,GSM94099,train,no_cancer
GDS2771,8,9,GSM94100,train,no_cancer
GDS2771,8,9,GSM94102,train,no_cancer
GDS2771,8,9,GSM94103,train,no_cancer
GDS2771,8,9,GSM94104,train,no_cancer
GDS2771,8,9,GSM94105,train,no_cancer
GDS2771,8,9,GSM94106,train,no_cancer
GDS2771,8,9,GSM94107,train,no_cancer
GDS2771,8,9,GSM94108,train,no_cancer
GDS2771,8,9,GSM94109,train,no_cancer
GDS2771,8,9,GSM94110,train,no_cancer
GDS2771,8,9,GSM94111,train,no_cancer
GDS2771,8,9,GSM94112,train,no_cancer
GDS2771,8,9,GSM94115,train,no_cancer
GDS2771,8,9,GSM94116,train,no_cancer
GDS2771,8,9,GSM94117,train,no_cancer
GDS2771,8,9,GSM94118,train,no_cancer
GDS2771,8,9,GSM94119,train,no_cancer
GDS2771,8,9,GSM94120,train,no_cancer
GDS2771,8,9,GSM94121,train,no_cancer
GDS2771,8,9,GSM94122,train,no_cancer
GDS2771,8,9,GSM94123,train,no_cancer
GDS2771,8,9,GSM94124,train,no_cancer
GDS2771,8,9,GSM94125,train,no_cancer
GDS2771,8,9,GSM94126,train,no_cancer
GDS2771,8,9,GSM94127,train,no_cancer
GDS2771,8,9,GSM94128,train,no_cancer
GDS2771,8,9,GSM94129,train,no_cancer
GDS2771,8,9,GSM94130,train,no_cancer
GDS2771,8,9,GSM94131,train,no_cancer
GDS2771,8,9,GSM94132,train,no_cancer
GDS2771,8,9,GSM94133,train,no_cancer
GDS2771,8,9,GSM94134,train,no_cancer
GDS2771,8,9,GSM94135,train,no_cancer
GDS2771,8,9,GSM94136,train,no_cancer
GDS2771,8,9,GSM94137,train,no_cancer
GDS2771,8,9,GSM94138,train,no_cancer
GDS2771,8,9,GSM94140,train,no_cancer
GDS2771,8,9,GSM94141,train,no_cancer
GDS2771,8,9,GSM94142,train,no_cancer
GDS2771,8,9,GSM94143,train,no_cancer
GDS2771,8,9,GSM94145,train,no_cancer
GDS2771,8,9,GSM94147,train,no_cancer
GDS2771,8,9,GSM94148,train,no_cancer
GDS2771,8,9,GSM98785,train,no_cancer
GDS2771,8,9,GSM98786,train,no_cancer
GDS2771,8,9,GSM98787,train,no_cancer
GDS2771,8,9,GSM98788,train,no_cancer
GDS2771,8,9,GSM98789,train,no_cancer
GDS2771,8,9,GSM98790,train,no_cancer
GDS2771,8,9,GSM98791,train,no_cancer
GDS2771,8,9,GSM98792,train,no_cancer
GDS2771,8,9,GSM98793,train,no_cancer
GDS2771,8,9,GSM98794,train,no_cancer
GDS2771,8,9,GSM98795,train,no_cancer
GDS2771,8,9,GSM98796,train,no_cancer
GDS2771,8,9,GSM98797,train,no_cancer
GDS2771,8,9,GSM98798,train,no_cancer
GDS2771,8,9,GSM98799,train,no_cancer
GDS2771,8,9,GSM98800,train,no_cancer
GDS2771,8,9,GSM98801,train,no_cancer
GDS2771,8,9,GSM94019,train,cancer
GDS2771,8,9,GSM94021,train,cancer
GDS2771,8,9,GSM94023,train,cancer
GDS2771,8,9,GSM94024,train,cancer
GDS2771,8,9,GSM94026,train,cancer
GDS2771,8,9,GSM94027,train,cancer
GDS2771,8,9,GSM94028,train,cancer
GDS2771,8,9,GSM94029,train,cancer
GDS2771,8,9,GSM94031,train,cancer
GDS2771,8,9,GSM94032,train,cancer
GDS2771,8,9,GSM94033,train,cancer
GDS2771,8,9,GSM94034,train,cancer
GDS2771,8,9,GSM94035,train,cancer
GDS2771,8,9,GSM94036,train,cancer
GDS2771,8,9,GSM94037,train,cancer
GDS2771,8,9,GSM94038,train,cancer
GDS2771,8,9,GSM94039,train,cancer
GDS2771,8,9,GSM94041,train,cancer
GDS2771,8,9,GSM94042,train,cancer
GDS2771,8,9,GSM94043,train,cancer
GDS2771,8,9,GSM94044,train,cancer
GDS2771,8,9,GSM94045,train,cancer
GDS2771,8,9,GSM94046,train,cancer
GDS2771,8,9,GSM94048,train,cancer
GDS2771,8,9,GSM94049,train,cancer
GDS2771,8,9,GSM94050,train,cancer
GDS2771,8,9,GSM94051,train,cancer
GDS2771,8,9,GSM94052,train,cancer
GDS2771,8,9,GSM94053,train,cancer
GDS2771,8,9,GSM94054,train,cancer
GDS2771,8,9,GSM94055,train,cancer
GDS2771,8,9,GSM94056,train,cancer
GDS2771,8,9,GSM94057,train,cancer
GDS2771,8,9,GSM94058,train,cancer
GDS2771,8,9,GSM94059,train,cancer
GDS2771,8,9,GSM94060,train,cancer
GDS2771,8,9,GSM94061,train,cancer
GDS2771,8,9,GSM94062,train,cancer
GDS2771,8,9,GSM94063,train,cancer
GDS2771,8,9,GSM94064,train,cancer
GDS2771,8,9,GSM94065,train,cancer
GDS2771,8,9,GSM94067,train,cancer
GDS2771,8,9,GSM94068,train,cancer
GDS2771,8,9,GSM94069,train,cancer
GDS2771,8,9,GSM94070,train,cancer
GDS2771,8,9,GSM94071,train,cancer
GDS2771,8,9,GSM94072,train,cancer
GDS2771,8,9,GSM94073,train,cancer
GDS2771,8,9,GSM94074,train,cancer
GDS2771,8,9,GSM94075,train,cancer
GDS2771,8,9,GSM94155,train,cancer
GDS2771,8,9,GSM94156,train,cancer
GDS2771,8,9,GSM94160,train,cancer
GDS2771,8,9,GSM94161,train,cancer
GDS2771,8,9,GSM94162,train,cancer
GDS2771,8,9,GSM94163,train,cancer
GDS2771,8,9,GSM94165,train,cancer
GDS2771,8,9,GSM94166,train,cancer
GDS2771,8,9,GSM94167,train,cancer
GDS2771,8,9,GSM94168,train,cancer
GDS2771,8,9,GSM94169,train,cancer
GDS2771,8,9,GSM94170,train,cancer
GDS2771,8,9,GSM94171,train,cancer
GDS2771,8,9,GSM94173,train,cancer
GDS2771,8,9,GSM94174,train,cancer
GDS2771,8,9,GSM94175,train,cancer
GDS2771,8,9,GSM94176,train,cancer
GDS2771,8,9,GSM94177,train,cancer
GDS2771,8,9,GSM94178,train,cancer
GDS2771,8,9,GSM98767,train,cancer
GDS2771,8,9,GSM98768,train,cancer
GDS2771,8,9,GSM98769,train,cancer
GDS2771,8,9,GSM98770,train,cancer
GDS2771,8,9,GSM98771,train,cancer
GDS2771,8,9,GSM98772,train,cancer
GDS2771,8,9,GSM98773,train,cancer
GDS2771,8,9,GSM98774,train,cancer
GDS2771,8,9,GSM98775,train,cancer
GDS2771,8,9,GSM98776,train,cancer
GDS2771,8,9,GSM98777,train,cancer
GDS2771,8,9,GSM98778,train,cancer
GDS2771,8,9,GSM98779,train,cancer
GDS2771,8,9,GSM98780,train,cancer
GDS2771,8,9,GSM98781,train,cancer
GDS2771,8,9,GSM98782,train,cancer
GDS2771,8,9,GSM98783,train,cancer
GDS2771,8,9,GSM98784,train,cancer
GDS2771,8,9,GSM98871,train,cancer
GDS2771,8,9,GSM98872,train,cancer
GDS2771,8,9,GSM98873,train,cancer
GDS2771,8,9,GSM98874,train,cancer
GDS2771,8,9,GSM98875,train,cancer
GDS2771,8,9,GSM94079,test,no_cancer
GDS2771,8,9,GSM94082,test,no_cancer
GDS2771,8,9,GSM94093,test,no_cancer
GDS2771,8,9,GSM94101,test,no_cancer
GDS2771,8,9,GSM94113,test,no_cancer
GDS2771,8,9,GSM94114,test,no_cancer
GDS2771,8,9,GSM94139,test,no_cancer
GDS2771,8,9,GSM94144,test,no_cancer
GDS2771,8,9,GSM94146,test,no_cancer
GDS2771,8,9,GSM94020,test,cancer
GDS2771,8,9,GSM94022,test,cancer
GDS2771,8,9,GSM94025,test,cancer
GDS2771,8,9,GSM94030,test,cancer
GDS2771,8,9,GSM94040,test,cancer
GDS2771,8,9,GSM94047,test,cancer
GDS2771,8,9,GSM94066,test,cancer
GDS2771,8,9,GSM94157,test,cancer
GDS2771,8,9,GSM94164,test,cancer
GDS2771,8,9,GSM94172,test,cancer
GDS2771,8,10,GSM93997,train,no_cancer
GDS2771,8,10,GSM94077,train,no_cancer
GDS2771,8,10,GSM94078,train,no_cancer
GDS2771,8,10,GSM94079,train,no_cancer
GDS2771,8,10,GSM94080,train,no_cancer
GDS2771,8,10,GSM94081,train,no_cancer
GDS2771,8,10,GSM94082,train,no_cancer
GDS2771,8,10,GSM94083,train,no_cancer
GDS2771,8,10,GSM94084,train,no_cancer
GDS2771,8,10,GSM94085,train,no_cancer
GDS2771,8,10,GSM94086,train,no_cancer
GDS2771,8,10,GSM94087,train,no_cancer
GDS2771,8,10,GSM94088,train,no_cancer
GDS2771,8,10,GSM94089,train,no_cancer
GDS2771,8,10,GSM94090,train,no_cancer
GDS2771,8,10,GSM94091,train,no_cancer
GDS2771,8,10,GSM94093,train,no_cancer
GDS2771,8,10,GSM94094,train,no_cancer
GDS2771,8,10,GSM94095,train,no_cancer
GDS2771,8,10,GSM94096,train,no_cancer
GDS2771,8,10,GSM94097,train,no_cancer
GDS2771,8,10,GSM94098,train,no_cancer
GDS2771,8,10,GSM94099,train,no_cancer
GDS2771,8,10,GSM94100,train,no_cancer
GDS2771,8,10,GSM94101,train,no_cancer
GDS2771,8,10,GSM94102,train,no_cancer
GDS2771,8,10,GSM94103,train,no_cancer
GDS2771,8,10,GSM94104,train,no_cancer
GDS2771,8,10,GSM94105,train,no_cancer
GDS2771,8,10,GSM94106,train,no_cancer
GDS2771,8,10,GSM94108,train,no_cancer
GDS2771,8,10,GSM94109,train,no_cancer
GDS2771,8,10,GSM94110,train,no_cancer
GDS2771,8,10,GSM94111,train,no_cancer
GDS2771,8,10,GSM94113,train,no_cancer
GDS2771,8,10,GSM94114,train,no_cancer
GDS2771,8,10,GSM94116,train,no_cancer
GDS2771,8,10,GSM94117,train,no_cancer
GDS2771,8,10,GSM94118,train,no_cancer
GDS2771,8,10,GSM94119,train,no_cancer
GDS2771,8,10,GSM94120,train,no_cancer
GDS2771,8,10,GSM94121,train,no_cancer
GDS2771,8,10,GSM94122,train,no_cancer
GDS2771,8,10,GSM94123,train,no_cancer
GDS2771,8,10,GSM94124,train,no_cancer
GDS2771,8,10,GSM94125,train,no_cancer
GDS2771,8,10,GSM94126,train,no_cancer
GDS2771,8,10,GSM94127,train,no_cancer
GDS2771,8,10,GSM94128,train,no_cancer
GDS2771,8,10,GSM94129,train,no_cancer
GDS2771,8,10,GSM94130,train,no_cancer
GDS2771,8,10,GSM94131,train,no_cancer
GDS2771,8,10,GSM94132,train,no_cancer
GDS2771,8,10,GSM94133,train,no_cancer
GDS2771,8,10,GSM94134,train,no_cancer
GDS2771,8,10,GSM94136,train,no_cancer
GDS2771,8,10,GSM94137,train,no_cancer
GDS2771,8,10,GSM94139,train,no_cancer
GDS2771,8,10,GSM94140,train,no_cancer
GDS2771,8,10,GSM94141,train,no_cancer
GDS2771,8,10,GSM94143,train,no_cancer
GDS2771,8,10,GSM94144,train,no_cancer
GDS2771,8,10,GSM94145,train,no_cancer
GDS2771,8,10,GSM94146,train,no_cancer
GDS2771,8,10,GSM94147,train,no_cancer
GDS2771,8,10,GSM94148,train,no_cancer
GDS2771,8,10,GSM98785,train,no_cancer
GDS2771,8,10,GSM98786,train,no_cancer
GDS2771,8,10,GSM98787,train,no_cancer
GDS2771,8,10,GSM98788,train,no_cancer
GDS2771,8,10,GSM98789,train,no_cancer
GDS2771,8,10,GSM98790,train,no_cancer
GDS2771,8,10,GSM98791,train,no_cancer
GDS2771,8,10,GSM98792,train,no_cancer
GDS2771,8,10,GSM98794,train,no_cancer
GDS2771,8,10,GSM98795,train,no_cancer
GDS2771,8,10,GSM98796,train,no_cancer
GDS2771,8,10,GSM98797,train,no_cancer
GDS2771,8,10,GSM98798,train,no_cancer
GDS2771,8,10,GSM98800,train,no_cancer
GDS2771,8,10,GSM98801,train,no_cancer
GDS2771,8,10,GSM94019,train,cancer
GDS2771,8,10,GSM94020,train,cancer
GDS2771,8,10,GSM94022,train,cancer
GDS2771,8,10,GSM94023,train,cancer
GDS2771,8,10,GSM94024,train,cancer
GDS2771,8,10,GSM94025,train,cancer
GDS2771,8,10,GSM94026,train,cancer
GDS2771,8,10,GSM94027,train,cancer
GDS2771,8,10,GSM94028,train,cancer
GDS2771,8,10,GSM94029,train,cancer
GDS2771,8,10,GSM94030,train,cancer
GDS2771,8,10,GSM94031,train,cancer
GDS2771,8,10,GSM94032,train,cancer
GDS2771,8,10,GSM94033,train,cancer
GDS2771,8,10,GSM94035,train,cancer
GDS2771,8,10,GSM94036,train,cancer
GDS2771,8,10,GSM94037,train,cancer
GDS2771,8,10,GSM94039,train,cancer
GDS2771,8,10,GSM94040,train,cancer
GDS2771,8,10,GSM94041,train,cancer
GDS2771,8,10,GSM94043,train,cancer
GDS2771,8,10,GSM94044,train,cancer
GDS2771,8,10,GSM94045,train,cancer
GDS2771,8,10,GSM94046,train,cancer
GDS2771,8,10,GSM94047,train,cancer
GDS2771,8,10,GSM94048,train,cancer
GDS2771,8,10,GSM94049,train,cancer
GDS2771,8,10,GSM94051,train,cancer
GDS2771,8,10,GSM94052,train,cancer
GDS2771,8,10,GSM94053,train,cancer
GDS2771,8,10,GSM94054,train,cancer
GDS2771,8,10,GSM94055,train,cancer
GDS2771,8,10,GSM94056,train,cancer
GDS2771,8,10,GSM94058,train,cancer
GDS2771,8,10,GSM94059,train,cancer
GDS2771,8,10,GSM94060,train,cancer
GDS2771,8,10,GSM94061,train,cancer
GDS2771,8,10,GSM94062,train,cancer
GDS2771,8,10,GSM94063,train,cancer
GDS2771,8,10,GSM94064,train,cancer
GDS2771,8,10,GSM94066,train,cancer
GDS2771,8,10,GSM94068,train,cancer
GDS2771,8,10,GSM94069,train,cancer
GDS2771,8,10,GSM94070,train,cancer
GDS2771,8,10,GSM94071,train,cancer
GDS2771,8,10,GSM94072,train,cancer
GDS2771,8,10,GSM94073,train,cancer
GDS2771,8,10,GSM94074,train,cancer
GDS2771,8,10,GSM94075,train,cancer
GDS2771,8,10,GSM94155,train,cancer
GDS2771,8,10,GSM94156,train,cancer
GDS2771,8,10,GSM94157,train,cancer
GDS2771,8,10,GSM94160,train,cancer
GDS2771,8,10,GSM94161,train,cancer
GDS2771,8,10,GSM94162,train,cancer
GDS2771,8,10,GSM94163,train,cancer
GDS2771,8,10,GSM94164,train,cancer
GDS2771,8,10,GSM94165,train,cancer
GDS2771,8,10,GSM94167,train,cancer
GDS2771,8,10,GSM94168,train,cancer
GDS2771,8,10,GSM94169,train,cancer
GDS2771,8,10,GSM94170,train,cancer
GDS2771,8,10,GSM94171,train,cancer
GDS2771,8,10,GSM94172,train,cancer
GDS2771,8,10,GSM94173,train,cancer
GDS2771,8,10,GSM94174,train,cancer
GDS2771,8,10,GSM94175,train,cancer
GDS2771,8,10,GSM94176,train,cancer
GDS2771,8,10,GSM94177,train,cancer
GDS2771,8,10,GSM94178,train,cancer
GDS2771,8,10,GSM98767,train,cancer
GDS2771,8,10,GSM98768,train,cancer
GDS2771,8,10,GSM98769,train,cancer
GDS2771,8,10,GSM98770,train,cancer
GDS2771,8,10,GSM98771,train,cancer
GDS2771,8,10,GSM98772,train,cancer
GDS2771,8,10,GSM98773,train,cancer
GDS2771,8,10,GSM98774,train,cancer
GDS2771,8,10,GSM98775,train,cancer
GDS2771,8,10,GSM98777,train,cancer
GDS2771,8,10,GSM98778,train,cancer
GDS2771,8,10,GSM98779,train,cancer
GDS2771,8,10,GSM98780,train,cancer
GDS2771,8,10,GSM98781,train,cancer
GDS2771,8,10,GSM98782,train,cancer
GDS2771,8,10,GSM98783,train,cancer
GDS2771,8,10,GSM98784,train,cancer
GDS2771,8,10,GSM98871,train,cancer
GDS2771,8,10,GSM98872,train,cancer
GDS2771,8,10,GSM98873,train,cancer
GDS2771,8,10,GSM98874,train,cancer
GDS2771,8,10,GSM98875,train,cancer
GDS2771,8,10,GSM94092,test,no_cancer
GDS2771,8,10,GSM94107,test,no_cancer
GDS2771,8,10,GSM94112,test,no_cancer
GDS2771,8,10,GSM94115,test,no_cancer
GDS2771,8,10,GSM94135,test,no_cancer
GDS2771,8,10,GSM94138,test,no_cancer
GDS2771,8,10,GSM94142,test,no_cancer
GDS2771,8,10,GSM98793,test,no_cancer
GDS2771,8,10,GSM98799,test,no_cancer
GDS2771,8,10,GSM94021,test,cancer
GDS2771,8,10,GSM94034,test,cancer
GDS2771,8,10,GSM94038,test,cancer
GDS2771,8,10,GSM94042,test,cancer
GDS2771,8,10,GSM94050,test,cancer
GDS2771,8,10,GSM94057,test,cancer
GDS2771,8,10,GSM94065,test,cancer
GDS2771,8,10,GSM94067,test,cancer
GDS2771,8,10,GSM94166,test,cancer
GDS2771,8,10,GSM98776,test,cancer
GDS2771,9,1,GSM93997,train,no_cancer
GDS2771,9,1,GSM94077,train,no_cancer
GDS2771,9,1,GSM94079,train,no_cancer
GDS2771,9,1,GSM94080,train,no_cancer
GDS2771,9,1,GSM94081,train,no_cancer
GDS2771,9,1,GSM94082,train,no_cancer
GDS2771,9,1,GSM94083,train,no_cancer
GDS2771,9,1,GSM94085,train,no_cancer
GDS2771,9,1,GSM94086,train,no_cancer
GDS2771,9,1,GSM94087,train,no_cancer
GDS2771,9,1,GSM94088,train,no_cancer
GDS2771,9,1,GSM94089,train,no_cancer
GDS2771,9,1,GSM94090,train,no_cancer
GDS2771,9,1,GSM94091,train,no_cancer
GDS2771,9,1,GSM94092,train,no_cancer
GDS2771,9,1,GSM94093,train,no_cancer
GDS2771,9,1,GSM94094,train,no_cancer
GDS2771,9,1,GSM94095,train,no_cancer
GDS2771,9,1,GSM94097,train,no_cancer
GDS2771,9,1,GSM94098,train,no_cancer
GDS2771,9,1,GSM94099,train,no_cancer
GDS2771,9,1,GSM94100,train,no_cancer
GDS2771,9,1,GSM94101,train,no_cancer
GDS2771,9,1,GSM94102,train,no_cancer
GDS2771,9,1,GSM94104,train,no_cancer
GDS2771,9,1,GSM94105,train,no_cancer
GDS2771,9,1,GSM94106,train,no_cancer
GDS2771,9,1,GSM94107,train,no_cancer
GDS2771,9,1,GSM94108,train,no_cancer
GDS2771,9,1,GSM94109,train,no_cancer
GDS2771,9,1,GSM94110,train,no_cancer
GDS2771,9,1,GSM94111,train,no_cancer
GDS2771,9,1,GSM94112,train,no_cancer
GDS2771,9,1,GSM94113,train,no_cancer
GDS2771,9,1,GSM94114,train,no_cancer
GDS2771,9,1,GSM94115,train,no_cancer
GDS2771,9,1,GSM94116,train,no_cancer
GDS2771,9,1,GSM94117,train,no_cancer
GDS2771,9,1,GSM94118,train,no_cancer
GDS2771,9,1,GSM94119,train,no_cancer
GDS2771,9,1,GSM94120,train,no_cancer
GDS2771,9,1,GSM94121,train,no_cancer
GDS2771,9,1,GSM94122,train,no_cancer
GDS2771,9,1,GSM94123,train,no_cancer
GDS2771,9,1,GSM94124,train,no_cancer
GDS2771,9,1,GSM94125,train,no_cancer
GDS2771,9,1,GSM94126,train,no_cancer
GDS2771,9,1,GSM94127,train,no_cancer
GDS2771,9,1,GSM94128,train,no_cancer
GDS2771,9,1,GSM94129,train,no_cancer
GDS2771,9,1,GSM94130,train,no_cancer
GDS2771,9,1,GSM94131,train,no_cancer
GDS2771,9,1,GSM94132,train,no_cancer
GDS2771,9,1,GSM94133,train,no_cancer
GDS2771,9,1,GSM94134,train,no_cancer
GDS2771,9,1,GSM94135,train,no_cancer
GDS2771,9,1,GSM94136,train,no_cancer
GDS2771,9,1,GSM94138,train,no_cancer
GDS2771,9,1,GSM94139,train,no_cancer
GDS2771,9,1,GSM94140,train,no_cancer
GDS2771,9,1,GSM94141,train,no_cancer
GDS2771,9,1,GSM94143,train,no_cancer
GDS2771,9,1,GSM94144,train,no_cancer
GDS2771,9,1,GSM94145,train,no_cancer
GDS2771,9,1,GSM94146,train,no_cancer
GDS2771,9,1,GSM94147,train,no_cancer
GDS2771,9,1,GSM94148,train,no_cancer
GDS2771,9,1,GSM98785,train,no_cancer
GDS2771,9,1,GSM98786,train,no_cancer
GDS2771,9,1,GSM98787,train,no_cancer
GDS2771,9,1,GSM98788,train,no_cancer
GDS2771,9,1,GSM98789,train,no_cancer
GDS2771,9,1,GSM98790,train,no_cancer
GDS2771,9,1,GSM98791,train,no_cancer
GDS2771,9,1,GSM98792,train,no_cancer
GDS2771,9,1,GSM98793,train,no_cancer
GDS2771,9,1,GSM98794,train,no_cancer
GDS2771,9,1,GSM98795,train,no_cancer
GDS2771,9,1,GSM98797,train,no_cancer
GDS2771,9,1,GSM98799,train,no_cancer
GDS2771,9,1,GSM98800,train,no_cancer
GDS2771,9,1,GSM94019,train,cancer
GDS2771,9,1,GSM94020,train,cancer
GDS2771,9,1,GSM94021,train,cancer
GDS2771,9,1,GSM94022,train,cancer
GDS2771,9,1,GSM94023,train,cancer
GDS2771,9,1,GSM94024,train,cancer
GDS2771,9,1,GSM94025,train,cancer
GDS2771,9,1,GSM94026,train,cancer
GDS2771,9,1,GSM94027,train,cancer
GDS2771,9,1,GSM94028,train,cancer
GDS2771,9,1,GSM94030,train,cancer
GDS2771,9,1,GSM94031,train,cancer
GDS2771,9,1,GSM94032,train,cancer
GDS2771,9,1,GSM94033,train,cancer
GDS2771,9,1,GSM94034,train,cancer
GDS2771,9,1,GSM94035,train,cancer
GDS2771,9,1,GSM94036,train,cancer
GDS2771,9,1,GSM94039,train,cancer
GDS2771,9,1,GSM94040,train,cancer
GDS2771,9,1,GSM94041,train,cancer
GDS2771,9,1,GSM94042,train,cancer
GDS2771,9,1,GSM94043,train,cancer
GDS2771,9,1,GSM94044,train,cancer
GDS2771,9,1,GSM94046,train,cancer
GDS2771,9,1,GSM94047,train,cancer
GDS2771,9,1,GSM94048,train,cancer
GDS2771,9,1,GSM94049,train,cancer
GDS2771,9,1,GSM94051,train,cancer
GDS2771,9,1,GSM94052,train,cancer
GDS2771,9,1,GSM94053,train,cancer
GDS2771,9,1,GSM94054,train,cancer
GDS2771,9,1,GSM94055,train,cancer
GDS2771,9,1,GSM94056,train,cancer
GDS2771,9,1,GSM94057,train,cancer
GDS2771,9,1,GSM94059,train,cancer
GDS2771,9,1,GSM94060,train,cancer
GDS2771,9,1,GSM94062,train,cancer
GDS2771,9,1,GSM94063,train,cancer
GDS2771,9,1,GSM94064,train,cancer
GDS2771,9,1,GSM94065,train,cancer
GDS2771,9,1,GSM94066,train,cancer
GDS2771,9,1,GSM94067,train,cancer
GDS2771,9,1,GSM94068,train,cancer
GDS2771,9,1,GSM94069,train,cancer
GDS2771,9,1,GSM94070,train,cancer
GDS2771,9,1,GSM94072,train,cancer
GDS2771,9,1,GSM94073,train,cancer
GDS2771,9,1,GSM94074,train,cancer
GDS2771,9,1,GSM94075,train,cancer
GDS2771,9,1,GSM94155,train,cancer
GDS2771,9,1,GSM94156,train,cancer
GDS2771,9,1,GSM94157,train,cancer
GDS2771,9,1,GSM94160,train,cancer
GDS2771,9,1,GSM94161,train,cancer
GDS2771,9,1,GSM94163,train,cancer
GDS2771,9,1,GSM94164,train,cancer
GDS2771,9,1,GSM94165,train,cancer
GDS2771,9,1,GSM94166,train,cancer
GDS2771,9,1,GSM94167,train,cancer
GDS2771,9,1,GSM94168,train,cancer
GDS2771,9,1,GSM94169,train,cancer
GDS2771,9,1,GSM94170,train,cancer
GDS2771,9,1,GSM94172,train,cancer
GDS2771,9,1,GSM94173,train,cancer
GDS2771,9,1,GSM94174,train,cancer
GDS2771,9,1,GSM94175,train,cancer
GDS2771,9,1,GSM94176,train,cancer
GDS2771,9,1,GSM94177,train,cancer
GDS2771,9,1,GSM94178,train,cancer
GDS2771,9,1,GSM98767,train,cancer
GDS2771,9,1,GSM98768,train,cancer
GDS2771,9,1,GSM98769,train,cancer
GDS2771,9,1,GSM98770,train,cancer
GDS2771,9,1,GSM98771,train,cancer
GDS2771,9,1,GSM98772,train,cancer
GDS2771,9,1,GSM98773,train,cancer
GDS2771,9,1,GSM98774,train,cancer
GDS2771,9,1,GSM98775,train,cancer
GDS2771,9,1,GSM98776,train,cancer
GDS2771,9,1,GSM98777,train,cancer
GDS2771,9,1,GSM98779,train,cancer
GDS2771,9,1,GSM98780,train,cancer
GDS2771,9,1,GSM98781,train,cancer
GDS2771,9,1,GSM98782,train,cancer
GDS2771,9,1,GSM98783,train,cancer
GDS2771,9,1,GSM98784,train,cancer
GDS2771,9,1,GSM98871,train,cancer
GDS2771,9,1,GSM98872,train,cancer
GDS2771,9,1,GSM98873,train,cancer
GDS2771,9,1,GSM98874,train,cancer
GDS2771,9,1,GSM98875,train,cancer
GDS2771,9,1,GSM94078,test,no_cancer
GDS2771,9,1,GSM94084,test,no_cancer
GDS2771,9,1,GSM94096,test,no_cancer
GDS2771,9,1,GSM94103,test,no_cancer
GDS2771,9,1,GSM94137,test,no_cancer
GDS2771,9,1,GSM94142,test,no_cancer
GDS2771,9,1,GSM98796,test,no_cancer
GDS2771,9,1,GSM98798,test,no_cancer
GDS2771,9,1,GSM98801,test,no_cancer
GDS2771,9,1,GSM94029,test,cancer
GDS2771,9,1,GSM94037,test,cancer
GDS2771,9,1,GSM94038,test,cancer
GDS2771,9,1,GSM94045,test,cancer
GDS2771,9,1,GSM94050,test,cancer
GDS2771,9,1,GSM94058,test,cancer
GDS2771,9,1,GSM94061,test,cancer
GDS2771,9,1,GSM94071,test,cancer
GDS2771,9,1,GSM94162,test,cancer
GDS2771,9,1,GSM94171,test,cancer
GDS2771,9,1,GSM98778,test,cancer
GDS2771,9,2,GSM93997,train,no_cancer
GDS2771,9,2,GSM94077,train,no_cancer
GDS2771,9,2,GSM94078,train,no_cancer
GDS2771,9,2,GSM94079,train,no_cancer
GDS2771,9,2,GSM94080,train,no_cancer
GDS2771,9,2,GSM94081,train,no_cancer
GDS2771,9,2,GSM94082,train,no_cancer
GDS2771,9,2,GSM94083,train,no_cancer
GDS2771,9,2,GSM94084,train,no_cancer
GDS2771,9,2,GSM94086,train,no_cancer
GDS2771,9,2,GSM94088,train,no_cancer
GDS2771,9,2,GSM94089,train,no_cancer
GDS2771,9,2,GSM94090,train,no_cancer
GDS2771,9,2,GSM94091,train,no_cancer
GDS2771,9,2,GSM94092,train,no_cancer
GDS2771,9,2,GSM94094,train,no_cancer
GDS2771,9,2,GSM94095,train,no_cancer
GDS2771,9,2,GSM94096,train,no_cancer
GDS2771,9,2,GSM94097,train,no_cancer
GDS2771,9,2,GSM94098,train,no_cancer
GDS2771,9,2,GSM94099,train,no_cancer
GDS2771,9,2,GSM94100,train,no_cancer
GDS2771,9,2,GSM94101,train,no_cancer
GDS2771,9,2,GSM94102,train,no_cancer
GDS2771,9,2,GSM94103,train,no_cancer
GDS2771,9,2,GSM94105,train,no_cancer
GDS2771,9,2,GSM94106,train,no_cancer
GDS2771,9,2,GSM94108,train,no_cancer
GDS2771,9,2,GSM94109,train,no_cancer
GDS2771,9,2,GSM94111,train,no_cancer
GDS2771,9,2,GSM94112,train,no_cancer
GDS2771,9,2,GSM94113,train,no_cancer
GDS2771,9,2,GSM94114,train,no_cancer
GDS2771,9,2,GSM94115,train,no_cancer
GDS2771,9,2,GSM94116,train,no_cancer
GDS2771,9,2,GSM94117,train,no_cancer
GDS2771,9,2,GSM94118,train,no_cancer
GDS2771,9,2,GSM94119,train,no_cancer
GDS2771,9,2,GSM94120,train,no_cancer
GDS2771,9,2,GSM94121,train,no_cancer
GDS2771,9,2,GSM94122,train,no_cancer
GDS2771,9,2,GSM94123,train,no_cancer
GDS2771,9,2,GSM94124,train,no_cancer
GDS2771,9,2,GSM94125,train,no_cancer
GDS2771,9,2,GSM94126,train,no_cancer
GDS2771,9,2,GSM94127,train,no_cancer
GDS2771,9,2,GSM94128,train,no_cancer
GDS2771,9,2,GSM94129,train,no_cancer
GDS2771,9,2,GSM94130,train,no_cancer
GDS2771,9,2,GSM94131,train,no_cancer
GDS2771,9,2,GSM94132,train,no_cancer
GDS2771,9,2,GSM94133,train,no_cancer
GDS2771,9,2,GSM94134,train,no_cancer
GDS2771,9,2,GSM94135,train,no_cancer
GDS2771,9,2,GSM94136,train,no_cancer
GDS2771,9,2,GSM94137,train,no_cancer
GDS2771,9,2,GSM94138,train,no_cancer
GDS2771,9,2,GSM94139,train,no_cancer
GDS2771,9,2,GSM94140,train,no_cancer
GDS2771,9,2,GSM94141,train,no_cancer
GDS2771,9,2,GSM94142,train,no_cancer
GDS2771,9,2,GSM94143,train,no_cancer
GDS2771,9,2,GSM94144,train,no_cancer
GDS2771,9,2,GSM94145,train,no_cancer
GDS2771,9,2,GSM94146,train,no_cancer
GDS2771,9,2,GSM94147,train,no_cancer
GDS2771,9,2,GSM94148,train,no_cancer
GDS2771,9,2,GSM98785,train,no_cancer
GDS2771,9,2,GSM98786,train,no_cancer
GDS2771,9,2,GSM98787,train,no_cancer
GDS2771,9,2,GSM98789,train,no_cancer
GDS2771,9,2,GSM98791,train,no_cancer
GDS2771,9,2,GSM98792,train,no_cancer
GDS2771,9,2,GSM98793,train,no_cancer
GDS2771,9,2,GSM98794,train,no_cancer
GDS2771,9,2,GSM98795,train,no_cancer
GDS2771,9,2,GSM98796,train,no_cancer
GDS2771,9,2,GSM98798,train,no_cancer
GDS2771,9,2,GSM98799,train,no_cancer
GDS2771,9,2,GSM98800,train,no_cancer
GDS2771,9,2,GSM98801,train,no_cancer
GDS2771,9,2,GSM94019,train,cancer
GDS2771,9,2,GSM94020,train,cancer
GDS2771,9,2,GSM94021,train,cancer
GDS2771,9,2,GSM94022,train,cancer
GDS2771,9,2,GSM94023,train,cancer
GDS2771,9,2,GSM94025,train,cancer
GDS2771,9,2,GSM94026,train,cancer
GDS2771,9,2,GSM94027,train,cancer
GDS2771,9,2,GSM94029,train,cancer
GDS2771,9,2,GSM94030,train,cancer
GDS2771,9,2,GSM94031,train,cancer
GDS2771,9,2,GSM94032,train,cancer
GDS2771,9,2,GSM94033,train,cancer
GDS2771,9,2,GSM94034,train,cancer
GDS2771,9,2,GSM94035,train,cancer
GDS2771,9,2,GSM94037,train,cancer
GDS2771,9,2,GSM94038,train,cancer
GDS2771,9,2,GSM94039,train,cancer
GDS2771,9,2,GSM94040,train,cancer
GDS2771,9,2,GSM94041,train,cancer
GDS2771,9,2,GSM94042,train,cancer
GDS2771,9,2,GSM94043,train,cancer
GDS2771,9,2,GSM94044,train,cancer
GDS2771,9,2,GSM94045,train,cancer
GDS2771,9,2,GSM94046,train,cancer
GDS2771,9,2,GSM94047,train,cancer
GDS2771,9,2,GSM94048,train,cancer
GDS2771,9,2,GSM94049,train,cancer
GDS2771,9,2,GSM94050,train,cancer
GDS2771,9,2,GSM94052,train,cancer
GDS2771,9,2,GSM94053,train,cancer
GDS2771,9,2,GSM94054,train,cancer
GDS2771,9,2,GSM94055,train,cancer
GDS2771,9,2,GSM94056,train,cancer
GDS2771,9,2,GSM94057,train,cancer
GDS2771,9,2,GSM94058,train,cancer
GDS2771,9,2,GSM94059,train,cancer
GDS2771,9,2,GSM94060,train,cancer
GDS2771,9,2,GSM94061,train,cancer
GDS2771,9,2,GSM94062,train,cancer
GDS2771,9,2,GSM94063,train,cancer
GDS2771,9,2,GSM94064,train,cancer
GDS2771,9,2,GSM94065,train,cancer
GDS2771,9,2,GSM94066,train,cancer
GDS2771,9,2,GSM94067,train,cancer
GDS2771,9,2,GSM94068,train,cancer
GDS2771,9,2,GSM94069,train,cancer
GDS2771,9,2,GSM94070,train,cancer
GDS2771,9,2,GSM94071,train,cancer
GDS2771,9,2,GSM94072,train,cancer
GDS2771,9,2,GSM94073,train,cancer
GDS2771,9,2,GSM94075,train,cancer
GDS2771,9,2,GSM94155,train,cancer
GDS2771,9,2,GSM94156,train,cancer
GDS2771,9,2,GSM94160,train,cancer
GDS2771,9,2,GSM94162,train,cancer
GDS2771,9,2,GSM94163,train,cancer
GDS2771,9,2,GSM94164,train,cancer
GDS2771,9,2,GSM94165,train,cancer
GDS2771,9,2,GSM94166,train,cancer
GDS2771,9,2,GSM94167,train,cancer
GDS2771,9,2,GSM94168,train,cancer
GDS2771,9,2,GSM94169,train,cancer
GDS2771,9,2,GSM94170,train,cancer
GDS2771,9,2,GSM94171,train,cancer
GDS2771,9,2,GSM94172,train,cancer
GDS2771,9,2,GSM94175,train,cancer
GDS2771,9,2,GSM94177,train,cancer
GDS2771,9,2,GSM94178,train,cancer
GDS2771,9,2,GSM98767,train,cancer
GDS2771,9,2,GSM98768,train,cancer
GDS2771,9,2,GSM98770,train,cancer
GDS2771,9,2,GSM98771,train,cancer
GDS2771,9,2,GSM98772,train,cancer
GDS2771,9,2,GSM98773,train,cancer
GDS2771,9,2,GSM98774,train,cancer
GDS2771,9,2,GSM98775,train,cancer
GDS2771,9,2,GSM98776,train,cancer
GDS2771,9,2,GSM98777,train,cancer
GDS2771,9,2,GSM98778,train,cancer
GDS2771,9,2,GSM98779,train,cancer
GDS2771,9,2,GSM98780,train,cancer
GDS2771,9,2,GSM98781,train,cancer
GDS2771,9,2,GSM98782,train,cancer
GDS2771,9,2,GSM98783,train,cancer
GDS2771,9,2,GSM98784,train,cancer
GDS2771,9,2,GSM98871,train,cancer
GDS2771,9,2,GSM98872,train,cancer
GDS2771,9,2,GSM98873,train,cancer
GDS2771,9,2,GSM98874,train,cancer
GDS2771,9,2,GSM98875,train,cancer
GDS2771,9,2,GSM94085,test,no_cancer
GDS2771,9,2,GSM94087,test,no_cancer
GDS2771,9,2,GSM94093,test,no_cancer
GDS2771,9,2,GSM94104,test,no_cancer
GDS2771,9,2,GSM94107,test,no_cancer
GDS2771,9,2,GSM94110,test,no_cancer
GDS2771,9,2,GSM98788,test,no_cancer
GDS2771,9,2,GSM98790,test,no_cancer
GDS2771,9,2,GSM98797,test,no_cancer
GDS2771,9,2,GSM94024,test,cancer
GDS2771,9,2,GSM94028,test,cancer
GDS2771,9,2,GSM94036,test,cancer
GDS2771,9,2,GSM94051,test,cancer
GDS2771,9,2,GSM94074,test,cancer
GDS2771,9,2,GSM94157,test,cancer
GDS2771,9,2,GSM94161,test,cancer
GDS2771,9,2,GSM94173,test,cancer
GDS2771,9,2,GSM94174,test,cancer
GDS2771,9,2,GSM94176,test,cancer
GDS2771,9,2,GSM98769,test,cancer
GDS2771,9,3,GSM93997,train,no_cancer
GDS2771,9,3,GSM94078,train,no_cancer
GDS2771,9,3,GSM94079,train,no_cancer
GDS2771,9,3,GSM94081,train,no_cancer
GDS2771,9,3,GSM94082,train,no_cancer
GDS2771,9,3,GSM94083,train,no_cancer
GDS2771,9,3,GSM94084,train,no_cancer
GDS2771,9,3,GSM94085,train,no_cancer
GDS2771,9,3,GSM94086,train,no_cancer
GDS2771,9,3,GSM94087,train,no_cancer
GDS2771,9,3,GSM94088,train,no_cancer
GDS2771,9,3,GSM94089,train,no_cancer
GDS2771,9,3,GSM94090,train,no_cancer
GDS2771,9,3,GSM94091,train,no_cancer
GDS2771,9,3,GSM94092,train,no_cancer
GDS2771,9,3,GSM94093,train,no_cancer
GDS2771,9,3,GSM94094,train,no_cancer
GDS2771,9,3,GSM94095,train,no_cancer
GDS2771,9,3,GSM94096,train,no_cancer
GDS2771,9,3,GSM94097,train,no_cancer
GDS2771,9,3,GSM94098,train,no_cancer
GDS2771,9,3,GSM94099,train,no_cancer
GDS2771,9,3,GSM94100,train,no_cancer
GDS2771,9,3,GSM94101,train,no_cancer
GDS2771,9,3,GSM94103,train,no_cancer
GDS2771,9,3,GSM94104,train,no_cancer
GDS2771,9,3,GSM94105,train,no_cancer
GDS2771,9,3,GSM94106,train,no_cancer
GDS2771,9,3,GSM94107,train,no_cancer
GDS2771,9,3,GSM94108,train,no_cancer
GDS2771,9,3,GSM94109,train,no_cancer
GDS2771,9,3,GSM94110,train,no_cancer
GDS2771,9,3,GSM94111,train,no_cancer
GDS2771,9,3,GSM94112,train,no_cancer
GDS2771,9,3,GSM94113,train,no_cancer
GDS2771,9,3,GSM94114,train,no_cancer
GDS2771,9,3,GSM94115,train,no_cancer
GDS2771,9,3,GSM94116,train,no_cancer
GDS2771,9,3,GSM94117,train,no_cancer
GDS2771,9,3,GSM94118,train,no_cancer
GDS2771,9,3,GSM94120,train,no_cancer
GDS2771,9,3,GSM94121,train,no_cancer
GDS2771,9,3,GSM94123,train,no_cancer
GDS2771,9,3,GSM94124,train,no_cancer
GDS2771,9,3,GSM94125,train,no_cancer
GDS2771,9,3,GSM94126,train,no_cancer
GDS2771,9,3,GSM94127,train,no_cancer
GDS2771,9,3,GSM94128,train,no_cancer
GDS2771,9,3,GSM94129,train,no_cancer
GDS2771,9,3,GSM94130,train,no_cancer
GDS2771,9,3,GSM94131,train,no_cancer
GDS2771,9,3,GSM94132,train,no_cancer
GDS2771,9,3,GSM94133,train,no_cancer
GDS2771,9,3,GSM94134,train,no_cancer
GDS2771,9,3,GSM94135,train,no_cancer
GDS2771,9,3,GSM94136,train,no_cancer
GDS2771,9,3,GSM94137,train,no_cancer
GDS2771,9,3,GSM94138,train,no_cancer
GDS2771,9,3,GSM94139,train,no_cancer
GDS2771,9,3,GSM94140,train,no_cancer
GDS2771,9,3,GSM94141,train,no_cancer
GDS2771,9,3,GSM94142,train,no_cancer
GDS2771,9,3,GSM94144,train,no_cancer
GDS2771,9,3,GSM94145,train,no_cancer
GDS2771,9,3,GSM94147,train,no_cancer
GDS2771,9,3,GSM94148,train,no_cancer
GDS2771,9,3,GSM98785,train,no_cancer
GDS2771,9,3,GSM98787,train,no_cancer
GDS2771,9,3,GSM98788,train,no_cancer
GDS2771,9,3,GSM98790,train,no_cancer
GDS2771,9,3,GSM98791,train,no_cancer
GDS2771,9,3,GSM98792,train,no_cancer
GDS2771,9,3,GSM98793,train,no_cancer
GDS2771,9,3,GSM98794,train,no_cancer
GDS2771,9,3,GSM98795,train,no_cancer
GDS2771,9,3,GSM98796,train,no_cancer
GDS2771,9,3,GSM98797,train,no_cancer
GDS2771,9,3,GSM98798,train,no_cancer
GDS2771,9,3,GSM98799,train,no_cancer
GDS2771,9,3,GSM98800,train,no_cancer
GDS2771,9,3,GSM98801,train,no_cancer
GDS2771,9,3,GSM94019,train,cancer
GDS2771,9,3,GSM94020,train,cancer
GDS2771,9,3,GSM94021,train,cancer
GDS2771,9,3,GSM94022,train,cancer
GDS2771,9,3,GSM94023,train,cancer
GDS2771,9,3,GSM94024,train,cancer
GDS2771,9,3,GSM94025,train,cancer
GDS2771,9,3,GSM94027,train,cancer
GDS2771,9,3,GSM94028,train,cancer
GDS2771,9,3,GSM94029,train,cancer
GDS2771,9,3,GSM94030,train,cancer
GDS2771,9,3,GSM94031,train,cancer
GDS2771,9,3,GSM94032,train,cancer
GDS2771,9,3,GSM94033,train,cancer
GDS2771,9,3,GSM94034,train,cancer
GDS2771,9,3,GSM94036,train,cancer
GDS2771,9,3,GSM94037,train,cancer
GDS2771,9,3,GSM94038,train,cancer
GDS2771,9,3,GSM94039,train,cancer
GDS2771,9,3,GSM94040,train,cancer
GDS2771,9,3,GSM94041,train,cancer
GDS2771,9,3,GSM94042,train,cancer
GDS2771,9,3,GSM94043,train,cancer
GDS2771,9,3,GSM94044,train,cancer
GDS2771,9,3,GSM94045,train,cancer
GDS2771,9,3,GSM94046,train,cancer
GDS2771,9,3,GSM94047,train,cancer
GDS2771,9,3,GSM94048,train,cancer
GDS2771,9,3,GSM94050,train,cancer
GDS2771,9,3,GSM94051,train,cancer
GDS2771,9,3,GSM94052,train,cancer
GDS2771,9,3,GSM94053,train,cancer
GDS2771,9,3,GSM94056,train,cancer
GDS2771,9,3,GSM94057,train,cancer
GDS2771,9,3,GSM94058,train,cancer
GDS2771,9,3,GSM94059,train,cancer
GDS2771,9,3,GSM94060,train,cancer
GDS2771,9,3,GSM94061,train,cancer
GDS2771,9,3,GSM94062,train,cancer
GDS2771,9,3,GSM94063,train,cancer
GDS2771,9,3,GSM94064,train,cancer
GDS2771,9,3,GSM94066,train,cancer
GDS2771,9,3,GSM94067,train,cancer
GDS2771,9,3,GSM94068,train,cancer
GDS2771,9,3,GSM94069,train,cancer
GDS2771,9,3,GSM94070,train,cancer
GDS2771,9,3,GSM94071,train,cancer
GDS2771,9,3,GSM94072,train,cancer
GDS2771,9,3,GSM94073,train,cancer
GDS2771,9,3,GSM94074,train,cancer
GDS2771,9,3,GSM94075,train,cancer
GDS2771,9,3,GSM94155,train,cancer
GDS2771,9,3,GSM94156,train,cancer
GDS2771,9,3,GSM94157,train,cancer
GDS2771,9,3,GSM94160,train,cancer
GDS2771,9,3,GSM94161,train,cancer
GDS2771,9,3,GSM94162,train,cancer
GDS2771,9,3,GSM94163,train,cancer
GDS2771,9,3,GSM94164,train,cancer
GDS2771,9,3,GSM94165,train,cancer
GDS2771,9,3,GSM94166,train,cancer
GDS2771,9,3,GSM94167,train,cancer
GDS2771,9,3,GSM94168,train,cancer
GDS2771,9,3,GSM94170,train,cancer
GDS2771,9,3,GSM94171,train,cancer
GDS2771,9,3,GSM94172,train,cancer
GDS2771,9,3,GSM94173,train,cancer
GDS2771,9,3,GSM94174,train,cancer
GDS2771,9,3,GSM94176,train,cancer
GDS2771,9,3,GSM94178,train,cancer
GDS2771,9,3,GSM98767,train,cancer
GDS2771,9,3,GSM98768,train,cancer
GDS2771,9,3,GSM98769,train,cancer
GDS2771,9,3,GSM98770,train,cancer
GDS2771,9,3,GSM98771,train,cancer
GDS2771,9,3,GSM98772,train,cancer
GDS2771,9,3,GSM98773,train,cancer
GDS2771,9,3,GSM98774,train,cancer
GDS2771,9,3,GSM98775,train,cancer
GDS2771,9,3,GSM98776,train,cancer
GDS2771,9,3,GSM98777,train,cancer
GDS2771,9,3,GSM98778,train,cancer
GDS2771,9,3,GSM98779,train,cancer
GDS2771,9,3,GSM98780,train,cancer
GDS2771,9,3,GSM98781,train,cancer
GDS2771,9,3,GSM98782,train,cancer
GDS2771,9,3,GSM98783,train,cancer
GDS2771,9,3,GSM98871,train,cancer
GDS2771,9,3,GSM98872,train,cancer
GDS2771,9,3,GSM98873,train,cancer
GDS2771,9,3,GSM98874,train,cancer
GDS2771,9,3,GSM98875,train,cancer
GDS2771,9,3,GSM94077,test,no_cancer
GDS2771,9,3,GSM94080,test,no_cancer
GDS2771,9,3,GSM94102,test,no_cancer
GDS2771,9,3,GSM94119,test,no_cancer
GDS2771,9,3,GSM94122,test,no_cancer
GDS2771,9,3,GSM94143,test,no_cancer
GDS2771,9,3,GSM94146,test,no_cancer
GDS2771,9,3,GSM98786,test,no_cancer
GDS2771,9,3,GSM98789,test,no_cancer
GDS2771,9,3,GSM94026,test,cancer
GDS2771,9,3,GSM94035,test,cancer
GDS2771,9,3,GSM94049,test,cancer
GDS2771,9,3,GSM94054,test,cancer
GDS2771,9,3,GSM94055,test,cancer
GDS2771,9,3,GSM94065,test,cancer
GDS2771,9,3,GSM94169,test,cancer
GDS2771,9,3,GSM94175,test,cancer
GDS2771,9,3,GSM94177,test,cancer
GDS2771,9,3,GSM98784,test,cancer
GDS2771,9,4,GSM93997,train,no_cancer
GDS2771,9,4,GSM94077,train,no_cancer
GDS2771,9,4,GSM94078,train,no_cancer
GDS2771,9,4,GSM94079,train,no_cancer
GDS2771,9,4,GSM94080,train,no_cancer
GDS2771,9,4,GSM94081,train,no_cancer
GDS2771,9,4,GSM94082,train,no_cancer
GDS2771,9,4,GSM94083,train,no_cancer
GDS2771,9,4,GSM94084,train,no_cancer
GDS2771,9,4,GSM94085,train,no_cancer
GDS2771,9,4,GSM94086,train,no_cancer
GDS2771,9,4,GSM94087,train,no_cancer
GDS2771,9,4,GSM94088,train,no_cancer
GDS2771,9,4,GSM94089,train,no_cancer
GDS2771,9,4,GSM94090,train,no_cancer
GDS2771,9,4,GSM94091,train,no_cancer
GDS2771,9,4,GSM94092,train,no_cancer
GDS2771,9,4,GSM94093,train,no_cancer
GDS2771,9,4,GSM94094,train,no_cancer
GDS2771,9,4,GSM94095,train,no_cancer
GDS2771,9,4,GSM94096,train,no_cancer
GDS2771,9,4,GSM94097,train,no_cancer
GDS2771,9,4,GSM94098,train,no_cancer
GDS2771,9,4,GSM94099,train,no_cancer
GDS2771,9,4,GSM94101,train,no_cancer
GDS2771,9,4,GSM94102,train,no_cancer
GDS2771,9,4,GSM94103,train,no_cancer
GDS2771,9,4,GSM94104,train,no_cancer
GDS2771,9,4,GSM94105,train,no_cancer
GDS2771,9,4,GSM94106,train,no_cancer
GDS2771,9,4,GSM94107,train,no_cancer
GDS2771,9,4,GSM94108,train,no_cancer
GDS2771,9,4,GSM94109,train,no_cancer
GDS2771,9,4,GSM94110,train,no_cancer
GDS2771,9,4,GSM94111,train,no_cancer
GDS2771,9,4,GSM94112,train,no_cancer
GDS2771,9,4,GSM94113,train,no_cancer
GDS2771,9,4,GSM94114,train,no_cancer
GDS2771,9,4,GSM94115,train,no_cancer
GDS2771,9,4,GSM94116,train,no_cancer
GDS2771,9,4,GSM94117,train,no_cancer
GDS2771,9,4,GSM94119,train,no_cancer
GDS2771,9,4,GSM94121,train,no_cancer
GDS2771,9,4,GSM94122,train,no_cancer
GDS2771,9,4,GSM94123,train,no_cancer
GDS2771,9,4,GSM94125,train,no_cancer
GDS2771,9,4,GSM94126,train,no_cancer
GDS2771,9,4,GSM94127,train,no_cancer
GDS2771,9,4,GSM94128,train,no_cancer
GDS2771,9,4,GSM94129,train,no_cancer
GDS2771,9,4,GSM94130,train,no_cancer
GDS2771,9,4,GSM94131,train,no_cancer
GDS2771,9,4,GSM94132,train,no_cancer
GDS2771,9,4,GSM94133,train,no_cancer
GDS2771,9,4,GSM94135,train,no_cancer
GDS2771,9,4,GSM94136,train,no_cancer
GDS2771,9,4,GSM94137,train,no_cancer
GDS2771,9,4,GSM94138,train,no_cancer
GDS2771,9,4,GSM94139,train,no_cancer
GDS2771,9,4,GSM94140,train,no_cancer
GDS2771,9,4,GSM94141,train,no_cancer
GDS2771,9,4,GSM94142,train,no_cancer
GDS2771,9,4,GSM94143,train,no_cancer
GDS2771,9,4,GSM94144,train,no_cancer
GDS2771,9,4,GSM94146,train,no_cancer
GDS2771,9,4,GSM94147,train,no_cancer
GDS2771,9,4,GSM98785,train,no_cancer
GDS2771,9,4,GSM98786,train,no_cancer
GDS2771,9,4,GSM98787,train,no_cancer
GDS2771,9,4,GSM98788,train,no_cancer
GDS2771,9,4,GSM98789,train,no_cancer
GDS2771,9,4,GSM98790,train,no_cancer
GDS2771,9,4,GSM98791,train,no_cancer
GDS2771,9,4,GSM98792,train,no_cancer
GDS2771,9,4,GSM98793,train,no_cancer
GDS2771,9,4,GSM98794,train,no_cancer
GDS2771,9,4,GSM98796,train,no_cancer
GDS2771,9,4,GSM98797,train,no_cancer
GDS2771,9,4,GSM98798,train,no_cancer
GDS2771,9,4,GSM98800,train,no_cancer
GDS2771,9,4,GSM98801,train,no_cancer
GDS2771,9,4,GSM94019,train,cancer
GDS2771,9,4,GSM94020,train,cancer
GDS2771,9,4,GSM94021,train,cancer
GDS2771,9,4,GSM94022,train,cancer
GDS2771,9,4,GSM94023,train,cancer
GDS2771,9,4,GSM94024,train,cancer
GDS2771,9,4,GSM94025,train,cancer
GDS2771,9,4,GSM94026,train,cancer
GDS2771,9,4,GSM94027,train,cancer
GDS2771,9,4,GSM94028,train,cancer
GDS2771,9,4,GSM94029,train,cancer
GDS2771,9,4,GSM94030,train,cancer
GDS2771,9,4,GSM94032,train,cancer
GDS2771,9,4,GSM94033,train,cancer
GDS2771,9,4,GSM94034,train,cancer
GDS2771,9,4,GSM94035,train,cancer
GDS2771,9,4,GSM94036,train,cancer
GDS2771,9,4,GSM94037,train,cancer
GDS2771,9,4,GSM94038,train,cancer
GDS2771,9,4,GSM94039,train,cancer
GDS2771,9,4,GSM94040,train,cancer
GDS2771,9,4,GSM94041,train,cancer
GDS2771,9,4,GSM94042,train,cancer
GDS2771,9,4,GSM94043,train,cancer
GDS2771,9,4,GSM94044,train,cancer
GDS2771,9,4,GSM94045,train,cancer
GDS2771,9,4,GSM94047,train,cancer
GDS2771,9,4,GSM94048,train,cancer
GDS2771,9,4,GSM94049,train,cancer
GDS2771,9,4,GSM94050,train,cancer
GDS2771,9,4,GSM94051,train,cancer
GDS2771,9,4,GSM94052,train,cancer
GDS2771,9,4,GSM94053,train,cancer
GDS2771,9,4,GSM94054,train,cancer
GDS2771,9,4,GSM94055,train,cancer
GDS2771,9,4,GSM94056,train,cancer
GDS2771,9,4,GSM94058,train,cancer
GDS2771,9,4,GSM94059,train,cancer
GDS2771,9,4,GSM94060,train,cancer
GDS2771,9,4,GSM94061,train,cancer
GDS2771,9,4,GSM94062,train,cancer
GDS2771,9,4,GSM94063,train,cancer
GDS2771,9,4,GSM94064,train,cancer
GDS2771,9,4,GSM94065,train,cancer
GDS2771,9,4,GSM94066,train,cancer
GDS2771,9,4,GSM94067,train,cancer
GDS2771,9,4,GSM94068,train,cancer
GDS2771,9,4,GSM94069,train,cancer
GDS2771,9,4,GSM94070,train,cancer
GDS2771,9,4,GSM94071,train,cancer
GDS2771,9,4,GSM94072,train,cancer
GDS2771,9,4,GSM94073,train,cancer
GDS2771,9,4,GSM94074,train,cancer
GDS2771,9,4,GSM94075,train,cancer
GDS2771,9,4,GSM94155,train,cancer
GDS2771,9,4,GSM94157,train,cancer
GDS2771,9,4,GSM94160,train,cancer
GDS2771,9,4,GSM94161,train,cancer
GDS2771,9,4,GSM94162,train,cancer
GDS2771,9,4,GSM94163,train,cancer
GDS2771,9,4,GSM94164,train,cancer
GDS2771,9,4,GSM94165,train,cancer
GDS2771,9,4,GSM94166,train,cancer
GDS2771,9,4,GSM94167,train,cancer
GDS2771,9,4,GSM94168,train,cancer
GDS2771,9,4,GSM94169,train,cancer
GDS2771,9,4,GSM94171,train,cancer
GDS2771,9,4,GSM94172,train,cancer
GDS2771,9,4,GSM94173,train,cancer
GDS2771,9,4,GSM94174,train,cancer
GDS2771,9,4,GSM94175,train,cancer
GDS2771,9,4,GSM94176,train,cancer
GDS2771,9,4,GSM94177,train,cancer
GDS2771,9,4,GSM94178,train,cancer
GDS2771,9,4,GSM98767,train,cancer
GDS2771,9,4,GSM98768,train,cancer
GDS2771,9,4,GSM98769,train,cancer
GDS2771,9,4,GSM98770,train,cancer
GDS2771,9,4,GSM98771,train,cancer
GDS2771,9,4,GSM98772,train,cancer
GDS2771,9,4,GSM98774,train,cancer
GDS2771,9,4,GSM98775,train,cancer
GDS2771,9,4,GSM98778,train,cancer
GDS2771,9,4,GSM98779,train,cancer
GDS2771,9,4,GSM98781,train,cancer
GDS2771,9,4,GSM98782,train,cancer
GDS2771,9,4,GSM98784,train,cancer
GDS2771,9,4,GSM98871,train,cancer
GDS2771,9,4,GSM98872,train,cancer
GDS2771,9,4,GSM98873,train,cancer
GDS2771,9,4,GSM98874,train,cancer
GDS2771,9,4,GSM98875,train,cancer
GDS2771,9,4,GSM94100,test,no_cancer
GDS2771,9,4,GSM94118,test,no_cancer
GDS2771,9,4,GSM94120,test,no_cancer
GDS2771,9,4,GSM94124,test,no_cancer
GDS2771,9,4,GSM94134,test,no_cancer
GDS2771,9,4,GSM94145,test,no_cancer
GDS2771,9,4,GSM94148,test,no_cancer
GDS2771,9,4,GSM98795,test,no_cancer
GDS2771,9,4,GSM98799,test,no_cancer
GDS2771,9,4,GSM94031,test,cancer
GDS2771,9,4,GSM94046,test,cancer
GDS2771,9,4,GSM94057,test,cancer
GDS2771,9,4,GSM94156,test,cancer
GDS2771,9,4,GSM94170,test,cancer
GDS2771,9,4,GSM98773,test,cancer
GDS2771,9,4,GSM98776,test,cancer
GDS2771,9,4,GSM98777,test,cancer
GDS2771,9,4,GSM98780,test,cancer
GDS2771,9,4,GSM98783,test,cancer
GDS2771,9,5,GSM93997,train,no_cancer
GDS2771,9,5,GSM94077,train,no_cancer
GDS2771,9,5,GSM94078,train,no_cancer
GDS2771,9,5,GSM94079,train,no_cancer
GDS2771,9,5,GSM94080,train,no_cancer
GDS2771,9,5,GSM94083,train,no_cancer
GDS2771,9,5,GSM94084,train,no_cancer
GDS2771,9,5,GSM94085,train,no_cancer
GDS2771,9,5,GSM94086,train,no_cancer
GDS2771,9,5,GSM94087,train,no_cancer
GDS2771,9,5,GSM94088,train,no_cancer
GDS2771,9,5,GSM94089,train,no_cancer
GDS2771,9,5,GSM94090,train,no_cancer
GDS2771,9,5,GSM94091,train,no_cancer
GDS2771,9,5,GSM94092,train,no_cancer
GDS2771,9,5,GSM94093,train,no_cancer
GDS2771,9,5,GSM94094,train,no_cancer
GDS2771,9,5,GSM94096,train,no_cancer
GDS2771,9,5,GSM94097,train,no_cancer
GDS2771,9,5,GSM94098,train,no_cancer
GDS2771,9,5,GSM94100,train,no_cancer
GDS2771,9,5,GSM94101,train,no_cancer
GDS2771,9,5,GSM94102,train,no_cancer
GDS2771,9,5,GSM94103,train,no_cancer
GDS2771,9,5,GSM94104,train,no_cancer
GDS2771,9,5,GSM94105,train,no_cancer
GDS2771,9,5,GSM94106,train,no_cancer
GDS2771,9,5,GSM94107,train,no_cancer
GDS2771,9,5,GSM94108,train,no_cancer
GDS2771,9,5,GSM94109,train,no_cancer
GDS2771,9,5,GSM94110,train,no_cancer
GDS2771,9,5,GSM94111,train,no_cancer
GDS2771,9,5,GSM94114,train,no_cancer
GDS2771,9,5,GSM94115,train,no_cancer
GDS2771,9,5,GSM94116,train,no_cancer
GDS2771,9,5,GSM94117,train,no_cancer
GDS2771,9,5,GSM94118,train,no_cancer
GDS2771,9,5,GSM94119,train,no_cancer
GDS2771,9,5,GSM94120,train,no_cancer
GDS2771,9,5,GSM94121,train,no_cancer
GDS2771,9,5,GSM94122,train,no_cancer
GDS2771,9,5,GSM94123,train,no_cancer
GDS2771,9,5,GSM94124,train,no_cancer
GDS2771,9,5,GSM94125,train,no_cancer
GDS2771,9,5,GSM94126,train,no_cancer
GDS2771,9,5,GSM94127,train,no_cancer
GDS2771,9,5,GSM94128,train,no_cancer
GDS2771,9,5,GSM94129,train,no_cancer
GDS2771,9,5,GSM94130,train,no_cancer
GDS2771,9,5,GSM94131,train,no_cancer
GDS2771,9,5,GSM94132,train,no_cancer
GDS2771,9,5,GSM94134,train,no_cancer
GDS2771,9,5,GSM94135,train,no_cancer
GDS2771,9,5,GSM94137,train,no_cancer
GDS2771,9,5,GSM94138,train,no_cancer
GDS2771,9,5,GSM94139,train,no_cancer
GDS2771,9,5,GSM94140,train,no_cancer
GDS2771,9,5,GSM94142,train,no_cancer
GDS2771,9,5,GSM94143,train,no_cancer
GDS2771,9,5,GSM94144,train,no_cancer
GDS2771,9,5,GSM94145,train,no_cancer
GDS2771,9,5,GSM94146,train,no_cancer
GDS2771,9,5,GSM94147,train,no_cancer
GDS2771,9,5,GSM94148,train,no_cancer
GDS2771,9,5,GSM98785,train,no_cancer
GDS2771,9,5,GSM98786,train,no_cancer
GDS2771,9,5,GSM98787,train,no_cancer
GDS2771,9,5,GSM98788,train,no_cancer
GDS2771,9,5,GSM98789,train,no_cancer
GDS2771,9,5,GSM98790,train,no_cancer
GDS2771,9,5,GSM98791,train,no_cancer
GDS2771,9,5,GSM98792,train,no_cancer
GDS2771,9,5,GSM98793,train,no_cancer
GDS2771,9,5,GSM98794,train,no_cancer
GDS2771,9,5,GSM98795,train,no_cancer
GDS2771,9,5,GSM98796,train,no_cancer
GDS2771,9,5,GSM98797,train,no_cancer
GDS2771,9,5,GSM98798,train,no_cancer
GDS2771,9,5,GSM98799,train,no_cancer
GDS2771,9,5,GSM98800,train,no_cancer
GDS2771,9,5,GSM98801,train,no_cancer
GDS2771,9,5,GSM94019,train,cancer
GDS2771,9,5,GSM94021,train,cancer
GDS2771,9,5,GSM94022,train,cancer
GDS2771,9,5,GSM94023,train,cancer
GDS2771,9,5,GSM94024,train,cancer
GDS2771,9,5,GSM94025,train,cancer
GDS2771,9,5,GSM94026,train,cancer
GDS2771,9,5,GSM94028,train,cancer
GDS2771,9,5,GSM94029,train,cancer
GDS2771,9,5,GSM94030,train,cancer
GDS2771,9,5,GSM94031,train,cancer
GDS2771,9,5,GSM94032,train,cancer
GDS2771,9,5,GSM94034,train,cancer
GDS2771,9,5,GSM94035,train,cancer
GDS2771,9,5,GSM94036,train,cancer
GDS2771,9,5,GSM94037,train,cancer
GDS2771,9,5,GSM94038,train,cancer
GDS2771,9,5,GSM94039,train,cancer
GDS2771,9,5,GSM94040,train,cancer
GDS2771,9,5,GSM94042,train,cancer
GDS2771,9,5,GSM94043,train,cancer
GDS2771,9,5,GSM94045,train,cancer
GDS2771,9,5,GSM94046,train,cancer
GDS2771,9,5,GSM94047,train,cancer
GDS2771,9,5,GSM94048,train,cancer
GDS2771,9,5,GSM94049,train,cancer
GDS2771,9,5,GSM94050,train,cancer
GDS2771,9,5,GSM94051,train,cancer
GDS2771,9,5,GSM94052,train,cancer
GDS2771,9,5,GSM94053,train,cancer
GDS2771,9,5,GSM94054,train,cancer
GDS2771,9,5,GSM94055,train,cancer
GDS2771,9,5,GSM94056,train,cancer
GDS2771,9,5,GSM94057,train,cancer
GDS2771,9,5,GSM94058,train,cancer
GDS2771,9,5,GSM94059,train,cancer
GDS2771,9,5,GSM94060,train,cancer
GDS2771,9,5,GSM94061,train,cancer
GDS2771,9,5,GSM94062,train,cancer
GDS2771,9,5,GSM94064,train,cancer
GDS2771,9,5,GSM94065,train,cancer
GDS2771,9,5,GSM94067,train,cancer
GDS2771,9,5,GSM94068,train,cancer
GDS2771,9,5,GSM94069,train,cancer
GDS2771,9,5,GSM94070,train,cancer
GDS2771,9,5,GSM94071,train,cancer
GDS2771,9,5,GSM94072,train,cancer
GDS2771,9,5,GSM94073,train,cancer
GDS2771,9,5,GSM94074,train,cancer
GDS2771,9,5,GSM94075,train,cancer
GDS2771,9,5,GSM94155,train,cancer
GDS2771,9,5,GSM94156,train,cancer
GDS2771,9,5,GSM94157,train,cancer
GDS2771,9,5,GSM94160,train,cancer
GDS2771,9,5,GSM94161,train,cancer
GDS2771,9,5,GSM94162,train,cancer
GDS2771,9,5,GSM94164,train,cancer
GDS2771,9,5,GSM94165,train,cancer
GDS2771,9,5,GSM94166,train,cancer
GDS2771,9,5,GSM94167,train,cancer
GDS2771,9,5,GSM94169,train,cancer
GDS2771,9,5,GSM94170,train,cancer
GDS2771,9,5,GSM94171,train,cancer
GDS2771,9,5,GSM94172,train,cancer
GDS2771,9,5,GSM94173,train,cancer
GDS2771,9,5,GSM94174,train,cancer
GDS2771,9,5,GSM94175,train,cancer
GDS2771,9,5,GSM94176,train,cancer
GDS2771,9,5,GSM94177,train,cancer
GDS2771,9,5,GSM94178,train,cancer
GDS2771,9,5,GSM98767,train,cancer
GDS2771,9,5,GSM98768,train,cancer
GDS2771,9,5,GSM98769,train,cancer
GDS2771,9,5,GSM98770,train,cancer
GDS2771,9,5,GSM98772,train,cancer
GDS2771,9,5,GSM98773,train,cancer
GDS2771,9,5,GSM98774,train,cancer
GDS2771,9,5,GSM98775,train,cancer
GDS2771,9,5,GSM98776,train,cancer
GDS2771,9,5,GSM98777,train,cancer
GDS2771,9,5,GSM98778,train,cancer
GDS2771,9,5,GSM98779,train,cancer
GDS2771,9,5,GSM98780,train,cancer
GDS2771,9,5,GSM98781,train,cancer
GDS2771,9,5,GSM98782,train,cancer
GDS2771,9,5,GSM98783,train,cancer
GDS2771,9,5,GSM98784,train,cancer
GDS2771,9,5,GSM98871,train,cancer
GDS2771,9,5,GSM98872,train,cancer
GDS2771,9,5,GSM98873,train,cancer
GDS2771,9,5,GSM98874,train,cancer
GDS2771,9,5,GSM98875,train,cancer
GDS2771,9,5,GSM94081,test,no_cancer
GDS2771,9,5,GSM94082,test,no_cancer
GDS2771,9,5,GSM94095,test,no_cancer
GDS2771,9,5,GSM94099,test,no_cancer
GDS2771,9,5,GSM94112,test,no_cancer
GDS2771,9,5,GSM94113,test,no_cancer
GDS2771,9,5,GSM94133,test,no_cancer
GDS2771,9,5,GSM94136,test,no_cancer
GDS2771,9,5,GSM94141,test,no_cancer
GDS2771,9,5,GSM94020,test,cancer
GDS2771,9,5,GSM94027,test,cancer
GDS2771,9,5,GSM94033,test,cancer
GDS2771,9,5,GSM94041,test,cancer
GDS2771,9,5,GSM94044,test,cancer
GDS2771,9,5,GSM94063,test,cancer
GDS2771,9,5,GSM94066,test,cancer
GDS2771,9,5,GSM94163,test,cancer
GDS2771,9,5,GSM94168,test,cancer
GDS2771,9,5,GSM98771,test,cancer
GDS2771,9,6,GSM93997,train,no_cancer
GDS2771,9,6,GSM94077,train,no_cancer
GDS2771,9,6,GSM94078,train,no_cancer
GDS2771,9,6,GSM94079,train,no_cancer
GDS2771,9,6,GSM94080,train,no_cancer
GDS2771,9,6,GSM94081,train,no_cancer
GDS2771,9,6,GSM94082,train,no_cancer
GDS2771,9,6,GSM94083,train,no_cancer
GDS2771,9,6,GSM94084,train,no_cancer
GDS2771,9,6,GSM94085,train,no_cancer
GDS2771,9,6,GSM94086,train,no_cancer
GDS2771,9,6,GSM94087,train,no_cancer
GDS2771,9,6,GSM94088,train,no_cancer
GDS2771,9,6,GSM94090,train,no_cancer
GDS2771,9,6,GSM94091,train,no_cancer
GDS2771,9,6,GSM94092,train,no_cancer
GDS2771,9,6,GSM94093,train,no_cancer
GDS2771,9,6,GSM94094,train,no_cancer
GDS2771,9,6,GSM94095,train,no_cancer
GDS2771,9,6,GSM94096,train,no_cancer
GDS2771,9,6,GSM94099,train,no_cancer
GDS2771,9,6,GSM94100,train,no_cancer
GDS2771,9,6,GSM94101,train,no_cancer
GDS2771,9,6,GSM94102,train,no_cancer
GDS2771,9,6,GSM94103,train,no_cancer
GDS2771,9,6,GSM94104,train,no_cancer
GDS2771,9,6,GSM94105,train,no_cancer
GDS2771,9,6,GSM94106,train,no_cancer
GDS2771,9,6,GSM94107,train,no_cancer
GDS2771,9,6,GSM94108,train,no_cancer
GDS2771,9,6,GSM94109,train,no_cancer
GDS2771,9,6,GSM94110,train,no_cancer
GDS2771,9,6,GSM94111,train,no_cancer
GDS2771,9,6,GSM94112,train,no_cancer
GDS2771,9,6,GSM94113,train,no_cancer
GDS2771,9,6,GSM94115,train,no_cancer
GDS2771,9,6,GSM94116,train,no_cancer
GDS2771,9,6,GSM94117,train,no_cancer
GDS2771,9,6,GSM94118,train,no_cancer
GDS2771,9,6,GSM94119,train,no_cancer
GDS2771,9,6,GSM94120,train,no_cancer
GDS2771,9,6,GSM94121,train,no_cancer
GDS2771,9,6,GSM94122,train,no_cancer
GDS2771,9,6,GSM94123,train,no_cancer
GDS2771,9,6,GSM94124,train,no_cancer
GDS2771,9,6,GSM94125,train,no_cancer
GDS2771,9,6,GSM94126,train,no_cancer
GDS2771,9,6,GSM94127,train,no_cancer
GDS2771,9,6,GSM94128,train,no_cancer
GDS2771,9,6,GSM94130,train,no_cancer
GDS2771,9,6,GSM94131,train,no_cancer
GDS2771,9,6,GSM94133,train,no_cancer
GDS2771,9,6,GSM94134,train,no_cancer
GDS2771,9,6,GSM94136,train,no_cancer
GDS2771,9,6,GSM94137,train,no_cancer
GDS2771,9,6,GSM94138,train,no_cancer
GDS2771,9,6,GSM94139,train,no_cancer
GDS2771,9,6,GSM94140,train,no_cancer
GDS2771,9,6,GSM94141,train,no_cancer
GDS2771,9,6,GSM94142,train,no_cancer
GDS2771,9,6,GSM94143,train,no_cancer
GDS2771,9,6,GSM94145,train,no_cancer
GDS2771,9,6,GSM94146,train,no_cancer
GDS2771,9,6,GSM94148,train,no_cancer
GDS2771,9,6,GSM98785,train,no_cancer
GDS2771,9,6,GSM98786,train,no_cancer
GDS2771,9,6,GSM98787,train,no_cancer
GDS2771,9,6,GSM98788,train,no_cancer
GDS2771,9,6,GSM98789,train,no_cancer
GDS2771,9,6,GSM98790,train,no_cancer
GDS2771,9,6,GSM98791,train,no_cancer
GDS2771,9,6,GSM98792,train,no_cancer
GDS2771,9,6,GSM98793,train,no_cancer
GDS2771,9,6,GSM98794,train,no_cancer
GDS2771,9,6,GSM98795,train,no_cancer
GDS2771,9,6,GSM98796,train,no_cancer
GDS2771,9,6,GSM98797,train,no_cancer
GDS2771,9,6,GSM98798,train,no_cancer
GDS2771,9,6,GSM98799,train,no_cancer
GDS2771,9,6,GSM98800,train,no_cancer
GDS2771,9,6,GSM98801,train,no_cancer
GDS2771,9,6,GSM94019,train,cancer
GDS2771,9,6,GSM94020,train,cancer
GDS2771,9,6,GSM94021,train,cancer
GDS2771,9,6,GSM94022,train,cancer
GDS2771,9,6,GSM94023,train,cancer
GDS2771,9,6,GSM94024,train,cancer
GDS2771,9,6,GSM94025,train,cancer
GDS2771,9,6,GSM94026,train,cancer
GDS2771,9,6,GSM94027,train,cancer
GDS2771,9,6,GSM94028,train,cancer
GDS2771,9,6,GSM94029,train,cancer
GDS2771,9,6,GSM94030,train,cancer
GDS2771,9,6,GSM94031,train,cancer
GDS2771,9,6,GSM94032,train,cancer
GDS2771,9,6,GSM94033,train,cancer
GDS2771,9,6,GSM94034,train,cancer
GDS2771,9,6,GSM94035,train,cancer
GDS2771,9,6,GSM94036,train,cancer
GDS2771,9,6,GSM94037,train,cancer
GDS2771,9,6,GSM94038,train,cancer
GDS2771,9,6,GSM94039,train,cancer
GDS2771,9,6,GSM94040,train,cancer
GDS2771,9,6,GSM94041,train,cancer
GDS2771,9,6,GSM94042,train,cancer
GDS2771,9,6,GSM94043,train,cancer
GDS2771,9,6,GSM94044,train,cancer
GDS2771,9,6,GSM94045,train,cancer
GDS2771,9,6,GSM94046,train,cancer
GDS2771,9,6,GSM94047,train,cancer
GDS2771,9,6,GSM94048,train,cancer
GDS2771,9,6,GSM94049,train,cancer
GDS2771,9,6,GSM94050,train,cancer
GDS2771,9,6,GSM94051,train,cancer
GDS2771,9,6,GSM94054,train,cancer
GDS2771,9,6,GSM94055,train,cancer
GDS2771,9,6,GSM94057,train,cancer
GDS2771,9,6,GSM94058,train,cancer
GDS2771,9,6,GSM94060,train,cancer
GDS2771,9,6,GSM94061,train,cancer
GDS2771,9,6,GSM94062,train,cancer
GDS2771,9,6,GSM94063,train,cancer
GDS2771,9,6,GSM94064,train,cancer
GDS2771,9,6,GSM94065,train,cancer
GDS2771,9,6,GSM94066,train,cancer
GDS2771,9,6,GSM94067,train,cancer
GDS2771,9,6,GSM94068,train,cancer
GDS2771,9,6,GSM94069,train,cancer
GDS2771,9,6,GSM94070,train,cancer
GDS2771,9,6,GSM94071,train,cancer
GDS2771,9,6,GSM94073,train,cancer
GDS2771,9,6,GSM94074,train,cancer
GDS2771,9,6,GSM94155,train,cancer
GDS2771,9,6,GSM94156,train,cancer
GDS2771,9,6,GSM94157,train,cancer
GDS2771,9,6,GSM94161,train,cancer
GDS2771,9,6,GSM94162,train,cancer
GDS2771,9,6,GSM94163,train,cancer
GDS2771,9,6,GSM94165,train,cancer
GDS2771,9,6,GSM94166,train,cancer
GDS2771,9,6,GSM94167,train,cancer
GDS2771,9,6,GSM94168,train,cancer
GDS2771,9,6,GSM94169,train,cancer
GDS2771,9,6,GSM94170,train,cancer
GDS2771,9,6,GSM94171,train,cancer
GDS2771,9,6,GSM94172,train,cancer
GDS2771,9,6,GSM94173,train,cancer
GDS2771,9,6,GSM94174,train,cancer
GDS2771,9,6,GSM94175,train,cancer
GDS2771,9,6,GSM94176,train,cancer
GDS2771,9,6,GSM94177,train,cancer
GDS2771,9,6,GSM94178,train,cancer
GDS2771,9,6,GSM98767,train,cancer
GDS2771,9,6,GSM98768,train,cancer
GDS2771,9,6,GSM98769,train,cancer
GDS2771,9,6,GSM98770,train,cancer
GDS2771,9,6,GSM98771,train,cancer
GDS2771,9,6,GSM98773,train,cancer
GDS2771,9,6,GSM98774,train,cancer
GDS2771,9,6,GSM98775,train,cancer
GDS2771,9,6,GSM98776,train,cancer
GDS2771,9,6,GSM98777,train,cancer
GDS2771,9,6,GSM98778,train,cancer
GDS2771,9,6,GSM98779,train,cancer
GDS2771,9,6,GSM98780,train,cancer
GDS2771,9,6,GSM98781,train,cancer
GDS2771,9,6,GSM98782,train,cancer
GDS2771,9,6,GSM98783,train,cancer
GDS2771,9,6,GSM98784,train,cancer
GDS2771,9,6,GSM98872,train,cancer
GDS2771,9,6,GSM98873,train,cancer
GDS2771,9,6,GSM98874,train,cancer
GDS2771,9,6,GSM98875,train,cancer
GDS2771,9,6,GSM94089,test,no_cancer
GDS2771,9,6,GSM94097,test,no_cancer
GDS2771,9,6,GSM94098,test,no_cancer
GDS2771,9,6,GSM94114,test,no_cancer
GDS2771,9,6,GSM94129,test,no_cancer
GDS2771,9,6,GSM94132,test,no_cancer
GDS2771,9,6,GSM94135,test,no_cancer
GDS2771,9,6,GSM94144,test,no_cancer
GDS2771,9,6,GSM94147,test,no_cancer
GDS2771,9,6,GSM94052,test,cancer
GDS2771,9,6,GSM94053,test,cancer
GDS2771,9,6,GSM94056,test,cancer
GDS2771,9,6,GSM94059,test,cancer
GDS2771,9,6,GSM94072,test,cancer
GDS2771,9,6,GSM94075,test,cancer
GDS2771,9,6,GSM94160,test,cancer
GDS2771,9,6,GSM94164,test,cancer
GDS2771,9,6,GSM98772,test,cancer
GDS2771,9,6,GSM98871,test,cancer
GDS2771,9,7,GSM94077,train,no_cancer
GDS2771,9,7,GSM94078,train,no_cancer
GDS2771,9,7,GSM94079,train,no_cancer
GDS2771,9,7,GSM94080,train,no_cancer
GDS2771,9,7,GSM94081,train,no_cancer
GDS2771,9,7,GSM94082,train,no_cancer
GDS2771,9,7,GSM94083,train,no_cancer
GDS2771,9,7,GSM94084,train,no_cancer
GDS2771,9,7,GSM94085,train,no_cancer
GDS2771,9,7,GSM94086,train,no_cancer
GDS2771,9,7,GSM94087,train,no_cancer
GDS2771,9,7,GSM94088,train,no_cancer
GDS2771,9,7,GSM94089,train,no_cancer
GDS2771,9,7,GSM94090,train,no_cancer
GDS2771,9,7,GSM94091,train,no_cancer
GDS2771,9,7,GSM94092,train,no_cancer
GDS2771,9,7,GSM94093,train,no_cancer
GDS2771,9,7,GSM94095,train,no_cancer
GDS2771,9,7,GSM94096,train,no_cancer
GDS2771,9,7,GSM94097,train,no_cancer
GDS2771,9,7,GSM94098,train,no_cancer
GDS2771,9,7,GSM94099,train,no_cancer
GDS2771,9,7,GSM94100,train,no_cancer
GDS2771,9,7,GSM94101,train,no_cancer
GDS2771,9,7,GSM94102,train,no_cancer
GDS2771,9,7,GSM94103,train,no_cancer
GDS2771,9,7,GSM94104,train,no_cancer
GDS2771,9,7,GSM94105,train,no_cancer
GDS2771,9,7,GSM94106,train,no_cancer
GDS2771,9,7,GSM94107,train,no_cancer
GDS2771,9,7,GSM94109,train,no_cancer
GDS2771,9,7,GSM94110,train,no_cancer
GDS2771,9,7,GSM94111,train,no_cancer
GDS2771,9,7,GSM94112,train,no_cancer
GDS2771,9,7,GSM94113,train,no_cancer
GDS2771,9,7,GSM94114,train,no_cancer
GDS2771,9,7,GSM94115,train,no_cancer
GDS2771,9,7,GSM94116,train,no_cancer
GDS2771,9,7,GSM94118,train,no_cancer
GDS2771,9,7,GSM94119,train,no_cancer
GDS2771,9,7,GSM94120,train,no_cancer
GDS2771,9,7,GSM94122,train,no_cancer
GDS2771,9,7,GSM94124,train,no_cancer
GDS2771,9,7,GSM94125,train,no_cancer
GDS2771,9,7,GSM94126,train,no_cancer
GDS2771,9,7,GSM94128,train,no_cancer
GDS2771,9,7,GSM94129,train,no_cancer
GDS2771,9,7,GSM94130,train,no_cancer
GDS2771,9,7,GSM94131,train,no_cancer
GDS2771,9,7,GSM94132,train,no_cancer
GDS2771,9,7,GSM94133,train,no_cancer
GDS2771,9,7,GSM94134,train,no_cancer
GDS2771,9,7,GSM94135,train,no_cancer
GDS2771,9,7,GSM94136,train,no_cancer
GDS2771,9,7,GSM94137,train,no_cancer
GDS2771,9,7,GSM94139,train,no_cancer
GDS2771,9,7,GSM94140,train,no_cancer
GDS2771,9,7,GSM94141,train,no_cancer
GDS2771,9,7,GSM94142,train,no_cancer
GDS2771,9,7,GSM94143,train,no_cancer
GDS2771,9,7,GSM94144,train,no_cancer
GDS2771,9,7,GSM94145,train,no_cancer
GDS2771,9,7,GSM94146,train,no_cancer
GDS2771,9,7,GSM94147,train,no_cancer
GDS2771,9,7,GSM94148,train,no_cancer
GDS2771,9,7,GSM98785,train,no_cancer
GDS2771,9,7,GSM98786,train,no_cancer
GDS2771,9,7,GSM98787,train,no_cancer
GDS2771,9,7,GSM98788,train,no_cancer
GDS2771,9,7,GSM98789,train,no_cancer
GDS2771,9,7,GSM98790,train,no_cancer
GDS2771,9,7,GSM98791,train,no_cancer
GDS2771,9,7,GSM98792,train,no_cancer
GDS2771,9,7,GSM98793,train,no_cancer
GDS2771,9,7,GSM98795,train,no_cancer
GDS2771,9,7,GSM98796,train,no_cancer
GDS2771,9,7,GSM98797,train,no_cancer
GDS2771,9,7,GSM98798,train,no_cancer
GDS2771,9,7,GSM98799,train,no_cancer
GDS2771,9,7,GSM98800,train,no_cancer
GDS2771,9,7,GSM98801,train,no_cancer
GDS2771,9,7,GSM94020,train,cancer
GDS2771,9,7,GSM94021,train,cancer
GDS2771,9,7,GSM94022,train,cancer
GDS2771,9,7,GSM94023,train,cancer
GDS2771,9,7,GSM94024,train,cancer
GDS2771,9,7,GSM94026,train,cancer
GDS2771,9,7,GSM94027,train,cancer
GDS2771,9,7,GSM94028,train,cancer
GDS2771,9,7,GSM94029,train,cancer
GDS2771,9,7,GSM94030,train,cancer
GDS2771,9,7,GSM94031,train,cancer
GDS2771,9,7,GSM94032,train,cancer
GDS2771,9,7,GSM94033,train,cancer
GDS2771,9,7,GSM94034,train,cancer
GDS2771,9,7,GSM94035,train,cancer
GDS2771,9,7,GSM94036,train,cancer
GDS2771,9,7,GSM94037,train,cancer
GDS2771,9,7,GSM94038,train,cancer
GDS2771,9,7,GSM94039,train,cancer
GDS2771,9,7,GSM94041,train,cancer
GDS2771,9,7,GSM94043,train,cancer
GDS2771,9,7,GSM94044,train,cancer
GDS2771,9,7,GSM94045,train,cancer
GDS2771,9,7,GSM94046,train,cancer
GDS2771,9,7,GSM94047,train,cancer
GDS2771,9,7,GSM94049,train,cancer
GDS2771,9,7,GSM94050,train,cancer
GDS2771,9,7,GSM94051,train,cancer
GDS2771,9,7,GSM94052,train,cancer
GDS2771,9,7,GSM94053,train,cancer
GDS2771,9,7,GSM94054,train,cancer
GDS2771,9,7,GSM94055,train,cancer
GDS2771,9,7,GSM94056,train,cancer
GDS2771,9,7,GSM94057,train,cancer
GDS2771,9,7,GSM94058,train,cancer
GDS2771,9,7,GSM94059,train,cancer
GDS2771,9,7,GSM94060,train,cancer
GDS2771,9,7,GSM94061,train,cancer
GDS2771,9,7,GSM94062,train,cancer
GDS2771,9,7,GSM94063,train,cancer
GDS2771,9,7,GSM94064,train,cancer
GDS2771,9,7,GSM94065,train,cancer
GDS2771,9,7,GSM94066,train,cancer
GDS2771,9,7,GSM94068,train,cancer
GDS2771,9,7,GSM94069,train,cancer
GDS2771,9,7,GSM94070,train,cancer
GDS2771,9,7,GSM94071,train,cancer
GDS2771,9,7,GSM94072,train,cancer
GDS2771,9,7,GSM94073,train,cancer
GDS2771,9,7,GSM94074,train,cancer
GDS2771,9,7,GSM94075,train,cancer
GDS2771,9,7,GSM94155,train,cancer
GDS2771,9,7,GSM94156,train,cancer
GDS2771,9,7,GSM94157,train,cancer
GDS2771,9,7,GSM94160,train,cancer
GDS2771,9,7,GSM94161,train,cancer
GDS2771,9,7,GSM94162,train,cancer
GDS2771,9,7,GSM94163,train,cancer
GDS2771,9,7,GSM94164,train,cancer
GDS2771,9,7,GSM94166,train,cancer
GDS2771,9,7,GSM94167,train,cancer
GDS2771,9,7,GSM94168,train,cancer
GDS2771,9,7,GSM94169,train,cancer
GDS2771,9,7,GSM94170,train,cancer
GDS2771,9,7,GSM94171,train,cancer
GDS2771,9,7,GSM94172,train,cancer
GDS2771,9,7,GSM94173,train,cancer
GDS2771,9,7,GSM94174,train,cancer
GDS2771,9,7,GSM94175,train,cancer
GDS2771,9,7,GSM94176,train,cancer
GDS2771,9,7,GSM94177,train,cancer
GDS2771,9,7,GSM94178,train,cancer
GDS2771,9,7,GSM98767,train,cancer
GDS2771,9,7,GSM98768,train,cancer
GDS2771,9,7,GSM98769,train,cancer
GDS2771,9,7,GSM98771,train,cancer
GDS2771,9,7,GSM98772,train,cancer
GDS2771,9,7,GSM98773,train,cancer
GDS2771,9,7,GSM98774,train,cancer
GDS2771,9,7,GSM98775,train,cancer
GDS2771,9,7,GSM98776,train,cancer
GDS2771,9,7,GSM98777,train,cancer
GDS2771,9,7,GSM98778,train,cancer
GDS2771,9,7,GSM98779,train,cancer
GDS2771,9,7,GSM98780,train,cancer
GDS2771,9,7,GSM98782,train,cancer
GDS2771,9,7,GSM98783,train,cancer
GDS2771,9,7,GSM98784,train,cancer
GDS2771,9,7,GSM98871,train,cancer
GDS2771,9,7,GSM98872,train,cancer
GDS2771,9,7,GSM98873,train,cancer
GDS2771,9,7,GSM98874,train,cancer
GDS2771,9,7,GSM93997,test,no_cancer
GDS2771,9,7,GSM94094,test,no_cancer
GDS2771,9,7,GSM94108,test,no_cancer
GDS2771,9,7,GSM94117,test,no_cancer
GDS2771,9,7,GSM94121,test,no_cancer
GDS2771,9,7,GSM94123,test,no_cancer
GDS2771,9,7,GSM94127,test,no_cancer
GDS2771,9,7,GSM94138,test,no_cancer
GDS2771,9,7,GSM98794,test,no_cancer
GDS2771,9,7,GSM94019,test,cancer
GDS2771,9,7,GSM94025,test,cancer
GDS2771,9,7,GSM94040,test,cancer
GDS2771,9,7,GSM94042,test,cancer
GDS2771,9,7,GSM94048,test,cancer
GDS2771,9,7,GSM94067,test,cancer
GDS2771,9,7,GSM94165,test,cancer
GDS2771,9,7,GSM98770,test,cancer
GDS2771,9,7,GSM98781,test,cancer
GDS2771,9,7,GSM98875,test,cancer
GDS2771,9,8,GSM93997,train,no_cancer
GDS2771,9,8,GSM94077,train,no_cancer
GDS2771,9,8,GSM94078,train,no_cancer
GDS2771,9,8,GSM94079,train,no_cancer
GDS2771,9,8,GSM94080,train,no_cancer
GDS2771,9,8,GSM94081,train,no_cancer
GDS2771,9,8,GSM94082,train,no_cancer
GDS2771,9,8,GSM94083,train,no_cancer
GDS2771,9,8,GSM94084,train,no_cancer
GDS2771,9,8,GSM94085,train,no_cancer
GDS2771,9,8,GSM94087,train,no_cancer
GDS2771,9,8,GSM94088,train,no_cancer
GDS2771,9,8,GSM94089,train,no_cancer
GDS2771,9,8,GSM94090,train,no_cancer
GDS2771,9,8,GSM94091,train,no_cancer
GDS2771,9,8,GSM94092,train,no_cancer
GDS2771,9,8,GSM94093,train,no_cancer
GDS2771,9,8,GSM94094,train,no_cancer
GDS2771,9,8,GSM94095,train,no_cancer
GDS2771,9,8,GSM94096,train,no_cancer
GDS2771,9,8,GSM94097,train,no_cancer
GDS2771,9,8,GSM94098,train,no_cancer
GDS2771,9,8,GSM94099,train,no_cancer
GDS2771,9,8,GSM94100,train,no_cancer
GDS2771,9,8,GSM94102,train,no_cancer
GDS2771,9,8,GSM94103,train,no_cancer
GDS2771,9,8,GSM94104,train,no_cancer
GDS2771,9,8,GSM94105,train,no_cancer
GDS2771,9,8,GSM94106,train,no_cancer
GDS2771,9,8,GSM94107,train,no_cancer
GDS2771,9,8,GSM94108,train,no_cancer
GDS2771,9,8,GSM94109,train,no_cancer
GDS2771,9,8,GSM94110,train,no_cancer
GDS2771,9,8,GSM94111,train,no_cancer
GDS2771,9,8,GSM94112,train,no_cancer
GDS2771,9,8,GSM94113,train,no_cancer
GDS2771,9,8,GSM94114,train,no_cancer
GDS2771,9,8,GSM94117,train,no_cancer
GDS2771,9,8,GSM94118,train,no_cancer
GDS2771,9,8,GSM94119,train,no_cancer
GDS2771,9,8,GSM94120,train,no_cancer
GDS2771,9,8,GSM94121,train,no_cancer
GDS2771,9,8,GSM94122,train,no_cancer
GDS2771,9,8,GSM94123,train,no_cancer
GDS2771,9,8,GSM94124,train,no_cancer
GDS2771,9,8,GSM94126,train,no_cancer
GDS2771,9,8,GSM94127,train,no_cancer
GDS2771,9,8,GSM94128,train,no_cancer
GDS2771,9,8,GSM94129,train,no_cancer
GDS2771,9,8,GSM94130,train,no_cancer
GDS2771,9,8,GSM94132,train,no_cancer
GDS2771,9,8,GSM94133,train,no_cancer
GDS2771,9,8,GSM94134,train,no_cancer
GDS2771,9,8,GSM94135,train,no_cancer
GDS2771,9,8,GSM94136,train,no_cancer
GDS2771,9,8,GSM94137,train,no_cancer
GDS2771,9,8,GSM94138,train,no_cancer
GDS2771,9,8,GSM94139,train,no_cancer
GDS2771,9,8,GSM94140,train,no_cancer
GDS2771,9,8,GSM94141,train,no_cancer
GDS2771,9,8,GSM94142,train,no_cancer
GDS2771,9,8,GSM94143,train,no_cancer
GDS2771,9,8,GSM94144,train,no_cancer
GDS2771,9,8,GSM94145,train,no_cancer
GDS2771,9,8,GSM94146,train,no_cancer
GDS2771,9,8,GSM94147,train,no_cancer
GDS2771,9,8,GSM94148,train,no_cancer
GDS2771,9,8,GSM98786,train,no_cancer
GDS2771,9,8,GSM98787,train,no_cancer
GDS2771,9,8,GSM98788,train,no_cancer
GDS2771,9,8,GSM98789,train,no_cancer
GDS2771,9,8,GSM98790,train,no_cancer
GDS2771,9,8,GSM98793,train,no_cancer
GDS2771,9,8,GSM98794,train,no_cancer
GDS2771,9,8,GSM98795,train,no_cancer
GDS2771,9,8,GSM98796,train,no_cancer
GDS2771,9,8,GSM98797,train,no_cancer
GDS2771,9,8,GSM98798,train,no_cancer
GDS2771,9,8,GSM98799,train,no_cancer
GDS2771,9,8,GSM98800,train,no_cancer
GDS2771,9,8,GSM98801,train,no_cancer
GDS2771,9,8,GSM94019,train,cancer
GDS2771,9,8,GSM94020,train,cancer
GDS2771,9,8,GSM94021,train,cancer
GDS2771,9,8,GSM94022,train,cancer
GDS2771,9,8,GSM94024,train,cancer
GDS2771,9,8,GSM94025,train,cancer
GDS2771,9,8,GSM94026,train,cancer
GDS2771,9,8,GSM94027,train,cancer
GDS2771,9,8,GSM94028,train,cancer
GDS2771,9,8,GSM94029,train,cancer
GDS2771,9,8,GSM94031,train,cancer
GDS2771,9,8,GSM94032,train,cancer
GDS2771,9,8,GSM94033,train,cancer
GDS2771,9,8,GSM94034,train,cancer
GDS2771,9,8,GSM94035,train,cancer
GDS2771,9,8,GSM94036,train,cancer
GDS2771,9,8,GSM94037,train,cancer
GDS2771,9,8,GSM94038,train,cancer
GDS2771,9,8,GSM94039,train,cancer
GDS2771,9,8,GSM94040,train,cancer
GDS2771,9,8,GSM94041,train,cancer
GDS2771,9,8,GSM94042,train,cancer
GDS2771,9,8,GSM94043,train,cancer
GDS2771,9,8,GSM94044,train,cancer
GDS2771,9,8,GSM94045,train,cancer
GDS2771,9,8,GSM94046,train,cancer
GDS2771,9,8,GSM94048,train,cancer
GDS2771,9,8,GSM94049,train,cancer
GDS2771,9,8,GSM94050,train,cancer
GDS2771,9,8,GSM94051,train,cancer
GDS2771,9,8,GSM94052,train,cancer
GDS2771,9,8,GSM94053,train,cancer
GDS2771,9,8,GSM94054,train,cancer
GDS2771,9,8,GSM94055,train,cancer
GDS2771,9,8,GSM94056,train,cancer
GDS2771,9,8,GSM94057,train,cancer
GDS2771,9,8,GSM94058,train,cancer
GDS2771,9,8,GSM94059,train,cancer
GDS2771,9,8,GSM94060,train,cancer
GDS2771,9,8,GSM94061,train,cancer
GDS2771,9,8,GSM94062,train,cancer
GDS2771,9,8,GSM94063,train,cancer
GDS2771,9,8,GSM94065,train,cancer
GDS2771,9,8,GSM94066,train,cancer
GDS2771,9,8,GSM94067,train,cancer
GDS2771,9,8,GSM94068,train,cancer
GDS2771,9,8,GSM94069,train,cancer
GDS2771,9,8,GSM94070,train,cancer
GDS2771,9,8,GSM94071,train,cancer
GDS2771,9,8,GSM94072,train,cancer
GDS2771,9,8,GSM94073,train,cancer
GDS2771,9,8,GSM94074,train,cancer
GDS2771,9,8,GSM94075,train,cancer
GDS2771,9,8,GSM94156,train,cancer
GDS2771,9,8,GSM94157,train,cancer
GDS2771,9,8,GSM94160,train,cancer
GDS2771,9,8,GSM94161,train,cancer
GDS2771,9,8,GSM94162,train,cancer
GDS2771,9,8,GSM94163,train,cancer
GDS2771,9,8,GSM94164,train,cancer
GDS2771,9,8,GSM94165,train,cancer
GDS2771,9,8,GSM94166,train,cancer
GDS2771,9,8,GSM94167,train,cancer
GDS2771,9,8,GSM94168,train,cancer
GDS2771,9,8,GSM94169,train,cancer
GDS2771,9,8,GSM94170,train,cancer
GDS2771,9,8,GSM94171,train,cancer
GDS2771,9,8,GSM94172,train,cancer
GDS2771,9,8,GSM94173,train,cancer
GDS2771,9,8,GSM94174,train,cancer
GDS2771,9,8,GSM94175,train,cancer
GDS2771,9,8,GSM94176,train,cancer
GDS2771,9,8,GSM94177,train,cancer
GDS2771,9,8,GSM94178,train,cancer
GDS2771,9,8,GSM98767,train,cancer
GDS2771,9,8,GSM98769,train,cancer
GDS2771,9,8,GSM98770,train,cancer
GDS2771,9,8,GSM98771,train,cancer
GDS2771,9,8,GSM98772,train,cancer
GDS2771,9,8,GSM98773,train,cancer
GDS2771,9,8,GSM98774,train,cancer
GDS2771,9,8,GSM98775,train,cancer
GDS2771,9,8,GSM98776,train,cancer
GDS2771,9,8,GSM98777,train,cancer
GDS2771,9,8,GSM98778,train,cancer
GDS2771,9,8,GSM98780,train,cancer
GDS2771,9,8,GSM98781,train,cancer
GDS2771,9,8,GSM98783,train,cancer
GDS2771,9,8,GSM98784,train,cancer
GDS2771,9,8,GSM98871,train,cancer
GDS2771,9,8,GSM98872,train,cancer
GDS2771,9,8,GSM98875,train,cancer
GDS2771,9,8,GSM94086,test,no_cancer
GDS2771,9,8,GSM94101,test,no_cancer
GDS2771,9,8,GSM94115,test,no_cancer
GDS2771,9,8,GSM94116,test,no_cancer
GDS2771,9,8,GSM94125,test,no_cancer
GDS2771,9,8,GSM94131,test,no_cancer
GDS2771,9,8,GSM98785,test,no_cancer
GDS2771,9,8,GSM98791,test,no_cancer
GDS2771,9,8,GSM98792,test,no_cancer
GDS2771,9,8,GSM94023,test,cancer
GDS2771,9,8,GSM94030,test,cancer
GDS2771,9,8,GSM94047,test,cancer
GDS2771,9,8,GSM94064,test,cancer
GDS2771,9,8,GSM94155,test,cancer
GDS2771,9,8,GSM98768,test,cancer
GDS2771,9,8,GSM98779,test,cancer
GDS2771,9,8,GSM98782,test,cancer
GDS2771,9,8,GSM98873,test,cancer
GDS2771,9,8,GSM98874,test,cancer
GDS2771,9,9,GSM93997,train,no_cancer
GDS2771,9,9,GSM94077,train,no_cancer
GDS2771,9,9,GSM94078,train,no_cancer
GDS2771,9,9,GSM94080,train,no_cancer
GDS2771,9,9,GSM94081,train,no_cancer
GDS2771,9,9,GSM94082,train,no_cancer
GDS2771,9,9,GSM94084,train,no_cancer
GDS2771,9,9,GSM94085,train,no_cancer
GDS2771,9,9,GSM94086,train,no_cancer
GDS2771,9,9,GSM94087,train,no_cancer
GDS2771,9,9,GSM94088,train,no_cancer
GDS2771,9,9,GSM94089,train,no_cancer
GDS2771,9,9,GSM94091,train,no_cancer
GDS2771,9,9,GSM94092,train,no_cancer
GDS2771,9,9,GSM94093,train,no_cancer
GDS2771,9,9,GSM94094,train,no_cancer
GDS2771,9,9,GSM94095,train,no_cancer
GDS2771,9,9,GSM94096,train,no_cancer
GDS2771,9,9,GSM94097,train,no_cancer
GDS2771,9,9,GSM94098,train,no_cancer
GDS2771,9,9,GSM94099,train,no_cancer
GDS2771,9,9,GSM94100,train,no_cancer
GDS2771,9,9,GSM94101,train,no_cancer
GDS2771,9,9,GSM94102,train,no_cancer
GDS2771,9,9,GSM94103,train,no_cancer
GDS2771,9,9,GSM94104,train,no_cancer
GDS2771,9,9,GSM94106,train,no_cancer
GDS2771,9,9,GSM94107,train,no_cancer
GDS2771,9,9,GSM94108,train,no_cancer
GDS2771,9,9,GSM94109,train,no_cancer
GDS2771,9,9,GSM94110,train,no_cancer
GDS2771,9,9,GSM94112,train,no_cancer
GDS2771,9,9,GSM94113,train,no_cancer
GDS2771,9,9,GSM94114,train,no_cancer
GDS2771,9,9,GSM94115,train,no_cancer
GDS2771,9,9,GSM94116,train,no_cancer
GDS2771,9,9,GSM94117,train,no_cancer
GDS2771,9,9,GSM94118,train,no_cancer
GDS2771,9,9,GSM94119,train,no_cancer
GDS2771,9,9,GSM94120,train,no_cancer
GDS2771,9,9,GSM94121,train,no_cancer
GDS2771,9,9,GSM94122,train,no_cancer
GDS2771,9,9,GSM94123,train,no_cancer
GDS2771,9,9,GSM94124,train,no_cancer
GDS2771,9,9,GSM94125,train,no_cancer
GDS2771,9,9,GSM94127,train,no_cancer
GDS2771,9,9,GSM94128,train,no_cancer
GDS2771,9,9,GSM94129,train,no_cancer
GDS2771,9,9,GSM94130,train,no_cancer
GDS2771,9,9,GSM94131,train,no_cancer
GDS2771,9,9,GSM94132,train,no_cancer
GDS2771,9,9,GSM94133,train,no_cancer
GDS2771,9,9,GSM94134,train,no_cancer
GDS2771,9,9,GSM94135,train,no_cancer
GDS2771,9,9,GSM94136,train,no_cancer
GDS2771,9,9,GSM94137,train,no_cancer
GDS2771,9,9,GSM94138,train,no_cancer
GDS2771,9,9,GSM94141,train,no_cancer
GDS2771,9,9,GSM94142,train,no_cancer
GDS2771,9,9,GSM94143,train,no_cancer
GDS2771,9,9,GSM94144,train,no_cancer
GDS2771,9,9,GSM94145,train,no_cancer
GDS2771,9,9,GSM94146,train,no_cancer
GDS2771,9,9,GSM94147,train,no_cancer
GDS2771,9,9,GSM94148,train,no_cancer
GDS2771,9,9,GSM98785,train,no_cancer
GDS2771,9,9,GSM98786,train,no_cancer
GDS2771,9,9,GSM98788,train,no_cancer
GDS2771,9,9,GSM98789,train,no_cancer
GDS2771,9,9,GSM98790,train,no_cancer
GDS2771,9,9,GSM98791,train,no_cancer
GDS2771,9,9,GSM98792,train,no_cancer
GDS2771,9,9,GSM98793,train,no_cancer
GDS2771,9,9,GSM98794,train,no_cancer
GDS2771,9,9,GSM98795,train,no_cancer
GDS2771,9,9,GSM98796,train,no_cancer
GDS2771,9,9,GSM98797,train,no_cancer
GDS2771,9,9,GSM98798,train,no_cancer
GDS2771,9,9,GSM98799,train,no_cancer
GDS2771,9,9,GSM98800,train,no_cancer
GDS2771,9,9,GSM98801,train,no_cancer
GDS2771,9,9,GSM94019,train,cancer
GDS2771,9,9,GSM94020,train,cancer
GDS2771,9,9,GSM94021,train,cancer
GDS2771,9,9,GSM94022,train,cancer
GDS2771,9,9,GSM94023,train,cancer
GDS2771,9,9,GSM94024,train,cancer
GDS2771,9,9,GSM94025,train,cancer
GDS2771,9,9,GSM94026,train,cancer
GDS2771,9,9,GSM94027,train,cancer
GDS2771,9,9,GSM94028,train,cancer
GDS2771,9,9,GSM94029,train,cancer
GDS2771,9,9,GSM94030,train,cancer
GDS2771,9,9,GSM94031,train,cancer
GDS2771,9,9,GSM94033,train,cancer
GDS2771,9,9,GSM94034,train,cancer
GDS2771,9,9,GSM94035,train,cancer
GDS2771,9,9,GSM94036,train,cancer
GDS2771,9,9,GSM94037,train,cancer
GDS2771,9,9,GSM94038,train,cancer
GDS2771,9,9,GSM94040,train,cancer
GDS2771,9,9,GSM94041,train,cancer
GDS2771,9,9,GSM94042,train,cancer
GDS2771,9,9,GSM94043,train,cancer
GDS2771,9,9,GSM94044,train,cancer
GDS2771,9,9,GSM94045,train,cancer
GDS2771,9,9,GSM94046,train,cancer
GDS2771,9,9,GSM94047,train,cancer
GDS2771,9,9,GSM94048,train,cancer
GDS2771,9,9,GSM94049,train,cancer
GDS2771,9,9,GSM94050,train,cancer
GDS2771,9,9,GSM94051,train,cancer
GDS2771,9,9,GSM94052,train,cancer
GDS2771,9,9,GSM94053,train,cancer
GDS2771,9,9,GSM94054,train,cancer
GDS2771,9,9,GSM94055,train,cancer
GDS2771,9,9,GSM94056,train,cancer
GDS2771,9,9,GSM94057,train,cancer
GDS2771,9,9,GSM94058,train,cancer
GDS2771,9,9,GSM94059,train,cancer
GDS2771,9,9,GSM94061,train,cancer
GDS2771,9,9,GSM94062,train,cancer
GDS2771,9,9,GSM94063,train,cancer
GDS2771,9,9,GSM94064,train,cancer
GDS2771,9,9,GSM94065,train,cancer
GDS2771,9,9,GSM94066,train,cancer
GDS2771,9,9,GSM94067,train,cancer
GDS2771,9,9,GSM94070,train,cancer
GDS2771,9,9,GSM94071,train,cancer
GDS2771,9,9,GSM94072,train,cancer
GDS2771,9,9,GSM94074,train,cancer
GDS2771,9,9,GSM94075,train,cancer
GDS2771,9,9,GSM94155,train,cancer
GDS2771,9,9,GSM94156,train,cancer
GDS2771,9,9,GSM94157,train,cancer
GDS2771,9,9,GSM94160,train,cancer
GDS2771,9,9,GSM94161,train,cancer
GDS2771,9,9,GSM94162,train,cancer
GDS2771,9,9,GSM94163,train,cancer
GDS2771,9,9,GSM94164,train,cancer
GDS2771,9,9,GSM94165,train,cancer
GDS2771,9,9,GSM94168,train,cancer
GDS2771,9,9,GSM94169,train,cancer
GDS2771,9,9,GSM94170,train,cancer
GDS2771,9,9,GSM94171,train,cancer
GDS2771,9,9,GSM94172,train,cancer
GDS2771,9,9,GSM94173,train,cancer
GDS2771,9,9,GSM94174,train,cancer
GDS2771,9,9,GSM94175,train,cancer
GDS2771,9,9,GSM94176,train,cancer
GDS2771,9,9,GSM94177,train,cancer
GDS2771,9,9,GSM98767,train,cancer
GDS2771,9,9,GSM98768,train,cancer
GDS2771,9,9,GSM98769,train,cancer
GDS2771,9,9,GSM98770,train,cancer
GDS2771,9,9,GSM98771,train,cancer
GDS2771,9,9,GSM98772,train,cancer
GDS2771,9,9,GSM98773,train,cancer
GDS2771,9,9,GSM98774,train,cancer
GDS2771,9,9,GSM98776,train,cancer
GDS2771,9,9,GSM98777,train,cancer
GDS2771,9,9,GSM98778,train,cancer
GDS2771,9,9,GSM98779,train,cancer
GDS2771,9,9,GSM98780,train,cancer
GDS2771,9,9,GSM98781,train,cancer
GDS2771,9,9,GSM98782,train,cancer
GDS2771,9,9,GSM98783,train,cancer
GDS2771,9,9,GSM98784,train,cancer
GDS2771,9,9,GSM98871,train,cancer
GDS2771,9,9,GSM98872,train,cancer
GDS2771,9,9,GSM98873,train,cancer
GDS2771,9,9,GSM98874,train,cancer
GDS2771,9,9,GSM98875,train,cancer
GDS2771,9,9,GSM94079,test,no_cancer
GDS2771,9,9,GSM94083,test,no_cancer
GDS2771,9,9,GSM94090,test,no_cancer
GDS2771,9,9,GSM94105,test,no_cancer
GDS2771,9,9,GSM94111,test,no_cancer
GDS2771,9,9,GSM94126,test,no_cancer
GDS2771,9,9,GSM94139,test,no_cancer
GDS2771,9,9,GSM94140,test,no_cancer
GDS2771,9,9,GSM98787,test,no_cancer
GDS2771,9,9,GSM94032,test,cancer
GDS2771,9,9,GSM94039,test,cancer
GDS2771,9,9,GSM94060,test,cancer
GDS2771,9,9,GSM94068,test,cancer
GDS2771,9,9,GSM94069,test,cancer
GDS2771,9,9,GSM94073,test,cancer
GDS2771,9,9,GSM94166,test,cancer
GDS2771,9,9,GSM94167,test,cancer
GDS2771,9,9,GSM94178,test,cancer
GDS2771,9,9,GSM98775,test,cancer
GDS2771,9,10,GSM93997,train,no_cancer
GDS2771,9,10,GSM94077,train,no_cancer
GDS2771,9,10,GSM94078,train,no_cancer
GDS2771,9,10,GSM94079,train,no_cancer
GDS2771,9,10,GSM94080,train,no_cancer
GDS2771,9,10,GSM94081,train,no_cancer
GDS2771,9,10,GSM94082,train,no_cancer
GDS2771,9,10,GSM94083,train,no_cancer
GDS2771,9,10,GSM94084,train,no_cancer
GDS2771,9,10,GSM94085,train,no_cancer
GDS2771,9,10,GSM94086,train,no_cancer
GDS2771,9,10,GSM94087,train,no_cancer
GDS2771,9,10,GSM94089,train,no_cancer
GDS2771,9,10,GSM94090,train,no_cancer
GDS2771,9,10,GSM94093,train,no_cancer
GDS2771,9,10,GSM94094,train,no_cancer
GDS2771,9,10,GSM94095,train,no_cancer
GDS2771,9,10,GSM94096,train,no_cancer
GDS2771,9,10,GSM94097,train,no_cancer
GDS2771,9,10,GSM94098,train,no_cancer
GDS2771,9,10,GSM94099,train,no_cancer
GDS2771,9,10,GSM94100,train,no_cancer
GDS2771,9,10,GSM94101,train,no_cancer
GDS2771,9,10,GSM94102,train,no_cancer
GDS2771,9,10,GSM94103,train,no_cancer
GDS2771,9,10,GSM94104,train,no_cancer
GDS2771,9,10,GSM94105,train,no_cancer
GDS2771,9,10,GSM94107,train,no_cancer
GDS2771,9,10,GSM94108,train,no_cancer
GDS2771,9,10,GSM94110,train,no_cancer
GDS2771,9,10,GSM94111,train,no_cancer
GDS2771,9,10,GSM94112,train,no_cancer
GDS2771,9,10,GSM94113,train,no_cancer
GDS2771,9,10,GSM94114,train,no_cancer
GDS2771,9,10,GSM94115,train,no_cancer
GDS2771,9,10,GSM94116,train,no_cancer
GDS2771,9,10,GSM94117,train,no_cancer
GDS2771,9,10,GSM94118,train,no_cancer
GDS2771,9,10,GSM94119,train,no_cancer
GDS2771,9,10,GSM94120,train,no_cancer
GDS2771,9,10,GSM94121,train,no_cancer
GDS2771,9,10,GSM94122,train,no_cancer
GDS2771,9,10,GSM94123,train,no_cancer
GDS2771,9,10,GSM94124,train,no_cancer
GDS2771,9,10,GSM94125,train,no_cancer
GDS2771,9,10,GSM94126,train,no_cancer
GDS2771,9,10,GSM94127,train,no_cancer
GDS2771,9,10,GSM94129,train,no_cancer
GDS2771,9,10,GSM94131,train,no_cancer
GDS2771,9,10,GSM94132,train,no_cancer
GDS2771,9,10,GSM94133,train,no_cancer
GDS2771,9,10,GSM94134,train,no_cancer
GDS2771,9,10,GSM94135,train,no_cancer
GDS2771,9,10,GSM94136,train,no_cancer
GDS2771,9,10,GSM94137,train,no_cancer
GDS2771,9,10,GSM94138,train,no_cancer
GDS2771,9,10,GSM94139,train,no_cancer
GDS2771,9,10,GSM94140,train,no_cancer
GDS2771,9,10,GSM94141,train,no_cancer
GDS2771,9,10,GSM94142,train,no_cancer
GDS2771,9,10,GSM94143,train,no_cancer
GDS2771,9,10,GSM94144,train,no_cancer
GDS2771,9,10,GSM94145,train,no_cancer
GDS2771,9,10,GSM94146,train,no_cancer
GDS2771,9,10,GSM94147,train,no_cancer
GDS2771,9,10,GSM94148,train,no_cancer
GDS2771,9,10,GSM98785,train,no_cancer
GDS2771,9,10,GSM98786,train,no_cancer
GDS2771,9,10,GSM98787,train,no_cancer
GDS2771,9,10,GSM98788,train,no_cancer
GDS2771,9,10,GSM98789,train,no_cancer
GDS2771,9,10,GSM98790,train,no_cancer
GDS2771,9,10,GSM98791,train,no_cancer
GDS2771,9,10,GSM98792,train,no_cancer
GDS2771,9,10,GSM98794,train,no_cancer
GDS2771,9,10,GSM98795,train,no_cancer
GDS2771,9,10,GSM98796,train,no_cancer
GDS2771,9,10,GSM98797,train,no_cancer
GDS2771,9,10,GSM98798,train,no_cancer
GDS2771,9,10,GSM98799,train,no_cancer
GDS2771,9,10,GSM98801,train,no_cancer
GDS2771,9,10,GSM94019,train,cancer
GDS2771,9,10,GSM94020,train,cancer
GDS2771,9,10,GSM94023,train,cancer
GDS2771,9,10,GSM94024,train,cancer
GDS2771,9,10,GSM94025,train,cancer
GDS2771,9,10,GSM94026,train,cancer
GDS2771,9,10,GSM94027,train,cancer
GDS2771,9,10,GSM94028,train,cancer
GDS2771,9,10,GSM94029,train,cancer
GDS2771,9,10,GSM94030,train,cancer
GDS2771,9,10,GSM94031,train,cancer
GDS2771,9,10,GSM94032,train,cancer
GDS2771,9,10,GSM94033,train,cancer
GDS2771,9,10,GSM94035,train,cancer
GDS2771,9,10,GSM94036,train,cancer
GDS2771,9,10,GSM94037,train,cancer
GDS2771,9,10,GSM94038,train,cancer
GDS2771,9,10,GSM94039,train,cancer
GDS2771,9,10,GSM94040,train,cancer
GDS2771,9,10,GSM94041,train,cancer
GDS2771,9,10,GSM94042,train,cancer
GDS2771,9,10,GSM94044,train,cancer
GDS2771,9,10,GSM94045,train,cancer
GDS2771,9,10,GSM94046,train,cancer
GDS2771,9,10,GSM94047,train,cancer
GDS2771,9,10,GSM94048,train,cancer
GDS2771,9,10,GSM94049,train,cancer
GDS2771,9,10,GSM94050,train,cancer
GDS2771,9,10,GSM94051,train,cancer
GDS2771,9,10,GSM94052,train,cancer
GDS2771,9,10,GSM94053,train,cancer
GDS2771,9,10,GSM94054,train,cancer
GDS2771,9,10,GSM94055,train,cancer
GDS2771,9,10,GSM94056,train,cancer
GDS2771,9,10,GSM94057,train,cancer
GDS2771,9,10,GSM94058,train,cancer
GDS2771,9,10,GSM94059,train,cancer
GDS2771,9,10,GSM94060,train,cancer
GDS2771,9,10,GSM94061,train,cancer
GDS2771,9,10,GSM94063,train,cancer
GDS2771,9,10,GSM94064,train,cancer
GDS2771,9,10,GSM94065,train,cancer
GDS2771,9,10,GSM94066,train,cancer
GDS2771,9,10,GSM94067,train,cancer
GDS2771,9,10,GSM94068,train,cancer
GDS2771,9,10,GSM94069,train,cancer
GDS2771,9,10,GSM94071,train,cancer
GDS2771,9,10,GSM94072,train,cancer
GDS2771,9,10,GSM94073,train,cancer
GDS2771,9,10,GSM94074,train,cancer
GDS2771,9,10,GSM94075,train,cancer
GDS2771,9,10,GSM94155,train,cancer
GDS2771,9,10,GSM94156,train,cancer
GDS2771,9,10,GSM94157,train,cancer
GDS2771,9,10,GSM94160,train,cancer
GDS2771,9,10,GSM94161,train,cancer
GDS2771,9,10,GSM94162,train,cancer
GDS2771,9,10,GSM94163,train,cancer
GDS2771,9,10,GSM94164,train,cancer
GDS2771,9,10,GSM94165,train,cancer
GDS2771,9,10,GSM94166,train,cancer
GDS2771,9,10,GSM94167,train,cancer
GDS2771,9,10,GSM94168,train,cancer
GDS2771,9,10,GSM94169,train,cancer
GDS2771,9,10,GSM94170,train,cancer
GDS2771,9,10,GSM94171,train,cancer
GDS2771,9,10,GSM94173,train,cancer
GDS2771,9,10,GSM94174,train,cancer
GDS2771,9,10,GSM94175,train,cancer
GDS2771,9,10,GSM94176,train,cancer
GDS2771,9,10,GSM94177,train,cancer
GDS2771,9,10,GSM94178,train,cancer
GDS2771,9,10,GSM98768,train,cancer
GDS2771,9,10,GSM98769,train,cancer
GDS2771,9,10,GSM98770,train,cancer
GDS2771,9,10,GSM98771,train,cancer
GDS2771,9,10,GSM98772,train,cancer
GDS2771,9,10,GSM98773,train,cancer
GDS2771,9,10,GSM98775,train,cancer
GDS2771,9,10,GSM98776,train,cancer
GDS2771,9,10,GSM98777,train,cancer
GDS2771,9,10,GSM98778,train,cancer
GDS2771,9,10,GSM98779,train,cancer
GDS2771,9,10,GSM98780,train,cancer
GDS2771,9,10,GSM98781,train,cancer
GDS2771,9,10,GSM98782,train,cancer
GDS2771,9,10,GSM98783,train,cancer
GDS2771,9,10,GSM98784,train,cancer
GDS2771,9,10,GSM98871,train,cancer
GDS2771,9,10,GSM98873,train,cancer
GDS2771,9,10,GSM98874,train,cancer
GDS2771,9,10,GSM98875,train,cancer
GDS2771,9,10,GSM94088,test,no_cancer
GDS2771,9,10,GSM94091,test,no_cancer
GDS2771,9,10,GSM94092,test,no_cancer
GDS2771,9,10,GSM94106,test,no_cancer
GDS2771,9,10,GSM94109,test,no_cancer
GDS2771,9,10,GSM94128,test,no_cancer
GDS2771,9,10,GSM94130,test,no_cancer
GDS2771,9,10,GSM98793,test,no_cancer
GDS2771,9,10,GSM98800,test,no_cancer
GDS2771,9,10,GSM94021,test,cancer
GDS2771,9,10,GSM94022,test,cancer
GDS2771,9,10,GSM94034,test,cancer
GDS2771,9,10,GSM94043,test,cancer
GDS2771,9,10,GSM94062,test,cancer
GDS2771,9,10,GSM94070,test,cancer
GDS2771,9,10,GSM94172,test,cancer
GDS2771,9,10,GSM98767,test,cancer
GDS2771,9,10,GSM98774,test,cancer
GDS2771,9,10,GSM98872,test,cancer
GDS2771,10,1,GSM94077,train,no_cancer
GDS2771,10,1,GSM94079,train,no_cancer
GDS2771,10,1,GSM94080,train,no_cancer
GDS2771,10,1,GSM94081,train,no_cancer
GDS2771,10,1,GSM94082,train,no_cancer
GDS2771,10,1,GSM94083,train,no_cancer
GDS2771,10,1,GSM94084,train,no_cancer
GDS2771,10,1,GSM94085,train,no_cancer
GDS2771,10,1,GSM94086,train,no_cancer
GDS2771,10,1,GSM94087,train,no_cancer
GDS2771,10,1,GSM94088,train,no_cancer
GDS2771,10,1,GSM94089,train,no_cancer
GDS2771,10,1,GSM94090,train,no_cancer
GDS2771,10,1,GSM94091,train,no_cancer
GDS2771,10,1,GSM94092,train,no_cancer
GDS2771,10,1,GSM94093,train,no_cancer
GDS2771,10,1,GSM94094,train,no_cancer
GDS2771,10,1,GSM94095,train,no_cancer
GDS2771,10,1,GSM94096,train,no_cancer
GDS2771,10,1,GSM94097,train,no_cancer
GDS2771,10,1,GSM94098,train,no_cancer
GDS2771,10,1,GSM94099,train,no_cancer
GDS2771,10,1,GSM94100,train,no_cancer
GDS2771,10,1,GSM94101,train,no_cancer
GDS2771,10,1,GSM94103,train,no_cancer
GDS2771,10,1,GSM94104,train,no_cancer
GDS2771,10,1,GSM94105,train,no_cancer
GDS2771,10,1,GSM94106,train,no_cancer
GDS2771,10,1,GSM94107,train,no_cancer
GDS2771,10,1,GSM94108,train,no_cancer
GDS2771,10,1,GSM94109,train,no_cancer
GDS2771,10,1,GSM94110,train,no_cancer
GDS2771,10,1,GSM94111,train,no_cancer
GDS2771,10,1,GSM94112,train,no_cancer
GDS2771,10,1,GSM94113,train,no_cancer
GDS2771,10,1,GSM94114,train,no_cancer
GDS2771,10,1,GSM94115,train,no_cancer
GDS2771,10,1,GSM94116,train,no_cancer
GDS2771,10,1,GSM94118,train,no_cancer
GDS2771,10,1,GSM94119,train,no_cancer
GDS2771,10,1,GSM94120,train,no_cancer
GDS2771,10,1,GSM94121,train,no_cancer
GDS2771,10,1,GSM94122,train,no_cancer
GDS2771,10,1,GSM94123,train,no_cancer
GDS2771,10,1,GSM94124,train,no_cancer
GDS2771,10,1,GSM94125,train,no_cancer
GDS2771,10,1,GSM94126,train,no_cancer
GDS2771,10,1,GSM94127,train,no_cancer
GDS2771,10,1,GSM94128,train,no_cancer
GDS2771,10,1,GSM94129,train,no_cancer
GDS2771,10,1,GSM94130,train,no_cancer
GDS2771,10,1,GSM94132,train,no_cancer
GDS2771,10,1,GSM94133,train,no_cancer
GDS2771,10,1,GSM94134,train,no_cancer
GDS2771,10,1,GSM94135,train,no_cancer
GDS2771,10,1,GSM94136,train,no_cancer
GDS2771,10,1,GSM94137,train,no_cancer
GDS2771,10,1,GSM94139,train,no_cancer
GDS2771,10,1,GSM94140,train,no_cancer
GDS2771,10,1,GSM94141,train,no_cancer
GDS2771,10,1,GSM94142,train,no_cancer
GDS2771,10,1,GSM94143,train,no_cancer
GDS2771,10,1,GSM94144,train,no_cancer
GDS2771,10,1,GSM94145,train,no_cancer
GDS2771,10,1,GSM94146,train,no_cancer
GDS2771,10,1,GSM94147,train,no_cancer
GDS2771,10,1,GSM94148,train,no_cancer
GDS2771,10,1,GSM98785,train,no_cancer
GDS2771,10,1,GSM98786,train,no_cancer
GDS2771,10,1,GSM98787,train,no_cancer
GDS2771,10,1,GSM98788,train,no_cancer
GDS2771,10,1,GSM98789,train,no_cancer
GDS2771,10,1,GSM98790,train,no_cancer
GDS2771,10,1,GSM98791,train,no_cancer
GDS2771,10,1,GSM98792,train,no_cancer
GDS2771,10,1,GSM98796,train,no_cancer
GDS2771,10,1,GSM98797,train,no_cancer
GDS2771,10,1,GSM98798,train,no_cancer
GDS2771,10,1,GSM98799,train,no_cancer
GDS2771,10,1,GSM98800,train,no_cancer
GDS2771,10,1,GSM98801,train,no_cancer
GDS2771,10,1,GSM94019,train,cancer
GDS2771,10,1,GSM94020,train,cancer
GDS2771,10,1,GSM94021,train,cancer
GDS2771,10,1,GSM94023,train,cancer
GDS2771,10,1,GSM94024,train,cancer
GDS2771,10,1,GSM94025,train,cancer
GDS2771,10,1,GSM94026,train,cancer
GDS2771,10,1,GSM94027,train,cancer
GDS2771,10,1,GSM94028,train,cancer
GDS2771,10,1,GSM94030,train,cancer
GDS2771,10,1,GSM94031,train,cancer
GDS2771,10,1,GSM94032,train,cancer
GDS2771,10,1,GSM94033,train,cancer
GDS2771,10,1,GSM94034,train,cancer
GDS2771,10,1,GSM94035,train,cancer
GDS2771,10,1,GSM94036,train,cancer
GDS2771,10,1,GSM94037,train,cancer
GDS2771,10,1,GSM94038,train,cancer
GDS2771,10,1,GSM94039,train,cancer
GDS2771,10,1,GSM94040,train,cancer
GDS2771,10,1,GSM94041,train,cancer
GDS2771,10,1,GSM94042,train,cancer
GDS2771,10,1,GSM94043,train,cancer
GDS2771,10,1,GSM94044,train,cancer
GDS2771,10,1,GSM94046,train,cancer
GDS2771,10,1,GSM94047,train,cancer
GDS2771,10,1,GSM94048,train,cancer
GDS2771,10,1,GSM94050,train,cancer
GDS2771,10,1,GSM94051,train,cancer
GDS2771,10,1,GSM94052,train,cancer
GDS2771,10,1,GSM94053,train,cancer
GDS2771,10,1,GSM94054,train,cancer
GDS2771,10,1,GSM94055,train,cancer
GDS2771,10,1,GSM94056,train,cancer
GDS2771,10,1,GSM94057,train,cancer
GDS2771,10,1,GSM94059,train,cancer
GDS2771,10,1,GSM94060,train,cancer
GDS2771,10,1,GSM94061,train,cancer
GDS2771,10,1,GSM94062,train,cancer
GDS2771,10,1,GSM94063,train,cancer
GDS2771,10,1,GSM94065,train,cancer
GDS2771,10,1,GSM94066,train,cancer
GDS2771,10,1,GSM94067,train,cancer
GDS2771,10,1,GSM94068,train,cancer
GDS2771,10,1,GSM94069,train,cancer
GDS2771,10,1,GSM94070,train,cancer
GDS2771,10,1,GSM94071,train,cancer
GDS2771,10,1,GSM94072,train,cancer
GDS2771,10,1,GSM94073,train,cancer
GDS2771,10,1,GSM94074,train,cancer
GDS2771,10,1,GSM94075,train,cancer
GDS2771,10,1,GSM94155,train,cancer
GDS2771,10,1,GSM94157,train,cancer
GDS2771,10,1,GSM94160,train,cancer
GDS2771,10,1,GSM94161,train,cancer
GDS2771,10,1,GSM94162,train,cancer
GDS2771,10,1,GSM94163,train,cancer
GDS2771,10,1,GSM94164,train,cancer
GDS2771,10,1,GSM94165,train,cancer
GDS2771,10,1,GSM94166,train,cancer
GDS2771,10,1,GSM94167,train,cancer
GDS2771,10,1,GSM94168,train,cancer
GDS2771,10,1,GSM94169,train,cancer
GDS2771,10,1,GSM94170,train,cancer
GDS2771,10,1,GSM94171,train,cancer
GDS2771,10,1,GSM94172,train,cancer
GDS2771,10,1,GSM94173,train,cancer
GDS2771,10,1,GSM94174,train,cancer
GDS2771,10,1,GSM94175,train,cancer
GDS2771,10,1,GSM94176,train,cancer
GDS2771,10,1,GSM94177,train,cancer
GDS2771,10,1,GSM94178,train,cancer
GDS2771,10,1,GSM98767,train,cancer
GDS2771,10,1,GSM98768,train,cancer
GDS2771,10,1,GSM98769,train,cancer
GDS2771,10,1,GSM98770,train,cancer
GDS2771,10,1,GSM98771,train,cancer
GDS2771,10,1,GSM98772,train,cancer
GDS2771,10,1,GSM98773,train,cancer
GDS2771,10,1,GSM98774,train,cancer
GDS2771,10,1,GSM98775,train,cancer
GDS2771,10,1,GSM98776,train,cancer
GDS2771,10,1,GSM98780,train,cancer
GDS2771,10,1,GSM98781,train,cancer
GDS2771,10,1,GSM98782,train,cancer
GDS2771,10,1,GSM98783,train,cancer
GDS2771,10,1,GSM98784,train,cancer
GDS2771,10,1,GSM98871,train,cancer
GDS2771,10,1,GSM98873,train,cancer
GDS2771,10,1,GSM98874,train,cancer
GDS2771,10,1,GSM98875,train,cancer
GDS2771,10,1,GSM93997,test,no_cancer
GDS2771,10,1,GSM94078,test,no_cancer
GDS2771,10,1,GSM94102,test,no_cancer
GDS2771,10,1,GSM94117,test,no_cancer
GDS2771,10,1,GSM94131,test,no_cancer
GDS2771,10,1,GSM94138,test,no_cancer
GDS2771,10,1,GSM98793,test,no_cancer
GDS2771,10,1,GSM98794,test,no_cancer
GDS2771,10,1,GSM98795,test,no_cancer
GDS2771,10,1,GSM94022,test,cancer
GDS2771,10,1,GSM94029,test,cancer
GDS2771,10,1,GSM94045,test,cancer
GDS2771,10,1,GSM94049,test,cancer
GDS2771,10,1,GSM94058,test,cancer
GDS2771,10,1,GSM94064,test,cancer
GDS2771,10,1,GSM94156,test,cancer
GDS2771,10,1,GSM98777,test,cancer
GDS2771,10,1,GSM98778,test,cancer
GDS2771,10,1,GSM98779,test,cancer
GDS2771,10,1,GSM98872,test,cancer
GDS2771,10,2,GSM93997,train,no_cancer
GDS2771,10,2,GSM94077,train,no_cancer
GDS2771,10,2,GSM94078,train,no_cancer
GDS2771,10,2,GSM94079,train,no_cancer
GDS2771,10,2,GSM94080,train,no_cancer
GDS2771,10,2,GSM94081,train,no_cancer
GDS2771,10,2,GSM94082,train,no_cancer
GDS2771,10,2,GSM94083,train,no_cancer
GDS2771,10,2,GSM94084,train,no_cancer
GDS2771,10,2,GSM94085,train,no_cancer
GDS2771,10,2,GSM94086,train,no_cancer
GDS2771,10,2,GSM94087,train,no_cancer
GDS2771,10,2,GSM94088,train,no_cancer
GDS2771,10,2,GSM94089,train,no_cancer
GDS2771,10,2,GSM94090,train,no_cancer
GDS2771,10,2,GSM94091,train,no_cancer
GDS2771,10,2,GSM94092,train,no_cancer
GDS2771,10,2,GSM94094,train,no_cancer
GDS2771,10,2,GSM94095,train,no_cancer
GDS2771,10,2,GSM94096,train,no_cancer
GDS2771,10,2,GSM94097,train,no_cancer
GDS2771,10,2,GSM94098,train,no_cancer
GDS2771,10,2,GSM94099,train,no_cancer
GDS2771,10,2,GSM94100,train,no_cancer
GDS2771,10,2,GSM94101,train,no_cancer
GDS2771,10,2,GSM94102,train,no_cancer
GDS2771,10,2,GSM94103,train,no_cancer
GDS2771,10,2,GSM94104,train,no_cancer
GDS2771,10,2,GSM94105,train,no_cancer
GDS2771,10,2,GSM94106,train,no_cancer
GDS2771,10,2,GSM94107,train,no_cancer
GDS2771,10,2,GSM94108,train,no_cancer
GDS2771,10,2,GSM94109,train,no_cancer
GDS2771,10,2,GSM94110,train,no_cancer
GDS2771,10,2,GSM94111,train,no_cancer
GDS2771,10,2,GSM94112,train,no_cancer
GDS2771,10,2,GSM94113,train,no_cancer
GDS2771,10,2,GSM94114,train,no_cancer
GDS2771,10,2,GSM94115,train,no_cancer
GDS2771,10,2,GSM94116,train,no_cancer
GDS2771,10,2,GSM94117,train,no_cancer
GDS2771,10,2,GSM94118,train,no_cancer
GDS2771,10,2,GSM94120,train,no_cancer
GDS2771,10,2,GSM94121,train,no_cancer
GDS2771,10,2,GSM94123,train,no_cancer
GDS2771,10,2,GSM94124,train,no_cancer
GDS2771,10,2,GSM94127,train,no_cancer
GDS2771,10,2,GSM94128,train,no_cancer
GDS2771,10,2,GSM94129,train,no_cancer
GDS2771,10,2,GSM94130,train,no_cancer
GDS2771,10,2,GSM94131,train,no_cancer
GDS2771,10,2,GSM94132,train,no_cancer
GDS2771,10,2,GSM94133,train,no_cancer
GDS2771,10,2,GSM94134,train,no_cancer
GDS2771,10,2,GSM94135,train,no_cancer
GDS2771,10,2,GSM94136,train,no_cancer
GDS2771,10,2,GSM94137,train,no_cancer
GDS2771,10,2,GSM94138,train,no_cancer
GDS2771,10,2,GSM94139,train,no_cancer
GDS2771,10,2,GSM94141,train,no_cancer
GDS2771,10,2,GSM94142,train,no_cancer
GDS2771,10,2,GSM94143,train,no_cancer
GDS2771,10,2,GSM94144,train,no_cancer
GDS2771,10,2,GSM94146,train,no_cancer
GDS2771,10,2,GSM94147,train,no_cancer
GDS2771,10,2,GSM98785,train,no_cancer
GDS2771,10,2,GSM98787,train,no_cancer
GDS2771,10,2,GSM98788,train,no_cancer
GDS2771,10,2,GSM98789,train,no_cancer
GDS2771,10,2,GSM98790,train,no_cancer
GDS2771,10,2,GSM98791,train,no_cancer
GDS2771,10,2,GSM98792,train,no_cancer
GDS2771,10,2,GSM98793,train,no_cancer
GDS2771,10,2,GSM98794,train,no_cancer
GDS2771,10,2,GSM98795,train,no_cancer
GDS2771,10,2,GSM98796,train,no_cancer
GDS2771,10,2,GSM98797,train,no_cancer
GDS2771,10,2,GSM98798,train,no_cancer
GDS2771,10,2,GSM98799,train,no_cancer
GDS2771,10,2,GSM98800,train,no_cancer
GDS2771,10,2,GSM98801,train,no_cancer
GDS2771,10,2,GSM94019,train,cancer
GDS2771,10,2,GSM94020,train,cancer
GDS2771,10,2,GSM94021,train,cancer
GDS2771,10,2,GSM94022,train,cancer
GDS2771,10,2,GSM94023,train,cancer
GDS2771,10,2,GSM94024,train,cancer
GDS2771,10,2,GSM94025,train,cancer
GDS2771,10,2,GSM94026,train,cancer
GDS2771,10,2,GSM94027,train,cancer
GDS2771,10,2,GSM94028,train,cancer
GDS2771,10,2,GSM94029,train,cancer
GDS2771,10,2,GSM94030,train,cancer
GDS2771,10,2,GSM94031,train,cancer
GDS2771,10,2,GSM94032,train,cancer
GDS2771,10,2,GSM94033,train,cancer
GDS2771,10,2,GSM94035,train,cancer
GDS2771,10,2,GSM94036,train,cancer
GDS2771,10,2,GSM94037,train,cancer
GDS2771,10,2,GSM94038,train,cancer
GDS2771,10,2,GSM94039,train,cancer
GDS2771,10,2,GSM94040,train,cancer
GDS2771,10,2,GSM94042,train,cancer
GDS2771,10,2,GSM94043,train,cancer
GDS2771,10,2,GSM94044,train,cancer
GDS2771,10,2,GSM94045,train,cancer
GDS2771,10,2,GSM94046,train,cancer
GDS2771,10,2,GSM94047,train,cancer
GDS2771,10,2,GSM94048,train,cancer
GDS2771,10,2,GSM94049,train,cancer
GDS2771,10,2,GSM94050,train,cancer
GDS2771,10,2,GSM94051,train,cancer
GDS2771,10,2,GSM94052,train,cancer
GDS2771,10,2,GSM94053,train,cancer
GDS2771,10,2,GSM94055,train,cancer
GDS2771,10,2,GSM94056,train,cancer
GDS2771,10,2,GSM94057,train,cancer
GDS2771,10,2,GSM94058,train,cancer
GDS2771,10,2,GSM94059,train,cancer
GDS2771,10,2,GSM94060,train,cancer
GDS2771,10,2,GSM94061,train,cancer
GDS2771,10,2,GSM94062,train,cancer
GDS2771,10,2,GSM94063,train,cancer
GDS2771,10,2,GSM94064,train,cancer
GDS2771,10,2,GSM94065,train,cancer
GDS2771,10,2,GSM94066,train,cancer
GDS2771,10,2,GSM94067,train,cancer
GDS2771,10,2,GSM94068,train,cancer
GDS2771,10,2,GSM94069,train,cancer
GDS2771,10,2,GSM94071,train,cancer
GDS2771,10,2,GSM94072,train,cancer
GDS2771,10,2,GSM94073,train,cancer
GDS2771,10,2,GSM94074,train,cancer
GDS2771,10,2,GSM94155,train,cancer
GDS2771,10,2,GSM94156,train,cancer
GDS2771,10,2,GSM94157,train,cancer
GDS2771,10,2,GSM94160,train,cancer
GDS2771,10,2,GSM94161,train,cancer
GDS2771,10,2,GSM94162,train,cancer
GDS2771,10,2,GSM94164,train,cancer
GDS2771,10,2,GSM94165,train,cancer
GDS2771,10,2,GSM94166,train,cancer
GDS2771,10,2,GSM94168,train,cancer
GDS2771,10,2,GSM94169,train,cancer
GDS2771,10,2,GSM94170,train,cancer
GDS2771,10,2,GSM94171,train,cancer
GDS2771,10,2,GSM94172,train,cancer
GDS2771,10,2,GSM94173,train,cancer
GDS2771,10,2,GSM94174,train,cancer
GDS2771,10,2,GSM94175,train,cancer
GDS2771,10,2,GSM94176,train,cancer
GDS2771,10,2,GSM94177,train,cancer
GDS2771,10,2,GSM94178,train,cancer
GDS2771,10,2,GSM98767,train,cancer
GDS2771,10,2,GSM98769,train,cancer
GDS2771,10,2,GSM98770,train,cancer
GDS2771,10,2,GSM98771,train,cancer
GDS2771,10,2,GSM98773,train,cancer
GDS2771,10,2,GSM98774,train,cancer
GDS2771,10,2,GSM98776,train,cancer
GDS2771,10,2,GSM98777,train,cancer
GDS2771,10,2,GSM98778,train,cancer
GDS2771,10,2,GSM98779,train,cancer
GDS2771,10,2,GSM98780,train,cancer
GDS2771,10,2,GSM98781,train,cancer
GDS2771,10,2,GSM98782,train,cancer
GDS2771,10,2,GSM98783,train,cancer
GDS2771,10,2,GSM98784,train,cancer
GDS2771,10,2,GSM98871,train,cancer
GDS2771,10,2,GSM98872,train,cancer
GDS2771,10,2,GSM98873,train,cancer
GDS2771,10,2,GSM98874,train,cancer
GDS2771,10,2,GSM94093,test,no_cancer
GDS2771,10,2,GSM94119,test,no_cancer
GDS2771,10,2,GSM94122,test,no_cancer
GDS2771,10,2,GSM94125,test,no_cancer
GDS2771,10,2,GSM94126,test,no_cancer
GDS2771,10,2,GSM94140,test,no_cancer
GDS2771,10,2,GSM94145,test,no_cancer
GDS2771,10,2,GSM94148,test,no_cancer
GDS2771,10,2,GSM98786,test,no_cancer
GDS2771,10,2,GSM94034,test,cancer
GDS2771,10,2,GSM94041,test,cancer
GDS2771,10,2,GSM94054,test,cancer
GDS2771,10,2,GSM94070,test,cancer
GDS2771,10,2,GSM94075,test,cancer
GDS2771,10,2,GSM94163,test,cancer
GDS2771,10,2,GSM94167,test,cancer
GDS2771,10,2,GSM98768,test,cancer
GDS2771,10,2,GSM98772,test,cancer
GDS2771,10,2,GSM98775,test,cancer
GDS2771,10,2,GSM98875,test,cancer
GDS2771,10,3,GSM93997,train,no_cancer
GDS2771,10,3,GSM94077,train,no_cancer
GDS2771,10,3,GSM94078,train,no_cancer
GDS2771,10,3,GSM94079,train,no_cancer
GDS2771,10,3,GSM94080,train,no_cancer
GDS2771,10,3,GSM94081,train,no_cancer
GDS2771,10,3,GSM94083,train,no_cancer
GDS2771,10,3,GSM94084,train,no_cancer
GDS2771,10,3,GSM94085,train,no_cancer
GDS2771,10,3,GSM94086,train,no_cancer
GDS2771,10,3,GSM94087,train,no_cancer
GDS2771,10,3,GSM94088,train,no_cancer
GDS2771,10,3,GSM94089,train,no_cancer
GDS2771,10,3,GSM94090,train,no_cancer
GDS2771,10,3,GSM94092,train,no_cancer
GDS2771,10,3,GSM94093,train,no_cancer
GDS2771,10,3,GSM94094,train,no_cancer
GDS2771,10,3,GSM94095,train,no_cancer
GDS2771,10,3,GSM94096,train,no_cancer
GDS2771,10,3,GSM94097,train,no_cancer
GDS2771,10,3,GSM94098,train,no_cancer
GDS2771,10,3,GSM94099,train,no_cancer
GDS2771,10,3,GSM94100,train,no_cancer
GDS2771,10,3,GSM94101,train,no_cancer
GDS2771,10,3,GSM94102,train,no_cancer
GDS2771,10,3,GSM94103,train,no_cancer
GDS2771,10,3,GSM94104,train,no_cancer
GDS2771,10,3,GSM94105,train,no_cancer
GDS2771,10,3,GSM94106,train,no_cancer
GDS2771,10,3,GSM94107,train,no_cancer
GDS2771,10,3,GSM94108,train,no_cancer
GDS2771,10,3,GSM94109,train,no_cancer
GDS2771,10,3,GSM94110,train,no_cancer
GDS2771,10,3,GSM94111,train,no_cancer
GDS2771,10,3,GSM94112,train,no_cancer
GDS2771,10,3,GSM94113,train,no_cancer
GDS2771,10,3,GSM94114,train,no_cancer
GDS2771,10,3,GSM94116,train,no_cancer
GDS2771,10,3,GSM94117,train,no_cancer
GDS2771,10,3,GSM94118,train,no_cancer
GDS2771,10,3,GSM94119,train,no_cancer
GDS2771,10,3,GSM94120,train,no_cancer
GDS2771,10,3,GSM94122,train,no_cancer
GDS2771,10,3,GSM94124,train,no_cancer
GDS2771,10,3,GSM94125,train,no_cancer
GDS2771,10,3,GSM94126,train,no_cancer
GDS2771,10,3,GSM94127,train,no_cancer
GDS2771,10,3,GSM94128,train,no_cancer
GDS2771,10,3,GSM94129,train,no_cancer
GDS2771,10,3,GSM94130,train,no_cancer
GDS2771,10,3,GSM94131,train,no_cancer
GDS2771,10,3,GSM94132,train,no_cancer
GDS2771,10,3,GSM94133,train,no_cancer
GDS2771,10,3,GSM94134,train,no_cancer
GDS2771,10,3,GSM94135,train,no_cancer
GDS2771,10,3,GSM94137,train,no_cancer
GDS2771,10,3,GSM94138,train,no_cancer
GDS2771,10,3,GSM94139,train,no_cancer
GDS2771,10,3,GSM94140,train,no_cancer
GDS2771,10,3,GSM94141,train,no_cancer
GDS2771,10,3,GSM94142,train,no_cancer
GDS2771,10,3,GSM94143,train,no_cancer
GDS2771,10,3,GSM94144,train,no_cancer
GDS2771,10,3,GSM94145,train,no_cancer
GDS2771,10,3,GSM94146,train,no_cancer
GDS2771,10,3,GSM94148,train,no_cancer
GDS2771,10,3,GSM98786,train,no_cancer
GDS2771,10,3,GSM98787,train,no_cancer
GDS2771,10,3,GSM98788,train,no_cancer
GDS2771,10,3,GSM98790,train,no_cancer
GDS2771,10,3,GSM98791,train,no_cancer
GDS2771,10,3,GSM98792,train,no_cancer
GDS2771,10,3,GSM98793,train,no_cancer
GDS2771,10,3,GSM98794,train,no_cancer
GDS2771,10,3,GSM98795,train,no_cancer
GDS2771,10,3,GSM98796,train,no_cancer
GDS2771,10,3,GSM98797,train,no_cancer
GDS2771,10,3,GSM98798,train,no_cancer
GDS2771,10,3,GSM98799,train,no_cancer
GDS2771,10,3,GSM98800,train,no_cancer
GDS2771,10,3,GSM98801,train,no_cancer
GDS2771,10,3,GSM94020,train,cancer
GDS2771,10,3,GSM94021,train,cancer
GDS2771,10,3,GSM94022,train,cancer
GDS2771,10,3,GSM94023,train,cancer
GDS2771,10,3,GSM94024,train,cancer
GDS2771,10,3,GSM94025,train,cancer
GDS2771,10,3,GSM94026,train,cancer
GDS2771,10,3,GSM94027,train,cancer
GDS2771,10,3,GSM94028,train,cancer
GDS2771,10,3,GSM94029,train,cancer
GDS2771,10,3,GSM94030,train,cancer
GDS2771,10,3,GSM94031,train,cancer
GDS2771,10,3,GSM94032,train,cancer
GDS2771,10,3,GSM94033,train,cancer
GDS2771,10,3,GSM94034,train,cancer
GDS2771,10,3,GSM94036,train,cancer
GDS2771,10,3,GSM94037,train,cancer
GDS2771,10,3,GSM94038,train,cancer
GDS2771,10,3,GSM94039,train,cancer
GDS2771,10,3,GSM94040,train,cancer
GDS2771,10,3,GSM94041,train,cancer
GDS2771,10,3,GSM94042,train,cancer
GDS2771,10,3,GSM94043,train,cancer
GDS2771,10,3,GSM94044,train,cancer
GDS2771,10,3,GSM94045,train,cancer
GDS2771,10,3,GSM94046,train,cancer
GDS2771,10,3,GSM94047,train,cancer
GDS2771,10,3,GSM94048,train,cancer
GDS2771,10,3,GSM94049,train,cancer
GDS2771,10,3,GSM94050,train,cancer
GDS2771,10,3,GSM94053,train,cancer
GDS2771,10,3,GSM94054,train,cancer
GDS2771,10,3,GSM94055,train,cancer
GDS2771,10,3,GSM94056,train,cancer
GDS2771,10,3,GSM94057,train,cancer
GDS2771,10,3,GSM94058,train,cancer
GDS2771,10,3,GSM94059,train,cancer
GDS2771,10,3,GSM94060,train,cancer
GDS2771,10,3,GSM94061,train,cancer
GDS2771,10,3,GSM94062,train,cancer
GDS2771,10,3,GSM94063,train,cancer
GDS2771,10,3,GSM94064,train,cancer
GDS2771,10,3,GSM94065,train,cancer
GDS2771,10,3,GSM94066,train,cancer
GDS2771,10,3,GSM94067,train,cancer
GDS2771,10,3,GSM94068,train,cancer
GDS2771,10,3,GSM94069,train,cancer
GDS2771,10,3,GSM94070,train,cancer
GDS2771,10,3,GSM94071,train,cancer
GDS2771,10,3,GSM94072,train,cancer
GDS2771,10,3,GSM94073,train,cancer
GDS2771,10,3,GSM94074,train,cancer
GDS2771,10,3,GSM94075,train,cancer
GDS2771,10,3,GSM94155,train,cancer
GDS2771,10,3,GSM94156,train,cancer
GDS2771,10,3,GSM94160,train,cancer
GDS2771,10,3,GSM94161,train,cancer
GDS2771,10,3,GSM94162,train,cancer
GDS2771,10,3,GSM94163,train,cancer
GDS2771,10,3,GSM94164,train,cancer
GDS2771,10,3,GSM94166,train,cancer
GDS2771,10,3,GSM94167,train,cancer
GDS2771,10,3,GSM94168,train,cancer
GDS2771,10,3,GSM94170,train,cancer
GDS2771,10,3,GSM94171,train,cancer
GDS2771,10,3,GSM94173,train,cancer
GDS2771,10,3,GSM94174,train,cancer
GDS2771,10,3,GSM94175,train,cancer
GDS2771,10,3,GSM94176,train,cancer
GDS2771,10,3,GSM94178,train,cancer
GDS2771,10,3,GSM98767,train,cancer
GDS2771,10,3,GSM98768,train,cancer
GDS2771,10,3,GSM98770,train,cancer
GDS2771,10,3,GSM98771,train,cancer
GDS2771,10,3,GSM98772,train,cancer
GDS2771,10,3,GSM98773,train,cancer
GDS2771,10,3,GSM98774,train,cancer
GDS2771,10,3,GSM98775,train,cancer
GDS2771,10,3,GSM98776,train,cancer
GDS2771,10,3,GSM98777,train,cancer
GDS2771,10,3,GSM98778,train,cancer
GDS2771,10,3,GSM98779,train,cancer
GDS2771,10,3,GSM98780,train,cancer
GDS2771,10,3,GSM98781,train,cancer
GDS2771,10,3,GSM98782,train,cancer
GDS2771,10,3,GSM98783,train,cancer
GDS2771,10,3,GSM98784,train,cancer
GDS2771,10,3,GSM98871,train,cancer
GDS2771,10,3,GSM98872,train,cancer
GDS2771,10,3,GSM98873,train,cancer
GDS2771,10,3,GSM98874,train,cancer
GDS2771,10,3,GSM98875,train,cancer
GDS2771,10,3,GSM94082,test,no_cancer
GDS2771,10,3,GSM94091,test,no_cancer
GDS2771,10,3,GSM94115,test,no_cancer
GDS2771,10,3,GSM94121,test,no_cancer
GDS2771,10,3,GSM94123,test,no_cancer
GDS2771,10,3,GSM94136,test,no_cancer
GDS2771,10,3,GSM94147,test,no_cancer
GDS2771,10,3,GSM98785,test,no_cancer
GDS2771,10,3,GSM98789,test,no_cancer
GDS2771,10,3,GSM94019,test,cancer
GDS2771,10,3,GSM94035,test,cancer
GDS2771,10,3,GSM94051,test,cancer
GDS2771,10,3,GSM94052,test,cancer
GDS2771,10,3,GSM94157,test,cancer
GDS2771,10,3,GSM94165,test,cancer
GDS2771,10,3,GSM94169,test,cancer
GDS2771,10,3,GSM94172,test,cancer
GDS2771,10,3,GSM94177,test,cancer
GDS2771,10,3,GSM98769,test,cancer
GDS2771,10,4,GSM93997,train,no_cancer
GDS2771,10,4,GSM94078,train,no_cancer
GDS2771,10,4,GSM94079,train,no_cancer
GDS2771,10,4,GSM94080,train,no_cancer
GDS2771,10,4,GSM94081,train,no_cancer
GDS2771,10,4,GSM94082,train,no_cancer
GDS2771,10,4,GSM94084,train,no_cancer
GDS2771,10,4,GSM94085,train,no_cancer
GDS2771,10,4,GSM94086,train,no_cancer
GDS2771,10,4,GSM94087,train,no_cancer
GDS2771,10,4,GSM94088,train,no_cancer
GDS2771,10,4,GSM94089,train,no_cancer
GDS2771,10,4,GSM94090,train,no_cancer
GDS2771,10,4,GSM94091,train,no_cancer
GDS2771,10,4,GSM94092,train,no_cancer
GDS2771,10,4,GSM94093,train,no_cancer
GDS2771,10,4,GSM94094,train,no_cancer
GDS2771,10,4,GSM94095,train,no_cancer
GDS2771,10,4,GSM94096,train,no_cancer
GDS2771,10,4,GSM94097,train,no_cancer
GDS2771,10,4,GSM94098,train,no_cancer
GDS2771,10,4,GSM94099,train,no_cancer
GDS2771,10,4,GSM94100,train,no_cancer
GDS2771,10,4,GSM94101,train,no_cancer
GDS2771,10,4,GSM94102,train,no_cancer
GDS2771,10,4,GSM94103,train,no_cancer
GDS2771,10,4,GSM94104,train,no_cancer
GDS2771,10,4,GSM94105,train,no_cancer
GDS2771,10,4,GSM94106,train,no_cancer
GDS2771,10,4,GSM94107,train,no_cancer
GDS2771,10,4,GSM94108,train,no_cancer
GDS2771,10,4,GSM94110,train,no_cancer
GDS2771,10,4,GSM94111,train,no_cancer
GDS2771,10,4,GSM94112,train,no_cancer
GDS2771,10,4,GSM94113,train,no_cancer
GDS2771,10,4,GSM94114,train,no_cancer
GDS2771,10,4,GSM94115,train,no_cancer
GDS2771,10,4,GSM94116,train,no_cancer
GDS2771,10,4,GSM94117,train,no_cancer
GDS2771,10,4,GSM94118,train,no_cancer
GDS2771,10,4,GSM94119,train,no_cancer
GDS2771,10,4,GSM94120,train,no_cancer
GDS2771,10,4,GSM94121,train,no_cancer
GDS2771,10,4,GSM94122,train,no_cancer
GDS2771,10,4,GSM94123,train,no_cancer
GDS2771,10,4,GSM94124,train,no_cancer
GDS2771,10,4,GSM94125,train,no_cancer
GDS2771,10,4,GSM94126,train,no_cancer
GDS2771,10,4,GSM94127,train,no_cancer
GDS2771,10,4,GSM94128,train,no_cancer
GDS2771,10,4,GSM94129,train,no_cancer
GDS2771,10,4,GSM94130,train,no_cancer
GDS2771,10,4,GSM94131,train,no_cancer
GDS2771,10,4,GSM94132,train,no_cancer
GDS2771,10,4,GSM94133,train,no_cancer
GDS2771,10,4,GSM94134,train,no_cancer
GDS2771,10,4,GSM94136,train,no_cancer
GDS2771,10,4,GSM94137,train,no_cancer
GDS2771,10,4,GSM94138,train,no_cancer
GDS2771,10,4,GSM94139,train,no_cancer
GDS2771,10,4,GSM94140,train,no_cancer
GDS2771,10,4,GSM94144,train,no_cancer
GDS2771,10,4,GSM94145,train,no_cancer
GDS2771,10,4,GSM94146,train,no_cancer
GDS2771,10,4,GSM94147,train,no_cancer
GDS2771,10,4,GSM94148,train,no_cancer
GDS2771,10,4,GSM98785,train,no_cancer
GDS2771,10,4,GSM98786,train,no_cancer
GDS2771,10,4,GSM98787,train,no_cancer
GDS2771,10,4,GSM98788,train,no_cancer
GDS2771,10,4,GSM98789,train,no_cancer
GDS2771,10,4,GSM98790,train,no_cancer
GDS2771,10,4,GSM98791,train,no_cancer
GDS2771,10,4,GSM98792,train,no_cancer
GDS2771,10,4,GSM98793,train,no_cancer
GDS2771,10,4,GSM98794,train,no_cancer
GDS2771,10,4,GSM98795,train,no_cancer
GDS2771,10,4,GSM98797,train,no_cancer
GDS2771,10,4,GSM98798,train,no_cancer
GDS2771,10,4,GSM98800,train,no_cancer
GDS2771,10,4,GSM98801,train,no_cancer
GDS2771,10,4,GSM94019,train,cancer
GDS2771,10,4,GSM94020,train,cancer
GDS2771,10,4,GSM94021,train,cancer
GDS2771,10,4,GSM94022,train,cancer
GDS2771,10,4,GSM94024,train,cancer
GDS2771,10,4,GSM94025,train,cancer
GDS2771,10,4,GSM94026,train,cancer
GDS2771,10,4,GSM94027,train,cancer
GDS2771,10,4,GSM94028,train,cancer
GDS2771,10,4,GSM94029,train,cancer
GDS2771,10,4,GSM94030,train,cancer
GDS2771,10,4,GSM94031,train,cancer
GDS2771,10,4,GSM94032,train,cancer
GDS2771,10,4,GSM94033,train,cancer
GDS2771,10,4,GSM94034,train,cancer
GDS2771,10,4,GSM94035,train,cancer
GDS2771,10,4,GSM94036,train,cancer
GDS2771,10,4,GSM94037,train,cancer
GDS2771,10,4,GSM94038,train,cancer
GDS2771,10,4,GSM94040,train,cancer
GDS2771,10,4,GSM94041,train,cancer
GDS2771,10,4,GSM94042,train,cancer
GDS2771,10,4,GSM94043,train,cancer
GDS2771,10,4,GSM94044,train,cancer
GDS2771,10,4,GSM94045,train,cancer
GDS2771,10,4,GSM94046,train,cancer
GDS2771,10,4,GSM94047,train,cancer
GDS2771,10,4,GSM94049,train,cancer
GDS2771,10,4,GSM94051,train,cancer
GDS2771,10,4,GSM94052,train,cancer
GDS2771,10,4,GSM94053,train,cancer
GDS2771,10,4,GSM94054,train,cancer
GDS2771,10,4,GSM94055,train,cancer
GDS2771,10,4,GSM94056,train,cancer
GDS2771,10,4,GSM94058,train,cancer
GDS2771,10,4,GSM94059,train,cancer
GDS2771,10,4,GSM94060,train,cancer
GDS2771,10,4,GSM94061,train,cancer
GDS2771,10,4,GSM94062,train,cancer
GDS2771,10,4,GSM94063,train,cancer
GDS2771,10,4,GSM94064,train,cancer
GDS2771,10,4,GSM94065,train,cancer
GDS2771,10,4,GSM94066,train,cancer
GDS2771,10,4,GSM94067,train,cancer
GDS2771,10,4,GSM94068,train,cancer
GDS2771,10,4,GSM94069,train,cancer
GDS2771,10,4,GSM94070,train,cancer
GDS2771,10,4,GSM94071,train,cancer
GDS2771,10,4,GSM94072,train,cancer
GDS2771,10,4,GSM94073,train,cancer
GDS2771,10,4,GSM94074,train,cancer
GDS2771,10,4,GSM94075,train,cancer
GDS2771,10,4,GSM94155,train,cancer
GDS2771,10,4,GSM94156,train,cancer
GDS2771,10,4,GSM94157,train,cancer
GDS2771,10,4,GSM94160,train,cancer
GDS2771,10,4,GSM94161,train,cancer
GDS2771,10,4,GSM94162,train,cancer
GDS2771,10,4,GSM94163,train,cancer
GDS2771,10,4,GSM94164,train,cancer
GDS2771,10,4,GSM94165,train,cancer
GDS2771,10,4,GSM94166,train,cancer
GDS2771,10,4,GSM94167,train,cancer
GDS2771,10,4,GSM94168,train,cancer
GDS2771,10,4,GSM94169,train,cancer
GDS2771,10,4,GSM94170,train,cancer
GDS2771,10,4,GSM94171,train,cancer
GDS2771,10,4,GSM94172,train,cancer
GDS2771,10,4,GSM94174,train,cancer
GDS2771,10,4,GSM94175,train,cancer
GDS2771,10,4,GSM94176,train,cancer
GDS2771,10,4,GSM94177,train,cancer
GDS2771,10,4,GSM94178,train,cancer
GDS2771,10,4,GSM98768,train,cancer
GDS2771,10,4,GSM98769,train,cancer
GDS2771,10,4,GSM98770,train,cancer
GDS2771,10,4,GSM98771,train,cancer
GDS2771,10,4,GSM98772,train,cancer
GDS2771,10,4,GSM98773,train,cancer
GDS2771,10,4,GSM98775,train,cancer
GDS2771,10,4,GSM98776,train,cancer
GDS2771,10,4,GSM98777,train,cancer
GDS2771,10,4,GSM98778,train,cancer
GDS2771,10,4,GSM98779,train,cancer
GDS2771,10,4,GSM98780,train,cancer
GDS2771,10,4,GSM98781,train,cancer
GDS2771,10,4,GSM98783,train,cancer
GDS2771,10,4,GSM98784,train,cancer
GDS2771,10,4,GSM98871,train,cancer
GDS2771,10,4,GSM98872,train,cancer
GDS2771,10,4,GSM98873,train,cancer
GDS2771,10,4,GSM98875,train,cancer
GDS2771,10,4,GSM94077,test,no_cancer
GDS2771,10,4,GSM94083,test,no_cancer
GDS2771,10,4,GSM94109,test,no_cancer
GDS2771,10,4,GSM94135,test,no_cancer
GDS2771,10,4,GSM94141,test,no_cancer
GDS2771,10,4,GSM94142,test,no_cancer
GDS2771,10,4,GSM94143,test,no_cancer
GDS2771,10,4,GSM98796,test,no_cancer
GDS2771,10,4,GSM98799,test,no_cancer
GDS2771,10,4,GSM94023,test,cancer
GDS2771,10,4,GSM94039,test,cancer
GDS2771,10,4,GSM94048,test,cancer
GDS2771,10,4,GSM94050,test,cancer
GDS2771,10,4,GSM94057,test,cancer
GDS2771,10,4,GSM94173,test,cancer
GDS2771,10,4,GSM98767,test,cancer
GDS2771,10,4,GSM98774,test,cancer
GDS2771,10,4,GSM98782,test,cancer
GDS2771,10,4,GSM98874,test,cancer
GDS2771,10,5,GSM93997,train,no_cancer
GDS2771,10,5,GSM94077,train,no_cancer
GDS2771,10,5,GSM94078,train,no_cancer
GDS2771,10,5,GSM94080,train,no_cancer
GDS2771,10,5,GSM94081,train,no_cancer
GDS2771,10,5,GSM94082,train,no_cancer
GDS2771,10,5,GSM94083,train,no_cancer
GDS2771,10,5,GSM94084,train,no_cancer
GDS2771,10,5,GSM94085,train,no_cancer
GDS2771,10,5,GSM94086,train,no_cancer
GDS2771,10,5,GSM94088,train,no_cancer
GDS2771,10,5,GSM94089,train,no_cancer
GDS2771,10,5,GSM94090,train,no_cancer
GDS2771,10,5,GSM94091,train,no_cancer
GDS2771,10,5,GSM94093,train,no_cancer
GDS2771,10,5,GSM94094,train,no_cancer
GDS2771,10,5,GSM94095,train,no_cancer
GDS2771,10,5,GSM94096,train,no_cancer
GDS2771,10,5,GSM94097,train,no_cancer
GDS2771,10,5,GSM94098,train,no_cancer
GDS2771,10,5,GSM94099,train,no_cancer
GDS2771,10,5,GSM94100,train,no_cancer
GDS2771,10,5,GSM94101,train,no_cancer
GDS2771,10,5,GSM94102,train,no_cancer
GDS2771,10,5,GSM94103,train,no_cancer
GDS2771,10,5,GSM94104,train,no_cancer
GDS2771,10,5,GSM94105,train,no_cancer
GDS2771,10,5,GSM94107,train,no_cancer
GDS2771,10,5,GSM94108,train,no_cancer
GDS2771,10,5,GSM94109,train,no_cancer
GDS2771,10,5,GSM94110,train,no_cancer
GDS2771,10,5,GSM94111,train,no_cancer
GDS2771,10,5,GSM94113,train,no_cancer
GDS2771,10,5,GSM94115,train,no_cancer
GDS2771,10,5,GSM94116,train,no_cancer
GDS2771,10,5,GSM94117,train,no_cancer
GDS2771,10,5,GSM94118,train,no_cancer
GDS2771,10,5,GSM94119,train,no_cancer
GDS2771,10,5,GSM94120,train,no_cancer
GDS2771,10,5,GSM94121,train,no_cancer
GDS2771,10,5,GSM94122,train,no_cancer
GDS2771,10,5,GSM94123,train,no_cancer
GDS2771,10,5,GSM94124,train,no_cancer
GDS2771,10,5,GSM94125,train,no_cancer
GDS2771,10,5,GSM94126,train,no_cancer
GDS2771,10,5,GSM94127,train,no_cancer
GDS2771,10,5,GSM94128,train,no_cancer
GDS2771,10,5,GSM94129,train,no_cancer
GDS2771,10,5,GSM94130,train,no_cancer
GDS2771,10,5,GSM94131,train,no_cancer
GDS2771,10,5,GSM94132,train,no_cancer
GDS2771,10,5,GSM94133,train,no_cancer
GDS2771,10,5,GSM94134,train,no_cancer
GDS2771,10,5,GSM94135,train,no_cancer
GDS2771,10,5,GSM94136,train,no_cancer
GDS2771,10,5,GSM94137,train,no_cancer
GDS2771,10,5,GSM94138,train,no_cancer
GDS2771,10,5,GSM94140,train,no_cancer
GDS2771,10,5,GSM94141,train,no_cancer
GDS2771,10,5,GSM94142,train,no_cancer
GDS2771,10,5,GSM94143,train,no_cancer
GDS2771,10,5,GSM94144,train,no_cancer
GDS2771,10,5,GSM94145,train,no_cancer
GDS2771,10,5,GSM94146,train,no_cancer
GDS2771,10,5,GSM94147,train,no_cancer
GDS2771,10,5,GSM94148,train,no_cancer
GDS2771,10,5,GSM98785,train,no_cancer
GDS2771,10,5,GSM98786,train,no_cancer
GDS2771,10,5,GSM98787,train,no_cancer
GDS2771,10,5,GSM98788,train,no_cancer
GDS2771,10,5,GSM98789,train,no_cancer
GDS2771,10,5,GSM98790,train,no_cancer
GDS2771,10,5,GSM98791,train,no_cancer
GDS2771,10,5,GSM98793,train,no_cancer
GDS2771,10,5,GSM98794,train,no_cancer
GDS2771,10,5,GSM98795,train,no_cancer
GDS2771,10,5,GSM98796,train,no_cancer
GDS2771,10,5,GSM98798,train,no_cancer
GDS2771,10,5,GSM98799,train,no_cancer
GDS2771,10,5,GSM98800,train,no_cancer
GDS2771,10,5,GSM98801,train,no_cancer
GDS2771,10,5,GSM94019,train,cancer
GDS2771,10,5,GSM94020,train,cancer
GDS2771,10,5,GSM94021,train,cancer
GDS2771,10,5,GSM94022,train,cancer
GDS2771,10,5,GSM94023,train,cancer
GDS2771,10,5,GSM94024,train,cancer
GDS2771,10,5,GSM94025,train,cancer
GDS2771,10,5,GSM94026,train,cancer
GDS2771,10,5,GSM94027,train,cancer
GDS2771,10,5,GSM94028,train,cancer
GDS2771,10,5,GSM94029,train,cancer
GDS2771,10,5,GSM94030,train,cancer
GDS2771,10,5,GSM94031,train,cancer
GDS2771,10,5,GSM94032,train,cancer
GDS2771,10,5,GSM94033,train,cancer
GDS2771,10,5,GSM94034,train,cancer
GDS2771,10,5,GSM94035,train,cancer
GDS2771,10,5,GSM94036,train,cancer
GDS2771,10,5,GSM94037,train,cancer
GDS2771,10,5,GSM94038,train,cancer
GDS2771,10,5,GSM94039,train,cancer
GDS2771,10,5,GSM94041,train,cancer
GDS2771,10,5,GSM94043,train,cancer
GDS2771,10,5,GSM94044,train,cancer
GDS2771,10,5,GSM94045,train,cancer
GDS2771,10,5,GSM94046,train,cancer
GDS2771,10,5,GSM94047,train,cancer
GDS2771,10,5,GSM94048,train,cancer
GDS2771,10,5,GSM94049,train,cancer
GDS2771,10,5,GSM94050,train,cancer
GDS2771,10,5,GSM94051,train,cancer
GDS2771,10,5,GSM94052,train,cancer
GDS2771,10,5,GSM94054,train,cancer
GDS2771,10,5,GSM94057,train,cancer
GDS2771,10,5,GSM94058,train,cancer
GDS2771,10,5,GSM94059,train,cancer
GDS2771,10,5,GSM94060,train,cancer
GDS2771,10,5,GSM94061,train,cancer
GDS2771,10,5,GSM94063,train,cancer
GDS2771,10,5,GSM94064,train,cancer
GDS2771,10,5,GSM94065,train,cancer
GDS2771,10,5,GSM94066,train,cancer
GDS2771,10,5,GSM94067,train,cancer
GDS2771,10,5,GSM94068,train,cancer
GDS2771,10,5,GSM94069,train,cancer
GDS2771,10,5,GSM94070,train,cancer
GDS2771,10,5,GSM94071,train,cancer
GDS2771,10,5,GSM94072,train,cancer
GDS2771,10,5,GSM94073,train,cancer
GDS2771,10,5,GSM94074,train,cancer
GDS2771,10,5,GSM94075,train,cancer
GDS2771,10,5,GSM94155,train,cancer
GDS2771,10,5,GSM94156,train,cancer
GDS2771,10,5,GSM94157,train,cancer
GDS2771,10,5,GSM94162,train,cancer
GDS2771,10,5,GSM94163,train,cancer
GDS2771,10,5,GSM94164,train,cancer
GDS2771,10,5,GSM94165,train,cancer
GDS2771,10,5,GSM94167,train,cancer
GDS2771,10,5,GSM94168,train,cancer
GDS2771,10,5,GSM94169,train,cancer
GDS2771,10,5,GSM94170,train,cancer
GDS2771,10,5,GSM94171,train,cancer
GDS2771,10,5,GSM94172,train,cancer
GDS2771,10,5,GSM94173,train,cancer
GDS2771,10,5,GSM94174,train,cancer
GDS2771,10,5,GSM94175,train,cancer
GDS2771,10,5,GSM94176,train,cancer
GDS2771,10,5,GSM94177,train,cancer
GDS2771,10,5,GSM94178,train,cancer
GDS2771,10,5,GSM98767,train,cancer
GDS2771,10,5,GSM98768,train,cancer
GDS2771,10,5,GSM98769,train,cancer
GDS2771,10,5,GSM98771,train,cancer
GDS2771,10,5,GSM98772,train,cancer
GDS2771,10,5,GSM98773,train,cancer
GDS2771,10,5,GSM98774,train,cancer
GDS2771,10,5,GSM98775,train,cancer
GDS2771,10,5,GSM98776,train,cancer
GDS2771,10,5,GSM98777,train,cancer
GDS2771,10,5,GSM98778,train,cancer
GDS2771,10,5,GSM98779,train,cancer
GDS2771,10,5,GSM98780,train,cancer
GDS2771,10,5,GSM98781,train,cancer
GDS2771,10,5,GSM98782,train,cancer
GDS2771,10,5,GSM98783,train,cancer
GDS2771,10,5,GSM98784,train,cancer
GDS2771,10,5,GSM98871,train,cancer
GDS2771,10,5,GSM98872,train,cancer
GDS2771,10,5,GSM98873,train,cancer
GDS2771,10,5,GSM98874,train,cancer
GDS2771,10,5,GSM98875,train,cancer
GDS2771,10,5,GSM94079,test,no_cancer
GDS2771,10,5,GSM94087,test,no_cancer
GDS2771,10,5,GSM94092,test,no_cancer
GDS2771,10,5,GSM94106,test,no_cancer
GDS2771,10,5,GSM94112,test,no_cancer
GDS2771,10,5,GSM94114,test,no_cancer
GDS2771,10,5,GSM94139,test,no_cancer
GDS2771,10,5,GSM98792,test,no_cancer
GDS2771,10,5,GSM98797,test,no_cancer
GDS2771,10,5,GSM94040,test,cancer
GDS2771,10,5,GSM94042,test,cancer
GDS2771,10,5,GSM94053,test,cancer
GDS2771,10,5,GSM94055,test,cancer
GDS2771,10,5,GSM94056,test,cancer
GDS2771,10,5,GSM94062,test,cancer
GDS2771,10,5,GSM94160,test,cancer
GDS2771,10,5,GSM94161,test,cancer
GDS2771,10,5,GSM94166,test,cancer
GDS2771,10,5,GSM98770,test,cancer
GDS2771,10,6,GSM93997,train,no_cancer
GDS2771,10,6,GSM94077,train,no_cancer
GDS2771,10,6,GSM94078,train,no_cancer
GDS2771,10,6,GSM94079,train,no_cancer
GDS2771,10,6,GSM94081,train,no_cancer
GDS2771,10,6,GSM94082,train,no_cancer
GDS2771,10,6,GSM94083,train,no_cancer
GDS2771,10,6,GSM94084,train,no_cancer
GDS2771,10,6,GSM94085,train,no_cancer
GDS2771,10,6,GSM94086,train,no_cancer
GDS2771,10,6,GSM94087,train,no_cancer
GDS2771,10,6,GSM94089,train,no_cancer
GDS2771,10,6,GSM94090,train,no_cancer
GDS2771,10,6,GSM94091,train,no_cancer
GDS2771,10,6,GSM94092,train,no_cancer
GDS2771,10,6,GSM94093,train,no_cancer
GDS2771,10,6,GSM94094,train,no_cancer
GDS2771,10,6,GSM94095,train,no_cancer
GDS2771,10,6,GSM94096,train,no_cancer
GDS2771,10,6,GSM94098,train,no_cancer
GDS2771,10,6,GSM94099,train,no_cancer
GDS2771,10,6,GSM94100,train,no_cancer
GDS2771,10,6,GSM94101,train,no_cancer
GDS2771,10,6,GSM94102,train,no_cancer
GDS2771,10,6,GSM94105,train,no_cancer
GDS2771,10,6,GSM94106,train,no_cancer
GDS2771,10,6,GSM94109,train,no_cancer
GDS2771,10,6,GSM94110,train,no_cancer
GDS2771,10,6,GSM94111,train,no_cancer
GDS2771,10,6,GSM94112,train,no_cancer
GDS2771,10,6,GSM94113,train,no_cancer
GDS2771,10,6,GSM94114,train,no_cancer
GDS2771,10,6,GSM94115,train,no_cancer
GDS2771,10,6,GSM94116,train,no_cancer
GDS2771,10,6,GSM94117,train,no_cancer
GDS2771,10,6,GSM94118,train,no_cancer
GDS2771,10,6,GSM94119,train,no_cancer
GDS2771,10,6,GSM94120,train,no_cancer
GDS2771,10,6,GSM94121,train,no_cancer
GDS2771,10,6,GSM94122,train,no_cancer
GDS2771,10,6,GSM94123,train,no_cancer
GDS2771,10,6,GSM94124,train,no_cancer
GDS2771,10,6,GSM94125,train,no_cancer
GDS2771,10,6,GSM94126,train,no_cancer
GDS2771,10,6,GSM94127,train,no_cancer
GDS2771,10,6,GSM94128,train,no_cancer
GDS2771,10,6,GSM94129,train,no_cancer
GDS2771,10,6,GSM94130,train,no_cancer
GDS2771,10,6,GSM94131,train,no_cancer
GDS2771,10,6,GSM94132,train,no_cancer
GDS2771,10,6,GSM94133,train,no_cancer
GDS2771,10,6,GSM94134,train,no_cancer
GDS2771,10,6,GSM94135,train,no_cancer
GDS2771,10,6,GSM94136,train,no_cancer
GDS2771,10,6,GSM94137,train,no_cancer
GDS2771,10,6,GSM94138,train,no_cancer
GDS2771,10,6,GSM94139,train,no_cancer
GDS2771,10,6,GSM94140,train,no_cancer
GDS2771,10,6,GSM94141,train,no_cancer
GDS2771,10,6,GSM94142,train,no_cancer
GDS2771,10,6,GSM94143,train,no_cancer
GDS2771,10,6,GSM94145,train,no_cancer
GDS2771,10,6,GSM94147,train,no_cancer
GDS2771,10,6,GSM94148,train,no_cancer
GDS2771,10,6,GSM98785,train,no_cancer
GDS2771,10,6,GSM98786,train,no_cancer
GDS2771,10,6,GSM98787,train,no_cancer
GDS2771,10,6,GSM98788,train,no_cancer
GDS2771,10,6,GSM98789,train,no_cancer
GDS2771,10,6,GSM98790,train,no_cancer
GDS2771,10,6,GSM98791,train,no_cancer
GDS2771,10,6,GSM98792,train,no_cancer
GDS2771,10,6,GSM98793,train,no_cancer
GDS2771,10,6,GSM98794,train,no_cancer
GDS2771,10,6,GSM98795,train,no_cancer
GDS2771,10,6,GSM98796,train,no_cancer
GDS2771,10,6,GSM98797,train,no_cancer
GDS2771,10,6,GSM98798,train,no_cancer
GDS2771,10,6,GSM98799,train,no_cancer
GDS2771,10,6,GSM98800,train,no_cancer
GDS2771,10,6,GSM98801,train,no_cancer
GDS2771,10,6,GSM94019,train,cancer
GDS2771,10,6,GSM94020,train,cancer
GDS2771,10,6,GSM94021,train,cancer
GDS2771,10,6,GSM94022,train,cancer
GDS2771,10,6,GSM94023,train,cancer
GDS2771,10,6,GSM94024,train,cancer
GDS2771,10,6,GSM94025,train,cancer
GDS2771,10,6,GSM94026,train,cancer
GDS2771,10,6,GSM94028,train,cancer
GDS2771,10,6,GSM94029,train,cancer
GDS2771,10,6,GSM94031,train,cancer
GDS2771,10,6,GSM94032,train,cancer
GDS2771,10,6,GSM94033,train,cancer
GDS2771,10,6,GSM94034,train,cancer
GDS2771,10,6,GSM94035,train,cancer
GDS2771,10,6,GSM94036,train,cancer
GDS2771,10,6,GSM94037,train,cancer
GDS2771,10,6,GSM94038,train,cancer
GDS2771,10,6,GSM94039,train,cancer
GDS2771,10,6,GSM94040,train,cancer
GDS2771,10,6,GSM94041,train,cancer
GDS2771,10,6,GSM94042,train,cancer
GDS2771,10,6,GSM94044,train,cancer
GDS2771,10,6,GSM94045,train,cancer
GDS2771,10,6,GSM94046,train,cancer
GDS2771,10,6,GSM94048,train,cancer
GDS2771,10,6,GSM94049,train,cancer
GDS2771,10,6,GSM94050,train,cancer
GDS2771,10,6,GSM94051,train,cancer
GDS2771,10,6,GSM94052,train,cancer
GDS2771,10,6,GSM94053,train,cancer
GDS2771,10,6,GSM94054,train,cancer
GDS2771,10,6,GSM94055,train,cancer
GDS2771,10,6,GSM94056,train,cancer
GDS2771,10,6,GSM94057,train,cancer
GDS2771,10,6,GSM94058,train,cancer
GDS2771,10,6,GSM94060,train,cancer
GDS2771,10,6,GSM94061,train,cancer
GDS2771,10,6,GSM94062,train,cancer
GDS2771,10,6,GSM94063,train,cancer
GDS2771,10,6,GSM94064,train,cancer
GDS2771,10,6,GSM94067,train,cancer
GDS2771,10,6,GSM94068,train,cancer
GDS2771,10,6,GSM94069,train,cancer
GDS2771,10,6,GSM94070,train,cancer
GDS2771,10,6,GSM94071,train,cancer
GDS2771,10,6,GSM94073,train,cancer
GDS2771,10,6,GSM94074,train,cancer
GDS2771,10,6,GSM94075,train,cancer
GDS2771,10,6,GSM94156,train,cancer
GDS2771,10,6,GSM94157,train,cancer
GDS2771,10,6,GSM94160,train,cancer
GDS2771,10,6,GSM94161,train,cancer
GDS2771,10,6,GSM94162,train,cancer
GDS2771,10,6,GSM94163,train,cancer
GDS2771,10,6,GSM94164,train,cancer
GDS2771,10,6,GSM94165,train,cancer
GDS2771,10,6,GSM94166,train,cancer
GDS2771,10,6,GSM94167,train,cancer
GDS2771,10,6,GSM94168,train,cancer
GDS2771,10,6,GSM94169,train,cancer
GDS2771,10,6,GSM94170,train,cancer
GDS2771,10,6,GSM94171,train,cancer
GDS2771,10,6,GSM94172,train,cancer
GDS2771,10,6,GSM94173,train,cancer
GDS2771,10,6,GSM94174,train,cancer
GDS2771,10,6,GSM94175,train,cancer
GDS2771,10,6,GSM94176,train,cancer
GDS2771,10,6,GSM94177,train,cancer
GDS2771,10,6,GSM94178,train,cancer
GDS2771,10,6,GSM98767,train,cancer
GDS2771,10,6,GSM98768,train,cancer
GDS2771,10,6,GSM98769,train,cancer
GDS2771,10,6,GSM98770,train,cancer
GDS2771,10,6,GSM98772,train,cancer
GDS2771,10,6,GSM98773,train,cancer
GDS2771,10,6,GSM98774,train,cancer
GDS2771,10,6,GSM98775,train,cancer
GDS2771,10,6,GSM98776,train,cancer
GDS2771,10,6,GSM98777,train,cancer
GDS2771,10,6,GSM98778,train,cancer
GDS2771,10,6,GSM98779,train,cancer
GDS2771,10,6,GSM98780,train,cancer
GDS2771,10,6,GSM98781,train,cancer
GDS2771,10,6,GSM98782,train,cancer
GDS2771,10,6,GSM98783,train,cancer
GDS2771,10,6,GSM98784,train,cancer
GDS2771,10,6,GSM98871,train,cancer
GDS2771,10,6,GSM98872,train,cancer
GDS2771,10,6,GSM98873,train,cancer
GDS2771,10,6,GSM98874,train,cancer
GDS2771,10,6,GSM98875,train,cancer
GDS2771,10,6,GSM94080,test,no_cancer
GDS2771,10,6,GSM94088,test,no_cancer
GDS2771,10,6,GSM94097,test,no_cancer
GDS2771,10,6,GSM94103,test,no_cancer
GDS2771,10,6,GSM94104,test,no_cancer
GDS2771,10,6,GSM94107,test,no_cancer
GDS2771,10,6,GSM94108,test,no_cancer
GDS2771,10,6,GSM94144,test,no_cancer
GDS2771,10,6,GSM94146,test,no_cancer
GDS2771,10,6,GSM94027,test,cancer
GDS2771,10,6,GSM94030,test,cancer
GDS2771,10,6,GSM94043,test,cancer
GDS2771,10,6,GSM94047,test,cancer
GDS2771,10,6,GSM94059,test,cancer
GDS2771,10,6,GSM94065,test,cancer
GDS2771,10,6,GSM94066,test,cancer
GDS2771,10,6,GSM94072,test,cancer
GDS2771,10,6,GSM94155,test,cancer
GDS2771,10,6,GSM98771,test,cancer
GDS2771,10,7,GSM93997,train,no_cancer
GDS2771,10,7,GSM94077,train,no_cancer
GDS2771,10,7,GSM94078,train,no_cancer
GDS2771,10,7,GSM94079,train,no_cancer
GDS2771,10,7,GSM94080,train,no_cancer
GDS2771,10,7,GSM94081,train,no_cancer
GDS2771,10,7,GSM94082,train,no_cancer
GDS2771,10,7,GSM94083,train,no_cancer
GDS2771,10,7,GSM94084,train,no_cancer
GDS2771,10,7,GSM94085,train,no_cancer
GDS2771,10,7,GSM94087,train,no_cancer
GDS2771,10,7,GSM94088,train,no_cancer
GDS2771,10,7,GSM94090,train,no_cancer
GDS2771,10,7,GSM94091,train,no_cancer
GDS2771,10,7,GSM94092,train,no_cancer
GDS2771,10,7,GSM94093,train,no_cancer
GDS2771,10,7,GSM94095,train,no_cancer
GDS2771,10,7,GSM94096,train,no_cancer
GDS2771,10,7,GSM94097,train,no_cancer
GDS2771,10,7,GSM94098,train,no_cancer
GDS2771,10,7,GSM94100,train,no_cancer
GDS2771,10,7,GSM94101,train,no_cancer
GDS2771,10,7,GSM94102,train,no_cancer
GDS2771,10,7,GSM94103,train,no_cancer
GDS2771,10,7,GSM94104,train,no_cancer
GDS2771,10,7,GSM94105,train,no_cancer
GDS2771,10,7,GSM94106,train,no_cancer
GDS2771,10,7,GSM94107,train,no_cancer
GDS2771,10,7,GSM94108,train,no_cancer
GDS2771,10,7,GSM94109,train,no_cancer
GDS2771,10,7,GSM94111,train,no_cancer
GDS2771,10,7,GSM94112,train,no_cancer
GDS2771,10,7,GSM94113,train,no_cancer
GDS2771,10,7,GSM94114,train,no_cancer
GDS2771,10,7,GSM94115,train,no_cancer
GDS2771,10,7,GSM94116,train,no_cancer
GDS2771,10,7,GSM94117,train,no_cancer
GDS2771,10,7,GSM94118,train,no_cancer
GDS2771,10,7,GSM94119,train,no_cancer
GDS2771,10,7,GSM94120,train,no_cancer
GDS2771,10,7,GSM94121,train,no_cancer
GDS2771,10,7,GSM94122,train,no_cancer
GDS2771,10,7,GSM94123,train,no_cancer
GDS2771,10,7,GSM94124,train,no_cancer
GDS2771,10,7,GSM94125,train,no_cancer
GDS2771,10,7,GSM94126,train,no_cancer
GDS2771,10,7,GSM94127,train,no_cancer
GDS2771,10,7,GSM94129,train,no_cancer
GDS2771,10,7,GSM94131,train,no_cancer
GDS2771,10,7,GSM94132,train,no_cancer
GDS2771,10,7,GSM94133,train,no_cancer
GDS2771,10,7,GSM94135,train,no_cancer
GDS2771,10,7,GSM94136,train,no_cancer
GDS2771,10,7,GSM94137,train,no_cancer
GDS2771,10,7,GSM94138,train,no_cancer
GDS2771,10,7,GSM94139,train,no_cancer
GDS2771,10,7,GSM94140,train,no_cancer
GDS2771,10,7,GSM94141,train,no_cancer
GDS2771,10,7,GSM94142,train,no_cancer
GDS2771,10,7,GSM94143,train,no_cancer
GDS2771,10,7,GSM94144,train,no_cancer
GDS2771,10,7,GSM94145,train,no_cancer
GDS2771,10,7,GSM94146,train,no_cancer
GDS2771,10,7,GSM94147,train,no_cancer
GDS2771,10,7,GSM94148,train,no_cancer
GDS2771,10,7,GSM98785,train,no_cancer
GDS2771,10,7,GSM98786,train,no_cancer
GDS2771,10,7,GSM98787,train,no_cancer
GDS2771,10,7,GSM98789,train,no_cancer
GDS2771,10,7,GSM98790,train,no_cancer
GDS2771,10,7,GSM98791,train,no_cancer
GDS2771,10,7,GSM98792,train,no_cancer
GDS2771,10,7,GSM98793,train,no_cancer
GDS2771,10,7,GSM98794,train,no_cancer
GDS2771,10,7,GSM98795,train,no_cancer
GDS2771,10,7,GSM98796,train,no_cancer
GDS2771,10,7,GSM98797,train,no_cancer
GDS2771,10,7,GSM98798,train,no_cancer
GDS2771,10,7,GSM98799,train,no_cancer
GDS2771,10,7,GSM98800,train,no_cancer
GDS2771,10,7,GSM98801,train,no_cancer
GDS2771,10,7,GSM94019,train,cancer
GDS2771,10,7,GSM94020,train,cancer
GDS2771,10,7,GSM94021,train,cancer
GDS2771,10,7,GSM94022,train,cancer
GDS2771,10,7,GSM94023,train,cancer
GDS2771,10,7,GSM94025,train,cancer
GDS2771,10,7,GSM94026,train,cancer
GDS2771,10,7,GSM94027,train,cancer
GDS2771,10,7,GSM94028,train,cancer
GDS2771,10,7,GSM94029,train,cancer
GDS2771,10,7,GSM94030,train,cancer
GDS2771,10,7,GSM94031,train,cancer
GDS2771,10,7,GSM94032,train,cancer
GDS2771,10,7,GSM94033,train,cancer
GDS2771,10,7,GSM94034,train,cancer
GDS2771,10,7,GSM94035,train,cancer
GDS2771,10,7,GSM94036,train,cancer
GDS2771,10,7,GSM94037,train,cancer
GDS2771,10,7,GSM94038,train,cancer
GDS2771,10,7,GSM94039,train,cancer
GDS2771,10,7,GSM94040,train,cancer
GDS2771,10,7,GSM94041,train,cancer
GDS2771,10,7,GSM94042,train,cancer
GDS2771,10,7,GSM94043,train,cancer
GDS2771,10,7,GSM94044,train,cancer
GDS2771,10,7,GSM94045,train,cancer
GDS2771,10,7,GSM94046,train,cancer
GDS2771,10,7,GSM94047,train,cancer
GDS2771,10,7,GSM94048,train,cancer
GDS2771,10,7,GSM94049,train,cancer
GDS2771,10,7,GSM94050,train,cancer
GDS2771,10,7,GSM94051,train,cancer
GDS2771,10,7,GSM94052,train,cancer
GDS2771,10,7,GSM94053,train,cancer
GDS2771,10,7,GSM94054,train,cancer
GDS2771,10,7,GSM94055,train,cancer
GDS2771,10,7,GSM94056,train,cancer
GDS2771,10,7,GSM94057,train,cancer
GDS2771,10,7,GSM94058,train,cancer
GDS2771,10,7,GSM94059,train,cancer
GDS2771,10,7,GSM94061,train,cancer
GDS2771,10,7,GSM94062,train,cancer
GDS2771,10,7,GSM94063,train,cancer
GDS2771,10,7,GSM94064,train,cancer
GDS2771,10,7,GSM94065,train,cancer
GDS2771,10,7,GSM94066,train,cancer
GDS2771,10,7,GSM94067,train,cancer
GDS2771,10,7,GSM94068,train,cancer
GDS2771,10,7,GSM94069,train,cancer
GDS2771,10,7,GSM94070,train,cancer
GDS2771,10,7,GSM94071,train,cancer
GDS2771,10,7,GSM94072,train,cancer
GDS2771,10,7,GSM94074,train,cancer
GDS2771,10,7,GSM94075,train,cancer
GDS2771,10,7,GSM94155,train,cancer
GDS2771,10,7,GSM94156,train,cancer
GDS2771,10,7,GSM94157,train,cancer
GDS2771,10,7,GSM94160,train,cancer
GDS2771,10,7,GSM94161,train,cancer
GDS2771,10,7,GSM94163,train,cancer
GDS2771,10,7,GSM94165,train,cancer
GDS2771,10,7,GSM94166,train,cancer
GDS2771,10,7,GSM94167,train,cancer
GDS2771,10,7,GSM94168,train,cancer
GDS2771,10,7,GSM94169,train,cancer
GDS2771,10,7,GSM94170,train,cancer
GDS2771,10,7,GSM94171,train,cancer
GDS2771,10,7,GSM94172,train,cancer
GDS2771,10,7,GSM94173,train,cancer
GDS2771,10,7,GSM94174,train,cancer
GDS2771,10,7,GSM94175,train,cancer
GDS2771,10,7,GSM94176,train,cancer
GDS2771,10,7,GSM94177,train,cancer
GDS2771,10,7,GSM94178,train,cancer
GDS2771,10,7,GSM98767,train,cancer
GDS2771,10,7,GSM98768,train,cancer
GDS2771,10,7,GSM98769,train,cancer
GDS2771,10,7,GSM98770,train,cancer
GDS2771,10,7,GSM98771,train,cancer
GDS2771,10,7,GSM98772,train,cancer
GDS2771,10,7,GSM98773,train,cancer
GDS2771,10,7,GSM98774,train,cancer
GDS2771,10,7,GSM98775,train,cancer
GDS2771,10,7,GSM98777,train,cancer
GDS2771,10,7,GSM98778,train,cancer
GDS2771,10,7,GSM98779,train,cancer
GDS2771,10,7,GSM98781,train,cancer
GDS2771,10,7,GSM98782,train,cancer
GDS2771,10,7,GSM98784,train,cancer
GDS2771,10,7,GSM98872,train,cancer
GDS2771,10,7,GSM98874,train,cancer
GDS2771,10,7,GSM98875,train,cancer
GDS2771,10,7,GSM94086,test,no_cancer
GDS2771,10,7,GSM94089,test,no_cancer
GDS2771,10,7,GSM94094,test,no_cancer
GDS2771,10,7,GSM94099,test,no_cancer
GDS2771,10,7,GSM94110,test,no_cancer
GDS2771,10,7,GSM94128,test,no_cancer
GDS2771,10,7,GSM94130,test,no_cancer
GDS2771,10,7,GSM94134,test,no_cancer
GDS2771,10,7,GSM98788,test,no_cancer
GDS2771,10,7,GSM94024,test,cancer
GDS2771,10,7,GSM94060,test,cancer
GDS2771,10,7,GSM94073,test,cancer
GDS2771,10,7,GSM94162,test,cancer
GDS2771,10,7,GSM94164,test,cancer
GDS2771,10,7,GSM98776,test,cancer
GDS2771,10,7,GSM98780,test,cancer
GDS2771,10,7,GSM98783,test,cancer
GDS2771,10,7,GSM98871,test,cancer
GDS2771,10,7,GSM98873,test,cancer
GDS2771,10,8,GSM93997,train,no_cancer
GDS2771,10,8,GSM94077,train,no_cancer
GDS2771,10,8,GSM94078,train,no_cancer
GDS2771,10,8,GSM94079,train,no_cancer
GDS2771,10,8,GSM94080,train,no_cancer
GDS2771,10,8,GSM94082,train,no_cancer
GDS2771,10,8,GSM94083,train,no_cancer
GDS2771,10,8,GSM94084,train,no_cancer
GDS2771,10,8,GSM94085,train,no_cancer
GDS2771,10,8,GSM94086,train,no_cancer
GDS2771,10,8,GSM94087,train,no_cancer
GDS2771,10,8,GSM94088,train,no_cancer
GDS2771,10,8,GSM94089,train,no_cancer
GDS2771,10,8,GSM94091,train,no_cancer
GDS2771,10,8,GSM94092,train,no_cancer
GDS2771,10,8,GSM94093,train,no_cancer
GDS2771,10,8,GSM94094,train,no_cancer
GDS2771,10,8,GSM94096,train,no_cancer
GDS2771,10,8,GSM94097,train,no_cancer
GDS2771,10,8,GSM94098,train,no_cancer
GDS2771,10,8,GSM94099,train,no_cancer
GDS2771,10,8,GSM94101,train,no_cancer
GDS2771,10,8,GSM94102,train,no_cancer
GDS2771,10,8,GSM94103,train,no_cancer
GDS2771,10,8,GSM94104,train,no_cancer
GDS2771,10,8,GSM94105,train,no_cancer
GDS2771,10,8,GSM94106,train,no_cancer
GDS2771,10,8,GSM94107,train,no_cancer
GDS2771,10,8,GSM94108,train,no_cancer
GDS2771,10,8,GSM94109,train,no_cancer
GDS2771,10,8,GSM94110,train,no_cancer
GDS2771,10,8,GSM94112,train,no_cancer
GDS2771,10,8,GSM94113,train,no_cancer
GDS2771,10,8,GSM94114,train,no_cancer
GDS2771,10,8,GSM94115,train,no_cancer
GDS2771,10,8,GSM94116,train,no_cancer
GDS2771,10,8,GSM94117,train,no_cancer
GDS2771,10,8,GSM94118,train,no_cancer
GDS2771,10,8,GSM94119,train,no_cancer
GDS2771,10,8,GSM94121,train,no_cancer
GDS2771,10,8,GSM94122,train,no_cancer
GDS2771,10,8,GSM94123,train,no_cancer
GDS2771,10,8,GSM94125,train,no_cancer
GDS2771,10,8,GSM94126,train,no_cancer
GDS2771,10,8,GSM94127,train,no_cancer
GDS2771,10,8,GSM94128,train,no_cancer
GDS2771,10,8,GSM94130,train,no_cancer
GDS2771,10,8,GSM94131,train,no_cancer
GDS2771,10,8,GSM94132,train,no_cancer
GDS2771,10,8,GSM94133,train,no_cancer
GDS2771,10,8,GSM94134,train,no_cancer
GDS2771,10,8,GSM94135,train,no_cancer
GDS2771,10,8,GSM94136,train,no_cancer
GDS2771,10,8,GSM94137,train,no_cancer
GDS2771,10,8,GSM94138,train,no_cancer
GDS2771,10,8,GSM94139,train,no_cancer
GDS2771,10,8,GSM94140,train,no_cancer
GDS2771,10,8,GSM94141,train,no_cancer
GDS2771,10,8,GSM94142,train,no_cancer
GDS2771,10,8,GSM94143,train,no_cancer
GDS2771,10,8,GSM94144,train,no_cancer
GDS2771,10,8,GSM94145,train,no_cancer
GDS2771,10,8,GSM94146,train,no_cancer
GDS2771,10,8,GSM94147,train,no_cancer
GDS2771,10,8,GSM94148,train,no_cancer
GDS2771,10,8,GSM98785,train,no_cancer
GDS2771,10,8,GSM98786,train,no_cancer
GDS2771,10,8,GSM98787,train,no_cancer
GDS2771,10,8,GSM98788,train,no_cancer
GDS2771,10,8,GSM98789,train,no_cancer
GDS2771,10,8,GSM98790,train,no_cancer
GDS2771,10,8,GSM98792,train,no_cancer
GDS2771,10,8,GSM98793,train,no_cancer
GDS2771,10,8,GSM98794,train,no_cancer
GDS2771,10,8,GSM98795,train,no_cancer
GDS2771,10,8,GSM98796,train,no_cancer
GDS2771,10,8,GSM98797,train,no_cancer
GDS2771,10,8,GSM98798,train,no_cancer
GDS2771,10,8,GSM98799,train,no_cancer
GDS2771,10,8,GSM98800,train,no_cancer
GDS2771,10,8,GSM98801,train,no_cancer
GDS2771,10,8,GSM94019,train,cancer
GDS2771,10,8,GSM94021,train,cancer
GDS2771,10,8,GSM94022,train,cancer
GDS2771,10,8,GSM94023,train,cancer
GDS2771,10,8,GSM94024,train,cancer
GDS2771,10,8,GSM94026,train,cancer
GDS2771,10,8,GSM94027,train,cancer
GDS2771,10,8,GSM94028,train,cancer
GDS2771,10,8,GSM94029,train,cancer
GDS2771,10,8,GSM94030,train,cancer
GDS2771,10,8,GSM94031,train,cancer
GDS2771,10,8,GSM94033,train,cancer
GDS2771,10,8,GSM94034,train,cancer
GDS2771,10,8,GSM94035,train,cancer
GDS2771,10,8,GSM94036,train,cancer
GDS2771,10,8,GSM94037,train,cancer
GDS2771,10,8,GSM94039,train,cancer
GDS2771,10,8,GSM94040,train,cancer
GDS2771,10,8,GSM94041,train,cancer
GDS2771,10,8,GSM94042,train,cancer
GDS2771,10,8,GSM94043,train,cancer
GDS2771,10,8,GSM94045,train,cancer
GDS2771,10,8,GSM94046,train,cancer
GDS2771,10,8,GSM94047,train,cancer
GDS2771,10,8,GSM94048,train,cancer
GDS2771,10,8,GSM94049,train,cancer
GDS2771,10,8,GSM94050,train,cancer
GDS2771,10,8,GSM94051,train,cancer
GDS2771,10,8,GSM94052,train,cancer
GDS2771,10,8,GSM94053,train,cancer
GDS2771,10,8,GSM94054,train,cancer
GDS2771,10,8,GSM94055,train,cancer
GDS2771,10,8,GSM94056,train,cancer
GDS2771,10,8,GSM94057,train,cancer
GDS2771,10,8,GSM94058,train,cancer
GDS2771,10,8,GSM94059,train,cancer
GDS2771,10,8,GSM94060,train,cancer
GDS2771,10,8,GSM94061,train,cancer
GDS2771,10,8,GSM94062,train,cancer
GDS2771,10,8,GSM94063,train,cancer
GDS2771,10,8,GSM94064,train,cancer
GDS2771,10,8,GSM94065,train,cancer
GDS2771,10,8,GSM94066,train,cancer
GDS2771,10,8,GSM94069,train,cancer
GDS2771,10,8,GSM94070,train,cancer
GDS2771,10,8,GSM94071,train,cancer
GDS2771,10,8,GSM94072,train,cancer
GDS2771,10,8,GSM94073,train,cancer
GDS2771,10,8,GSM94074,train,cancer
GDS2771,10,8,GSM94075,train,cancer
GDS2771,10,8,GSM94155,train,cancer
GDS2771,10,8,GSM94156,train,cancer
GDS2771,10,8,GSM94157,train,cancer
GDS2771,10,8,GSM94160,train,cancer
GDS2771,10,8,GSM94161,train,cancer
GDS2771,10,8,GSM94162,train,cancer
GDS2771,10,8,GSM94163,train,cancer
GDS2771,10,8,GSM94164,train,cancer
GDS2771,10,8,GSM94165,train,cancer
GDS2771,10,8,GSM94166,train,cancer
GDS2771,10,8,GSM94167,train,cancer
GDS2771,10,8,GSM94168,train,cancer
GDS2771,10,8,GSM94169,train,cancer
GDS2771,10,8,GSM94172,train,cancer
GDS2771,10,8,GSM94173,train,cancer
GDS2771,10,8,GSM94174,train,cancer
GDS2771,10,8,GSM94175,train,cancer
GDS2771,10,8,GSM94176,train,cancer
GDS2771,10,8,GSM94177,train,cancer
GDS2771,10,8,GSM98767,train,cancer
GDS2771,10,8,GSM98768,train,cancer
GDS2771,10,8,GSM98769,train,cancer
GDS2771,10,8,GSM98770,train,cancer
GDS2771,10,8,GSM98771,train,cancer
GDS2771,10,8,GSM98772,train,cancer
GDS2771,10,8,GSM98773,train,cancer
GDS2771,10,8,GSM98774,train,cancer
GDS2771,10,8,GSM98775,train,cancer
GDS2771,10,8,GSM98776,train,cancer
GDS2771,10,8,GSM98777,train,cancer
GDS2771,10,8,GSM98778,train,cancer
GDS2771,10,8,GSM98779,train,cancer
GDS2771,10,8,GSM98780,train,cancer
GDS2771,10,8,GSM98781,train,cancer
GDS2771,10,8,GSM98782,train,cancer
GDS2771,10,8,GSM98783,train,cancer
GDS2771,10,8,GSM98784,train,cancer
GDS2771,10,8,GSM98871,train,cancer
GDS2771,10,8,GSM98872,train,cancer
GDS2771,10,8,GSM98873,train,cancer
GDS2771,10,8,GSM98874,train,cancer
GDS2771,10,8,GSM98875,train,cancer
GDS2771,10,8,GSM94081,test,no_cancer
GDS2771,10,8,GSM94090,test,no_cancer
GDS2771,10,8,GSM94095,test,no_cancer
GDS2771,10,8,GSM94100,test,no_cancer
GDS2771,10,8,GSM94111,test,no_cancer
GDS2771,10,8,GSM94120,test,no_cancer
GDS2771,10,8,GSM94124,test,no_cancer
GDS2771,10,8,GSM94129,test,no_cancer
GDS2771,10,8,GSM98791,test,no_cancer
GDS2771,10,8,GSM94020,test,cancer
GDS2771,10,8,GSM94025,test,cancer
GDS2771,10,8,GSM94032,test,cancer
GDS2771,10,8,GSM94038,test,cancer
GDS2771,10,8,GSM94044,test,cancer
GDS2771,10,8,GSM94067,test,cancer
GDS2771,10,8,GSM94068,test,cancer
GDS2771,10,8,GSM94170,test,cancer
GDS2771,10,8,GSM94171,test,cancer
GDS2771,10,8,GSM94178,test,cancer
GDS2771,10,9,GSM93997,train,no_cancer
GDS2771,10,9,GSM94077,train,no_cancer
GDS2771,10,9,GSM94078,train,no_cancer
GDS2771,10,9,GSM94079,train,no_cancer
GDS2771,10,9,GSM94080,train,no_cancer
GDS2771,10,9,GSM94081,train,no_cancer
GDS2771,10,9,GSM94082,train,no_cancer
GDS2771,10,9,GSM94083,train,no_cancer
GDS2771,10,9,GSM94084,train,no_cancer
GDS2771,10,9,GSM94086,train,no_cancer
GDS2771,10,9,GSM94087,train,no_cancer
GDS2771,10,9,GSM94088,train,no_cancer
GDS2771,10,9,GSM94089,train,no_cancer
GDS2771,10,9,GSM94090,train,no_cancer
GDS2771,10,9,GSM94091,train,no_cancer
GDS2771,10,9,GSM94092,train,no_cancer
GDS2771,10,9,GSM94093,train,no_cancer
GDS2771,10,9,GSM94094,train,no_cancer
GDS2771,10,9,GSM94095,train,no_cancer
GDS2771,10,9,GSM94097,train,no_cancer
GDS2771,10,9,GSM94099,train,no_cancer
GDS2771,10,9,GSM94100,train,no_cancer
GDS2771,10,9,GSM94102,train,no_cancer
GDS2771,10,9,GSM94103,train,no_cancer
GDS2771,10,9,GSM94104,train,no_cancer
GDS2771,10,9,GSM94106,train,no_cancer
GDS2771,10,9,GSM94107,train,no_cancer
GDS2771,10,9,GSM94108,train,no_cancer
GDS2771,10,9,GSM94109,train,no_cancer
GDS2771,10,9,GSM94110,train,no_cancer
GDS2771,10,9,GSM94111,train,no_cancer
GDS2771,10,9,GSM94112,train,no_cancer
GDS2771,10,9,GSM94114,train,no_cancer
GDS2771,10,9,GSM94115,train,no_cancer
GDS2771,10,9,GSM94117,train,no_cancer
GDS2771,10,9,GSM94118,train,no_cancer
GDS2771,10,9,GSM94119,train,no_cancer
GDS2771,10,9,GSM94120,train,no_cancer
GDS2771,10,9,GSM94121,train,no_cancer
GDS2771,10,9,GSM94122,train,no_cancer
GDS2771,10,9,GSM94123,train,no_cancer
GDS2771,10,9,GSM94124,train,no_cancer
GDS2771,10,9,GSM94125,train,no_cancer
GDS2771,10,9,GSM94126,train,no_cancer
GDS2771,10,9,GSM94127,train,no_cancer
GDS2771,10,9,GSM94128,train,no_cancer
GDS2771,10,9,GSM94129,train,no_cancer
GDS2771,10,9,GSM94130,train,no_cancer
GDS2771,10,9,GSM94131,train,no_cancer
GDS2771,10,9,GSM94133,train,no_cancer
GDS2771,10,9,GSM94134,train,no_cancer
GDS2771,10,9,GSM94135,train,no_cancer
GDS2771,10,9,GSM94136,train,no_cancer
GDS2771,10,9,GSM94137,train,no_cancer
GDS2771,10,9,GSM94138,train,no_cancer
GDS2771,10,9,GSM94139,train,no_cancer
GDS2771,10,9,GSM94140,train,no_cancer
GDS2771,10,9,GSM94141,train,no_cancer
GDS2771,10,9,GSM94142,train,no_cancer
GDS2771,10,9,GSM94143,train,no_cancer
GDS2771,10,9,GSM94144,train,no_cancer
GDS2771,10,9,GSM94145,train,no_cancer
GDS2771,10,9,GSM94146,train,no_cancer
GDS2771,10,9,GSM94147,train,no_cancer
GDS2771,10,9,GSM94148,train,no_cancer
GDS2771,10,9,GSM98785,train,no_cancer
GDS2771,10,9,GSM98786,train,no_cancer
GDS2771,10,9,GSM98787,train,no_cancer
GDS2771,10,9,GSM98788,train,no_cancer
GDS2771,10,9,GSM98789,train,no_cancer
GDS2771,10,9,GSM98790,train,no_cancer
GDS2771,10,9,GSM98791,train,no_cancer
GDS2771,10,9,GSM98792,train,no_cancer
GDS2771,10,9,GSM98793,train,no_cancer
GDS2771,10,9,GSM98794,train,no_cancer
GDS2771,10,9,GSM98795,train,no_cancer
GDS2771,10,9,GSM98796,train,no_cancer
GDS2771,10,9,GSM98797,train,no_cancer
GDS2771,10,9,GSM98798,train,no_cancer
GDS2771,10,9,GSM98799,train,no_cancer
GDS2771,10,9,GSM98801,train,no_cancer
GDS2771,10,9,GSM94019,train,cancer
GDS2771,10,9,GSM94020,train,cancer
GDS2771,10,9,GSM94022,train,cancer
GDS2771,10,9,GSM94023,train,cancer
GDS2771,10,9,GSM94024,train,cancer
GDS2771,10,9,GSM94025,train,cancer
GDS2771,10,9,GSM94027,train,cancer
GDS2771,10,9,GSM94028,train,cancer
GDS2771,10,9,GSM94029,train,cancer
GDS2771,10,9,GSM94030,train,cancer
GDS2771,10,9,GSM94032,train,cancer
GDS2771,10,9,GSM94033,train,cancer
GDS2771,10,9,GSM94034,train,cancer
GDS2771,10,9,GSM94035,train,cancer
GDS2771,10,9,GSM94037,train,cancer
GDS2771,10,9,GSM94038,train,cancer
GDS2771,10,9,GSM94039,train,cancer
GDS2771,10,9,GSM94040,train,cancer
GDS2771,10,9,GSM94041,train,cancer
GDS2771,10,9,GSM94042,train,cancer
GDS2771,10,9,GSM94043,train,cancer
GDS2771,10,9,GSM94044,train,cancer
GDS2771,10,9,GSM94045,train,cancer
GDS2771,10,9,GSM94046,train,cancer
GDS2771,10,9,GSM94047,train,cancer
GDS2771,10,9,GSM94048,train,cancer
GDS2771,10,9,GSM94049,train,cancer
GDS2771,10,9,GSM94050,train,cancer
GDS2771,10,9,GSM94051,train,cancer
GDS2771,10,9,GSM94052,train,cancer
GDS2771,10,9,GSM94053,train,cancer
GDS2771,10,9,GSM94054,train,cancer
GDS2771,10,9,GSM94055,train,cancer
GDS2771,10,9,GSM94056,train,cancer
GDS2771,10,9,GSM94057,train,cancer
GDS2771,10,9,GSM94058,train,cancer
GDS2771,10,9,GSM94059,train,cancer
GDS2771,10,9,GSM94060,train,cancer
GDS2771,10,9,GSM94061,train,cancer
GDS2771,10,9,GSM94062,train,cancer
GDS2771,10,9,GSM94064,train,cancer
GDS2771,10,9,GSM94065,train,cancer
GDS2771,10,9,GSM94066,train,cancer
GDS2771,10,9,GSM94067,train,cancer
GDS2771,10,9,GSM94068,train,cancer
GDS2771,10,9,GSM94069,train,cancer
GDS2771,10,9,GSM94070,train,cancer
GDS2771,10,9,GSM94072,train,cancer
GDS2771,10,9,GSM94073,train,cancer
GDS2771,10,9,GSM94075,train,cancer
GDS2771,10,9,GSM94155,train,cancer
GDS2771,10,9,GSM94156,train,cancer
GDS2771,10,9,GSM94157,train,cancer
GDS2771,10,9,GSM94160,train,cancer
GDS2771,10,9,GSM94161,train,cancer
GDS2771,10,9,GSM94162,train,cancer
GDS2771,10,9,GSM94163,train,cancer
GDS2771,10,9,GSM94164,train,cancer
GDS2771,10,9,GSM94165,train,cancer
GDS2771,10,9,GSM94166,train,cancer
GDS2771,10,9,GSM94167,train,cancer
GDS2771,10,9,GSM94168,train,cancer
GDS2771,10,9,GSM94169,train,cancer
GDS2771,10,9,GSM94170,train,cancer
GDS2771,10,9,GSM94171,train,cancer
GDS2771,10,9,GSM94172,train,cancer
GDS2771,10,9,GSM94173,train,cancer
GDS2771,10,9,GSM94174,train,cancer
GDS2771,10,9,GSM94176,train,cancer
GDS2771,10,9,GSM94177,train,cancer
GDS2771,10,9,GSM94178,train,cancer
GDS2771,10,9,GSM98767,train,cancer
GDS2771,10,9,GSM98768,train,cancer
GDS2771,10,9,GSM98769,train,cancer
GDS2771,10,9,GSM98770,train,cancer
GDS2771,10,9,GSM98771,train,cancer
GDS2771,10,9,GSM98772,train,cancer
GDS2771,10,9,GSM98774,train,cancer
GDS2771,10,9,GSM98775,train,cancer
GDS2771,10,9,GSM98776,train,cancer
GDS2771,10,9,GSM98777,train,cancer
GDS2771,10,9,GSM98778,train,cancer
GDS2771,10,9,GSM98779,train,cancer
GDS2771,10,9,GSM98780,train,cancer
GDS2771,10,9,GSM98781,train,cancer
GDS2771,10,9,GSM98782,train,cancer
GDS2771,10,9,GSM98783,train,cancer
GDS2771,10,9,GSM98871,train,cancer
GDS2771,10,9,GSM98872,train,cancer
GDS2771,10,9,GSM98873,train,cancer
GDS2771,10,9,GSM98874,train,cancer
GDS2771,10,9,GSM98875,train,cancer
GDS2771,10,9,GSM94085,test,no_cancer
GDS2771,10,9,GSM94096,test,no_cancer
GDS2771,10,9,GSM94098,test,no_cancer
GDS2771,10,9,GSM94101,test,no_cancer
GDS2771,10,9,GSM94105,test,no_cancer
GDS2771,10,9,GSM94113,test,no_cancer
GDS2771,10,9,GSM94116,test,no_cancer
GDS2771,10,9,GSM94132,test,no_cancer
GDS2771,10,9,GSM98800,test,no_cancer
GDS2771,10,9,GSM94021,test,cancer
GDS2771,10,9,GSM94026,test,cancer
GDS2771,10,9,GSM94031,test,cancer
GDS2771,10,9,GSM94036,test,cancer
GDS2771,10,9,GSM94063,test,cancer
GDS2771,10,9,GSM94071,test,cancer
GDS2771,10,9,GSM94074,test,cancer
GDS2771,10,9,GSM94175,test,cancer
GDS2771,10,9,GSM98773,test,cancer
GDS2771,10,9,GSM98784,test,cancer
GDS2771,10,10,GSM93997,train,no_cancer
GDS2771,10,10,GSM94077,train,no_cancer
GDS2771,10,10,GSM94078,train,no_cancer
GDS2771,10,10,GSM94079,train,no_cancer
GDS2771,10,10,GSM94080,train,no_cancer
GDS2771,10,10,GSM94081,train,no_cancer
GDS2771,10,10,GSM94082,train,no_cancer
GDS2771,10,10,GSM94083,train,no_cancer
GDS2771,10,10,GSM94085,train,no_cancer
GDS2771,10,10,GSM94086,train,no_cancer
GDS2771,10,10,GSM94087,train,no_cancer
GDS2771,10,10,GSM94088,train,no_cancer
GDS2771,10,10,GSM94089,train,no_cancer
GDS2771,10,10,GSM94090,train,no_cancer
GDS2771,10,10,GSM94091,train,no_cancer
GDS2771,10,10,GSM94092,train,no_cancer
GDS2771,10,10,GSM94093,train,no_cancer
GDS2771,10,10,GSM94094,train,no_cancer
GDS2771,10,10,GSM94095,train,no_cancer
GDS2771,10,10,GSM94096,train,no_cancer
GDS2771,10,10,GSM94097,train,no_cancer
GDS2771,10,10,GSM94098,train,no_cancer
GDS2771,10,10,GSM94099,train,no_cancer
GDS2771,10,10,GSM94100,train,no_cancer
GDS2771,10,10,GSM94101,train,no_cancer
GDS2771,10,10,GSM94102,train,no_cancer
GDS2771,10,10,GSM94103,train,no_cancer
GDS2771,10,10,GSM94104,train,no_cancer
GDS2771,10,10,GSM94105,train,no_cancer
GDS2771,10,10,GSM94106,train,no_cancer
GDS2771,10,10,GSM94107,train,no_cancer
GDS2771,10,10,GSM94108,train,no_cancer
GDS2771,10,10,GSM94109,train,no_cancer
GDS2771,10,10,GSM94110,train,no_cancer
GDS2771,10,10,GSM94111,train,no_cancer
GDS2771,10,10,GSM94112,train,no_cancer
GDS2771,10,10,GSM94113,train,no_cancer
GDS2771,10,10,GSM94114,train,no_cancer
GDS2771,10,10,GSM94115,train,no_cancer
GDS2771,10,10,GSM94116,train,no_cancer
GDS2771,10,10,GSM94117,train,no_cancer
GDS2771,10,10,GSM94119,train,no_cancer
GDS2771,10,10,GSM94120,train,no_cancer
GDS2771,10,10,GSM94121,train,no_cancer
GDS2771,10,10,GSM94122,train,no_cancer
GDS2771,10,10,GSM94123,train,no_cancer
GDS2771,10,10,GSM94124,train,no_cancer
GDS2771,10,10,GSM94125,train,no_cancer
GDS2771,10,10,GSM94126,train,no_cancer
GDS2771,10,10,GSM94128,train,no_cancer
GDS2771,10,10,GSM94129,train,no_cancer
GDS2771,10,10,GSM94130,train,no_cancer
GDS2771,10,10,GSM94131,train,no_cancer
GDS2771,10,10,GSM94132,train,no_cancer
GDS2771,10,10,GSM94134,train,no_cancer
GDS2771,10,10,GSM94135,train,no_cancer
GDS2771,10,10,GSM94136,train,no_cancer
GDS2771,10,10,GSM94138,train,no_cancer
GDS2771,10,10,GSM94139,train,no_cancer
GDS2771,10,10,GSM94140,train,no_cancer
GDS2771,10,10,GSM94141,train,no_cancer
GDS2771,10,10,GSM94142,train,no_cancer
GDS2771,10,10,GSM94143,train,no_cancer
GDS2771,10,10,GSM94144,train,no_cancer
GDS2771,10,10,GSM94145,train,no_cancer
GDS2771,10,10,GSM94146,train,no_cancer
GDS2771,10,10,GSM94147,train,no_cancer
GDS2771,10,10,GSM94148,train,no_cancer
GDS2771,10,10,GSM98785,train,no_cancer
GDS2771,10,10,GSM98786,train,no_cancer
GDS2771,10,10,GSM98788,train,no_cancer
GDS2771,10,10,GSM98789,train,no_cancer
GDS2771,10,10,GSM98791,train,no_cancer
GDS2771,10,10,GSM98792,train,no_cancer
GDS2771,10,10,GSM98793,train,no_cancer
GDS2771,10,10,GSM98794,train,no_cancer
GDS2771,10,10,GSM98795,train,no_cancer
GDS2771,10,10,GSM98796,train,no_cancer
GDS2771,10,10,GSM98797,train,no_cancer
GDS2771,10,10,GSM98799,train,no_cancer
GDS2771,10,10,GSM98800,train,no_cancer
GDS2771,10,10,GSM94019,train,cancer
GDS2771,10,10,GSM94020,train,cancer
GDS2771,10,10,GSM94021,train,cancer
GDS2771,10,10,GSM94022,train,cancer
GDS2771,10,10,GSM94023,train,cancer
GDS2771,10,10,GSM94024,train,cancer
GDS2771,10,10,GSM94025,train,cancer
GDS2771,10,10,GSM94026,train,cancer
GDS2771,10,10,GSM94027,train,cancer
GDS2771,10,10,GSM94029,train,cancer
GDS2771,10,10,GSM94030,train,cancer
GDS2771,10,10,GSM94031,train,cancer
GDS2771,10,10,GSM94032,train,cancer
GDS2771,10,10,GSM94034,train,cancer
GDS2771,10,10,GSM94035,train,cancer
GDS2771,10,10,GSM94036,train,cancer
GDS2771,10,10,GSM94038,train,cancer
GDS2771,10,10,GSM94039,train,cancer
GDS2771,10,10,GSM94040,train,cancer
GDS2771,10,10,GSM94041,train,cancer
GDS2771,10,10,GSM94042,train,cancer
GDS2771,10,10,GSM94043,train,cancer
GDS2771,10,10,GSM94044,train,cancer
GDS2771,10,10,GSM94045,train,cancer
GDS2771,10,10,GSM94047,train,cancer
GDS2771,10,10,GSM94048,train,cancer
GDS2771,10,10,GSM94049,train,cancer
GDS2771,10,10,GSM94050,train,cancer
GDS2771,10,10,GSM94051,train,cancer
GDS2771,10,10,GSM94052,train,cancer
GDS2771,10,10,GSM94053,train,cancer
GDS2771,10,10,GSM94054,train,cancer
GDS2771,10,10,GSM94055,train,cancer
GDS2771,10,10,GSM94056,train,cancer
GDS2771,10,10,GSM94057,train,cancer
GDS2771,10,10,GSM94058,train,cancer
GDS2771,10,10,GSM94059,train,cancer
GDS2771,10,10,GSM94060,train,cancer
GDS2771,10,10,GSM94062,train,cancer
GDS2771,10,10,GSM94063,train,cancer
GDS2771,10,10,GSM94064,train,cancer
GDS2771,10,10,GSM94065,train,cancer
GDS2771,10,10,GSM94066,train,cancer
GDS2771,10,10,GSM94067,train,cancer
GDS2771,10,10,GSM94068,train,cancer
GDS2771,10,10,GSM94070,train,cancer
GDS2771,10,10,GSM94071,train,cancer
GDS2771,10,10,GSM94072,train,cancer
GDS2771,10,10,GSM94073,train,cancer
GDS2771,10,10,GSM94074,train,cancer
GDS2771,10,10,GSM94075,train,cancer
GDS2771,10,10,GSM94155,train,cancer
GDS2771,10,10,GSM94156,train,cancer
GDS2771,10,10,GSM94157,train,cancer
GDS2771,10,10,GSM94160,train,cancer
GDS2771,10,10,GSM94161,train,cancer
GDS2771,10,10,GSM94162,train,cancer
GDS2771,10,10,GSM94163,train,cancer
GDS2771,10,10,GSM94164,train,cancer
GDS2771,10,10,GSM94165,train,cancer
GDS2771,10,10,GSM94166,train,cancer
GDS2771,10,10,GSM94167,train,cancer
GDS2771,10,10,GSM94169,train,cancer
GDS2771,10,10,GSM94170,train,cancer
GDS2771,10,10,GSM94171,train,cancer
GDS2771,10,10,GSM94172,train,cancer
GDS2771,10,10,GSM94173,train,cancer
GDS2771,10,10,GSM94175,train,cancer
GDS2771,10,10,GSM94177,train,cancer
GDS2771,10,10,GSM94178,train,cancer
GDS2771,10,10,GSM98767,train,cancer
GDS2771,10,10,GSM98768,train,cancer
GDS2771,10,10,GSM98769,train,cancer
GDS2771,10,10,GSM98770,train,cancer
GDS2771,10,10,GSM98771,train,cancer
GDS2771,10,10,GSM98772,train,cancer
GDS2771,10,10,GSM98773,train,cancer
GDS2771,10,10,GSM98774,train,cancer
GDS2771,10,10,GSM98775,train,cancer
GDS2771,10,10,GSM98776,train,cancer
GDS2771,10,10,GSM98777,train,cancer
GDS2771,10,10,GSM98778,train,cancer
GDS2771,10,10,GSM98779,train,cancer
GDS2771,10,10,GSM98780,train,cancer
GDS2771,10,10,GSM98782,train,cancer
GDS2771,10,10,GSM98783,train,cancer
GDS2771,10,10,GSM98784,train,cancer
GDS2771,10,10,GSM98871,train,cancer
GDS2771,10,10,GSM98872,train,cancer
GDS2771,10,10,GSM98873,train,cancer
GDS2771,10,10,GSM98874,train,cancer
GDS2771,10,10,GSM98875,train,cancer
GDS2771,10,10,GSM94084,test,no_cancer
GDS2771,10,10,GSM94118,test,no_cancer
GDS2771,10,10,GSM94127,test,no_cancer
GDS2771,10,10,GSM94133,test,no_cancer
GDS2771,10,10,GSM94137,test,no_cancer
GDS2771,10,10,GSM98787,test,no_cancer
GDS2771,10,10,GSM98790,test,no_cancer
GDS2771,10,10,GSM98798,test,no_cancer
GDS2771,10,10,GSM98801,test,no_cancer
GDS2771,10,10,GSM94028,test,cancer
GDS2771,10,10,GSM94033,test,cancer
GDS2771,10,10,GSM94037,test,cancer
GDS2771,10,10,GSM94046,test,cancer
GDS2771,10,10,GSM94061,test,cancer
GDS2771,10,10,GSM94069,test,cancer
GDS2771,10,10,GSM94168,test,cancer
GDS2771,10,10,GSM94174,test,cancer
GDS2771,10,10,GSM94176,test,cancer
GDS2771,10,10,GSM98781,test,cancer
