dataset_id,repeat_id,fold_id,sample_id,split,class_label
GSE25837,1,1,GSM634633,train,not_lonely
GSE25837,1,1,GSM634634,train,not_lonely
GSE25837,1,1,GSM634635,train,not_lonely
GSE25837,1,1,GSM634636,train,not_lonely
GSE25837,1,1,GSM634637,train,not_lonely
GSE25837,1,1,GSM634638,train,not_lonely
GSE25837,1,1,GSM634639,train,not_lonely
GSE25837,1,1,GSM634640,train,not_lonely
GSE25837,1,1,GSM634641,train,not_lonely
GSE25837,1,1,GSM634642,train,not_lonely
GSE25837,1,1,GSM634643,train,lonely
GSE25837,1,1,GSM634644,train,not_lonely
GSE25837,1,1,GSM634645,train,not_lonely
GSE25837,1,1,GSM634646,train,not_lonely
GSE25837,1,1,GSM634648,train,lonely
GSE25837,1,1,GSM634649,train,lonely
GSE25837,1,1,GSM634650,train,lonely
GSE25837,1,1,GSM634651,train,not_lonely
GSE25837,1,1,GSM634652,train,not_lonely
GSE25837,1,1,GSM634654,train,not_lonely
GSE25837,1,1,GSM634655,train,not_lonely
GSE25837,1,1,GSM634656,train,not_lonely
GSE25837,1,1,GSM634657,train,not_lonely
GSE25837,1,1,GSM634658,train,not_lonely
GSE25837,1,1,GSM634659,train,lonely
GSE25837,1,1,GSM634660,train,not_lonely
GSE25837,1,1,GSM634661,train,not_lonely
GSE25837,1,1,GSM634662,train,not_lonely
GSE25837,1,1,GSM634663,train,not_lonely
GSE25837,1,1,GSM634664,train,not_lonely
GSE25837,1,1,GSM634665,train,not_lonely
GSE25837,1,1,GSM634666,train,lonely
GSE25837,1,1,GSM634667,train,lonely
GSE25837,1,1,GSM634668,train,not_lonely
GSE25837,1,1,GSM634670,train,lonely
GSE25837,1,1,GSM634671,train,not_lonely
GSE25837,1,1,GSM634672,train,not_lonely
GSE25837,1,1,GSM634673,train,not_lonely
GSE25837,1,1,GSM634675,train,not_lonely
GSE25837,1,1,GSM634676,train,not_lonely
GSE25837,1,1,GSM634677,train,not_lonely
GSE25837,1,1,GSM634678,train,not_lonely
GSE25837,1,1,GSM634679,train,lonely
GSE25837,1,1,GSM634680,train,lonely
GSE25837,1,1,GSM634681,train,lonely
GSE25837,1,1,GSM634682,train,not_lonely
GSE25837,1,1,GSM634683,train,not_lonely
GSE25837,1,1,GSM634684,train,not_lonely
GSE25837,1,1,GSM634685,train,not_lonely
GSE25837,1,1,GSM634686,train,not_lonely
GSE25837,1,1,GSM634687,train,not_lonely
GSE25837,1,1,GSM634688,train,lonely
GSE25837,1,1,GSM634689,train,not_lonely
GSE25837,1,1,GSM634690,train,lonely
GSE25837,1,1,GSM634691,train,not_lonely
GSE25837,1,1,GSM634692,train,not_lonely
GSE25837,1,1,GSM634693,train,not_lonely
GSE25837,1,1,GSM634694,train,lonely
GSE25837,1,1,GSM634695,train,not_lonely
GSE25837,1,1,GSM634696,train,not_lonely
GSE25837,1,1,GSM634697,train,not_lonely
GSE25837,1,1,GSM634698,train,lonely
GSE25837,1,1,GSM634699,train,not_lonely
GSE25837,1,1,GSM634700,train,not_lonely
GSE25837,1,1,GSM634701,train,not_lonely
GSE25837,1,1,GSM634702,train,not_lonely
GSE25837,1,1,GSM634705,train,lonely
GSE25837,1,1,GSM634706,train,lonely
GSE25837,1,1,GSM634707,train,lonely
GSE25837,1,1,GSM634709,train,not_lonely
GSE25837,1,1,GSM634711,train,lonely
GSE25837,1,1,GSM634713,train,not_lonely
GSE25837,1,1,GSM634714,train,not_lonely
GSE25837,1,1,GSM634715,train,lonely
GSE25837,1,1,GSM634716,train,not_lonely
GSE25837,1,1,GSM634717,train,not_lonely
GSE25837,1,1,GSM634718,train,not_lonely
GSE25837,1,1,GSM634719,train,not_lonely
GSE25837,1,1,GSM634721,train,not_lonely
GSE25837,1,1,GSM634722,train,not_lonely
GSE25837,1,1,GSM634723,train,not_lonely
GSE25837,1,1,GSM634724,train,not_lonely
GSE25837,1,1,GSM634725,train,not_lonely
GSE25837,1,1,GSM634647,test,not_lonely
GSE25837,1,1,GSM634653,test,lonely
GSE25837,1,1,GSM634669,test,lonely
GSE25837,1,1,GSM634674,test,not_lonely
GSE25837,1,1,GSM634703,test,not_lonely
GSE25837,1,1,GSM634704,test,lonely
GSE25837,1,1,GSM634708,test,not_lonely
GSE25837,1,1,GSM634710,test,not_lonely
GSE25837,1,1,GSM634712,test,not_lonely
GSE25837,1,1,GSM634720,test,not_lonely
GSE25837,1,2,GSM634633,train,not_lonely
GSE25837,1,2,GSM634634,train,not_lonely
GSE25837,1,2,GSM634635,train,not_lonely
GSE25837,1,2,GSM634636,train,not_lonely
GSE25837,1,2,GSM634637,train,not_lonely
GSE25837,1,2,GSM634638,train,not_lonely
GSE25837,1,2,GSM634639,train,not_lonely
GSE25837,1,2,GSM634640,train,not_lonely
GSE25837,1,2,GSM634641,train,not_lonely
GSE25837,1,2,GSM634642,train,not_lonely
GSE25837,1,2,GSM634643,train,lonely
GSE25837,1,2,GSM634644,train,not_lonely
GSE25837,1,2,GSM634645,train,not_lonely
GSE25837,1,2,GSM634646,train,not_lonely
GSE25837,1,2,GSM634647,train,not_lonely
GSE25837,1,2,GSM634648,train,lonely
GSE25837,1,2,GSM634649,train,lonely
GSE25837,1,2,GSM634650,train,lonely
GSE25837,1,2,GSM634651,train,not_lonely
GSE25837,1,2,GSM634652,train,not_lonely
GSE25837,1,2,GSM634653,train,lonely
GSE25837,1,2,GSM634654,train,not_lonely
GSE25837,1,2,GSM634655,train,not_lonely
GSE25837,1,2,GSM634656,train,not_lonely
GSE25837,1,2,GSM634657,train,not_lonely
GSE25837,1,2,GSM634658,train,not_lonely
GSE25837,1,2,GSM634659,train,lonely
GSE25837,1,2,GSM634660,train,not_lonely
GSE25837,1,2,GSM634663,train,not_lonely
GSE25837,1,2,GSM634664,train,not_lonely
GSE25837,1,2,GSM634665,train,not_lonely
GSE25837,1,2,GSM634666,train,lonely
GSE25837,1,2,GSM634668,train,not_lonely
GSE25837,1,2,GSM634669,train,lonely
GSE25837,1,2,GSM634671,train,not_lonely
GSE25837,1,2,GSM634673,train,not_lonely
GSE25837,1,2,GSM634674,train,not_lonely
GSE25837,1,2,GSM634675,train,not_lonely
GSE25837,1,2,GSM634676,train,not_lonely
GSE25837,1,2,GSM634677,train,not_lonely
GSE25837,1,2,GSM634678,train,not_lonely
GSE25837,1,2,GSM634680,train,lonely
GSE25837,1,2,GSM634681,train,lonely
GSE25837,1,2,GSM634683,train,not_lonely
GSE25837,1,2,GSM634684,train,not_lonely
GSE25837,1,2,GSM634685,train,not_lonely
GSE25837,1,2,GSM634686,train,not_lonely
GSE25837,1,2,GSM634687,train,not_lonely
GSE25837,1,2,GSM634688,train,lonely
GSE25837,1,2,GSM634689,train,not_lonely
GSE25837,1,2,GSM634690,train,lonely
GSE25837,1,2,GSM634691,train,not_lonely
GSE25837,1,2,GSM634692,train,not_lonely
GSE25837,1,2,GSM634693,train,not_lonely
GSE25837,1,2,GSM634694,train,lonely
GSE25837,1,2,GSM634695,train,not_lonely
GSE25837,1,2,GSM634696,train,not_lonely
GSE25837,1,2,GSM634698,train,lonely
GSE25837,1,2,GSM634699,train,not_lonely
GSE25837,1,2,GSM634700,train,not_lonely
GSE25837,1,2,GSM634702,train,not_lonely
GSE25837,1,2,GSM634703,train,not_lonely
GSE25837,1,2,GSM634704,train,lonely
GSE25837,1,2,GSM634705,train,lonely
GSE25837,1,2,GSM634706,train,lonely
GSE25837,1,2,GSM634707,train,lonely
GSE25837,1,2,GSM634708,train,not_lonely
GSE25837,1,2,GSM634709,train,not_lonely
GSE25837,1,2,GSM634710,train,not_lonely
GSE25837,1,2,GSM634711,train,lonely
GSE25837,1,2,GSM634712,train,not_lonely
GSE25837,1,2,GSM634713,train,not_lonely
GSE25837,1,2,GSM634714,train,not_lonely
GSE25837,1,2,GSM634715,train,lonely
GSE25837,1,2,GSM634716,train,not_lonely
GSE25837,1,2,GSM634718,train,not_lonely
GSE25837,1,2,GSM634719,train,not_lonely
GSE25837,1,2,GSM634720,train,not_lonely
GSE25837,1,2,GSM634721,train,not_lonely
GSE25837,1,2,GSM634722,train,not_lonely
GSE25837,1,2,GSM634723,train,not_lonely
GSE25837,1,2,GSM634724,train,not_lonely
GSE25837,1,2,GSM634725,train,not_lonely
GSE25837,1,2,GSM634661,test,not_lonely
GSE25837,1,2,GSM634662,test,not_lonely
GSE25837,1,2,GSM634667,test,lonely
GSE25837,1,2,GSM634670,test,lonely
GSE25837,1,2,GSM634672,test,not_lonely
GSE25837,1,2,GSM634679,test,lonely
GSE25837,1,2,GSM634682,test,not_lonely
GSE25837,1,2,GSM634697,test,not_lonely
GSE25837,1,2,GSM634701,test,not_lonely
GSE25837,1,2,GSM634717,test,not_lonely
GSE25837,1,3,GSM634633,train,not_lonely
GSE25837,1,3,GSM634634,train,not_lonely
GSE25837,1,3,GSM634635,train,not_lonely
GSE25837,1,3,GSM634636,train,not_lonely
GSE25837,1,3,GSM634638,train,not_lonely
GSE25837,1,3,GSM634639,train,not_lonely
GSE25837,1,3,GSM634640,train,not_lonely
GSE25837,1,3,GSM634641,train,not_lonely
GSE25837,1,3,GSM634642,train,not_lonely
GSE25837,1,3,GSM634643,train,lonely
GSE25837,1,3,GSM634644,train,not_lonely
GSE25837,1,3,GSM634645,train,not_lonely
GSE25837,1,3,GSM634646,train,not_lonely
GSE25837,1,3,GSM634647,train,not_lonely
GSE25837,1,3,GSM634648,train,lonely
GSE25837,1,3,GSM634649,train,lonely
GSE25837,1,3,GSM634650,train,lonely
GSE25837,1,3,GSM634651,train,not_lonely
GSE25837,1,3,GSM634652,train,not_lonely
GSE25837,1,3,GSM634653,train,lonely
GSE25837,1,3,GSM634654,train,not_lonely
GSE25837,1,3,GSM634655,train,not_lonely
GSE25837,1,3,GSM634657,train,not_lonely
GSE25837,1,3,GSM634658,train,not_lonely
GSE25837,1,3,GSM634659,train,lonely
GSE25837,1,3,GSM634660,train,not_lonely
GSE25837,1,3,GSM634661,train,not_lonely
GSE25837,1,3,GSM634662,train,not_lonely
GSE25837,1,3,GSM634664,train,not_lonely
GSE25837,1,3,GSM634665,train,not_lonely
GSE25837,1,3,GSM634666,train,lonely
GSE25837,1,3,GSM634667,train,lonely
GSE25837,1,3,GSM634668,train,not_lonely
GSE25837,1,3,GSM634669,train,lonely
GSE25837,1,3,GSM634670,train,lonely
GSE25837,1,3,GSM634671,train,not_lonely
GSE25837,1,3,GSM634672,train,not_lonely
GSE25837,1,3,GSM634673,train,not_lonely
GSE25837,1,3,GSM634674,train,not_lonely
GSE25837,1,3,GSM634675,train,not_lonely
GSE25837,1,3,GSM634676,train,not_lonely
GSE25837,1,3,GSM634677,train,not_lonely
GSE25837,1,3,GSM634678,train,not_lonely
GSE25837,1,3,GSM634679,train,lonely
GSE25837,1,3,GSM634680,train,lonely
GSE25837,1,3,GSM634682,train,not_lonely
GSE25837,1,3,GSM634683,train,not_lonely
GSE25837,1,3,GSM634684,train,not_lonely
GSE25837,1,3,GSM634685,train,not_lonely
GSE25837,1,3,GSM634686,train,not_lonely
GSE25837,1,3,GSM634687,train,not_lonely
GSE25837,1,3,GSM634688,train,lonely
GSE25837,1,3,GSM634690,train,lonely
GSE25837,1,3,GSM634691,train,not_lonely
GSE25837,1,3,GSM634692,train,not_lonely
GSE25837,1,3,GSM634693,train,not_lonely
GSE25837,1,3,GSM634695,train,not_lonely
GSE25837,1,3,GSM634696,train,not_lonely
GSE25837,1,3,GSM634697,train,not_lonely
GSE25837,1,3,GSM634698,train,lonely
GSE25837,1,3,GSM634699,train,not_lonely
GSE25837,1,3,GSM634700,train,not_lonely
GSE25837,1,3,GSM634701,train,not_lonely
GSE25837,1,3,GSM634703,train,not_lonely
GSE25837,1,3,GSM634704,train,lonely
GSE25837,1,3,GSM634705,train,lonely
GSE25837,1,3,GSM634707,train,lonely
GSE25837,1,3,GSM634708,train,not_lonely
GSE25837,1,3,GSM634709,train,not_lonely
GSE25837,1,3,GSM634710,train,not_lonely
GSE25837,1,3,GSM634711,train,lonely
GSE25837,1,3,GSM634712,train,not_lonely
GSE25837,1,3,GSM634714,train,not_lonely
GSE25837,1,3,GSM634715,train,lonely
GSE25837,1,3,GSM634716,train,not_lonely
GSE25837,1,3,GSM634717,train,not_lonely
GSE25837,1,3,GSM634718,train,not_lonely
GSE25837,1,3,GSM634719,train,not_lonely
GSE25837,1,3,GSM634720,train,not_lonely
GSE25837,1,3,GSM634721,train,not_lonely
GSE25837,1,3,GSM634722,train,not_lonely
GSE25837,1,3,GSM634724,train,not_lonely
GSE25837,1,3,GSM634725,train,not_lonely
GSE25837,1,3,GSM634637,test,not_lonely
GSE25837,1,3,GSM634656,test,not_lonely
GSE25837,1,3,GSM634663,test,not_lonely
GSE25837,1,3,GSM634681,test,lonely
GSE25837,1,3,GSM634689,test,not_lonely
GSE25837,1,3,GSM634694,test,lonely
GSE25837,1,3,GSM634702,test,not_lonely
GSE25837,1,3,GSM634706,test,lonely
GSE25837,1,3,GSM634713,test,not_lonely
GSE25837,1,3,GSM634723,test,not_lonely
GSE25837,1,4,GSM634633,train,not_lonely
GSE25837,1,4,GSM634634,train,not_lonely
GSE25837,1,4,GSM634635,train,not_lonely
GSE25837,1,4,GSM634636,train,not_lonely
GSE25837,1,4,GSM634637,train,not_lonely
GSE25837,1,4,GSM634638,train,not_lonely
GSE25837,1,4,GSM634639,train,not_lonely
GSE25837,1,4,GSM634640,train,not_lonely
GSE25837,1,4,GSM634641,train,not_lonely
GSE25837,1,4,GSM634643,train,lonely
GSE25837,1,4,GSM634644,train,not_lonely
GSE25837,1,4,GSM634645,train,not_lonely
GSE25837,1,4,GSM634647,train,not_lonely
GSE25837,1,4,GSM634648,train,lonely
GSE25837,1,4,GSM634649,train,lonely
GSE25837,1,4,GSM634650,train,lonely
GSE25837,1,4,GSM634651,train,not_lonely
GSE25837,1,4,GSM634652,train,not_lonely
GSE25837,1,4,GSM634653,train,lonely
GSE25837,1,4,GSM634654,train,not_lonely
GSE25837,1,4,GSM634655,train,not_lonely
GSE25837,1,4,GSM634656,train,not_lonely
GSE25837,1,4,GSM634657,train,not_lonely
GSE25837,1,4,GSM634659,train,lonely
GSE25837,1,4,GSM634660,train,not_lonely
GSE25837,1,4,GSM634661,train,not_lonely
GSE25837,1,4,GSM634662,train,not_lonely
GSE25837,1,4,GSM634663,train,not_lonely
GSE25837,1,4,GSM634664,train,not_lonely
GSE25837,1,4,GSM634665,train,not_lonely
GSE25837,1,4,GSM634667,train,lonely
GSE25837,1,4,GSM634668,train,not_lonely
GSE25837,1,4,GSM634669,train,lonely
GSE25837,1,4,GSM634670,train,lonely
GSE25837,1,4,GSM634672,train,not_lonely
GSE25837,1,4,GSM634673,train,not_lonely
GSE25837,1,4,GSM634674,train,not_lonely
GSE25837,1,4,GSM634675,train,not_lonely
GSE25837,1,4,GSM634676,train,not_lonely
GSE25837,1,4,GSM634677,train,not_lonely
GSE25837,1,4,GSM634678,train,not_lonely
GSE25837,1,4,GSM634679,train,lonely
GSE25837,1,4,GSM634681,train,lonely
GSE25837,1,4,GSM634682,train,not_lonely
GSE25837,1,4,GSM634683,train,not_lonely
GSE25837,1,4,GSM634684,train,not_lonely
GSE25837,1,4,GSM634688,train,lonely
GSE25837,1,4,GSM634689,train,not_lonely
GSE25837,1,4,GSM634690,train,lonely
GSE25837,1,4,GSM634691,train,not_lonely
GSE25837,1,4,GSM634692,train,not_lonely
GSE25837,1,4,GSM634693,train,not_lonely
GSE25837,1,4,GSM634694,train,lonely
GSE25837,1,4,GSM634695,train,not_lonely
GSE25837,1,4,GSM634696,train,not_lonely
GSE25837,1,4,GSM634697,train,not_lonely
GSE25837,1,4,GSM634698,train,lonely
GSE25837,1,4,GSM634699,train,not_lonely
GSE25837,1,4,GSM634700,train,not_lonely
GSE25837,1,4,GSM634701,train,not_lonely
GSE25837,1,4,GSM634702,train,not_lonely
GSE25837,1,4,GSM634703,train,not_lonely
GSE25837,1,4,GSM634704,train,lonely
GSE25837,1,4,GSM634705,train,lonely
GSE25837,1,4,GSM634706,train,lonely
GSE25837,1,4,GSM634707,train,lonely
GSE25837,1,4,GSM634708,train,not_lonely
GSE25837,1,4,GSM634709,train,not_lonely
GSE25837,1,4,GSM634710,train,not_lonely
GSE25837,1,4,GSM634711,train,lonely
GSE25837,1,4,GSM634712,train,not_lonely
GSE25837,1,4,GSM634713,train,not_lonely
GSE25837,1,4,GSM634714,train,not_lonely
GSE25837,1,4,GSM634715,train,lonely
GSE25837,1,4,GSM634716,train,not_lonely
GSE25837,1,4,GSM634717,train,not_lonely
GSE25837,1,4,GSM634718,train,not_lonely
GSE25837,1,4,GSM634719,train,not_lonely
GSE25837,1,4,GSM634720,train,not_lonely
GSE25837,1,4,GSM634721,train,not_lonely
GSE25837,1,4,GSM634722,train,not_lonely
GSE25837,1,4,GSM634723,train,not_lonely
GSE25837,1,4,GSM634724,train,not_lonely
GSE25837,1,4,GSM634725,train,not_lonely
GSE25837,1,4,GSM634642,test,not_lonely
GSE25837,1,4,GSM634646,test,not_lonely
GSE25837,1,4,GSM634658,test,not_lonely
GSE25837,1,4,GSM634666,test,lonely
GSE25837,1,4,GSM634671,test,not_lonely
GSE25837,1,4,GSM634680,test,lonely
GSE25837,1,4,GSM634685,test,not_lonely
GSE25837,1,4,GSM634686,test,not_lonely
GSE25837,1,4,GSM634687,test,not_lonely
GSE25837,1,5,GSM634633,train,not_lonely
GSE25837,1,5,GSM634634,train,not_lonely
GSE25837,1,5,GSM634635,train,not_lonely
GSE25837,1,5,GSM634636,train,not_lonely
GSE25837,1,5,GSM634637,train,not_lonely
GSE25837,1,5,GSM634639,train,not_lonely
GSE25837,1,5,GSM634640,train,not_lonely
GSE25837,1,5,GSM634641,train,not_lonely
GSE25837,1,5,GSM634642,train,not_lonely
GSE25837,1,5,GSM634643,train,lonely
GSE25837,1,5,GSM634644,train,not_lonely
GSE25837,1,5,GSM634646,train,not_lonely
GSE25837,1,5,GSM634647,train,not_lonely
GSE25837,1,5,GSM634648,train,lonely
GSE25837,1,5,GSM634649,train,lonely
GSE25837,1,5,GSM634650,train,lonely
GSE25837,1,5,GSM634651,train,not_lonely
GSE25837,1,5,GSM634652,train,not_lonely
GSE25837,1,5,GSM634653,train,lonely
GSE25837,1,5,GSM634654,train,not_lonely
GSE25837,1,5,GSM634655,train,not_lonely
GSE25837,1,5,GSM634656,train,not_lonely
GSE25837,1,5,GSM634657,train,not_lonely
GSE25837,1,5,GSM634658,train,not_lonely
GSE25837,1,5,GSM634659,train,lonely
GSE25837,1,5,GSM634660,train,not_lonely
GSE25837,1,5,GSM634661,train,not_lonely
GSE25837,1,5,GSM634662,train,not_lonely
GSE25837,1,5,GSM634663,train,not_lonely
GSE25837,1,5,GSM634664,train,not_lonely
GSE25837,1,5,GSM634665,train,not_lonely
GSE25837,1,5,GSM634666,train,lonely
GSE25837,1,5,GSM634667,train,lonely
GSE25837,1,5,GSM634668,train,not_lonely
GSE25837,1,5,GSM634669,train,lonely
GSE25837,1,5,GSM634670,train,lonely
GSE25837,1,5,GSM634671,train,not_lonely
GSE25837,1,5,GSM634672,train,not_lonely
GSE25837,1,5,GSM634673,train,not_lonely
GSE25837,1,5,GSM634674,train,not_lonely
GSE25837,1,5,GSM634675,train,not_lonely
GSE25837,1,5,GSM634676,train,not_lonely
GSE25837,1,5,GSM634677,train,not_lonely
GSE25837,1,5,GSM634678,train,not_lonely
GSE25837,1,5,GSM634679,train,lonely
GSE25837,1,5,GSM634680,train,lonely
GSE25837,1,5,GSM634681,train,lonely
GSE25837,1,5,GSM634682,train,not_lonely
GSE25837,1,5,GSM634683,train,not_lonely
GSE25837,1,5,GSM634685,train,not_lonely
GSE25837,1,5,GSM634686,train,not_lonely
GSE25837,1,5,GSM634687,train,not_lonely
GSE25837,1,5,GSM634688,train,lonely
GSE25837,1,5,GSM634689,train,not_lonely
GSE25837,1,5,GSM634690,train,lonely
GSE25837,1,5,GSM634692,train,not_lonely
GSE25837,1,5,GSM634693,train,not_lonely
GSE25837,1,5,GSM634694,train,lonely
GSE25837,1,5,GSM634695,train,not_lonely
GSE25837,1,5,GSM634696,train,not_lonely
GSE25837,1,5,GSM634697,train,not_lonely
GSE25837,1,5,GSM634698,train,lonely
GSE25837,1,5,GSM634699,train,not_lonely
GSE25837,1,5,GSM634701,train,not_lonely
GSE25837,1,5,GSM634702,train,not_lonely
GSE25837,1,5,GSM634703,train,not_lonely
GSE25837,1,5,GSM634704,train,lonely
GSE25837,1,5,GSM634705,train,lonely
GSE25837,1,5,GSM634706,train,lonely
GSE25837,1,5,GSM634707,train,lonely
GSE25837,1,5,GSM634708,train,not_lonely
GSE25837,1,5,GSM634709,train,not_lonely
GSE25837,1,5,GSM634710,train,not_lonely
GSE25837,1,5,GSM634712,train,not_lonely
GSE25837,1,5,GSM634713,train,not_lonely
GSE25837,1,5,GSM634714,train,not_lonely
GSE25837,1,5,GSM634716,train,not_lonely
GSE25837,1,5,GSM634717,train,not_lonely
GSE25837,1,5,GSM634718,train,not_lonely
GSE25837,1,5,GSM634720,train,not_lonely
GSE25837,1,5,GSM634721,train,not_lonely
GSE25837,1,5,GSM634722,train,not_lonely
GSE25837,1,5,GSM634723,train,not_lonely
GSE25837,1,5,GSM634724,train,not_lonely
GSE25837,1,5,GSM634638,test,not_lonely
GSE25837,1,5,GSM634645,test,not_lonely
GSE25837,1,5,GSM634684,test,not_lonely
GSE25837,1,5,GSM634691,test,not_lonely
GSE25837,1,5,GSM634700,test,not_lonely
GSE25837,1,5,GSM634711,test,lonely
GSE25837,1,5,GSM634715,test,lonely
GSE25837,1,5,GSM634719,test,not_lonely
GSE25837,1,5,GSM634725,test,not_lonely
GSE25837,1,6,GSM634633,train,not_lonely
GSE25837,1,6,GSM634634,train,not_lonely
GSE25837,1,6,GSM634635,train,not_lonely
GSE25837,1,6,GSM634636,train,not_lonely
GSE25837,1,6,GSM634637,train,not_lonely
GSE25837,1,6,GSM634638,train,not_lonely
GSE25837,1,6,GSM634639,train,not_lonely
GSE25837,1,6,GSM634641,train,not_lonely
GSE25837,1,6,GSM634642,train,not_lonely
GSE25837,1,6,GSM634643,train,lonely
GSE25837,1,6,GSM634645,train,not_lonely
GSE25837,1,6,GSM634646,train,not_lonely
GSE25837,1,6,GSM634647,train,not_lonely
GSE25837,1,6,GSM634648,train,lonely
GSE25837,1,6,GSM634649,train,lonely
GSE25837,1,6,GSM634650,train,lonely
GSE25837,1,6,GSM634651,train,not_lonely
GSE25837,1,6,GSM634653,train,lonely
GSE25837,1,6,GSM634654,train,not_lonely
GSE25837,1,6,GSM634655,train,not_lonely
GSE25837,1,6,GSM634656,train,not_lonely
GSE25837,1,6,GSM634657,train,not_lonely
GSE25837,1,6,GSM634658,train,not_lonely
GSE25837,1,6,GSM634659,train,lonely
GSE25837,1,6,GSM634660,train,not_lonely
GSE25837,1,6,GSM634661,train,not_lonely
GSE25837,1,6,GSM634662,train,not_lonely
GSE25837,1,6,GSM634663,train,not_lonely
GSE25837,1,6,GSM634664,train,not_lonely
GSE25837,1,6,GSM634665,train,not_lonely
GSE25837,1,6,GSM634666,train,lonely
GSE25837,1,6,GSM634667,train,lonely
GSE25837,1,6,GSM634668,train,not_lonely
GSE25837,1,6,GSM634669,train,lonely
GSE25837,1,6,GSM634670,train,lonely
GSE25837,1,6,GSM634671,train,not_lonely
GSE25837,1,6,GSM634672,train,not_lonely
GSE25837,1,6,GSM634673,train,not_lonely
GSE25837,1,6,GSM634674,train,not_lonely
GSE25837,1,6,GSM634676,train,not_lonely
GSE25837,1,6,GSM634677,train,not_lonely
GSE25837,1,6,GSM634679,train,lonely
GSE25837,1,6,GSM634680,train,lonely
GSE25837,1,6,GSM634681,train,lonely
GSE25837,1,6,GSM634682,train,not_lonely
GSE25837,1,6,GSM634684,train,not_lonely
GSE25837,1,6,GSM634685,train,not_lonely
GSE25837,1,6,GSM634686,train,not_lonely
GSE25837,1,6,GSM634687,train,not_lonely
GSE25837,1,6,GSM634688,train,lonely
GSE25837,1,6,GSM634689,train,not_lonely
GSE25837,1,6,GSM634691,train,not_lonely
GSE25837,1,6,GSM634692,train,not_lonely
GSE25837,1,6,GSM634693,train,not_lonely
GSE25837,1,6,GSM634694,train,lonely
GSE25837,1,6,GSM634695,train,not_lonely
GSE25837,1,6,GSM634696,train,not_lonely
GSE25837,1,6,GSM634697,train,not_lonely
GSE25837,1,6,GSM634698,train,lonely
GSE25837,1,6,GSM634700,train,not_lonely
GSE25837,1,6,GSM634701,train,not_lonely
GSE25837,1,6,GSM634702,train,not_lonely
GSE25837,1,6,GSM634703,train,not_lonely
GSE25837,1,6,GSM634704,train,lonely
GSE25837,1,6,GSM634706,train,lonely
GSE25837,1,6,GSM634707,train,lonely
GSE25837,1,6,GSM634708,train,not_lonely
GSE25837,1,6,GSM634709,train,not_lonely
GSE25837,1,6,GSM634710,train,not_lonely
GSE25837,1,6,GSM634711,train,lonely
GSE25837,1,6,GSM634712,train,not_lonely
GSE25837,1,6,GSM634713,train,not_lonely
GSE25837,1,6,GSM634714,train,not_lonely
GSE25837,1,6,GSM634715,train,lonely
GSE25837,1,6,GSM634716,train,not_lonely
GSE25837,1,6,GSM634717,train,not_lonely
GSE25837,1,6,GSM634718,train,not_lonely
GSE25837,1,6,GSM634719,train,not_lonely
GSE25837,1,6,GSM634720,train,not_lonely
GSE25837,1,6,GSM634721,train,not_lonely
GSE25837,1,6,GSM634722,train,not_lonely
GSE25837,1,6,GSM634723,train,not_lonely
GSE25837,1,6,GSM634724,train,not_lonely
GSE25837,1,6,GSM634725,train,not_lonely
GSE25837,1,6,GSM634640,test,not_lonely
GSE25837,1,6,GSM634644,test,not_lonely
GSE25837,1,6,GSM634652,test,not_lonely
GSE25837,1,6,GSM634675,test,not_lonely
GSE25837,1,6,GSM634678,test,not_lonely
GSE25837,1,6,GSM634683,test,not_lonely
GSE25837,1,6,GSM634690,test,lonely
GSE25837,1,6,GSM634699,test,not_lonely
GSE25837,1,6,GSM634705,test,lonely
GSE25837,1,7,GSM634634,train,not_lonely
GSE25837,1,7,GSM634635,train,not_lonely
GSE25837,1,7,GSM634636,train,not_lonely
GSE25837,1,7,GSM634637,train,not_lonely
GSE25837,1,7,GSM634638,train,not_lonely
GSE25837,1,7,GSM634639,train,not_lonely
GSE25837,1,7,GSM634640,train,not_lonely
GSE25837,1,7,GSM634641,train,not_lonely
GSE25837,1,7,GSM634642,train,not_lonely
GSE25837,1,7,GSM634644,train,not_lonely
GSE25837,1,7,GSM634645,train,not_lonely
GSE25837,1,7,GSM634646,train,not_lonely
GSE25837,1,7,GSM634647,train,not_lonely
GSE25837,1,7,GSM634648,train,lonely
GSE25837,1,7,GSM634649,train,lonely
GSE25837,1,7,GSM634650,train,lonely
GSE25837,1,7,GSM634652,train,not_lonely
GSE25837,1,7,GSM634653,train,lonely
GSE25837,1,7,GSM634654,train,not_lonely
GSE25837,1,7,GSM634655,train,not_lonely
GSE25837,1,7,GSM634656,train,not_lonely
GSE25837,1,7,GSM634657,train,not_lonely
GSE25837,1,7,GSM634658,train,not_lonely
GSE25837,1,7,GSM634659,train,lonely
GSE25837,1,7,GSM634660,train,not_lonely
GSE25837,1,7,GSM634661,train,not_lonely
GSE25837,1,7,GSM634662,train,not_lonely
GSE25837,1,7,GSM634663,train,not_lonely
GSE25837,1,7,GSM634664,train,not_lonely
GSE25837,1,7,GSM634665,train,not_lonely
GSE25837,1,7,GSM634666,train,lonely
GSE25837,1,7,GSM634667,train,lonely
GSE25837,1,7,GSM634668,train,not_lonely
GSE25837,1,7,GSM634669,train,lonely
GSE25837,1,7,GSM634670,train,lonely
GSE25837,1,7,GSM634671,train,not_lonely
GSE25837,1,7,GSM634672,train,not_lonely
GSE25837,1,7,GSM634673,train,not_lonely
GSE25837,1,7,GSM634674,train,not_lonely
GSE25837,1,7,GSM634675,train,not_lonely
GSE25837,1,7,GSM634677,train,not_lonely
GSE25837,1,7,GSM634678,train,not_lonely
GSE25837,1,7,GSM634679,train,lonely
GSE25837,1,7,GSM634680,train,lonely
GSE25837,1,7,GSM634681,train,lonely
GSE25837,1,7,GSM634682,train,not_lonely
GSE25837,1,7,GSM634683,train,not_lonely
GSE25837,1,7,GSM634684,train,not_lonely
GSE25837,1,7,GSM634685,train,not_lonely
GSE25837,1,7,GSM634686,train,not_lonely
GSE25837,1,7,GSM634687,train,not_lonely
GSE25837,1,7,GSM634689,train,not_lonely
GSE25837,1,7,GSM634690,train,lonely
GSE25837,1,7,GSM634691,train,not_lonely
GSE25837,1,7,GSM634692,train,not_lonely
GSE25837,1,7,GSM634693,train,not_lonely
GSE25837,1,7,GSM634694,train,lonely
GSE25837,1,7,GSM634695,train,not_lonely
GSE25837,1,7,GSM634696,train,not_lonely
GSE25837,1,7,GSM634697,train,not_lonely
GSE25837,1,7,GSM634698,train,lonely
GSE25837,1,7,GSM634699,train,not_lonely
GSE25837,1,7,GSM634700,train,not_lonely
GSE25837,1,7,GSM634701,train,not_lonely
GSE25837,1,7,GSM634702,train,not_lonely
GSE25837,1,7,GSM634703,train,not_lonely
GSE25837,1,7,GSM634704,train,lonely
GSE25837,1,7,GSM634705,train,lonely
GSE25837,1,7,GSM634706,train,lonely
GSE25837,1,7,GSM634707,train,lonely
GSE25837,1,7,GSM634708,train,not_lonely
GSE25837,1,7,GSM634710,train,not_lonely
GSE25837,1,7,GSM634711,train,lonely
GSE25837,1,7,GSM634712,train,not_lonely
GSE25837,1,7,GSM634713,train,not_lonely
GSE25837,1,7,GSM634715,train,lonely
GSE25837,1,7,GSM634716,train,not_lonely
GSE25837,1,7,GSM634717,train,not_lonely
GSE25837,1,7,GSM634718,train,not_lonely
GSE25837,1,7,GSM634719,train,not_lonely
GSE25837,1,7,GSM634720,train,not_lonely
GSE25837,1,7,GSM634721,train,not_lonely
GSE25837,1,7,GSM634723,train,not_lonely
GSE25837,1,7,GSM634725,train,not_lonely
GSE25837,1,7,GSM634633,test,not_lonely
GSE25837,1,7,GSM634643,test,lonely
GSE25837,1,7,GSM634651,test,not_lonely
GSE25837,1,7,GSM634676,test,not_lonely
GSE25837,1,7,GSM634688,test,lonely
GSE25837,1,7,GSM634709,test,not_lonely
GSE25837,1,7,GSM634714,test,not_lonely
GSE25837,1,7,GSM634722,test,not_lonely
GSE25837,1,7,GSM634724,test,not_lonely
GSE25837,1,8,GSM634633,train,not_lonely
GSE25837,1,8,GSM634634,train,not_lonely
GSE25837,1,8,GSM634635,train,not_lonely
GSE25837,1,8,GSM634636,train,not_lonely
GSE25837,1,8,GSM634637,train,not_lonely
GSE25837,1,8,GSM634638,train,not_lonely
GSE25837,1,8,GSM634639,train,not_lonely
GSE25837,1,8,GSM634640,train,not_lonely
GSE25837,1,8,GSM634641,train,not_lonely
GSE25837,1,8,GSM634642,train,not_lonely
GSE25837,1,8,GSM634643,train,lonely
GSE25837,1,8,GSM634644,train,not_lonely
GSE25837,1,8,GSM634645,train,not_lonely
GSE25837,1,8,GSM634646,train,not_lonely
GSE25837,1,8,GSM634647,train,not_lonely
GSE25837,1,8,GSM634649,train,lonely
GSE25837,1,8,GSM634650,train,lonely
GSE25837,1,8,GSM634651,train,not_lonely
GSE25837,1,8,GSM634652,train,not_lonely
GSE25837,1,8,GSM634653,train,lonely
GSE25837,1,8,GSM634655,train,not_lonely
GSE25837,1,8,GSM634656,train,not_lonely
GSE25837,1,8,GSM634657,train,not_lonely
GSE25837,1,8,GSM634658,train,not_lonely
GSE25837,1,8,GSM634661,train,not_lonely
GSE25837,1,8,GSM634662,train,not_lonely
GSE25837,1,8,GSM634663,train,not_lonely
GSE25837,1,8,GSM634664,train,not_lonely
GSE25837,1,8,GSM634666,train,lonely
GSE25837,1,8,GSM634667,train,lonely
GSE25837,1,8,GSM634669,train,lonely
GSE25837,1,8,GSM634670,train,lonely
GSE25837,1,8,GSM634671,train,not_lonely
GSE25837,1,8,GSM634672,train,not_lonely
GSE25837,1,8,GSM634673,train,not_lonely
GSE25837,1,8,GSM634674,train,not_lonely
GSE25837,1,8,GSM634675,train,not_lonely
GSE25837,1,8,GSM634676,train,not_lonely
GSE25837,1,8,GSM634677,train,not_lonely
GSE25837,1,8,GSM634678,train,not_lonely
GSE25837,1,8,GSM634679,train,lonely
GSE25837,1,8,GSM634680,train,lonely
GSE25837,1,8,GSM634681,train,lonely
GSE25837,1,8,GSM634682,train,not_lonely
GSE25837,1,8,GSM634683,train,not_lonely
GSE25837,1,8,GSM634684,train,not_lonely
GSE25837,1,8,GSM634685,train,not_lonely
GSE25837,1,8,GSM634686,train,not_lonely
GSE25837,1,8,GSM634687,train,not_lonely
GSE25837,1,8,GSM634688,train,lonely
GSE25837,1,8,GSM634689,train,not_lonely
GSE25837,1,8,GSM634690,train,lonely
GSE25837,1,8,GSM634691,train,not_lonely
GSE25837,1,8,GSM634694,train,lonely
GSE25837,1,8,GSM634696,train,not_lonely
GSE25837,1,8,GSM634697,train,not_lonely
GSE25837,1,8,GSM634698,train,lonely
GSE25837,1,8,GSM634699,train,not_lonely
GSE25837,1,8,GSM634700,train,not_lonely
GSE25837,1,8,GSM634701,train,not_lonely
GSE25837,1,8,GSM634702,train,not_lonely
GSE25837,1,8,GSM634703,train,not_lonely
GSE25837,1,8,GSM634704,train,lonely
GSE25837,1,8,GSM634705,train,lonely
GSE25837,1,8,GSM634706,train,lonely
GSE25837,1,8,GSM634707,train,lonely
GSE25837,1,8,GSM634708,train,not_lonely
GSE25837,1,8,GSM634709,train,not_lonely
GSE25837,1,8,GSM634710,train,not_lonely
GSE25837,1,8,GSM634711,train,lonely
GSE25837,1,8,GSM634712,train,not_lonely
GSE25837,1,8,GSM634713,train,not_lonely
GSE25837,1,8,GSM634714,train,not_lonely
GSE25837,1,8,GSM634715,train,lonely
GSE25837,1,8,GSM634716,train,not_lonely
GSE25837,1,8,GSM634717,train,not_lonely
GSE25837,1,8,GSM634718,train,not_lonely
GSE25837,1,8,GSM634719,train,not_lonely
GSE25837,1,8,GSM634720,train,not_lonely
GSE25837,1,8,GSM634721,train,not_lonely
GSE25837,1,8,GSM634722,train,not_lonely
GSE25837,1,8,GSM634723,train,not_lonely
GSE25837,1,8,GSM634724,train,not_lonely
GSE25837,1,8,GSM634725,train,not_lonely
GSE25837,1,8,GSM634648,test,lonely
GSE25837,1,8,GSM634654,test,not_lonely
GSE25837,1,8,GSM634659,test,lonely
GSE25837,1,8,GSM634660,test,not_lonely
GSE25837,1,8,GSM634665,test,not_lonely
GSE25837,1,8,GSM634668,test,not_lonely
GSE25837,1,8,GSM634692,test,not_lonely
GSE25837,1,8,GSM634693,test,not_lonely
GSE25837,1,8,GSM634695,test,not_lonely
GSE25837,1,9,GSM634633,train,not_lonely
GSE25837,1,9,GSM634634,train,not_lonely
GSE25837,1,9,GSM634635,train,not_lonely
GSE25837,1,9,GSM634636,train,not_lonely
GSE25837,1,9,GSM634637,train,not_lonely
GSE25837,1,9,GSM634638,train,not_lonely
GSE25837,1,9,GSM634640,train,not_lonely
GSE25837,1,9,GSM634641,train,not_lonely
GSE25837,1,9,GSM634642,train,not_lonely
GSE25837,1,9,GSM634643,train,lonely
GSE25837,1,9,GSM634644,train,not_lonely
GSE25837,1,9,GSM634645,train,not_lonely
GSE25837,1,9,GSM634646,train,not_lonely
GSE25837,1,9,GSM634647,train,not_lonely
GSE25837,1,9,GSM634648,train,lonely
GSE25837,1,9,GSM634650,train,lonely
GSE25837,1,9,GSM634651,train,not_lonely
GSE25837,1,9,GSM634652,train,not_lonely
GSE25837,1,9,GSM634653,train,lonely
GSE25837,1,9,GSM634654,train,not_lonely
GSE25837,1,9,GSM634656,train,not_lonely
GSE25837,1,9,GSM634657,train,not_lonely
GSE25837,1,9,GSM634658,train,not_lonely
GSE25837,1,9,GSM634659,train,lonely
GSE25837,1,9,GSM634660,train,not_lonely
GSE25837,1,9,GSM634661,train,not_lonely
GSE25837,1,9,GSM634662,train,not_lonely
GSE25837,1,9,GSM634663,train,not_lonely
GSE25837,1,9,GSM634665,train,not_lonely
GSE25837,1,9,GSM634666,train,lonely
GSE25837,1,9,GSM634667,train,lonely
GSE25837,1,9,GSM634668,train,not_lonely
GSE25837,1,9,GSM634669,train,lonely
GSE25837,1,9,GSM634670,train,lonely
GSE25837,1,9,GSM634671,train,not_lonely
GSE25837,1,9,GSM634672,train,not_lonely
GSE25837,1,9,GSM634673,train,not_lonely
GSE25837,1,9,GSM634674,train,not_lonely
GSE25837,1,9,GSM634675,train,not_lonely
GSE25837,1,9,GSM634676,train,not_lonely
GSE25837,1,9,GSM634678,train,not_lonely
GSE25837,1,9,GSM634679,train,lonely
GSE25837,1,9,GSM634680,train,lonely
GSE25837,1,9,GSM634681,train,lonely
GSE25837,1,9,GSM634682,train,not_lonely
GSE25837,1,9,GSM634683,train,not_lonely
GSE25837,1,9,GSM634684,train,not_lonely
GSE25837,1,9,GSM634685,train,not_lonely
GSE25837,1,9,GSM634686,train,not_lonely
GSE25837,1,9,GSM634687,train,not_lonely
GSE25837,1,9,GSM634688,train,lonely
GSE25837,1,9,GSM634689,train,not_lonely
GSE25837,1,9,GSM634690,train,lonely
GSE25837,1,9,GSM634691,train,not_lonely
GSE25837,1,9,GSM634692,train,not_lonely
GSE25837,1,9,GSM634693,train,not_lonely
GSE25837,1,9,GSM634694,train,lonely
GSE25837,1,9,GSM634695,train,not_lonely
GSE25837,1,9,GSM634696,train,not_lonely
GSE25837,1,9,GSM634697,train,not_lonely
GSE25837,1,9,GSM634698,train,lonely
GSE25837,1,9,GSM634699,train,not_lonely
GSE25837,1,9,GSM634700,train,not_lonely
GSE25837,1,9,GSM634701,train,not_lonely
GSE25837,1,9,GSM634702,train,not_lonely
GSE25837,1,9,GSM634703,train,not_lonely
GSE25837,1,9,GSM634704,train,lonely
GSE25837,1,9,GSM634705,train,lonely
GSE25837,1,9,GSM634706,train,lonely
GSE25837,1,9,GSM634708,train,not_lonely
GSE25837,1,9,GSM634709,train,not_lonely
GSE25837,1,9,GSM634710,train,not_lonely
GSE25837,1,9,GSM634711,train,lonely
GSE25837,1,9,GSM634712,train,not_lonely
GSE25837,1,9,GSM634713,train,not_lonely
GSE25837,1,9,GSM634714,train,not_lonely
GSE25837,1,9,GSM634715,train,lonely
GSE25837,1,9,GSM634717,train,not_lonely
GSE25837,1,9,GSM634719,train,not_lonely
GSE25837,1,9,GSM634720,train,not_lonely
GSE25837,1,9,GSM634722,train,not_lonely
GSE25837,1,9,GSM634723,train,not_lonely
GSE25837,1,9,GSM634724,train,not_lonely
GSE25837,1,9,GSM634725,train,not_lonely
GSE25837,1,9,GSM634639,test,not_lonely
GSE25837,1,9,GSM634649,test,lonely
GSE25837,1,9,GSM634655,test,not_lonely
GSE25837,1,9,GSM634664,test,not_lonely
GSE25837,1,9,GSM634677,test,not_lonely
GSE25837,1,9,GSM634707,test,lonely
GSE25837,1,9,GSM634716,test,not_lonely
GSE25837,1,9,GSM634718,test,not_lonely
GSE25837,1,9,GSM634721,test,not_lonely
GSE25837,1,10,GSM634633,train,not_lonely
GSE25837,1,10,GSM634637,train,not_lonely
GSE25837,1,10,GSM634638,train,not_lonely
GSE25837,1,10,GSM634639,train,not_lonely
GSE25837,1,10,GSM634640,train,not_lonely
GSE25837,1,10,GSM634642,train,not_lonely
GSE25837,1,10,GSM634643,train,lonely
GSE25837,1,10,GSM634644,train,not_lonely
GSE25837,1,10,GSM634645,train,not_lonely
GSE25837,1,10,GSM634646,train,not_lonely
GSE25837,1,10,GSM634647,train,not_lonely
GSE25837,1,10,GSM634648,train,lonely
GSE25837,1,10,GSM634649,train,lonely
GSE25837,1,10,GSM634651,train,not_lonely
GSE25837,1,10,GSM634652,train,not_lonely
GSE25837,1,10,GSM634653,train,lonely
GSE25837,1,10,GSM634654,train,not_lonely
GSE25837,1,10,GSM634655,train,not_lonely
GSE25837,1,10,GSM634656,train,not_lonely
GSE25837,1,10,GSM634658,train,not_lonely
GSE25837,1,10,GSM634659,train,lonely
GSE25837,1,10,GSM634660,train,not_lonely
GSE25837,1,10,GSM634661,train,not_lonely
GSE25837,1,10,GSM634662,train,not_lonely
GSE25837,1,10,GSM634663,train,not_lonely
GSE25837,1,10,GSM634664,train,not_lonely
GSE25837,1,10,GSM634665,train,not_lonely
GSE25837,1,10,GSM634666,train,lonely
GSE25837,1,10,GSM634667,train,lonely
GSE25837,1,10,GSM634668,train,not_lonely
GSE25837,1,10,GSM634669,train,lonely
GSE25837,1,10,GSM634670,train,lonely
GSE25837,1,10,GSM634671,train,not_lonely
GSE25837,1,10,GSM634672,train,not_lonely
GSE25837,1,10,GSM634674,train,not_lonely
GSE25837,1,10,GSM634675,train,not_lonely
GSE25837,1,10,GSM634676,train,not_lonely
GSE25837,1,10,GSM634677,train,not_lonely
GSE25837,1,10,GSM634678,train,not_lonely
GSE25837,1,10,GSM634679,train,lonely
GSE25837,1,10,GSM634680,train,lonely
GSE25837,1,10,GSM634681,train,lonely
GSE25837,1,10,GSM634682,train,not_lonely
GSE25837,1,10,GSM634683,train,not_lonely
GSE25837,1,10,GSM634684,train,not_lonely
GSE25837,1,10,GSM634685,train,not_lonely
GSE25837,1,10,GSM634686,train,not_lonely
GSE25837,1,10,GSM634687,train,not_lonely
GSE25837,1,10,GSM634688,train,lonely
GSE25837,1,10,GSM634689,train,not_lonely
GSE25837,1,10,GSM634690,train,lonely
GSE25837,1,10,GSM634691,train,not_lonely
GSE25837,1,10,GSM634692,train,not_lonely
GSE25837,1,10,GSM634693,train,not_lonely
GSE25837,1,10,GSM634694,train,lonely
GSE25837,1,10,GSM634695,train,not_lonely
GSE25837,1,10,GSM634697,train,not_lonely
GSE25837,1,10,GSM634699,train,not_lonely
GSE25837,1,10,GSM634700,train,not_lonely
GSE25837,1,10,GSM634701,train,not_lonely
GSE25837,1,10,GSM634702,train,not_lonely
GSE25837,1,10,GSM634703,train,not_lonely
GSE25837,1,10,GSM634704,train,lonely
GSE25837,1,10,GSM634705,train,lonely
GSE25837,1,10,GSM634706,train,lonely
GSE25837,1,10,GSM634707,train,lonely
GSE25837,1,10,GSM634708,train,not_lonely
GSE25837,1,10,GSM634709,train,not_lonely
GSE25837,1,10,GSM634710,train,not_lonely
GSE25837,1,10,GSM634711,train,lonely
GSE25837,1,10,GSM634712,train,not_lonely
GSE25837,1,10,GSM634713,train,not_lonely
GSE25837,1,10,GSM634714,train,not_lonely
GSE25837,1,10,GSM634715,train,lonely
GSE25837,1,10,GSM634716,train,not_lonely
GSE25837,1,10,GSM634717,train,not_lonely
GSE25837,1,10,GSM634718,train,not_lonely
GSE25837,1,10,GSM634719,train,not_lonely
GSE25837,1,10,GSM634720,train,not_lonely
GSE25837,1,10,GSM634721,train,not_lonely
GSE25837,1,10,GSM634722,train,not_lonely
GSE25837,1,10,GSM634723,train,not_lonely
GSE25837,1,10,GSM634724,train,not_lonely
GSE25837,1,10,GSM634725,train,not_lonely
GSE25837,1,10,GSM634634,test,not_lonely
GSE25837,1,10,GSM634635,test,not_lonely
GSE25837,1,10,GSM634636,test,not_lonely
GSE25837,1,10,GSM634641,test,not_lonely
GSE25837,1,10,GSM634650,test,lonely
GSE25837,1,10,GSM634657,test,not_lonely
GSE25837,1,10,GSM634673,test,not_lonely
GSE25837,1,10,GSM634696,test,not_lonely
GSE25837,1,10,GSM634698,test,lonely
GSE25837,2,1,GSM634633,train,not_lonely
GSE25837,2,1,GSM634634,train,not_lonely
GSE25837,2,1,GSM634635,train,not_lonely
GSE25837,2,1,GSM634636,train,not_lonely
GSE25837,2,1,GSM634637,train,not_lonely
GSE25837,2,1,GSM634638,train,not_lonely
GSE25837,2,1,GSM634639,train,not_lonely
GSE25837,2,1,GSM634640,train,not_lonely
GSE25837,2,1,GSM634641,train,not_lonely
GSE25837,2,1,GSM634642,train,not_lonely
GSE25837,2,1,GSM634643,train,lonely
GSE25837,2,1,GSM634645,train,not_lonely
GSE25837,2,1,GSM634646,train,not_lonely
GSE25837,2,1,GSM634648,train,lonely
GSE25837,2,1,GSM634649,train,lonely
GSE25837,2,1,GSM634650,train,lonely
GSE25837,2,1,GSM634652,train,not_lonely
GSE25837,2,1,GSM634653,train,lonely
GSE25837,2,1,GSM634654,train,not_lonely
GSE25837,2,1,GSM634655,train,not_lonely
GSE25837,2,1,GSM634656,train,not_lonely
GSE25837,2,1,GSM634657,train,not_lonely
GSE25837,2,1,GSM634658,train,not_lonely
GSE25837,2,1,GSM634659,train,lonely
GSE25837,2,1,GSM634660,train,not_lonely
GSE25837,2,1,GSM634661,train,not_lonely
GSE25837,2,1,GSM634662,train,not_lonely
GSE25837,2,1,GSM634663,train,not_lonely
GSE25837,2,1,GSM634664,train,not_lonely
GSE25837,2,1,GSM634665,train,not_lonely
GSE25837,2,1,GSM634666,train,lonely
GSE25837,2,1,GSM634667,train,lonely
GSE25837,2,1,GSM634669,train,lonely
GSE25837,2,1,GSM634670,train,lonely
GSE25837,2,1,GSM634671,train,not_lonely
GSE25837,2,1,GSM634672,train,not_lonely
GSE25837,2,1,GSM634673,train,not_lonely
GSE25837,2,1,GSM634674,train,not_lonely
GSE25837,2,1,GSM634675,train,not_lonely
GSE25837,2,1,GSM634678,train,not_lonely
GSE25837,2,1,GSM634680,train,lonely
GSE25837,2,1,GSM634681,train,lonely
GSE25837,2,1,GSM634682,train,not_lonely
GSE25837,2,1,GSM634684,train,not_lonely
GSE25837,2,1,GSM634685,train,not_lonely
GSE25837,2,1,GSM634686,train,not_lonely
GSE25837,2,1,GSM634687,train,not_lonely
GSE25837,2,1,GSM634689,train,not_lonely
GSE25837,2,1,GSM634690,train,lonely
GSE25837,2,1,GSM634691,train,not_lonely
GSE25837,2,1,GSM634692,train,not_lonely
GSE25837,2,1,GSM634693,train,not_lonely
GSE25837,2,1,GSM634694,train,lonely
GSE25837,2,1,GSM634695,train,not_lonely
GSE25837,2,1,GSM634696,train,not_lonely
GSE25837,2,1,GSM634697,train,not_lonely
GSE25837,2,1,GSM634698,train,lonely
GSE25837,2,1,GSM634699,train,not_lonely
GSE25837,2,1,GSM634700,train,not_lonely
GSE25837,2,1,GSM634701,train,not_lonely
GSE25837,2,1,GSM634702,train,not_lonely
GSE25837,2,1,GSM634703,train,not_lonely
GSE25837,2,1,GSM634704,train,lonely
GSE25837,2,1,GSM634705,train,lonely
GSE25837,2,1,GSM634706,train,lonely
GSE25837,2,1,GSM634707,train,lonely
GSE25837,2,1,GSM634708,train,not_lonely
GSE25837,2,1,GSM634709,train,not_lonely
GSE25837,2,1,GSM634710,train,not_lonely
GSE25837,2,1,GSM634712,train,not_lonely
GSE25837,2,1,GSM634713,train,not_lonely
GSE25837,2,1,GSM634714,train,not_lonely
GSE25837,2,1,GSM634715,train,lonely
GSE25837,2,1,GSM634716,train,not_lonely
GSE25837,2,1,GSM634717,train,not_lonely
GSE25837,2,1,GSM634718,train,not_lonely
GSE25837,2,1,GSM634719,train,not_lonely
GSE25837,2,1,GSM634720,train,not_lonely
GSE25837,2,1,GSM634721,train,not_lonely
GSE25837,2,1,GSM634722,train,not_lonely
GSE25837,2,1,GSM634723,train,not_lonely
GSE25837,2,1,GSM634724,train,not_lonely
GSE25837,2,1,GSM634725,train,not_lonely
GSE25837,2,1,GSM634644,test,not_lonely
GSE25837,2,1,GSM634647,test,not_lonely
GSE25837,2,1,GSM634651,test,not_lonely
GSE25837,2,1,GSM634668,test,not_lonely
GSE25837,2,1,GSM634676,test,not_lonely
GSE25837,2,1,GSM634677,test,not_lonely
GSE25837,2,1,GSM634679,test,lonely
GSE25837,2,1,GSM634683,test,not_lonely
GSE25837,2,1,GSM634688,test,lonely
GSE25837,2,1,GSM634711,test,lonely
GSE25837,2,2,GSM634633,train,not_lonely
GSE25837,2,2,GSM634634,train,not_lonely
GSE25837,2,2,GSM634635,train,not_lonely
GSE25837,2,2,GSM634636,train,not_lonely
GSE25837,2,2,GSM634637,train,not_lonely
GSE25837,2,2,GSM634638,train,not_lonely
GSE25837,2,2,GSM634639,train,not_lonely
GSE25837,2,2,GSM634640,train,not_lonely
GSE25837,2,2,GSM634641,train,not_lonely
GSE25837,2,2,GSM634642,train,not_lonely
GSE25837,2,2,GSM634644,train,not_lonely
GSE25837,2,2,GSM634645,train,not_lonely
GSE25837,2,2,GSM634646,train,not_lonely
GSE25837,2,2,GSM634647,train,not_lonely
GSE25837,2,2,GSM634648,train,lonely
GSE25837,2,2,GSM634649,train,lonely
GSE25837,2,2,GSM634650,train,lonely
GSE25837,2,2,GSM634651,train,not_lonely
GSE25837,2,2,GSM634652,train,not_lonely
GSE25837,2,2,GSM634653,train,lonely
GSE25837,2,2,GSM634654,train,not_lonely
GSE25837,2,2,GSM634655,train,not_lonely
GSE25837,2,2,GSM634657,train,not_lonely
GSE25837,2,2,GSM634658,train,not_lonely
GSE25837,2,2,GSM634661,train,not_lonely
GSE25837,2,2,GSM634662,train,not_lonely
GSE25837,2,2,GSM634663,train,not_lonely
GSE25837,2,2,GSM634664,train,not_lonely
GSE25837,2,2,GSM634665,train,not_lonely
GSE25837,2,2,GSM634666,train,lonely
GSE25837,2,2,GSM634668,train,not_lonely
GSE25837,2,2,GSM634669,train,lonely
GSE25837,2,2,GSM634670,train,lonely
GSE25837,2,2,GSM634671,train,not_lonely
GSE25837,2,2,GSM634673,train,not_lonely
GSE25837,2,2,GSM634674,train,not_lonely
GSE25837,2,2,GSM634675,train,not_lonely
GSE25837,2,2,GSM634676,train,not_lonely
GSE25837,2,2,GSM634677,train,not_lonely
GSE25837,2,2,GSM634678,train,not_lonely
GSE25837,2,2,GSM634679,train,lonely
GSE25837,2,2,GSM634680,train,lonely
GSE25837,2,2,GSM634681,train,lonely
GSE25837,2,2,GSM634682,train,not_lonely
GSE25837,2,2,GSM634683,train,not_lonely
GSE25837,2,2,GSM634685,train,not_lonely
GSE25837,2,2,GSM634687,train,not_lonely
GSE25837,2,2,GSM634688,train,lonely
GSE25837,2,2,GSM634689,train,not_lonely
GSE25837,2,2,GSM634690,train,lonely
GSE25837,2,2,GSM634691,train,not_lonely
GSE25837,2,2,GSM634693,train,not_lonely
GSE25837,2,2,GSM634694,train,lonely
GSE25837,2,2,GSM634695,train,not_lonely
GSE25837,2,2,GSM634696,train,not_lonely
GSE25837,2,2,GSM634697,train,not_lonely
GSE25837,2,2,GSM634698,train,lonely
GSE25837,2,2,GSM634699,train,not_lonely
GSE25837,2,2,GSM634701,train,not_lonely
GSE25837,2,2,GSM634702,train,not_lonely
GSE25837,2,2,GSM634703,train,not_lonely
GSE25837,2,2,GSM634704,train,lonely
GSE25837,2,2,GSM634705,train,lonely
GSE25837,2,2,GSM634706,train,lonely
GSE25837,2,2,GSM634707,train,lonely
GSE25837,2,2,GSM634708,train,not_lonely
GSE25837,2,2,GSM634709,train,not_lonely
GSE25837,2,2,GSM634710,train,not_lonely
GSE25837,2,2,GSM634711,train,lonely
GSE25837,2,2,GSM634712,train,not_lonely
GSE25837,2,2,GSM634713,train,not_lonely
GSE25837,2,2,GSM634714,train,not_lonely
GSE25837,2,2,GSM634715,train,lonely
GSE25837,2,2,GSM634716,train,not_lonely
GSE25837,2,2,GSM634717,train,not_lonely
GSE25837,2,2,GSM634718,train,not_lonely
GSE25837,2,2,GSM634719,train,not_lonely
GSE25837,2,2,GSM634720,train,not_lonely
GSE25837,2,2,GSM634721,train,not_lonely
GSE25837,2,2,GSM634722,train,not_lonely
GSE25837,2,2,GSM634723,train,not_lonely
GSE25837,2,2,GSM634724,train,not_lonely
GSE25837,2,2,GSM634725,train,not_lonely
GSE25837,2,2,GSM634643,test,lonely
GSE25837,2,2,GSM634656,test,not_lonely
GSE25837,2,2,GSM634659,test,lonely
GSE25837,2,2,GSM634660,test,not_lonely
GSE25837,2,2,GSM634667,test,lonely
GSE25837,2,2,GSM634672,test,not_lonely
GSE25837,2,2,GSM634684,test,not_lonely
GSE25837,2,2,GSM634686,test,not_lonely
GSE25837,2,2,GSM634692,test,not_lonely
GSE25837,2,2,GSM634700,test,not_lonely
GSE25837,2,3,GSM634633,train,not_lonely
GSE25837,2,3,GSM634634,train,not_lonely
GSE25837,2,3,GSM634635,train,not_lonely
GSE25837,2,3,GSM634636,train,not_lonely
GSE25837,2,3,GSM634637,train,not_lonely
GSE25837,2,3,GSM634638,train,not_lonely
GSE25837,2,3,GSM634639,train,not_lonely
GSE25837,2,3,GSM634640,train,not_lonely
GSE25837,2,3,GSM634641,train,not_lonely
GSE25837,2,3,GSM634642,train,not_lonely
GSE25837,2,3,GSM634643,train,lonely
GSE25837,2,3,GSM634644,train,not_lonely
GSE25837,2,3,GSM634645,train,not_lonely
GSE25837,2,3,GSM634646,train,not_lonely
GSE25837,2,3,GSM634647,train,not_lonely
GSE25837,2,3,GSM634648,train,lonely
GSE25837,2,3,GSM634649,train,lonely
GSE25837,2,3,GSM634651,train,not_lonely
GSE25837,2,3,GSM634653,train,lonely
GSE25837,2,3,GSM634655,train,not_lonely
GSE25837,2,3,GSM634656,train,not_lonely
GSE25837,2,3,GSM634658,train,not_lonely
GSE25837,2,3,GSM634659,train,lonely
GSE25837,2,3,GSM634660,train,not_lonely
GSE25837,2,3,GSM634661,train,not_lonely
GSE25837,2,3,GSM634662,train,not_lonely
GSE25837,2,3,GSM634663,train,not_lonely
GSE25837,2,3,GSM634664,train,not_lonely
GSE25837,2,3,GSM634665,train,not_lonely
GSE25837,2,3,GSM634666,train,lonely
GSE25837,2,3,GSM634667,train,lonely
GSE25837,2,3,GSM634668,train,not_lonely
GSE25837,2,3,GSM634669,train,lonely
GSE25837,2,3,GSM634670,train,lonely
GSE25837,2,3,GSM634671,train,not_lonely
GSE25837,2,3,GSM634672,train,not_lonely
GSE25837,2,3,GSM634673,train,not_lonely
GSE25837,2,3,GSM634675,train,not_lonely
GSE25837,2,3,GSM634676,train,not_lonely
GSE25837,2,3,GSM634677,train,not_lonely
GSE25837,2,3,GSM634678,train,not_lonely
GSE25837,2,3,GSM634679,train,lonely
GSE25837,2,3,GSM634682,train,not_lonely
GSE25837,2,3,GSM634683,train,not_lonely
GSE25837,2,3,GSM634684,train,not_lonely
GSE25837,2,3,GSM634685,train,not_lonely
GSE25837,2,3,GSM634686,train,not_lonely
GSE25837,2,3,GSM634687,train,not_lonely
GSE25837,2,3,GSM634688,train,lonely
GSE25837,2,3,GSM634689,train,not_lonely
GSE25837,2,3,GSM634690,train,lonely
GSE25837,2,3,GSM634691,train,not_lonely
GSE25837,2,3,GSM634692,train,not_lonely
GSE25837,2,3,GSM634694,train,lonely
GSE25837,2,3,GSM634695,train,not_lonely
GSE25837,2,3,GSM634696,train,not_lonely
GSE25837,2,3,GSM634697,train,not_lonely
GSE25837,2,3,GSM634698,train,lonely
GSE25837,2,3,GSM634699,train,not_lonely
GSE25837,2,3,GSM634700,train,not_lonely
GSE25837,2,3,GSM634701,train,not_lonely
GSE25837,2,3,GSM634703,train,not_lonely
GSE25837,2,3,GSM634704,train,lonely
GSE25837,2,3,GSM634705,train,lonely
GSE25837,2,3,GSM634706,train,lonely
GSE25837,2,3,GSM634707,train,lonely
GSE25837,2,3,GSM634708,train,not_lonely
GSE25837,2,3,GSM634709,train,not_lonely
GSE25837,2,3,GSM634711,train,lonely
GSE25837,2,3,GSM634712,train,not_lonely
GSE25837,2,3,GSM634713,train,not_lonely
GSE25837,2,3,GSM634714,train,not_lonely
GSE25837,2,3,GSM634715,train,lonely
GSE25837,2,3,GSM634716,train,not_lonely
GSE25837,2,3,GSM634717,train,not_lonely
GSE25837,2,3,GSM634718,train,not_lonely
GSE25837,2,3,GSM634719,train,not_lonely
GSE25837,2,3,GSM634720,train,not_lonely
GSE25837,2,3,GSM634721,train,not_lonely
GSE25837,2,3,GSM634722,train,not_lonely
GSE25837,2,3,GSM634723,train,not_lonely
GSE25837,2,3,GSM634724,train,not_lonely
GSE25837,2,3,GSM634725,train,not_lonely
GSE25837,2,3,GSM634650,test,lonely
GSE25837,2,3,GSM634652,test,not_lonely
GSE25837,2,3,GSM634654,test,not_lonely
GSE25837,2,3,GSM634657,test,not_lonely
GSE25837,2,3,GSM634674,test,not_lonely
GSE25837,2,3,GSM634680,test,lonely
GSE25837,2,3,GSM634681,test,lonely
GSE25837,2,3,GSM634693,test,not_lonely
GSE25837,2,3,GSM634702,test,not_lonely
GSE25837,2,3,GSM634710,test,not_lonely
GSE25837,2,4,GSM634633,train,not_lonely
GSE25837,2,4,GSM634634,train,not_lonely
GSE25837,2,4,GSM634636,train,not_lonely
GSE25837,2,4,GSM634637,train,not_lonely
GSE25837,2,4,GSM634638,train,not_lonely
GSE25837,2,4,GSM634639,train,not_lonely
GSE25837,2,4,GSM634640,train,not_lonely
GSE25837,2,4,GSM634641,train,not_lonely
GSE25837,2,4,GSM634642,train,not_lonely
GSE25837,2,4,GSM634643,train,lonely
GSE25837,2,4,GSM634644,train,not_lonely
GSE25837,2,4,GSM634645,train,not_lonely
GSE25837,2,4,GSM634646,train,not_lonely
GSE25837,2,4,GSM634647,train,not_lonely
GSE25837,2,4,GSM634649,train,lonely
GSE25837,2,4,GSM634650,train,lonely
GSE25837,2,4,GSM634651,train,not_lonely
GSE25837,2,4,GSM634652,train,not_lonely
GSE25837,2,4,GSM634653,train,lonely
GSE25837,2,4,GSM634654,train,not_lonely
GSE25837,2,4,GSM634656,train,not_lonely
GSE25837,2,4,GSM634657,train,not_lonely
GSE25837,2,4,GSM634658,train,not_lonely
GSE25837,2,4,GSM634659,train,lonely
GSE25837,2,4,GSM634660,train,not_lonely
GSE25837,2,4,GSM634661,train,not_lonely
GSE25837,2,4,GSM634662,train,not_lonely
GSE25837,2,4,GSM634663,train,not_lonely
GSE25837,2,4,GSM634664,train,not_lonely
GSE25837,2,4,GSM634665,train,not_lonely
GSE25837,2,4,GSM634667,train,lonely
GSE25837,2,4,GSM634668,train,not_lonely
GSE25837,2,4,GSM634669,train,lonely
GSE25837,2,4,GSM634670,train,lonely
GSE25837,2,4,GSM634671,train,not_lonely
GSE25837,2,4,GSM634672,train,not_lonely
GSE25837,2,4,GSM634673,train,not_lonely
GSE25837,2,4,GSM634674,train,not_lonely
GSE25837,2,4,GSM634676,train,not_lonely
GSE25837,2,4,GSM634677,train,not_lonely
GSE25837,2,4,GSM634678,train,not_lonely
GSE25837,2,4,GSM634679,train,lonely
GSE25837,2,4,GSM634680,train,lonely
GSE25837,2,4,GSM634681,train,lonely
GSE25837,2,4,GSM634683,train,not_lonely
GSE25837,2,4,GSM634684,train,not_lonely
GSE25837,2,4,GSM634685,train,not_lonely
GSE25837,2,4,GSM634686,train,not_lonely
GSE25837,2,4,GSM634688,train,lonely
GSE25837,2,4,GSM634689,train,not_lonely
GSE25837,2,4,GSM634690,train,lonely
GSE25837,2,4,GSM634691,train,not_lonely
GSE25837,2,4,GSM634692,train,not_lonely
GSE25837,2,4,GSM634693,train,not_lonely
GSE25837,2,4,GSM634694,train,lonely
GSE25837,2,4,GSM634695,train,not_lonely
GSE25837,2,4,GSM634696,train,not_lonely
GSE25837,2,4,GSM634697,train,not_lonely
GSE25837,2,4,GSM634698,train,lonely
GSE25837,2,4,GSM634699,train,not_lonely
GSE25837,2,4,GSM634700,train,not_lonely
GSE25837,2,4,GSM634701,train,not_lonely
GSE25837,2,4,GSM634702,train,not_lonely
GSE25837,2,4,GSM634703,train,not_lonely
GSE25837,2,4,GSM634704,train,lonely
GSE25837,2,4,GSM634705,train,lonely
GSE25837,2,4,GSM634706,train,lonely
GSE25837,2,4,GSM634707,train,lonely
GSE25837,2,4,GSM634708,train,not_lonely
GSE25837,2,4,GSM634709,train,not_lonely
GSE25837,2,4,GSM634710,train,not_lonely
GSE25837,2,4,GSM634711,train,lonely
GSE25837,2,4,GSM634712,train,not_lonely
GSE25837,2,4,GSM634713,train,not_lonely
GSE25837,2,4,GSM634714,train,not_lonely
GSE25837,2,4,GSM634715,train,lonely
GSE25837,2,4,GSM634716,train,not_lonely
GSE25837,2,4,GSM634718,train,not_lonely
GSE25837,2,4,GSM634719,train,not_lonely
GSE25837,2,4,GSM634720,train,not_lonely
GSE25837,2,4,GSM634721,train,not_lonely
GSE25837,2,4,GSM634723,train,not_lonely
GSE25837,2,4,GSM634724,train,not_lonely
GSE25837,2,4,GSM634725,train,not_lonely
GSE25837,2,4,GSM634635,test,not_lonely
GSE25837,2,4,GSM634648,test,lonely
GSE25837,2,4,GSM634655,test,not_lonely
GSE25837,2,4,GSM634666,test,lonely
GSE25837,2,4,GSM634675,test,not_lonely
GSE25837,2,4,GSM634682,test,not_lonely
GSE25837,2,4,GSM634687,test,not_lonely
GSE25837,2,4,GSM634717,test,not_lonely
GSE25837,2,4,GSM634722,test,not_lonely
GSE25837,2,5,GSM634633,train,not_lonely
GSE25837,2,5,GSM634634,train,not_lonely
GSE25837,2,5,GSM634635,train,not_lonely
GSE25837,2,5,GSM634636,train,not_lonely
GSE25837,2,5,GSM634637,train,not_lonely
GSE25837,2,5,GSM634638,train,not_lonely
GSE25837,2,5,GSM634639,train,not_lonely
GSE25837,2,5,GSM634640,train,not_lonely
GSE25837,2,5,GSM634641,train,not_lonely
GSE25837,2,5,GSM634642,train,not_lonely
GSE25837,2,5,GSM634643,train,lonely
GSE25837,2,5,GSM634644,train,not_lonely
GSE25837,2,5,GSM634645,train,not_lonely
GSE25837,2,5,GSM634646,train,not_lonely
GSE25837,2,5,GSM634647,train,not_lonely
GSE25837,2,5,GSM634648,train,lonely
GSE25837,2,5,GSM634649,train,lonely
GSE25837,2,5,GSM634650,train,lonely
GSE25837,2,5,GSM634651,train,not_lonely
GSE25837,2,5,GSM634652,train,not_lonely
GSE25837,2,5,GSM634653,train,lonely
GSE25837,2,5,GSM634654,train,not_lonely
GSE25837,2,5,GSM634655,train,not_lonely
GSE25837,2,5,GSM634656,train,not_lonely
GSE25837,2,5,GSM634657,train,not_lonely
GSE25837,2,5,GSM634659,train,lonely
GSE25837,2,5,GSM634660,train,not_lonely
GSE25837,2,5,GSM634661,train,not_lonely
GSE25837,2,5,GSM634662,train,not_lonely
GSE25837,2,5,GSM634663,train,not_lonely
GSE25837,2,5,GSM634665,train,not_lonely
GSE25837,2,5,GSM634666,train,lonely
GSE25837,2,5,GSM634667,train,lonely
GSE25837,2,5,GSM634668,train,not_lonely
GSE25837,2,5,GSM634670,train,lonely
GSE25837,2,5,GSM634672,train,not_lonely
GSE25837,2,5,GSM634673,train,not_lonely
GSE25837,2,5,GSM634674,train,not_lonely
GSE25837,2,5,GSM634675,train,not_lonely
GSE25837,2,5,GSM634676,train,not_lonely
GSE25837,2,5,GSM634677,train,not_lonely
GSE25837,2,5,GSM634679,train,lonely
GSE25837,2,5,GSM634680,train,lonely
GSE25837,2,5,GSM634681,train,lonely
GSE25837,2,5,GSM634682,train,not_lonely
GSE25837,2,5,GSM634683,train,not_lonely
GSE25837,2,5,GSM634684,train,not_lonely
GSE25837,2,5,GSM634685,train,not_lonely
GSE25837,2,5,GSM634686,train,not_lonely
GSE25837,2,5,GSM634687,train,not_lonely
GSE25837,2,5,GSM634688,train,lonely
GSE25837,2,5,GSM634689,train,not_lonely
GSE25837,2,5,GSM634690,train,lonely
GSE25837,2,5,GSM634691,train,not_lonely
GSE25837,2,5,GSM634692,train,not_lonely
GSE25837,2,5,GSM634693,train,not_lonely
GSE25837,2,5,GSM634694,train,lonely
GSE25837,2,5,GSM634695,train,not_lonely
GSE25837,2,5,GSM634696,train,not_lonely
GSE25837,2,5,GSM634697,train,not_lonely
GSE25837,2,5,GSM634698,train,lonely
GSE25837,2,5,GSM634699,train,not_lonely
GSE25837,2,5,GSM634700,train,not_lonely
GSE25837,2,5,GSM634701,train,not_lonely
GSE25837,2,5,GSM634702,train,not_lonely
GSE25837,2,5,GSM634703,train,not_lonely
GSE25837,2,5,GSM634704,train,lonely
GSE25837,2,5,GSM634706,train,lonely
GSE25837,2,5,GSM634707,train,lonely
GSE25837,2,5,GSM634710,train,not_lonely
GSE25837,2,5,GSM634711,train,lonely
GSE25837,2,5,GSM634712,train,not_lonely
GSE25837,2,5,GSM634713,train,not_lonely
GSE25837,2,5,GSM634714,train,not_lonely
GSE25837,2,5,GSM634715,train,lonely
GSE25837,2,5,GSM634717,train,not_lonely
GSE25837,2,5,GSM634718,train,not_lonely
GSE25837,2,5,GSM634719,train,not_lonely
GSE25837,2,5,GSM634720,train,not_lonely
GSE25837,2,5,GSM634721,train,not_lonely
GSE25837,2,5,GSM634722,train,not_lonely
GSE25837,2,5,GSM634723,train,not_lonely
GSE25837,2,5,GSM634724,train,not_lonely
GSE25837,2,5,GSM634725,train,not_lonely
GSE25837,2,5,GSM634658,test,not_lonely
GSE25837,2,5,GSM634664,test,not_lonely
GSE25837,2,5,GSM634669,test,lonely
GSE25837,2,5,GSM634671,test,not_lonely
GSE25837,2,5,GSM634678,test,not_lonely
GSE25837,2,5,GSM634705,test,lonely
GSE25837,2,5,GSM634708,test,not_lonely
GSE25837,2,5,GSM634709,test,not_lonely
GSE25837,2,5,GSM634716,test,not_lonely
GSE25837,2,6,GSM634633,train,not_lonely
GSE25837,2,6,GSM634634,train,not_lonely
GSE25837,2,6,GSM634635,train,not_lonely
GSE25837,2,6,GSM634636,train,not_lonely
GSE25837,2,6,GSM634637,train,not_lonely
GSE25837,2,6,GSM634638,train,not_lonely
GSE25837,2,6,GSM634639,train,not_lonely
GSE25837,2,6,GSM634640,train,not_lonely
GSE25837,2,6,GSM634641,train,not_lonely
GSE25837,2,6,GSM634642,train,not_lonely
GSE25837,2,6,GSM634643,train,lonely
GSE25837,2,6,GSM634644,train,not_lonely
GSE25837,2,6,GSM634645,train,not_lonely
GSE25837,2,6,GSM634646,train,not_lonely
GSE25837,2,6,GSM634647,train,not_lonely
GSE25837,2,6,GSM634648,train,lonely
GSE25837,2,6,GSM634649,train,lonely
GSE25837,2,6,GSM634650,train,lonely
GSE25837,2,6,GSM634651,train,not_lonely
GSE25837,2,6,GSM634652,train,not_lonely
GSE25837,2,6,GSM634653,train,lonely
GSE25837,2,6,GSM634654,train,not_lonely
GSE25837,2,6,GSM634655,train,not_lonely
GSE25837,2,6,GSM634656,train,not_lonely
GSE25837,2,6,GSM634657,train,not_lonely
GSE25837,2,6,GSM634658,train,not_lonely
GSE25837,2,6,GSM634659,train,lonely
GSE25837,2,6,GSM634660,train,not_lonely
GSE25837,2,6,GSM634661,train,not_lonely
GSE25837,2,6,GSM634662,train,not_lonely
GSE25837,2,6,GSM634663,train,not_lonely
GSE25837,2,6,GSM634664,train,not_lonely
GSE25837,2,6,GSM634666,train,lonely
GSE25837,2,6,GSM634667,train,lonely
GSE25837,2,6,GSM634668,train,not_lonely
GSE25837,2,6,GSM634669,train,lonely
GSE25837,2,6,GSM634671,train,not_lonely
GSE25837,2,6,GSM634672,train,not_lonely
GSE25837,2,6,GSM634673,train,not_lonely
GSE25837,2,6,GSM634674,train,not_lonely
GSE25837,2,6,GSM634675,train,not_lonely
GSE25837,2,6,GSM634676,train,not_lonely
GSE25837,2,6,GSM634677,train,not_lonely
GSE25837,2,6,GSM634678,train,not_lonely
GSE25837,2,6,GSM634679,train,lonely
GSE25837,2,6,GSM634680,train,lonely
GSE25837,2,6,GSM634681,train,lonely
GSE25837,2,6,GSM634682,train,not_lonely
GSE25837,2,6,GSM634683,train,not_lonely
GSE25837,2,6,GSM634684,train,not_lonely
GSE25837,2,6,GSM634686,train,not_lonely
GSE25837,2,6,GSM634687,train,not_lonely
GSE25837,2,6,GSM634688,train,lonely
GSE25837,2,6,GSM634690,train,lonely
GSE25837,2,6,GSM634691,train,not_lonely
GSE25837,2,6,GSM634692,train,not_lonely
GSE25837,2,6,GSM634693,train,not_lonely
GSE25837,2,6,GSM634695,train,not_lonely
GSE25837,2,6,GSM634697,train,not_lonely
GSE25837,2,6,GSM634698,train,lonely
GSE25837,2,6,GSM634699,train,not_lonely
GSE25837,2,6,GSM634700,train,not_lonely
GSE25837,2,6,GSM634701,train,not_lonely
GSE25837,2,6,GSM634702,train,not_lonely
GSE25837,2,6,GSM634704,train,lonely
GSE25837,2,6,GSM634705,train,lonely
GSE25837,2,6,GSM634706,train,lonely
GSE25837,2,6,GSM634707,train,lonely
GSE25837,2,6,GSM634708,train,not_lonely
GSE25837,2,6,GSM634709,train,not_lonely
GSE25837,2,6,GSM634710,train,not_lonely
GSE25837,2,6,GSM634711,train,lonely
GSE25837,2,6,GSM634712,train,not_lonely
GSE25837,2,6,GSM634713,train,not_lonely
GSE25837,2,6,GSM634714,train,not_lonely
GSE25837,2,6,GSM634715,train,lonely
GSE25837,2,6,GSM634716,train,not_lonely
GSE25837,2,6,GSM634717,train,not_lonely
GSE25837,2,6,GSM634719,train,not_lonely
GSE25837,2,6,GSM634720,train,not_lonely
GSE25837,2,6,GSM634721,train,not_lonely
GSE25837,2,6,GSM634722,train,not_lonely
GSE25837,2,6,GSM634724,train,not_lonely
GSE25837,2,6,GSM634725,train,not_lonely
GSE25837,2,6,GSM634665,test,not_lonely
GSE25837,2,6,GSM634670,test,lonely
GSE25837,2,6,GSM634685,test,not_lonely
GSE25837,2,6,GSM634689,test,not_lonely
GSE25837,2,6,GSM634694,test,lonely
GSE25837,2,6,GSM634696,test,not_lonely
GSE25837,2,6,GSM634703,test,not_lonely
GSE25837,2,6,GSM634718,test,not_lonely
GSE25837,2,6,GSM634723,test,not_lonely
GSE25837,2,7,GSM634633,train,not_lonely
GSE25837,2,7,GSM634634,train,not_lonely
GSE25837,2,7,GSM634635,train,not_lonely
GSE25837,2,7,GSM634637,train,not_lonely
GSE25837,2,7,GSM634638,train,not_lonely
GSE25837,2,7,GSM634640,train,not_lonely
GSE25837,2,7,GSM634641,train,not_lonely
GSE25837,2,7,GSM634642,train,not_lonely
GSE25837,2,7,GSM634643,train,lonely
GSE25837,2,7,GSM634644,train,not_lonely
GSE25837,2,7,GSM634646,train,not_lonely
GSE25837,2,7,GSM634647,train,not_lonely
GSE25837,2,7,GSM634648,train,lonely
GSE25837,2,7,GSM634649,train,lonely
GSE25837,2,7,GSM634650,train,lonely
GSE25837,2,7,GSM634651,train,not_lonely
GSE25837,2,7,GSM634652,train,not_lonely
GSE25837,2,7,GSM634653,train,lonely
GSE25837,2,7,GSM634654,train,not_lonely
GSE25837,2,7,GSM634655,train,not_lonely
GSE25837,2,7,GSM634656,train,not_lonely
GSE25837,2,7,GSM634657,train,not_lonely
GSE25837,2,7,GSM634658,train,not_lonely
GSE25837,2,7,GSM634659,train,lonely
GSE25837,2,7,GSM634660,train,not_lonely
GSE25837,2,7,GSM634662,train,not_lonely
GSE25837,2,7,GSM634663,train,not_lonely
GSE25837,2,7,GSM634664,train,not_lonely
GSE25837,2,7,GSM634665,train,not_lonely
GSE25837,2,7,GSM634666,train,lonely
GSE25837,2,7,GSM634667,train,lonely
GSE25837,2,7,GSM634668,train,not_lonely
GSE25837,2,7,GSM634669,train,lonely
GSE25837,2,7,GSM634670,train,lonely
GSE25837,2,7,GSM634671,train,not_lonely
GSE25837,2,7,GSM634672,train,not_lonely
GSE25837,2,7,GSM634674,train,not_lonely
GSE25837,2,7,GSM634675,train,not_lonely
GSE25837,2,7,GSM634676,train,not_lonely
GSE25837,2,7,GSM634677,train,not_lonely
GSE25837,2,7,GSM634678,train,not_lonely
GSE25837,2,7,GSM634679,train,lonely
GSE25837,2,7,GSM634680,train,lonely
GSE25837,2,7,GSM634681,train,lonely
GSE25837,2,7,GSM634682,train,not_lonely
GSE25837,2,7,GSM634683,train,not_lonely
GSE25837,2,7,GSM634684,train,not_lonely
GSE25837,2,7,GSM634685,train,not_lonely
GSE25837,2,7,GSM634686,train,not_lonely
GSE25837,2,7,GSM634687,train,not_lonely
GSE25837,2,7,GSM634688,train,lonely
GSE25837,2,7,GSM634689,train,not_lonely
GSE25837,2,7,GSM634690,train,lonely
GSE25837,2,7,GSM634691,train,not_lonely
GSE25837,2,7,GSM634692,train,not_lonely
GSE25837,2,7,GSM634693,train,not_lonely
GSE25837,2,7,GSM634694,train,lonely
GSE25837,2,7,GSM634695,train,not_lonely
GSE25837,2,7,GSM634696,train,not_lonely
GSE25837,2,7,GSM634697,train,not_lonely
GSE25837,2,7,GSM634698,train,lonely
GSE25837,2,7,GSM634700,train,not_lonely
GSE25837,2,7,GSM634701,train,not_lonely
GSE25837,2,7,GSM634702,train,not_lonely
GSE25837,2,7,GSM634703,train,not_lonely
GSE25837,2,7,GSM634704,train,lonely
GSE25837,2,7,GSM634705,train,lonely
GSE25837,2,7,GSM634706,train,lonely
GSE25837,2,7,GSM634708,train,not_lonely
GSE25837,2,7,GSM634709,train,not_lonely
GSE25837,2,7,GSM634710,train,not_lonely
GSE25837,2,7,GSM634711,train,lonely
GSE25837,2,7,GSM634712,train,not_lonely
GSE25837,2,7,GSM634713,train,not_lonely
GSE25837,2,7,GSM634716,train,not_lonely
GSE25837,2,7,GSM634717,train,not_lonely
GSE25837,2,7,GSM634718,train,not_lonely
GSE25837,2,7,GSM634719,train,not_lonely
GSE25837,2,7,GSM634720,train,not_lonely
GSE25837,2,7,GSM634721,train,not_lonely
GSE25837,2,7,GSM634722,train,not_lonely
GSE25837,2,7,GSM634723,train,not_lonely
GSE25837,2,7,GSM634724,train,not_lonely
GSE25837,2,7,GSM634725,train,not_lonely
GSE25837,2,7,GSM634636,test,not_lonely
GSE25837,2,7,GSM634639,test,not_lonely
GSE25837,2,7,GSM634645,test,not_lonely
GSE25837,2,7,GSM634661,test,not_lonely
GSE25837,2,7,GSM634673,test,not_lonely
GSE25837,2,7,GSM634699,test,not_lonely
GSE25837,2,7,GSM634707,test,lonely
GSE25837,2,7,GSM634714,test,not_lonely
GSE25837,2,7,GSM634715,test,lonely
GSE25837,2,8,GSM634633,train,not_lonely
GSE25837,2,8,GSM634635,train,not_lonely
GSE25837,2,8,GSM634636,train,not_lonely
GSE25837,2,8,GSM634637,train,not_lonely
GSE25837,2,8,GSM634638,train,not_lonely
GSE25837,2,8,GSM634639,train,not_lonely
GSE25837,2,8,GSM634640,train,not_lonely
GSE25837,2,8,GSM634641,train,not_lonely
GSE25837,2,8,GSM634642,train,not_lonely
GSE25837,2,8,GSM634643,train,lonely
GSE25837,2,8,GSM634644,train,not_lonely
GSE25837,2,8,GSM634645,train,not_lonely
GSE25837,2,8,GSM634646,train,not_lonely
GSE25837,2,8,GSM634647,train,not_lonely
GSE25837,2,8,GSM634648,train,lonely
GSE25837,2,8,GSM634649,train,lonely
GSE25837,2,8,GSM634650,train,lonely
GSE25837,2,8,GSM634651,train,not_lonely
GSE25837,2,8,GSM634652,train,not_lonely
GSE25837,2,8,GSM634653,train,lonely
GSE25837,2,8,GSM634654,train,not_lonely
GSE25837,2,8,GSM634655,train,not_lonely
GSE25837,2,8,GSM634656,train,not_lonely
GSE25837,2,8,GSM634657,train,not_lonely
GSE25837,2,8,GSM634658,train,not_lonely
GSE25837,2,8,GSM634659,train,lonely
GSE25837,2,8,GSM634660,train,not_lonely
GSE25837,2,8,GSM634661,train,not_lonely
GSE25837,2,8,GSM634663,train,not_lonely
GSE25837,2,8,GSM634664,train,not_lonely
GSE25837,2,8,GSM634665,train,not_lonely
GSE25837,2,8,GSM634666,train,lonely
GSE25837,2,8,GSM634667,train,lonely
GSE25837,2,8,GSM634668,train,not_lonely
GSE25837,2,8,GSM634669,train,lonely
GSE25837,2,8,GSM634670,train,lonely
GSE25837,2,8,GSM634671,train,not_lonely
GSE25837,2,8,GSM634672,train,not_lonely
GSE25837,2,8,GSM634673,train,not_lonely
GSE25837,2,8,GSM634674,train,not_lonely
GSE25837,2,8,GSM634675,train,not_lonely
GSE25837,2,8,GSM634676,train,not_lonely
GSE25837,2,8,GSM634677,train,not_lonely
GSE25837,2,8,GSM634678,train,not_lonely
GSE25837,2,8,GSM634679,train,lonely
GSE25837,2,8,GSM634680,train,lonely
GSE25837,2,8,GSM634681,train,lonely
GSE25837,2,8,GSM634682,train,not_lonely
GSE25837,2,8,GSM634683,train,not_lonely
GSE25837,2,8,GSM634684,train,not_lonely
GSE25837,2,8,GSM634685,train,not_lonely
GSE25837,2,8,GSM634686,train,not_lonely
GSE25837,2,8,GSM634687,train,not_lonely
GSE25837,2,8,GSM634688,train,lonely
GSE25837,2,8,GSM634689,train,not_lonely
GSE25837,2,8,GSM634690,train,lonely
GSE25837,2,8,GSM634691,train,not_lonely
GSE25837,2,8,GSM634692,train,not_lonely
GSE25837,2,8,GSM634693,train,not_lonely
GSE25837,2,8,GSM634694,train,lonely
GSE25837,2,8,GSM634695,train,not_lonely
GSE25837,2,8,GSM634696,train,not_lonely
GSE25837,2,8,GSM634699,train,not_lonely
GSE25837,2,8,GSM634700,train,not_lonely
GSE25837,2,8,GSM634702,train,not_lonely
GSE25837,2,8,GSM634703,train,not_lonely
GSE25837,2,8,GSM634705,train,lonely
GSE25837,2,8,GSM634706,train,lonely
GSE25837,2,8,GSM634707,train,lonely
GSE25837,2,8,GSM634708,train,not_lonely
GSE25837,2,8,GSM634709,train,not_lonely
GSE25837,2,8,GSM634710,train,not_lonely
GSE25837,2,8,GSM634711,train,lonely
GSE25837,2,8,GSM634713,train,not_lonely
GSE25837,2,8,GSM634714,train,not_lonely
GSE25837,2,8,GSM634715,train,lonely
GSE25837,2,8,GSM634716,train,not_lonely
GSE25837,2,8,GSM634717,train,not_lonely
GSE25837,2,8,GSM634718,train,not_lonely
GSE25837,2,8,GSM634719,train,not_lonely
GSE25837,2,8,GSM634720,train,not_lonely
GSE25837,2,8,GSM634722,train,not_lonely
GSE25837,2,8,GSM634723,train,not_lonely
GSE25837,2,8,GSM634725,train,not_lonely
GSE25837,2,8,GSM634634,test,not_lonely
GSE25837,2,8,GSM634662,test,not_lonely
GSE25837,2,8,GSM634697,test,not_lonely
GSE25837,2,8,GSM634698,test,lonely
GSE25837,2,8,GSM634701,test,not_lonely
GSE25837,2,8,GSM634704,test,lonely
GSE25837,2,8,GSM634712,test,not_lonely
GSE25837,2,8,GSM634721,test,not_lonely
GSE25837,2,8,GSM634724,test,not_lonely
GSE25837,2,9,GSM634634,train,not_lonely
GSE25837,2,9,GSM634635,train,not_lonely
GSE25837,2,9,GSM634636,train,not_lonely
GSE25837,2,9,GSM634639,train,not_lonely
GSE25837,2,9,GSM634640,train,not_lonely
GSE25837,2,9,GSM634642,train,not_lonely
GSE25837,2,9,GSM634643,train,lonely
GSE25837,2,9,GSM634644,train,not_lonely
GSE25837,2,9,GSM634645,train,not_lonely
GSE25837,2,9,GSM634646,train,not_lonely
GSE25837,2,9,GSM634647,train,not_lonely
GSE25837,2,9,GSM634648,train,lonely
GSE25837,2,9,GSM634650,train,lonely
GSE25837,2,9,GSM634651,train,not_lonely
GSE25837,2,9,GSM634652,train,not_lonely
GSE25837,2,9,GSM634653,train,lonely
GSE25837,2,9,GSM634654,train,not_lonely
GSE25837,2,9,GSM634655,train,not_lonely
GSE25837,2,9,GSM634656,train,not_lonely
GSE25837,2,9,GSM634657,train,not_lonely
GSE25837,2,9,GSM634658,train,not_lonely
GSE25837,2,9,GSM634659,train,lonely
GSE25837,2,9,GSM634660,train,not_lonely
GSE25837,2,9,GSM634661,train,not_lonely
GSE25837,2,9,GSM634662,train,not_lonely
GSE25837,2,9,GSM634664,train,not_lonely
GSE25837,2,9,GSM634665,train,not_lonely
GSE25837,2,9,GSM634666,train,lonely
GSE25837,2,9,GSM634667,train,lonely
GSE25837,2,9,GSM634668,train,not_lonely
GSE25837,2,9,GSM634669,train,lonely
GSE25837,2,9,GSM634670,train,lonely
GSE25837,2,9,GSM634671,train,not_lonely
GSE25837,2,9,GSM634672,train,not_lonely
GSE25837,2,9,GSM634673,train,not_lonely
GSE25837,2,9,GSM634674,train,not_lonely
GSE25837,2,9,GSM634675,train,not_lonely
GSE25837,2,9,GSM634676,train,not_lonely
GSE25837,2,9,GSM634677,train,not_lonely
GSE25837,2,9,GSM634678,train,not_lonely
GSE25837,2,9,GSM634679,train,lonely
GSE25837,2,9,GSM634680,train,lonely
GSE25837,2,9,GSM634681,train,lonely
GSE25837,2,9,GSM634682,train,not_lonely
GSE25837,2,9,GSM634683,train,not_lonely
GSE25837,2,9,GSM634684,train,not_lonely
GSE25837,2,9,GSM634685,train,not_lonely
GSE25837,2,9,GSM634686,train,not_lonely
GSE25837,2,9,GSM634687,train,not_lonely
GSE25837,2,9,GSM634688,train,lonely
GSE25837,2,9,GSM634689,train,not_lonely
GSE25837,2,9,GSM634692,train,not_lonely
GSE25837,2,9,GSM634693,train,not_lonely
GSE25837,2,9,GSM634694,train,lonely
GSE25837,2,9,GSM634695,train,not_lonely
GSE25837,2,9,GSM634696,train,not_lonely
GSE25837,2,9,GSM634697,train,not_lonely
GSE25837,2,9,GSM634698,train,lonely
GSE25837,2,9,GSM634699,train,not_lonely
GSE25837,2,9,GSM634700,train,not_lonely
GSE25837,2,9,GSM634701,train,not_lonely
GSE25837,2,9,GSM634702,train,not_lonely
GSE25837,2,9,GSM634703,train,not_lonely
GSE25837,2,9,GSM634704,train,lonely
GSE25837,2,9,GSM634705,train,lonely
GSE25837,2,9,GSM634706,train,lonely
GSE25837,2,9,GSM634707,train,lonely
GSE25837,2,9,GSM634708,train,not_lonely
GSE25837,2,9,GSM634709,train,not_lonely
GSE25837,2,9,GSM634710,train,not_lonely
GSE25837,2,9,GSM634711,train,lonely
GSE25837,2,9,GSM634712,train,not_lonely
GSE25837,2,9,GSM634713,train,not_lonely
GSE25837,2,9,GSM634714,train,not_lonely
GSE25837,2,9,GSM634715,train,lonely
GSE25837,2,9,GSM634716,train,not_lonely
GSE25837,2,9,GSM634717,train,not_lonely
GSE25837,2,9,GSM634718,train,not_lonely
GSE25837,2,9,GSM634719,train,not_lonely
GSE25837,2,9,GSM634721,train,not_lonely
GSE25837,2,9,GSM634722,train,not_lonely
GSE25837,2,9,GSM634723,train,not_lonely
GSE25837,2,9,GSM634724,train,not_lonely
GSE25837,2,9,GSM634725,train,not_lonely
GSE25837,2,9,GSM634633,test,not_lonely
GSE25837,2,9,GSM634637,test,not_lonely
GSE25837,2,9,GSM634638,test,not_lonely
GSE25837,2,9,GSM634641,test,not_lonely
GSE25837,2,9,GSM634649,test,lonely
GSE25837,2,9,GSM634663,test,not_lonely
GSE25837,2,9,GSM634690,test,lonely
GSE25837,2,9,GSM634691,test,not_lonely
GSE25837,2,9,GSM634720,test,not_lonely
GSE25837,2,10,GSM634633,train,not_lonely
GSE25837,2,10,GSM634634,train,not_lonely
GSE25837,2,10,GSM634635,train,not_lonely
GSE25837,2,10,GSM634636,train,not_lonely
GSE25837,2,10,GSM634637,train,not_lonely
GSE25837,2,10,GSM634638,train,not_lonely
GSE25837,2,10,GSM634639,train,not_lonely
GSE25837,2,10,GSM634641,train,not_lonely
GSE25837,2,10,GSM634643,train,lonely
GSE25837,2,10,GSM634644,train,not_lonely
GSE25837,2,10,GSM634645,train,not_lonely
GSE25837,2,10,GSM634647,train,not_lonely
GSE25837,2,10,GSM634648,train,lonely
GSE25837,2,10,GSM634649,train,lonely
GSE25837,2,10,GSM634650,train,lonely
GSE25837,2,10,GSM634651,train,not_lonely
GSE25837,2,10,GSM634652,train,not_lonely
GSE25837,2,10,GSM634654,train,not_lonely
GSE25837,2,10,GSM634655,train,not_lonely
GSE25837,2,10,GSM634656,train,not_lonely
GSE25837,2,10,GSM634657,train,not_lonely
GSE25837,2,10,GSM634658,train,not_lonely
GSE25837,2,10,GSM634659,train,lonely
GSE25837,2,10,GSM634660,train,not_lonely
GSE25837,2,10,GSM634661,train,not_lonely
GSE25837,2,10,GSM634662,train,not_lonely
GSE25837,2,10,GSM634663,train,not_lonely
GSE25837,2,10,GSM634664,train,not_lonely
GSE25837,2,10,GSM634665,train,not_lonely
GSE25837,2,10,GSM634666,train,lonely
GSE25837,2,10,GSM634667,train,lonely
GSE25837,2,10,GSM634668,train,not_lonely
GSE25837,2,10,GSM634669,train,lonely
GSE25837,2,10,GSM634670,train,lonely
GSE25837,2,10,GSM634671,train,not_lonely
GSE25837,2,10,GSM634672,train,not_lonely
GSE25837,2,10,GSM634673,train,not_lonely
GSE25837,2,10,GSM634674,train,not_lonely
GSE25837,2,10,GSM634675,train,not_lonely
GSE25837,2,10,GSM634676,train,not_lonely
GSE25837,2,10,GSM634677,train,not_lonely
GSE25837,2,10,GSM634678,train,not_lonely
GSE25837,2,10,GSM634679,train,lonely
GSE25837,2,10,GSM634680,train,lonely
GSE25837,2,10,GSM634681,train,lonely
GSE25837,2,10,GSM634682,train,not_lonely
GSE25837,2,10,GSM634683,train,not_lonely
GSE25837,2,10,GSM634684,train,not_lonely
GSE25837,2,10,GSM634685,train,not_lonely
GSE25837,2,10,GSM634686,train,not_lonely
GSE25837,2,10,GSM634687,train,not_lonely
GSE25837,2,10,GSM634688,train,lonely
GSE25837,2,10,GSM634689,train,not_lonely
GSE25837,2,10,GSM634690,train,lonely
GSE25837,2,10,GSM634691,train,not_lonely
GSE25837,2,10,GSM634692,train,not_lonely
GSE25837,2,10,GSM634693,train,not_lonely
GSE25837,2,10,GSM634694,train,lonely
GSE25837,2,10,GSM634696,train,not_lonely
GSE25837,2,10,GSM634697,train,not_lonely
GSE25837,2,10,GSM634698,train,lonely
GSE25837,2,10,GSM634699,train,not_lonely
GSE25837,2,10,GSM634700,train,not_lonely
GSE25837,2,10,GSM634701,train,not_lonely
GSE25837,2,10,GSM634702,train,not_lonely
GSE25837,2,10,GSM634703,train,not_lonely
GSE25837,2,10,GSM634704,train,lonely
GSE25837,2,10,GSM634705,train,lonely
GSE25837,2,10,GSM634707,train,lonely
GSE25837,2,10,GSM634708,train,not_lonely
GSE25837,2,10,GSM634709,train,not_lonely
GSE25837,2,10,GSM634710,train,not_lonely
GSE25837,2,10,GSM634711,train,lonely
GSE25837,2,10,GSM634712,train,not_lonely
GSE25837,2,10,GSM634714,train,not_lonely
GSE25837,2,10,GSM634715,train,lonely
GSE25837,2,10,GSM634716,train,not_lonely
GSE25837,2,10,GSM634717,train,not_lonely
GSE25837,2,10,GSM634718,train,not_lonely
GSE25837,2,10,GSM634720,train,not_lonely
GSE25837,2,10,GSM634721,train,not_lonely
GSE25837,2,10,GSM634722,train,not_lonely
GSE25837,2,10,GSM634723,train,not_lonely
GSE25837,2,10,GSM634724,train,not_lonely
GSE25837,2,10,GSM634640,test,not_lonely
GSE25837,2,10,GSM634642,test,not_lonely
GSE25837,2,10,GSM634646,test,not_lonely
GSE25837,2,10,GSM634653,test,lonely
GSE25837,2,10,GSM634695,test,not_lonely
GSE25837,2,10,GSM634706,test,lonely
GSE25837,2,10,GSM634713,test,not_lonely
GSE25837,2,10,GSM634719,test,not_lonely
GSE25837,2,10,GSM634725,test,not_lonely
GSE25837,3,1,GSM634633,train,not_lonely
GSE25837,3,1,GSM634634,train,not_lonely
GSE25837,3,1,GSM634636,train,not_lonely
GSE25837,3,1,GSM634637,train,not_lonely
GSE25837,3,1,GSM634638,train,not_lonely
GSE25837,3,1,GSM634639,train,not_lonely
GSE25837,3,1,GSM634640,train,not_lonely
GSE25837,3,1,GSM634641,train,not_lonely
GSE25837,3,1,GSM634642,train,not_lonely
GSE25837,3,1,GSM634643,train,lonely
GSE25837,3,1,GSM634644,train,not_lonely
GSE25837,3,1,GSM634645,train,not_lonely
GSE25837,3,1,GSM634646,train,not_lonely
GSE25837,3,1,GSM634647,train,not_lonely
GSE25837,3,1,GSM634648,train,lonely
GSE25837,3,1,GSM634649,train,lonely
GSE25837,3,1,GSM634650,train,lonely
GSE25837,3,1,GSM634651,train,not_lonely
GSE25837,3,1,GSM634652,train,not_lonely
GSE25837,3,1,GSM634653,train,lonely
GSE25837,3,1,GSM634654,train,not_lonely
GSE25837,3,1,GSM634655,train,not_lonely
GSE25837,3,1,GSM634656,train,not_lonely
GSE25837,3,1,GSM634657,train,not_lonely
GSE25837,3,1,GSM634658,train,not_lonely
GSE25837,3,1,GSM634659,train,lonely
GSE25837,3,1,GSM634660,train,not_lonely
GSE25837,3,1,GSM634661,train,not_lonely
GSE25837,3,1,GSM634662,train,not_lonely
GSE25837,3,1,GSM634663,train,not_lonely
GSE25837,3,1,GSM634664,train,not_lonely
GSE25837,3,1,GSM634665,train,not_lonely
GSE25837,3,1,GSM634667,train,lonely
GSE25837,3,1,GSM634668,train,not_lonely
GSE25837,3,1,GSM634669,train,lonely
GSE25837,3,1,GSM634670,train,lonely
GSE25837,3,1,GSM634671,train,not_lonely
GSE25837,3,1,GSM634672,train,not_lonely
GSE25837,3,1,GSM634673,train,not_lonely
GSE25837,3,1,GSM634674,train,not_lonely
GSE25837,3,1,GSM634675,train,not_lonely
GSE25837,3,1,GSM634676,train,not_lonely
GSE25837,3,1,GSM634677,train,not_lonely
GSE25837,3,1,GSM634678,train,not_lonely
GSE25837,3,1,GSM634679,train,lonely
GSE25837,3,1,GSM634680,train,lonely
GSE25837,3,1,GSM634681,train,lonely
GSE25837,3,1,GSM634682,train,not_lonely
GSE25837,3,1,GSM634683,train,not_lonely
GSE25837,3,1,GSM634684,train,not_lonely
GSE25837,3,1,GSM634685,train,not_lonely
GSE25837,3,1,GSM634686,train,not_lonely
GSE25837,3,1,GSM634687,train,not_lonely
GSE25837,3,1,GSM634689,train,not_lonely
GSE25837,3,1,GSM634691,train,not_lonely
GSE25837,3,1,GSM634692,train,not_lonely
GSE25837,3,1,GSM634693,train,not_lonely
GSE25837,3,1,GSM634694,train,lonely
GSE25837,3,1,GSM634696,train,not_lonely
GSE25837,3,1,GSM634697,train,not_lonely
GSE25837,3,1,GSM634698,train,lonely
GSE25837,3,1,GSM634699,train,not_lonely
GSE25837,3,1,GSM634700,train,not_lonely
GSE25837,3,1,GSM634704,train,lonely
GSE25837,3,1,GSM634705,train,lonely
GSE25837,3,1,GSM634706,train,lonely
GSE25837,3,1,GSM634707,train,lonely
GSE25837,3,1,GSM634708,train,not_lonely
GSE25837,3,1,GSM634709,train,not_lonely
GSE25837,3,1,GSM634710,train,not_lonely
GSE25837,3,1,GSM634711,train,lonely
GSE25837,3,1,GSM634712,train,not_lonely
GSE25837,3,1,GSM634713,train,not_lonely
GSE25837,3,1,GSM634714,train,not_lonely
GSE25837,3,1,GSM634715,train,lonely
GSE25837,3,1,GSM634716,train,not_lonely
GSE25837,3,1,GSM634717,train,not_lonely
GSE25837,3,1,GSM634718,train,not_lonely
GSE25837,3,1,GSM634719,train,not_lonely
GSE25837,3,1,GSM634720,train,not_lonely
GSE25837,3,1,GSM634722,train,not_lonely
GSE25837,3,1,GSM634723,train,not_lonely
GSE25837,3,1,GSM634725,train,not_lonely
GSE25837,3,1,GSM634635,test,not_lonely
GSE25837,3,1,GSM634666,test,lonely
GSE25837,3,1,GSM634688,test,lonely
GSE25837,3,1,GSM634690,test,lonely
GSE25837,3,1,GSM634695,test,not_lonely
GSE25837,3,1,GSM634701,test,not_lonely
GSE25837,3,1,GSM634702,test,not_lonely
GSE25837,3,1,GSM634703,test,not_lonely
GSE25837,3,1,GSM634721,test,not_lonely
GSE25837,3,1,GSM634724,test,not_lonely
GSE25837,3,2,GSM634633,train,not_lonely
GSE25837,3,2,GSM634634,train,not_lonely
GSE25837,3,2,GSM634635,train,not_lonely
GSE25837,3,2,GSM634636,train,not_lonely
GSE25837,3,2,GSM634637,train,not_lonely
GSE25837,3,2,GSM634638,train,not_lonely
GSE25837,3,2,GSM634639,train,not_lonely
GSE25837,3,2,GSM634640,train,not_lonely
GSE25837,3,2,GSM634641,train,not_lonely
GSE25837,3,2,GSM634643,train,lonely
GSE25837,3,2,GSM634645,train,not_lonely
GSE25837,3,2,GSM634646,train,not_lonely
GSE25837,3,2,GSM634647,train,not_lonely
GSE25837,3,2,GSM634648,train,lonely
GSE25837,3,2,GSM634649,train,lonely
GSE25837,3,2,GSM634651,train,not_lonely
GSE25837,3,2,GSM634652,train,not_lonely
GSE25837,3,2,GSM634653,train,lonely
GSE25837,3,2,GSM634654,train,not_lonely
GSE25837,3,2,GSM634655,train,not_lonely
GSE25837,3,2,GSM634657,train,not_lonely
GSE25837,3,2,GSM634659,train,lonely
GSE25837,3,2,GSM634660,train,not_lonely
GSE25837,3,2,GSM634661,train,not_lonely
GSE25837,3,2,GSM634662,train,not_lonely
GSE25837,3,2,GSM634663,train,not_lonely
GSE25837,3,2,GSM634664,train,not_lonely
GSE25837,3,2,GSM634665,train,not_lonely
GSE25837,3,2,GSM634666,train,lonely
GSE25837,3,2,GSM634667,train,lonely
GSE25837,3,2,GSM634668,train,not_lonely
GSE25837,3,2,GSM634669,train,lonely
GSE25837,3,2,GSM634670,train,lonely
GSE25837,3,2,GSM634671,train,not_lonely
GSE25837,3,2,GSM634673,train,not_lonely
GSE25837,3,2,GSM634674,train,not_lonely
GSE25837,3,2,GSM634675,train,not_lonely
GSE25837,3,2,GSM634676,train,not_lonely
GSE25837,3,2,GSM634677,train,not_lonely
GSE25837,3,2,GSM634678,train,not_lonely
GSE25837,3,2,GSM634679,train,lonely
GSE25837,3,2,GSM634681,train,lonely
GSE25837,3,2,GSM634682,train,not_lonely
GSE25837,3,2,GSM634683,train,not_lonely
GSE25837,3,2,GSM634685,train,not_lonely
GSE25837,3,2,GSM634686,train,not_lonely
GSE25837,3,2,GSM634687,train,not_lonely
GSE25837,3,2,GSM634688,train,lonely
GSE25837,3,2,GSM634689,train,not_lonely
GSE25837,3,2,GSM634690,train,lonely
GSE25837,3,2,GSM634691,train,not_lonely
GSE25837,3,2,GSM634692,train,not_lonely
GSE25837,3,2,GSM634693,train,not_lonely
GSE25837,3,2,GSM634694,train,lonely
GSE25837,3,2,GSM634695,train,not_lonely
GSE25837,3,2,GSM634696,train,not_lonely
GSE25837,3,2,GSM634697,train,not_lonely
GSE25837,3,2,GSM634698,train,lonely
GSE25837,3,2,GSM634699,train,not_lonely
GSE25837,3,2,GSM634700,train,not_lonely
GSE25837,3,2,GSM634701,train,not_lonely
GSE25837,3,2,GSM634702,train,not_lonely
GSE25837,3,2,GSM634703,train,not_lonely
GSE25837,3,2,GSM634704,train,lonely
GSE25837,3,2,GSM634705,train,lonely
GSE25837,3,2,GSM634706,train,lonely
GSE25837,3,2,GSM634707,train,lonely
GSE25837,3,2,GSM634708,train,not_lonely
GSE25837,3,2,GSM634709,train,not_lonely
GSE25837,3,2,GSM634710,train,not_lonely
GSE25837,3,2,GSM634711,train,lonely
GSE25837,3,2,GSM634712,train,not_lonely
GSE25837,3,2,GSM634713,train,not_lonely
GSE25837,3,2,GSM634714,train,not_lonely
GSE25837,3,2,GSM634716,train,not_lonely
GSE25837,3,2,GSM634717,train,not_lonely
GSE25837,3,2,GSM634719,train,not_lonely
GSE25837,3,2,GSM634720,train,not_lonely
GSE25837,3,2,GSM634721,train,not_lonely
GSE25837,3,2,GSM634722,train,not_lonely
GSE25837,3,2,GSM634723,train,not_lonely
GSE25837,3,2,GSM634724,train,not_lonely
GSE25837,3,2,GSM634725,train,not_lonely
GSE25837,3,2,GSM634642,test,not_lonely
GSE25837,3,2,GSM634644,test,not_lonely
GSE25837,3,2,GSM634650,test,lonely
GSE25837,3,2,GSM634656,test,not_lonely
GSE25837,3,2,GSM634658,test,not_lonely
GSE25837,3,2,GSM634672,test,not_lonely
GSE25837,3,2,GSM634680,test,lonely
GSE25837,3,2,GSM634684,test,not_lonely
GSE25837,3,2,GSM634715,test,lonely
GSE25837,3,2,GSM634718,test,not_lonely
GSE25837,3,3,GSM634633,train,not_lonely
GSE25837,3,3,GSM634634,train,not_lonely
GSE25837,3,3,GSM634635,train,not_lonely
GSE25837,3,3,GSM634636,train,not_lonely
GSE25837,3,3,GSM634637,train,not_lonely
GSE25837,3,3,GSM634638,train,not_lonely
GSE25837,3,3,GSM634639,train,not_lonely
GSE25837,3,3,GSM634640,train,not_lonely
GSE25837,3,3,GSM634641,train,not_lonely
GSE25837,3,3,GSM634642,train,not_lonely
GSE25837,3,3,GSM634643,train,lonely
GSE25837,3,3,GSM634644,train,not_lonely
GSE25837,3,3,GSM634645,train,not_lonely
GSE25837,3,3,GSM634646,train,not_lonely
GSE25837,3,3,GSM634648,train,lonely
GSE25837,3,3,GSM634649,train,lonely
GSE25837,3,3,GSM634650,train,lonely
GSE25837,3,3,GSM634651,train,not_lonely
GSE25837,3,3,GSM634652,train,not_lonely
GSE25837,3,3,GSM634653,train,lonely
GSE25837,3,3,GSM634654,train,not_lonely
GSE25837,3,3,GSM634655,train,not_lonely
GSE25837,3,3,GSM634656,train,not_lonely
GSE25837,3,3,GSM634657,train,not_lonely
GSE25837,3,3,GSM634658,train,not_lonely
GSE25837,3,3,GSM634659,train,lonely
GSE25837,3,3,GSM634660,train,not_lonely
GSE25837,3,3,GSM634661,train,not_lonely
GSE25837,3,3,GSM634662,train,not_lonely
GSE25837,3,3,GSM634663,train,not_lonely
GSE25837,3,3,GSM634664,train,not_lonely
GSE25837,3,3,GSM634666,train,lonely
GSE25837,3,3,GSM634667,train,lonely
GSE25837,3,3,GSM634668,train,not_lonely
GSE25837,3,3,GSM634669,train,lonely
GSE25837,3,3,GSM634670,train,lonely
GSE25837,3,3,GSM634672,train,not_lonely
GSE25837,3,3,GSM634673,train,not_lonely
GSE25837,3,3,GSM634674,train,not_lonely
GSE25837,3,3,GSM634675,train,not_lonely
GSE25837,3,3,GSM634677,train,not_lonely
GSE25837,3,3,GSM634678,train,not_lonely
GSE25837,3,3,GSM634679,train,lonely
GSE25837,3,3,GSM634680,train,lonely
GSE25837,3,3,GSM634682,train,not_lonely
GSE25837,3,3,GSM634683,train,not_lonely
GSE25837,3,3,GSM634684,train,not_lonely
GSE25837,3,3,GSM634686,train,not_lonely
GSE25837,3,3,GSM634688,train,lonely
GSE25837,3,3,GSM634690,train,lonely
GSE25837,3,3,GSM634691,train,not_lonely
GSE25837,3,3,GSM634692,train,not_lonely
GSE25837,3,3,GSM634693,train,not_lonely
GSE25837,3,3,GSM634695,train,not_lonely
GSE25837,3,3,GSM634696,train,not_lonely
GSE25837,3,3,GSM634697,train,not_lonely
GSE25837,3,3,GSM634698,train,lonely
GSE25837,3,3,GSM634699,train,not_lonely
GSE25837,3,3,GSM634700,train,not_lonely
GSE25837,3,3,GSM634701,train,not_lonely
GSE25837,3,3,GSM634702,train,not_lonely
GSE25837,3,3,GSM634703,train,not_lonely
GSE25837,3,3,GSM634704,train,lonely
GSE25837,3,3,GSM634705,train,lonely
GSE25837,3,3,GSM634706,train,lonely
GSE25837,3,3,GSM634707,train,lonely
GSE25837,3,3,GSM634708,train,not_lonely
GSE25837,3,3,GSM634709,train,not_lonely
GSE25837,3,3,GSM634710,train,not_lonely
GSE25837,3,3,GSM634712,train,not_lonely
GSE25837,3,3,GSM634713,train,not_lonely
GSE25837,3,3,GSM634714,train,not_lonely
GSE25837,3,3,GSM634715,train,lonely
GSE25837,3,3,GSM634716,train,not_lonely
GSE25837,3,3,GSM634717,train,not_lonely
GSE25837,3,3,GSM634718,train,not_lonely
GSE25837,3,3,GSM634719,train,not_lonely
GSE25837,3,3,GSM634720,train,not_lonely
GSE25837,3,3,GSM634721,train,not_lonely
GSE25837,3,3,GSM634722,train,not_lonely
GSE25837,3,3,GSM634723,train,not_lonely
GSE25837,3,3,GSM634724,train,not_lonely
GSE25837,3,3,GSM634725,train,not_lonely
GSE25837,3,3,GSM634647,test,not_lonely
GSE25837,3,3,GSM634665,test,not_lonely
GSE25837,3,3,GSM634671,test,not_lonely
GSE25837,3,3,GSM634676,test,not_lonely
GSE25837,3,3,GSM634681,test,lonely
GSE25837,3,3,GSM634685,test,not_lonely
GSE25837,3,3,GSM634687,test,not_lonely
GSE25837,3,3,GSM634689,test,not_lonely
GSE25837,3,3,GSM634694,test,lonely
GSE25837,3,3,GSM634711,test,lonely
GSE25837,3,4,GSM634633,train,not_lonely
GSE25837,3,4,GSM634635,train,not_lonely
GSE25837,3,4,GSM634636,train,not_lonely
GSE25837,3,4,GSM634637,train,not_lonely
GSE25837,3,4,GSM634638,train,not_lonely
GSE25837,3,4,GSM634639,train,not_lonely
GSE25837,3,4,GSM634640,train,not_lonely
GSE25837,3,4,GSM634641,train,not_lonely
GSE25837,3,4,GSM634642,train,not_lonely
GSE25837,3,4,GSM634643,train,lonely
GSE25837,3,4,GSM634644,train,not_lonely
GSE25837,3,4,GSM634645,train,not_lonely
GSE25837,3,4,GSM634646,train,not_lonely
GSE25837,3,4,GSM634647,train,not_lonely
GSE25837,3,4,GSM634648,train,lonely
GSE25837,3,4,GSM634650,train,lonely
GSE25837,3,4,GSM634651,train,not_lonely
GSE25837,3,4,GSM634652,train,not_lonely
GSE25837,3,4,GSM634653,train,lonely
GSE25837,3,4,GSM634654,train,not_lonely
GSE25837,3,4,GSM634655,train,not_lonely
GSE25837,3,4,GSM634656,train,not_lonely
GSE25837,3,4,GSM634657,train,not_lonely
GSE25837,3,4,GSM634658,train,not_lonely
GSE25837,3,4,GSM634659,train,lonely
GSE25837,3,4,GSM634660,train,not_lonely
GSE25837,3,4,GSM634661,train,not_lonely
GSE25837,3,4,GSM634662,train,not_lonely
GSE25837,3,4,GSM634663,train,not_lonely
GSE25837,3,4,GSM634665,train,not_lonely
GSE25837,3,4,GSM634666,train,lonely
GSE25837,3,4,GSM634667,train,lonely
GSE25837,3,4,GSM634668,train,not_lonely
GSE25837,3,4,GSM634669,train,lonely
GSE25837,3,4,GSM634670,train,lonely
GSE25837,3,4,GSM634671,train,not_lonely
GSE25837,3,4,GSM634672,train,not_lonely
GSE25837,3,4,GSM634673,train,not_lonely
GSE25837,3,4,GSM634674,train,not_lonely
GSE25837,3,4,GSM634676,train,not_lonely
GSE25837,3,4,GSM634679,train,lonely
GSE25837,3,4,GSM634680,train,lonely
GSE25837,3,4,GSM634681,train,lonely
GSE25837,3,4,GSM634682,train,not_lonely
GSE25837,3,4,GSM634683,train,not_lonely
GSE25837,3,4,GSM634684,train,not_lonely
GSE25837,3,4,GSM634685,train,not_lonely
GSE25837,3,4,GSM634686,train,not_lonely
GSE25837,3,4,GSM634687,train,not_lonely
GSE25837,3,4,GSM634688,train,lonely
GSE25837,3,4,GSM634689,train,not_lonely
GSE25837,3,4,GSM634690,train,lonely
GSE25837,3,4,GSM634691,train,not_lonely
GSE25837,3,4,GSM634692,train,not_lonely
GSE25837,3,4,GSM634693,train,not_lonely
GSE25837,3,4,GSM634694,train,lonely
GSE25837,3,4,GSM634695,train,not_lonely
GSE25837,3,4,GSM634696,train,not_lonely
GSE25837,3,4,GSM634698,train,lonely
GSE25837,3,4,GSM634699,train,not_lonely
GSE25837,3,4,GSM634700,train,not_lonely
GSE25837,3,4,GSM634701,train,not_lonely
GSE25837,3,4,GSM634702,train,not_lonely
GSE25837,3,4,GSM634703,train,not_lonely
GSE25837,3,4,GSM634704,train,lonely
GSE25837,3,4,GSM634705,train,lonely
GSE25837,3,4,GSM634706,train,lonely
GSE25837,3,4,GSM634708,train,not_lonely
GSE25837,3,4,GSM634710,train,not_lonely
GSE25837,3,4,GSM634711,train,lonely
GSE25837,3,4,GSM634712,train,not_lonely
GSE25837,3,4,GSM634713,train,not_lonely
GSE25837,3,4,GSM634714,train,not_lonely
GSE25837,3,4,GSM634715,train,lonely
GSE25837,3,4,GSM634716,train,not_lonely
GSE25837,3,4,GSM634717,train,not_lonely
GSE25837,3,4,GSM634718,train,not_lonely
GSE25837,3,4,GSM634719,train,not_lonely
GSE25837,3,4,GSM634720,train,not_lonely
GSE25837,3,4,GSM634721,train,not_lonely
GSE25837,3,4,GSM634722,train,not_lonely
GSE25837,3,4,GSM634723,train,not_lonely
GSE25837,3,4,GSM634724,train,not_lonely
GSE25837,3,4,GSM634725,train,not_lonely
GSE25837,3,4,GSM634634,test,not_lonely
GSE25837,3,4,GSM634649,test,lonely
GSE25837,3,4,GSM634664,test,not_lonely
GSE25837,3,4,GSM634675,test,not_lonely
GSE25837,3,4,GSM634677,test,not_lonely
GSE25837,3,4,GSM634678,test,not_lonely
GSE25837,3,4,GSM634697,test,not_lonely
GSE25837,3,4,GSM634707,test,lonely
GSE25837,3,4,GSM634709,test,not_lonely
GSE25837,3,5,GSM634633,train,not_lonely
GSE25837,3,5,GSM634634,train,not_lonely
GSE25837,3,5,GSM634635,train,not_lonely
GSE25837,3,5,GSM634636,train,not_lonely
GSE25837,3,5,GSM634637,train,not_lonely
GSE25837,3,5,GSM634639,train,not_lonely
GSE25837,3,5,GSM634640,train,not_lonely
GSE25837,3,5,GSM634641,train,not_lonely
GSE25837,3,5,GSM634642,train,not_lonely
GSE25837,3,5,GSM634643,train,lonely
GSE25837,3,5,GSM634644,train,not_lonely
GSE25837,3,5,GSM634645,train,not_lonely
GSE25837,3,5,GSM634647,train,not_lonely
GSE25837,3,5,GSM634648,train,lonely
GSE25837,3,5,GSM634649,train,lonely
GSE25837,3,5,GSM634650,train,lonely
GSE25837,3,5,GSM634651,train,not_lonely
GSE25837,3,5,GSM634652,train,not_lonely
GSE25837,3,5,GSM634653,train,lonely
GSE25837,3,5,GSM634654,train,not_lonely
GSE25837,3,5,GSM634655,train,not_lonely
GSE25837,3,5,GSM634656,train,not_lonely
GSE25837,3,5,GSM634657,train,not_lonely
GSE25837,3,5,GSM634658,train,not_lonely
GSE25837,3,5,GSM634659,train,lonely
GSE25837,3,5,GSM634660,train,not_lonely
GSE25837,3,5,GSM634661,train,not_lonely
GSE25837,3,5,GSM634663,train,not_lonely
GSE25837,3,5,GSM634664,train,not_lonely
GSE25837,3,5,GSM634665,train,not_lonely
GSE25837,3,5,GSM634666,train,lonely
GSE25837,3,5,GSM634667,train,lonely
GSE25837,3,5,GSM634668,train,not_lonely
GSE25837,3,5,GSM634669,train,lonely
GSE25837,3,5,GSM634671,train,not_lonely
GSE25837,3,5,GSM634672,train,not_lonely
GSE25837,3,5,GSM634673,train,not_lonely
GSE25837,3,5,GSM634674,train,not_lonely
GSE25837,3,5,GSM634675,train,not_lonely
GSE25837,3,5,GSM634676,train,not_lonely
GSE25837,3,5,GSM634677,train,not_lonely
GSE25837,3,5,GSM634678,train,not_lonely
GSE25837,3,5,GSM634679,train,lonely
GSE25837,3,5,GSM634680,train,lonely
GSE25837,3,5,GSM634681,train,lonely
GSE25837,3,5,GSM634682,train,not_lonely
GSE25837,3,5,GSM634683,train,not_lonely
GSE25837,3,5,GSM634684,train,not_lonely
GSE25837,3,5,GSM634685,train,not_lonely
GSE25837,3,5,GSM634686,train,not_lonely
GSE25837,3,5,GSM634687,train,not_lonely
GSE25837,3,5,GSM634688,train,lonely
GSE25837,3,5,GSM634689,train,not_lonely
GSE25837,3,5,GSM634690,train,lonely
GSE25837,3,5,GSM634691,train,not_lonely
GSE25837,3,5,GSM634694,train,lonely
GSE25837,3,5,GSM634695,train,not_lonely
GSE25837,3,5,GSM634696,train,not_lonely
GSE25837,3,5,GSM634697,train,not_lonely
GSE25837,3,5,GSM634700,train,not_lonely
GSE25837,3,5,GSM634701,train,not_lonely
GSE25837,3,5,GSM634702,train,not_lonely
GSE25837,3,5,GSM634703,train,not_lonely
GSE25837,3,5,GSM634704,train,lonely
GSE25837,3,5,GSM634705,train,lonely
GSE25837,3,5,GSM634706,train,lonely
GSE25837,3,5,GSM634707,train,lonely
GSE25837,3,5,GSM634708,train,not_lonely
GSE25837,3,5,GSM634709,train,not_lonely
GSE25837,3,5,GSM634710,train,not_lonely
GSE25837,3,5,GSM634711,train,lonely
GSE25837,3,5,GSM634712,train,not_lonely
GSE25837,3,5,GSM634714,train,not_lonely
GSE25837,3,5,GSM634715,train,lonely
GSE25837,3,5,GSM634716,train,not_lonely
GSE25837,3,5,GSM634717,train,not_lonely
GSE25837,3,5,GSM634718,train,not_lonely
GSE25837,3,5,GSM634719,train,not_lonely
GSE25837,3,5,GSM634720,train,not_lonely
GSE25837,3,5,GSM634721,train,not_lonely
GSE25837,3,5,GSM634722,train,not_lonely
GSE25837,3,5,GSM634723,train,not_lonely
GSE25837,3,5,GSM634724,train,not_lonely
GSE25837,3,5,GSM634725,train,not_lonely
GSE25837,3,5,GSM634638,test,not_lonely
GSE25837,3,5,GSM634646,test,not_lonely
GSE25837,3,5,GSM634662,test,not_lonely
GSE25837,3,5,GSM634670,test,lonely
GSE25837,3,5,GSM634692,test,not_lonely
GSE25837,3,5,GSM634693,test,not_lonely
GSE25837,3,5,GSM634698,test,lonely
GSE25837,3,5,GSM634699,test,not_lonely
GSE25837,3,5,GSM634713,test,not_lonely
GSE25837,3,6,GSM634634,train,not_lonely
GSE25837,3,6,GSM634635,train,not_lonely
GSE25837,3,6,GSM634636,train,not_lonely
GSE25837,3,6,GSM634637,train,not_lonely
GSE25837,3,6,GSM634638,train,not_lonely
GSE25837,3,6,GSM634639,train,not_lonely
GSE25837,3,6,GSM634640,train,not_lonely
GSE25837,3,6,GSM634641,train,not_lonely
GSE25837,3,6,GSM634642,train,not_lonely
GSE25837,3,6,GSM634643,train,lonely
GSE25837,3,6,GSM634644,train,not_lonely
GSE25837,3,6,GSM634645,train,not_lonely
GSE25837,3,6,GSM634646,train,not_lonely
GSE25837,3,6,GSM634647,train,not_lonely
GSE25837,3,6,GSM634648,train,lonely
GSE25837,3,6,GSM634649,train,lonely
GSE25837,3,6,GSM634650,train,lonely
GSE25837,3,6,GSM634652,train,not_lonely
GSE25837,3,6,GSM634654,train,not_lonely
GSE25837,3,6,GSM634655,train,not_lonely
GSE25837,3,6,GSM634656,train,not_lonely
GSE25837,3,6,GSM634657,train,not_lonely
GSE25837,3,6,GSM634658,train,not_lonely
GSE25837,3,6,GSM634659,train,lonely
GSE25837,3,6,GSM634660,train,not_lonely
GSE25837,3,6,GSM634661,train,not_lonely
GSE25837,3,6,GSM634662,train,not_lonely
GSE25837,3,6,GSM634663,train,not_lonely
GSE25837,3,6,GSM634664,train,not_lonely
GSE25837,3,6,GSM634665,train,not_lonely
GSE25837,3,6,GSM634666,train,lonely
GSE25837,3,6,GSM634667,train,lonely
GSE25837,3,6,GSM634668,train,not_lonely
GSE25837,3,6,GSM634669,train,lonely
GSE25837,3,6,GSM634670,train,lonely
GSE25837,3,6,GSM634671,train,not_lonely
GSE25837,3,6,GSM634672,train,not_lonely
GSE25837,3,6,GSM634673,train,not_lonely
GSE25837,3,6,GSM634674,train,not_lonely
GSE25837,3,6,GSM634675,train,not_lonely
GSE25837,3,6,GSM634676,train,not_lonely
GSE25837,3,6,GSM634677,train,not_lonely
GSE25837,3,6,GSM634678,train,not_lonely
GSE25837,3,6,GSM634680,train,lonely
GSE25837,3,6,GSM634681,train,lonely
GSE25837,3,6,GSM634682,train,not_lonely
GSE25837,3,6,GSM634683,train,not_lonely
GSE25837,3,6,GSM634684,train,not_lonely
GSE25837,3,6,GSM634685,train,not_lonely
GSE25837,3,6,GSM634686,train,not_lonely
GSE25837,3,6,GSM634687,train,not_lonely
GSE25837,3,6,GSM634688,train,lonely
GSE25837,3,6,GSM634689,train,not_lonely
GSE25837,3,6,GSM634690,train,lonely
GSE25837,3,6,GSM634691,train,not_lonely
GSE25837,3,6,GSM634692,train,not_lonely
GSE25837,3,6,GSM634693,train,not_lonely
GSE25837,3,6,GSM634694,train,lonely
GSE25837,3,6,GSM634695,train,not_lonely
GSE25837,3,6,GSM634696,train,not_lonely
GSE25837,3,6,GSM634697,train,not_lonely
GSE25837,3,6,GSM634698,train,lonely
GSE25837,3,6,GSM634699,train,not_lonely
GSE25837,3,6,GSM634700,train,not_lonely
GSE25837,3,6,GSM634701,train,not_lonely
GSE25837,3,6,GSM634702,train,not_lonely
GSE25837,3,6,GSM634703,train,not_lonely
GSE25837,3,6,GSM634704,train,lonely
GSE25837,3,6,GSM634705,train,lonely
GSE25837,3,6,GSM634706,train,lonely
GSE25837,3,6,GSM634707,train,lonely
GSE25837,3,6,GSM634708,train,not_lonely
GSE25837,3,6,GSM634709,train,not_lonely
GSE25837,3,6,GSM634711,train,lonely
GSE25837,3,6,GSM634712,train,not_lonely
GSE25837,3,6,GSM634713,train,not_lonely
GSE25837,3,6,GSM634714,train,not_lonely
GSE25837,3,6,GSM634715,train,lonely
GSE25837,3,6,GSM634716,train,not_lonely
GSE25837,3,6,GSM634717,train,not_lonely
GSE25837,3,6,GSM634718,train,not_lonely
GSE25837,3,6,GSM634721,train,not_lonely
GSE25837,3,6,GSM634722,train,not_lonely
GSE25837,3,6,GSM634724,train,not_lonely
GSE25837,3,6,GSM634633,test,not_lonely
GSE25837,3,6,GSM634651,test,not_lonely
GSE25837,3,6,GSM634653,test,lonely
GSE25837,3,6,GSM634679,test,lonely
GSE25837,3,6,GSM634710,test,not_lonely
GSE25837,3,6,GSM634719,test,not_lonely
GSE25837,3,6,GSM634720,test,not_lonely
GSE25837,3,6,GSM634723,test,not_lonely
GSE25837,3,6,GSM634725,test,not_lonely
GSE25837,3,7,GSM634633,train,not_lonely
GSE25837,3,7,GSM634634,train,not_lonely
GSE25837,3,7,GSM634635,train,not_lonely
GSE25837,3,7,GSM634637,train,not_lonely
GSE25837,3,7,GSM634638,train,not_lonely
GSE25837,3,7,GSM634640,train,not_lonely
GSE25837,3,7,GSM634641,train,not_lonely
GSE25837,3,7,GSM634642,train,not_lonely
GSE25837,3,7,GSM634643,train,lonely
GSE25837,3,7,GSM634644,train,not_lonely
GSE25837,3,7,GSM634645,train,not_lonely
GSE25837,3,7,GSM634646,train,not_lonely
GSE25837,3,7,GSM634647,train,not_lonely
GSE25837,3,7,GSM634648,train,lonely
GSE25837,3,7,GSM634649,train,lonely
GSE25837,3,7,GSM634650,train,lonely
GSE25837,3,7,GSM634651,train,not_lonely
GSE25837,3,7,GSM634652,train,not_lonely
GSE25837,3,7,GSM634653,train,lonely
GSE25837,3,7,GSM634655,train,not_lonely
GSE25837,3,7,GSM634656,train,not_lonely
GSE25837,3,7,GSM634657,train,not_lonely
GSE25837,3,7,GSM634658,train,not_lonely
GSE25837,3,7,GSM634659,train,lonely
GSE25837,3,7,GSM634660,train,not_lonely
GSE25837,3,7,GSM634661,train,not_lonely
GSE25837,3,7,GSM634662,train,not_lonely
GSE25837,3,7,GSM634663,train,not_lonely
GSE25837,3,7,GSM634664,train,not_lonely
GSE25837,3,7,GSM634665,train,not_lonely
GSE25837,3,7,GSM634666,train,lonely
GSE25837,3,7,GSM634667,train,lonely
GSE25837,3,7,GSM634668,train,not_lonely
GSE25837,3,7,GSM634670,train,lonely
GSE25837,3,7,GSM634671,train,not_lonely
GSE25837,3,7,GSM634672,train,not_lonely
GSE25837,3,7,GSM634674,train,not_lonely
GSE25837,3,7,GSM634675,train,not_lonely
GSE25837,3,7,GSM634676,train,not_lonely
GSE25837,3,7,GSM634677,train,not_lonely
GSE25837,3,7,GSM634678,train,not_lonely
GSE25837,3,7,GSM634679,train,lonely
GSE25837,3,7,GSM634680,train,lonely
GSE25837,3,7,GSM634681,train,lonely
GSE25837,3,7,GSM634683,train,not_lonely
GSE25837,3,7,GSM634684,train,not_lonely
GSE25837,3,7,GSM634685,train,not_lonely
GSE25837,3,7,GSM634687,train,not_lonely
GSE25837,3,7,GSM634688,train,lonely
GSE25837,3,7,GSM634689,train,not_lonely
GSE25837,3,7,GSM634690,train,lonely
GSE25837,3,7,GSM634691,train,not_lonely
GSE25837,3,7,GSM634692,train,not_lonely
GSE25837,3,7,GSM634693,train,not_lonely
GSE25837,3,7,GSM634694,train,lonely
GSE25837,3,7,GSM634695,train,not_lonely
GSE25837,3,7,GSM634696,train,not_lonely
GSE25837,3,7,GSM634697,train,not_lonely
GSE25837,3,7,GSM634698,train,lonely
GSE25837,3,7,GSM634699,train,not_lonely
GSE25837,3,7,GSM634700,train,not_lonely
GSE25837,3,7,GSM634701,train,not_lonely
GSE25837,3,7,GSM634702,train,not_lonely
GSE25837,3,7,GSM634703,train,not_lonely
GSE25837,3,7,GSM634704,train,lonely
GSE25837,3,7,GSM634705,train,lonely
GSE25837,3,7,GSM634707,train,lonely
GSE25837,3,7,GSM634708,train,not_lonely
GSE25837,3,7,GSM634709,train,not_lonely
GSE25837,3,7,GSM634710,train,not_lonely
GSE25837,3,7,GSM634711,train,lonely
GSE25837,3,7,GSM634712,train,not_lonely
GSE25837,3,7,GSM634713,train,not_lonely
GSE25837,3,7,GSM634714,train,not_lonely
GSE25837,3,7,GSM634715,train,lonely
GSE25837,3,7,GSM634716,train,not_lonely
GSE25837,3,7,GSM634718,train,not_lonely
GSE25837,3,7,GSM634719,train,not_lonely
GSE25837,3,7,GSM634720,train,not_lonely
GSE25837,3,7,GSM634721,train,not_lonely
GSE25837,3,7,GSM634722,train,not_lonely
GSE25837,3,7,GSM634723,train,not_lonely
GSE25837,3,7,GSM634724,train,not_lonely
GSE25837,3,7,GSM634725,train,not_lonely
GSE25837,3,7,GSM634636,test,not_lonely
GSE25837,3,7,GSM634639,test,not_lonely
GSE25837,3,7,GSM634654,test,not_lonely
GSE25837,3,7,GSM634669,test,lonely
GSE25837,3,7,GSM634673,test,not_lonely
GSE25837,3,7,GSM634682,test,not_lonely
GSE25837,3,7,GSM634686,test,not_lonely
GSE25837,3,7,GSM634706,test,lonely
GSE25837,3,7,GSM634717,test,not_lonely
GSE25837,3,8,GSM634633,train,not_lonely
GSE25837,3,8,GSM634634,train,not_lonely
GSE25837,3,8,GSM634635,train,not_lonely
GSE25837,3,8,GSM634636,train,not_lonely
GSE25837,3,8,GSM634637,train,not_lonely
GSE25837,3,8,GSM634638,train,not_lonely
GSE25837,3,8,GSM634639,train,not_lonely
GSE25837,3,8,GSM634640,train,not_lonely
GSE25837,3,8,GSM634641,train,not_lonely
GSE25837,3,8,GSM634642,train,not_lonely
GSE25837,3,8,GSM634644,train,not_lonely
GSE25837,3,8,GSM634645,train,not_lonely
GSE25837,3,8,GSM634646,train,not_lonely
GSE25837,3,8,GSM634647,train,not_lonely
GSE25837,3,8,GSM634648,train,lonely
GSE25837,3,8,GSM634649,train,lonely
GSE25837,3,8,GSM634650,train,lonely
GSE25837,3,8,GSM634651,train,not_lonely
GSE25837,3,8,GSM634652,train,not_lonely
GSE25837,3,8,GSM634653,train,lonely
GSE25837,3,8,GSM634654,train,not_lonely
GSE25837,3,8,GSM634656,train,not_lonely
GSE25837,3,8,GSM634658,train,not_lonely
GSE25837,3,8,GSM634659,train,lonely
GSE25837,3,8,GSM634660,train,not_lonely
GSE25837,3,8,GSM634661,train,not_lonely
GSE25837,3,8,GSM634662,train,not_lonely
GSE25837,3,8,GSM634663,train,not_lonely
GSE25837,3,8,GSM634664,train,not_lonely
GSE25837,3,8,GSM634665,train,not_lonely
GSE25837,3,8,GSM634666,train,lonely
GSE25837,3,8,GSM634667,train,lonely
GSE25837,3,8,GSM634668,train,not_lonely
GSE25837,3,8,GSM634669,train,lonely
GSE25837,3,8,GSM634670,train,lonely
GSE25837,3,8,GSM634671,train,not_lonely
GSE25837,3,8,GSM634672,train,not_lonely
GSE25837,3,8,GSM634673,train,not_lonely
GSE25837,3,8,GSM634674,train,not_lonely
GSE25837,3,8,GSM634675,train,not_lonely
GSE25837,3,8,GSM634676,train,not_lonely
GSE25837,3,8,GSM634677,train,not_lonely
GSE25837,3,8,GSM634678,train,not_lonely
GSE25837,3,8,GSM634679,train,lonely
GSE25837,3,8,GSM634680,train,lonely
GSE25837,3,8,GSM634681,train,lonely
GSE25837,3,8,GSM634682,train,not_lonely
GSE25837,3,8,GSM634684,train,not_lonely
GSE25837,3,8,GSM634685,train,not_lonely
GSE25837,3,8,GSM634686,train,not_lonely
GSE25837,3,8,GSM634687,train,not_lonely
GSE25837,3,8,GSM634688,train,lonely
GSE25837,3,8,GSM634689,train,not_lonely
GSE25837,3,8,GSM634690,train,lonely
GSE25837,3,8,GSM634691,train,not_lonely
GSE25837,3,8,GSM634692,train,not_lonely
GSE25837,3,8,GSM634693,train,not_lonely
GSE25837,3,8,GSM634694,train,lonely
GSE25837,3,8,GSM634695,train,not_lonely
GSE25837,3,8,GSM634697,train,not_lonely
GSE25837,3,8,GSM634698,train,lonely
GSE25837,3,8,GSM634699,train,not_lonely
GSE25837,3,8,GSM634701,train,not_lonely
GSE25837,3,8,GSM634702,train,not_lonely
GSE25837,3,8,GSM634703,train,not_lonely
GSE25837,3,8,GSM634705,train,lonely
GSE25837,3,8,GSM634706,train,lonely
GSE25837,3,8,GSM634707,train,lonely
GSE25837,3,8,GSM634708,train,not_lonely
GSE25837,3,8,GSM634709,train,not_lonely
GSE25837,3,8,GSM634710,train,not_lonely
GSE25837,3,8,GSM634711,train,lonely
GSE25837,3,8,GSM634712,train,not_lonely
GSE25837,3,8,GSM634713,train,not_lonely
GSE25837,3,8,GSM634714,train,not_lonely
GSE25837,3,8,GSM634715,train,lonely
GSE25837,3,8,GSM634717,train,not_lonely
GSE25837,3,8,GSM634718,train,not_lonely
GSE25837,3,8,GSM634719,train,not_lonely
GSE25837,3,8,GSM634720,train,not_lonely
GSE25837,3,8,GSM634721,train,not_lonely
GSE25837,3,8,GSM634723,train,not_lonely
GSE25837,3,8,GSM634724,train,not_lonely
GSE25837,3,8,GSM634725,train,not_lonely
GSE25837,3,8,GSM634643,test,lonely
GSE25837,3,8,GSM634655,test,not_lonely
GSE25837,3,8,GSM634657,test,not_lonely
GSE25837,3,8,GSM634683,test,not_lonely
GSE25837,3,8,GSM634696,test,not_lonely
GSE25837,3,8,GSM634700,test,not_lonely
GSE25837,3,8,GSM634704,test,lonely
GSE25837,3,8,GSM634716,test,not_lonely
GSE25837,3,8,GSM634722,test,not_lonely
GSE25837,3,9,GSM634633,train,not_lonely
GSE25837,3,9,GSM634634,train,not_lonely
GSE25837,3,9,GSM634635,train,not_lonely
GSE25837,3,9,GSM634636,train,not_lonely
GSE25837,3,9,GSM634638,train,not_lonely
GSE25837,3,9,GSM634639,train,not_lonely
GSE25837,3,9,GSM634642,train,not_lonely
GSE25837,3,9,GSM634643,train,lonely
GSE25837,3,9,GSM634644,train,not_lonely
GSE25837,3,9,GSM634645,train,not_lonely
GSE25837,3,9,GSM634646,train,not_lonely
GSE25837,3,9,GSM634647,train,not_lonely
GSE25837,3,9,GSM634649,train,lonely
GSE25837,3,9,GSM634650,train,lonely
GSE25837,3,9,GSM634651,train,not_lonely
GSE25837,3,9,GSM634653,train,lonely
GSE25837,3,9,GSM634654,train,not_lonely
GSE25837,3,9,GSM634655,train,not_lonely
GSE25837,3,9,GSM634656,train,not_lonely
GSE25837,3,9,GSM634657,train,not_lonely
GSE25837,3,9,GSM634658,train,not_lonely
GSE25837,3,9,GSM634659,train,lonely
GSE25837,3,9,GSM634661,train,not_lonely
GSE25837,3,9,GSM634662,train,not_lonely
GSE25837,3,9,GSM634663,train,not_lonely
GSE25837,3,9,GSM634664,train,not_lonely
GSE25837,3,9,GSM634665,train,not_lonely
GSE25837,3,9,GSM634666,train,lonely
GSE25837,3,9,GSM634667,train,lonely
GSE25837,3,9,GSM634668,train,not_lonely
GSE25837,3,9,GSM634669,train,lonely
GSE25837,3,9,GSM634670,train,lonely
GSE25837,3,9,GSM634671,train,not_lonely
GSE25837,3,9,GSM634672,train,not_lonely
GSE25837,3,9,GSM634673,train,not_lonely
GSE25837,3,9,GSM634674,train,not_lonely
GSE25837,3,9,GSM634675,train,not_lonely
GSE25837,3,9,GSM634676,train,not_lonely
GSE25837,3,9,GSM634677,train,not_lonely
GSE25837,3,9,GSM634678,train,not_lonely
GSE25837,3,9,GSM634679,train,lonely
GSE25837,3,9,GSM634680,train,lonely
GSE25837,3,9,GSM634681,train,lonely
GSE25837,3,9,GSM634682,train,not_lonely
GSE25837,3,9,GSM634683,train,not_lonely
GSE25837,3,9,GSM634684,train,not_lonely
GSE25837,3,9,GSM634685,train,not_lonely
GSE25837,3,9,GSM634686,train,not_lonely
GSE25837,3,9,GSM634687,train,not_lonely
GSE25837,3,9,GSM634688,train,lonely
GSE25837,3,9,GSM634689,train,not_lonely
GSE25837,3,9,GSM634690,train,lonely
GSE25837,3,9,GSM634692,train,not_lonely
GSE25837,3,9,GSM634693,train,not_lonely
GSE25837,3,9,GSM634694,train,lonely
GSE25837,3,9,GSM634695,train,not_lonely
GSE25837,3,9,GSM634696,train,not_lonely
GSE25837,3,9,GSM634697,train,not_lonely
GSE25837,3,9,GSM634698,train,lonely
GSE25837,3,9,GSM634699,train,not_lonely
GSE25837,3,9,GSM634700,train,not_lonely
GSE25837,3,9,GSM634701,train,not_lonely
GSE25837,3,9,GSM634702,train,not_lonely
GSE25837,3,9,GSM634703,train,not_lonely
GSE25837,3,9,GSM634704,train,lonely
GSE25837,3,9,GSM634706,train,lonely
GSE25837,3,9,GSM634707,train,lonely
GSE25837,3,9,GSM634709,train,not_lonely
GSE25837,3,9,GSM634710,train,not_lonely
GSE25837,3,9,GSM634711,train,lonely
GSE25837,3,9,GSM634712,train,not_lonely
GSE25837,3,9,GSM634713,train,not_lonely
GSE25837,3,9,GSM634714,train,not_lonely
GSE25837,3,9,GSM634715,train,lonely
GSE25837,3,9,GSM634716,train,not_lonely
GSE25837,3,9,GSM634717,train,not_lonely
GSE25837,3,9,GSM634718,train,not_lonely
GSE25837,3,9,GSM634719,train,not_lonely
GSE25837,3,9,GSM634720,train,not_lonely
GSE25837,3,9,GSM634721,train,not_lonely
GSE25837,3,9,GSM634722,train,not_lonely
GSE25837,3,9,GSM634723,train,not_lonely
GSE25837,3,9,GSM634724,train,not_lonely
GSE25837,3,9,GSM634725,train,not_lonely
GSE25837,3,9,GSM634637,test,not_lonely
GSE25837,3,9,GSM634640,test,not_lonely
GSE25837,3,9,GSM634641,test,not_lonely
GSE25837,3,9,GSM634648,test,lonely
GSE25837,3,9,GSM634652,test,not_lonely
GSE25837,3,9,GSM634660,test,not_lonely
GSE25837,3,9,GSM634691,test,not_lonely
GSE25837,3,9,GSM634705,test,lonely
GSE25837,3,9,GSM634708,test,not_lonely
GSE25837,3,10,GSM634633,train,not_lonely
GSE25837,3,10,GSM634634,train,not_lonely
GSE25837,3,10,GSM634635,train,not_lonely
GSE25837,3,10,GSM634636,train,not_lonely
GSE25837,3,10,GSM634637,train,not_lonely
GSE25837,3,10,GSM634638,train,not_lonely
GSE25837,3,10,GSM634639,train,not_lonely
GSE25837,3,10,GSM634640,train,not_lonely
GSE25837,3,10,GSM634641,train,not_lonely
GSE25837,3,10,GSM634642,train,not_lonely
GSE25837,3,10,GSM634643,train,lonely
GSE25837,3,10,GSM634644,train,not_lonely
GSE25837,3,10,GSM634646,train,not_lonely
GSE25837,3,10,GSM634647,train,not_lonely
GSE25837,3,10,GSM634648,train,lonely
GSE25837,3,10,GSM634649,train,lonely
GSE25837,3,10,GSM634650,train,lonely
GSE25837,3,10,GSM634651,train,not_lonely
GSE25837,3,10,GSM634652,train,not_lonely
GSE25837,3,10,GSM634653,train,lonely
GSE25837,3,10,GSM634654,train,not_lonely
GSE25837,3,10,GSM634655,train,not_lonely
GSE25837,3,10,GSM634656,train,not_lonely
GSE25837,3,10,GSM634657,train,not_lonely
GSE25837,3,10,GSM634658,train,not_lonely
GSE25837,3,10,GSM634660,train,not_lonely
GSE25837,3,10,GSM634662,train,not_lonely
GSE25837,3,10,GSM634664,train,not_lonely
GSE25837,3,10,GSM634665,train,not_lonely
GSE25837,3,10,GSM634666,train,lonely
GSE25837,3,10,GSM634669,train,lonely
GSE25837,3,10,GSM634670,train,lonely
GSE25837,3,10,GSM634671,train,not_lonely
GSE25837,3,10,GSM634672,train,not_lonely
GSE25837,3,10,GSM634673,train,not_lonely
GSE25837,3,10,GSM634675,train,not_lonely
GSE25837,3,10,GSM634676,train,not_lonely
GSE25837,3,10,GSM634677,train,not_lonely
GSE25837,3,10,GSM634678,train,not_lonely
GSE25837,3,10,GSM634679,train,lonely
GSE25837,3,10,GSM634680,train,lonely
GSE25837,3,10,GSM634681,train,lonely
GSE25837,3,10,GSM634682,train,not_lonely
GSE25837,3,10,GSM634683,train,not_lonely
GSE25837,3,10,GSM634684,train,not_lonely
GSE25837,3,10,GSM634685,train,not_lonely
GSE25837,3,10,GSM634686,train,not_lonely
GSE25837,3,10,GSM634687,train,not_lonely
GSE25837,3,10,GSM634688,train,lonely
GSE25837,3,10,GSM634689,train,not_lonely
GSE25837,3,10,GSM634690,train,lonely
GSE25837,3,10,GSM634691,train,not_lonely
GSE25837,3,10,GSM634692,train,not_lonely
GSE25837,3,10,GSM634693,train,not_lonely
GSE25837,3,10,GSM634694,train,lonely
GSE25837,3,10,GSM634695,train,not_lonely
GSE25837,3,10,GSM634696,train,not_lonely
GSE25837,3,10,GSM634697,train,not_lonely
GSE25837,3,10,GSM634698,train,lonely
GSE25837,3,10,GSM634699,train,not_lonely
GSE25837,3,10,GSM634700,train,not_lonely
GSE25837,3,10,GSM634701,train,not_lonely
GSE25837,3,10,GSM634702,train,not_lonely
GSE25837,3,10,GSM634703,train,not_lonely
GSE25837,3,10,GSM634704,train,lonely
GSE25837,3,10,GSM634705,train,lonely
GSE25837,3,10,GSM634706,train,lonely
GSE25837,3,10,GSM634707,train,lonely
GSE25837,3,10,GSM634708,train,not_lonely
GSE25837,3,10,GSM634709,train,not_lonely
GSE25837,3,10,GSM634710,train,not_lonely
GSE25837,3,10,GSM634711,train,lonely
GSE25837,3,10,GSM634713,train,not_lonely
GSE25837,3,10,GSM634715,train,lonely
GSE25837,3,10,GSM634716,train,not_lonely
GSE25837,3,10,GSM634717,train,not_lonely
GSE25837,3,10,GSM634718,train,not_lonely
GSE25837,3,10,GSM634719,train,not_lonely
GSE25837,3,10,GSM634720,train,not_lonely
GSE25837,3,10,GSM634721,train,not_lonely
GSE25837,3,10,GSM634722,train,not_lonely
GSE25837,3,10,GSM634723,train,not_lonely
GSE25837,3,10,GSM634724,train,not_lonely
GSE25837,3,10,GSM634725,train,not_lonely
GSE25837,3,10,GSM634645,test,not_lonely
GSE25837,3,10,GSM634659,test,lonely
GSE25837,3,10,GSM634661,test,not_lonely
GSE25837,3,10,GSM634663,test,not_lonely
GSE25837,3,10,GSM634667,test,lonely
GSE25837,3,10,GSM634668,test,not_lonely
GSE25837,3,10,GSM634674,test,not_lonely
GSE25837,3,10,GSM634712,test,not_lonely
GSE25837,3,10,GSM634714,test,not_lonely
GSE25837,4,1,GSM634634,train,not_lonely
GSE25837,4,1,GSM634635,train,not_lonely
GSE25837,4,1,GSM634636,train,not_lonely
GSE25837,4,1,GSM634637,train,not_lonely
GSE25837,4,1,GSM634638,train,not_lonely
GSE25837,4,1,GSM634639,train,not_lonely
GSE25837,4,1,GSM634640,train,not_lonely
GSE25837,4,1,GSM634641,train,not_lonely
GSE25837,4,1,GSM634642,train,not_lonely
GSE25837,4,1,GSM634643,train,lonely
GSE25837,4,1,GSM634644,train,not_lonely
GSE25837,4,1,GSM634645,train,not_lonely
GSE25837,4,1,GSM634646,train,not_lonely
GSE25837,4,1,GSM634647,train,not_lonely
GSE25837,4,1,GSM634648,train,lonely
GSE25837,4,1,GSM634650,train,lonely
GSE25837,4,1,GSM634651,train,not_lonely
GSE25837,4,1,GSM634652,train,not_lonely
GSE25837,4,1,GSM634653,train,lonely
GSE25837,4,1,GSM634654,train,not_lonely
GSE25837,4,1,GSM634655,train,not_lonely
GSE25837,4,1,GSM634656,train,not_lonely
GSE25837,4,1,GSM634657,train,not_lonely
GSE25837,4,1,GSM634659,train,lonely
GSE25837,4,1,GSM634660,train,not_lonely
GSE25837,4,1,GSM634661,train,not_lonely
GSE25837,4,1,GSM634662,train,not_lonely
GSE25837,4,1,GSM634663,train,not_lonely
GSE25837,4,1,GSM634665,train,not_lonely
GSE25837,4,1,GSM634666,train,lonely
GSE25837,4,1,GSM634667,train,lonely
GSE25837,4,1,GSM634668,train,not_lonely
GSE25837,4,1,GSM634670,train,lonely
GSE25837,4,1,GSM634671,train,not_lonely
GSE25837,4,1,GSM634673,train,not_lonely
GSE25837,4,1,GSM634674,train,not_lonely
GSE25837,4,1,GSM634676,train,not_lonely
GSE25837,4,1,GSM634677,train,not_lonely
GSE25837,4,1,GSM634678,train,not_lonely
GSE25837,4,1,GSM634679,train,lonely
GSE25837,4,1,GSM634680,train,lonely
GSE25837,4,1,GSM634681,train,lonely
GSE25837,4,1,GSM634682,train,not_lonely
GSE25837,4,1,GSM634684,train,not_lonely
GSE25837,4,1,GSM634685,train,not_lonely
GSE25837,4,1,GSM634686,train,not_lonely
GSE25837,4,1,GSM634687,train,not_lonely
GSE25837,4,1,GSM634688,train,lonely
GSE25837,4,1,GSM634689,train,not_lonely
GSE25837,4,1,GSM634690,train,lonely
GSE25837,4,1,GSM634691,train,not_lonely
GSE25837,4,1,GSM634692,train,not_lonely
GSE25837,4,1,GSM634693,train,not_lonely
GSE25837,4,1,GSM634695,train,not_lonely
GSE25837,4,1,GSM634696,train,not_lonely
GSE25837,4,1,GSM634697,train,not_lonely
GSE25837,4,1,GSM634698,train,lonely
GSE25837,4,1,GSM634699,train,not_lonely
GSE25837,4,1,GSM634700,train,not_lonely
GSE25837,4,1,GSM634701,train,not_lonely
GSE25837,4,1,GSM634702,train,not_lonely
GSE25837,4,1,GSM634703,train,not_lonely
GSE25837,4,1,GSM634704,train,lonely
GSE25837,4,1,GSM634705,train,lonely
GSE25837,4,1,GSM634706,train,lonely
GSE25837,4,1,GSM634707,train,lonely
GSE25837,4,1,GSM634708,train,not_lonely
GSE25837,4,1,GSM634709,train,not_lonely
GSE25837,4,1,GSM634710,train,not_lonely
GSE25837,4,1,GSM634711,train,lonely
GSE25837,4,1,GSM634712,train,not_lonely
GSE25837,4,1,GSM634713,train,not_lonely
GSE25837,4,1,GSM634715,train,lonely
GSE25837,4,1,GSM634716,train,not_lonely
GSE25837,4,1,GSM634717,train,not_lonely
GSE25837,4,1,GSM634718,train,not_lonely
GSE25837,4,1,GSM634719,train,not_lonely
GSE25837,4,1,GSM634720,train,not_lonely
GSE25837,4,1,GSM634721,train,not_lonely
GSE25837,4,1,GSM634722,train,not_lonely
GSE25837,4,1,GSM634723,train,not_lonely
GSE25837,4,1,GSM634724,train,not_lonely
GSE25837,4,1,GSM634725,train,not_lonely
GSE25837,4,1,GSM634633,test,not_lonely
GSE25837,4,1,GSM634649,test,lonely
GSE25837,4,1,GSM634658,test,not_lonely
GSE25837,4,1,GSM634664,test,not_lonely
GSE25837,4,1,GSM634669,test,lonely
GSE25837,4,1,GSM634672,test,not_lonely
GSE25837,4,1,GSM634675,test,not_lonely
GSE25837,4,1,GSM634683,test,not_lonely
GSE25837,4,1,GSM634694,test,lonely
GSE25837,4,1,GSM634714,test,not_lonely
GSE25837,4,2,GSM634633,train,not_lonely
GSE25837,4,2,GSM634634,train,not_lonely
GSE25837,4,2,GSM634635,train,not_lonely
GSE25837,4,2,GSM634636,train,not_lonely
GSE25837,4,2,GSM634638,train,not_lonely
GSE25837,4,2,GSM634639,train,not_lonely
GSE25837,4,2,GSM634640,train,not_lonely
GSE25837,4,2,GSM634641,train,not_lonely
GSE25837,4,2,GSM634642,train,not_lonely
GSE25837,4,2,GSM634643,train,lonely
GSE25837,4,2,GSM634645,train,not_lonely
GSE25837,4,2,GSM634646,train,not_lonely
GSE25837,4,2,GSM634647,train,not_lonely
GSE25837,4,2,GSM634648,train,lonely
GSE25837,4,2,GSM634649,train,lonely
GSE25837,4,2,GSM634650,train,lonely
GSE25837,4,2,GSM634651,train,not_lonely
GSE25837,4,2,GSM634652,train,not_lonely
GSE25837,4,2,GSM634653,train,lonely
GSE25837,4,2,GSM634654,train,not_lonely
GSE25837,4,2,GSM634656,train,not_lonely
GSE25837,4,2,GSM634657,train,not_lonely
GSE25837,4,2,GSM634658,train,not_lonely
GSE25837,4,2,GSM634659,train,lonely
GSE25837,4,2,GSM634660,train,not_lonely
GSE25837,4,2,GSM634661,train,not_lonely
GSE25837,4,2,GSM634662,train,not_lonely
GSE25837,4,2,GSM634663,train,not_lonely
GSE25837,4,2,GSM634664,train,not_lonely
GSE25837,4,2,GSM634665,train,not_lonely
GSE25837,4,2,GSM634666,train,lonely
GSE25837,4,2,GSM634667,train,lonely
GSE25837,4,2,GSM634668,train,not_lonely
GSE25837,4,2,GSM634669,train,lonely
GSE25837,4,2,GSM634670,train,lonely
GSE25837,4,2,GSM634671,train,not_lonely
GSE25837,4,2,GSM634672,train,not_lonely
GSE25837,4,2,GSM634673,train,not_lonely
GSE25837,4,2,GSM634674,train,not_lonely
GSE25837,4,2,GSM634675,train,not_lonely
GSE25837,4,2,GSM634676,train,not_lonely
GSE25837,4,2,GSM634677,train,not_lonely
GSE25837,4,2,GSM634678,train,not_lonely
GSE25837,4,2,GSM634679,train,lonely
GSE25837,4,2,GSM634680,train,lonely
GSE25837,4,2,GSM634681,train,lonely
GSE25837,4,2,GSM634682,train,not_lonely
GSE25837,4,2,GSM634683,train,not_lonely
GSE25837,4,2,GSM634684,train,not_lonely
GSE25837,4,2,GSM634685,train,not_lonely
GSE25837,4,2,GSM634687,train,not_lonely
GSE25837,4,2,GSM634688,train,lonely
GSE25837,4,2,GSM634689,train,not_lonely
GSE25837,4,2,GSM634690,train,lonely
GSE25837,4,2,GSM634691,train,not_lonely
GSE25837,4,2,GSM634692,train,not_lonely
GSE25837,4,2,GSM634693,train,not_lonely
GSE25837,4,2,GSM634694,train,lonely
GSE25837,4,2,GSM634695,train,not_lonely
GSE25837,4,2,GSM634696,train,not_lonely
GSE25837,4,2,GSM634697,train,not_lonely
GSE25837,4,2,GSM634698,train,lonely
GSE25837,4,2,GSM634699,train,not_lonely
GSE25837,4,2,GSM634700,train,not_lonely
GSE25837,4,2,GSM634701,train,not_lonely
GSE25837,4,2,GSM634702,train,not_lonely
GSE25837,4,2,GSM634703,train,not_lonely
GSE25837,4,2,GSM634705,train,lonely
GSE25837,4,2,GSM634707,train,lonely
GSE25837,4,2,GSM634708,train,not_lonely
GSE25837,4,2,GSM634709,train,not_lonely
GSE25837,4,2,GSM634712,train,not_lonely
GSE25837,4,2,GSM634713,train,not_lonely
GSE25837,4,2,GSM634714,train,not_lonely
GSE25837,4,2,GSM634715,train,lonely
GSE25837,4,2,GSM634716,train,not_lonely
GSE25837,4,2,GSM634717,train,not_lonely
GSE25837,4,2,GSM634719,train,not_lonely
GSE25837,4,2,GSM634720,train,not_lonely
GSE25837,4,2,GSM634722,train,not_lonely
GSE25837,4,2,GSM634723,train,not_lonely
GSE25837,4,2,GSM634724,train,not_lonely
GSE25837,4,2,GSM634725,train,not_lonely
GSE25837,4,2,GSM634637,test,not_lonely
GSE25837,4,2,GSM634644,test,not_lonely
GSE25837,4,2,GSM634655,test,not_lonely
GSE25837,4,2,GSM634686,test,not_lonely
GSE25837,4,2,GSM634704,test,lonely
GSE25837,4,2,GSM634706,test,lonely
GSE25837,4,2,GSM634710,test,not_lonely
GSE25837,4,2,GSM634711,test,lonely
GSE25837,4,2,GSM634718,test,not_lonely
GSE25837,4,2,GSM634721,test,not_lonely
GSE25837,4,3,GSM634633,train,not_lonely
GSE25837,4,3,GSM634634,train,not_lonely
GSE25837,4,3,GSM634635,train,not_lonely
GSE25837,4,3,GSM634637,train,not_lonely
GSE25837,4,3,GSM634638,train,not_lonely
GSE25837,4,3,GSM634639,train,not_lonely
GSE25837,4,3,GSM634640,train,not_lonely
GSE25837,4,3,GSM634641,train,not_lonely
GSE25837,4,3,GSM634642,train,not_lonely
GSE25837,4,3,GSM634644,train,not_lonely
GSE25837,4,3,GSM634645,train,not_lonely
GSE25837,4,3,GSM634646,train,not_lonely
GSE25837,4,3,GSM634647,train,not_lonely
GSE25837,4,3,GSM634648,train,lonely
GSE25837,4,3,GSM634649,train,lonely
GSE25837,4,3,GSM634651,train,not_lonely
GSE25837,4,3,GSM634653,train,lonely
GSE25837,4,3,GSM634654,train,not_lonely
GSE25837,4,3,GSM634655,train,not_lonely
GSE25837,4,3,GSM634656,train,not_lonely
GSE25837,4,3,GSM634657,train,not_lonely
GSE25837,4,3,GSM634658,train,not_lonely
GSE25837,4,3,GSM634659,train,lonely
GSE25837,4,3,GSM634660,train,not_lonely
GSE25837,4,3,GSM634661,train,not_lonely
GSE25837,4,3,GSM634663,train,not_lonely
GSE25837,4,3,GSM634664,train,not_lonely
GSE25837,4,3,GSM634665,train,not_lonely
GSE25837,4,3,GSM634666,train,lonely
GSE25837,4,3,GSM634667,train,lonely
GSE25837,4,3,GSM634668,train,not_lonely
GSE25837,4,3,GSM634669,train,lonely
GSE25837,4,3,GSM634670,train,lonely
GSE25837,4,3,GSM634671,train,not_lonely
GSE25837,4,3,GSM634672,train,not_lonely
GSE25837,4,3,GSM634673,train,not_lonely
GSE25837,4,3,GSM634674,train,not_lonely
GSE25837,4,3,GSM634675,train,not_lonely
GSE25837,4,3,GSM634676,train,not_lonely
GSE25837,4,3,GSM634677,train,not_lonely
GSE25837,4,3,GSM634678,train,not_lonely
GSE25837,4,3,GSM634679,train,lonely
GSE25837,4,3,GSM634681,train,lonely
GSE25837,4,3,GSM634683,train,not_lonely
GSE25837,4,3,GSM634684,train,not_lonely
GSE25837,4,3,GSM634685,train,not_lonely
GSE25837,4,3,GSM634686,train,not_lonely
GSE25837,4,3,GSM634687,train,not_lonely
GSE25837,4,3,GSM634688,train,lonely
GSE25837,4,3,GSM634689,train,not_lonely
GSE25837,4,3,GSM634690,train,lonely
GSE25837,4,3,GSM634691,train,not_lonely
GSE25837,4,3,GSM634692,train,not_lonely
GSE25837,4,3,GSM634693,train,not_lonely
GSE25837,4,3,GSM634694,train,lonely
GSE25837,4,3,GSM634695,train,not_lonely
GSE25837,4,3,GSM634696,train,not_lonely
GSE25837,4,3,GSM634697,train,not_lonely
GSE25837,4,3,GSM634698,train,lonely
GSE25837,4,3,GSM634699,train,not_lonely
GSE25837,4,3,GSM634700,train,not_lonely
GSE25837,4,3,GSM634701,train,not_lonely
GSE25837,4,3,GSM634702,train,not_lonely
GSE25837,4,3,GSM634703,train,not_lonely
GSE25837,4,3,GSM634704,train,lonely
GSE25837,4,3,GSM634705,train,lonely
GSE25837,4,3,GSM634706,train,lonely
GSE25837,4,3,GSM634707,train,lonely
GSE25837,4,3,GSM634708,train,not_lonely
GSE25837,4,3,GSM634710,train,not_lonely
GSE25837,4,3,GSM634711,train,lonely
GSE25837,4,3,GSM634713,train,not_lonely
GSE25837,4,3,GSM634714,train,not_lonely
GSE25837,4,3,GSM634715,train,lonely
GSE25837,4,3,GSM634716,train,not_lonely
GSE25837,4,3,GSM634718,train,not_lonely
GSE25837,4,3,GSM634719,train,not_lonely
GSE25837,4,3,GSM634720,train,not_lonely
GSE25837,4,3,GSM634721,train,not_lonely
GSE25837,4,3,GSM634722,train,not_lonely
GSE25837,4,3,GSM634723,train,not_lonely
GSE25837,4,3,GSM634724,train,not_lonely
GSE25837,4,3,GSM634725,train,not_lonely
GSE25837,4,3,GSM634636,test,not_lonely
GSE25837,4,3,GSM634643,test,lonely
GSE25837,4,3,GSM634650,test,lonely
GSE25837,4,3,GSM634652,test,not_lonely
GSE25837,4,3,GSM634662,test,not_lonely
GSE25837,4,3,GSM634680,test,lonely
GSE25837,4,3,GSM634682,test,not_lonely
GSE25837,4,3,GSM634709,test,not_lonely
GSE25837,4,3,GSM634712,test,not_lonely
GSE25837,4,3,GSM634717,test,not_lonely
GSE25837,4,4,GSM634633,train,not_lonely
GSE25837,4,4,GSM634634,train,not_lonely
GSE25837,4,4,GSM634635,train,not_lonely
GSE25837,4,4,GSM634636,train,not_lonely
GSE25837,4,4,GSM634637,train,not_lonely
GSE25837,4,4,GSM634638,train,not_lonely
GSE25837,4,4,GSM634640,train,not_lonely
GSE25837,4,4,GSM634642,train,not_lonely
GSE25837,4,4,GSM634643,train,lonely
GSE25837,4,4,GSM634644,train,not_lonely
GSE25837,4,4,GSM634645,train,not_lonely
GSE25837,4,4,GSM634646,train,not_lonely
GSE25837,4,4,GSM634647,train,not_lonely
GSE25837,4,4,GSM634648,train,lonely
GSE25837,4,4,GSM634649,train,lonely
GSE25837,4,4,GSM634650,train,lonely
GSE25837,4,4,GSM634651,train,not_lonely
GSE25837,4,4,GSM634652,train,not_lonely
GSE25837,4,4,GSM634653,train,lonely
GSE25837,4,4,GSM634654,train,not_lonely
GSE25837,4,4,GSM634655,train,not_lonely
GSE25837,4,4,GSM634656,train,not_lonely
GSE25837,4,4,GSM634657,train,not_lonely
GSE25837,4,4,GSM634658,train,not_lonely
GSE25837,4,4,GSM634659,train,lonely
GSE25837,4,4,GSM634660,train,not_lonely
GSE25837,4,4,GSM634661,train,not_lonely
GSE25837,4,4,GSM634662,train,not_lonely
GSE25837,4,4,GSM634663,train,not_lonely
GSE25837,4,4,GSM634664,train,not_lonely
GSE25837,4,4,GSM634665,train,not_lonely
GSE25837,4,4,GSM634666,train,lonely
GSE25837,4,4,GSM634667,train,lonely
GSE25837,4,4,GSM634668,train,not_lonely
GSE25837,4,4,GSM634669,train,lonely
GSE25837,4,4,GSM634670,train,lonely
GSE25837,4,4,GSM634672,train,not_lonely
GSE25837,4,4,GSM634674,train,not_lonely
GSE25837,4,4,GSM634675,train,not_lonely
GSE25837,4,4,GSM634676,train,not_lonely
GSE25837,4,4,GSM634677,train,not_lonely
GSE25837,4,4,GSM634678,train,not_lonely
GSE25837,4,4,GSM634679,train,lonely
GSE25837,4,4,GSM634680,train,lonely
GSE25837,4,4,GSM634682,train,not_lonely
GSE25837,4,4,GSM634683,train,not_lonely
GSE25837,4,4,GSM634684,train,not_lonely
GSE25837,4,4,GSM634686,train,not_lonely
GSE25837,4,4,GSM634687,train,not_lonely
GSE25837,4,4,GSM634690,train,lonely
GSE25837,4,4,GSM634691,train,not_lonely
GSE25837,4,4,GSM634692,train,not_lonely
GSE25837,4,4,GSM634693,train,not_lonely
GSE25837,4,4,GSM634694,train,lonely
GSE25837,4,4,GSM634695,train,not_lonely
GSE25837,4,4,GSM634696,train,not_lonely
GSE25837,4,4,GSM634697,train,not_lonely
GSE25837,4,4,GSM634698,train,lonely
GSE25837,4,4,GSM634699,train,not_lonely
GSE25837,4,4,GSM634700,train,not_lonely
GSE25837,4,4,GSM634701,train,not_lonely
GSE25837,4,4,GSM634702,train,not_lonely
GSE25837,4,4,GSM634703,train,not_lonely
GSE25837,4,4,GSM634704,train,lonely
GSE25837,4,4,GSM634705,train,lonely
GSE25837,4,4,GSM634706,train,lonely
GSE25837,4,4,GSM634707,train,lonely
GSE25837,4,4,GSM634708,train,not_lonely
GSE25837,4,4,GSM634709,train,not_lonely
GSE25837,4,4,GSM634710,train,not_lonely
GSE25837,4,4,GSM634711,train,lonely
GSE25837,4,4,GSM634712,train,not_lonely
GSE25837,4,4,GSM634713,train,not_lonely
GSE25837,4,4,GSM634714,train,not_lonely
GSE25837,4,4,GSM634715,train,lonely
GSE25837,4,4,GSM634716,train,not_lonely
GSE25837,4,4,GSM634717,train,not_lonely
GSE25837,4,4,GSM634718,train,not_lonely
GSE25837,4,4,GSM634719,train,not_lonely
GSE25837,4,4,GSM634720,train,not_lonely
GSE25837,4,4,GSM634721,train,not_lonely
GSE25837,4,4,GSM634722,train,not_lonely
GSE25837,4,4,GSM634723,train,not_lonely
GSE25837,4,4,GSM634725,train,not_lonely
GSE25837,4,4,GSM634639,test,not_lonely
GSE25837,4,4,GSM634641,test,not_lonely
GSE25837,4,4,GSM634671,test,not_lonely
GSE25837,4,4,GSM634673,test,not_lonely
GSE25837,4,4,GSM634681,test,lonely
GSE25837,4,4,GSM634685,test,not_lonely
GSE25837,4,4,GSM634688,test,lonely
GSE25837,4,4,GSM634689,test,not_lonely
GSE25837,4,4,GSM634724,test,not_lonely
GSE25837,4,5,GSM634633,train,not_lonely
GSE25837,4,5,GSM634634,train,not_lonely
GSE25837,4,5,GSM634635,train,not_lonely
GSE25837,4,5,GSM634636,train,not_lonely
GSE25837,4,5,GSM634637,train,not_lonely
GSE25837,4,5,GSM634638,train,not_lonely
GSE25837,4,5,GSM634639,train,not_lonely
GSE25837,4,5,GSM634640,train,not_lonely
GSE25837,4,5,GSM634641,train,not_lonely
GSE25837,4,5,GSM634642,train,not_lonely
GSE25837,4,5,GSM634643,train,lonely
GSE25837,4,5,GSM634644,train,not_lonely
GSE25837,4,5,GSM634645,train,not_lonely
GSE25837,4,5,GSM634646,train,not_lonely
GSE25837,4,5,GSM634648,train,lonely
GSE25837,4,5,GSM634649,train,lonely
GSE25837,4,5,GSM634650,train,lonely
GSE25837,4,5,GSM634651,train,not_lonely
GSE25837,4,5,GSM634652,train,not_lonely
GSE25837,4,5,GSM634653,train,lonely
GSE25837,4,5,GSM634654,train,not_lonely
GSE25837,4,5,GSM634655,train,not_lonely
GSE25837,4,5,GSM634658,train,not_lonely
GSE25837,4,5,GSM634659,train,lonely
GSE25837,4,5,GSM634660,train,not_lonely
GSE25837,4,5,GSM634661,train,not_lonely
GSE25837,4,5,GSM634662,train,not_lonely
GSE25837,4,5,GSM634663,train,not_lonely
GSE25837,4,5,GSM634664,train,not_lonely
GSE25837,4,5,GSM634665,train,not_lonely
GSE25837,4,5,GSM634666,train,lonely
GSE25837,4,5,GSM634667,train,lonely
GSE25837,4,5,GSM634668,train,not_lonely
GSE25837,4,5,GSM634669,train,lonely
GSE25837,4,5,GSM634671,train,not_lonely
GSE25837,4,5,GSM634672,train,not_lonely
GSE25837,4,5,GSM634673,train,not_lonely
GSE25837,4,5,GSM634674,train,not_lonely
GSE25837,4,5,GSM634675,train,not_lonely
GSE25837,4,5,GSM634676,train,not_lonely
GSE25837,4,5,GSM634677,train,not_lonely
GSE25837,4,5,GSM634678,train,not_lonely
GSE25837,4,5,GSM634679,train,lonely
GSE25837,4,5,GSM634680,train,lonely
GSE25837,4,5,GSM634681,train,lonely
GSE25837,4,5,GSM634682,train,not_lonely
GSE25837,4,5,GSM634683,train,not_lonely
GSE25837,4,5,GSM634684,train,not_lonely
GSE25837,4,5,GSM634685,train,not_lonely
GSE25837,4,5,GSM634686,train,not_lonely
GSE25837,4,5,GSM634687,train,not_lonely
GSE25837,4,5,GSM634688,train,lonely
GSE25837,4,5,GSM634689,train,not_lonely
GSE25837,4,5,GSM634691,train,not_lonely
GSE25837,4,5,GSM634692,train,not_lonely
GSE25837,4,5,GSM634694,train,lonely
GSE25837,4,5,GSM634695,train,not_lonely
GSE25837,4,5,GSM634697,train,not_lonely
GSE25837,4,5,GSM634698,train,lonely
GSE25837,4,5,GSM634699,train,not_lonely
GSE25837,4,5,GSM634701,train,not_lonely
GSE25837,4,5,GSM634702,train,not_lonely
GSE25837,4,5,GSM634703,train,not_lonely
GSE25837,4,5,GSM634704,train,lonely
GSE25837,4,5,GSM634705,train,lonely
GSE25837,4,5,GSM634706,train,lonely
GSE25837,4,5,GSM634707,train,lonely
GSE25837,4,5,GSM634709,train,not_lonely
GSE25837,4,5,GSM634710,train,not_lonely
GSE25837,4,5,GSM634711,train,lonely
GSE25837,4,5,GSM634712,train,not_lonely
GSE25837,4,5,GSM634713,train,not_lonely
GSE25837,4,5,GSM634714,train,not_lonely
GSE25837,4,5,GSM634715,train,lonely
GSE25837,4,5,GSM634716,train,not_lonely
GSE25837,4,5,GSM634717,train,not_lonely
GSE25837,4,5,GSM634718,train,not_lonely
GSE25837,4,5,GSM634719,train,not_lonely
GSE25837,4,5,GSM634720,train,not_lonely
GSE25837,4,5,GSM634721,train,not_lonely
GSE25837,4,5,GSM634722,train,not_lonely
GSE25837,4,5,GSM634723,train,not_lonely
GSE25837,4,5,GSM634724,train,not_lonely
GSE25837,4,5,GSM634725,train,not_lonely
GSE25837,4,5,GSM634647,test,not_lonely
GSE25837,4,5,GSM634656,test,not_lonely
GSE25837,4,5,GSM634657,test,not_lonely
GSE25837,4,5,GSM634670,test,lonely
GSE25837,4,5,GSM634690,test,lonely
GSE25837,4,5,GSM634693,test,not_lonely
GSE25837,4,5,GSM634696,test,not_lonely
GSE25837,4,5,GSM634700,test,not_lonely
GSE25837,4,5,GSM634708,test,not_lonely
GSE25837,4,6,GSM634633,train,not_lonely
GSE25837,4,6,GSM634635,train,not_lonely
GSE25837,4,6,GSM634636,train,not_lonely
GSE25837,4,6,GSM634637,train,not_lonely
GSE25837,4,6,GSM634638,train,not_lonely
GSE25837,4,6,GSM634639,train,not_lonely
GSE25837,4,6,GSM634641,train,not_lonely
GSE25837,4,6,GSM634642,train,not_lonely
GSE25837,4,6,GSM634643,train,lonely
GSE25837,4,6,GSM634644,train,not_lonely
GSE25837,4,6,GSM634645,train,not_lonely
GSE25837,4,6,GSM634646,train,not_lonely
GSE25837,4,6,GSM634647,train,not_lonely
GSE25837,4,6,GSM634648,train,lonely
GSE25837,4,6,GSM634649,train,lonely
GSE25837,4,6,GSM634650,train,lonely
GSE25837,4,6,GSM634652,train,not_lonely
GSE25837,4,6,GSM634653,train,lonely
GSE25837,4,6,GSM634654,train,not_lonely
GSE25837,4,6,GSM634655,train,not_lonely
GSE25837,4,6,GSM634656,train,not_lonely
GSE25837,4,6,GSM634657,train,not_lonely
GSE25837,4,6,GSM634658,train,not_lonely
GSE25837,4,6,GSM634660,train,not_lonely
GSE25837,4,6,GSM634661,train,not_lonely
GSE25837,4,6,GSM634662,train,not_lonely
GSE25837,4,6,GSM634663,train,not_lonely
GSE25837,4,6,GSM634664,train,not_lonely
GSE25837,4,6,GSM634666,train,lonely
GSE25837,4,6,GSM634667,train,lonely
GSE25837,4,6,GSM634668,train,not_lonely
GSE25837,4,6,GSM634669,train,lonely
GSE25837,4,6,GSM634670,train,lonely
GSE25837,4,6,GSM634671,train,not_lonely
GSE25837,4,6,GSM634672,train,not_lonely
GSE25837,4,6,GSM634673,train,not_lonely
GSE25837,4,6,GSM634674,train,not_lonely
GSE25837,4,6,GSM634675,train,not_lonely
GSE25837,4,6,GSM634676,train,not_lonely
GSE25837,4,6,GSM634677,train,not_lonely
GSE25837,4,6,GSM634678,train,not_lonely
GSE25837,4,6,GSM634679,train,lonely
GSE25837,4,6,GSM634680,train,lonely
GSE25837,4,6,GSM634681,train,lonely
GSE25837,4,6,GSM634682,train,not_lonely
GSE25837,4,6,GSM634683,train,not_lonely
GSE25837,4,6,GSM634684,train,not_lonely
GSE25837,4,6,GSM634685,train,not_lonely
GSE25837,4,6,GSM634686,train,not_lonely
GSE25837,4,6,GSM634688,train,lonely
GSE25837,4,6,GSM634689,train,not_lonely
GSE25837,4,6,GSM634690,train,lonely
GSE25837,4,6,GSM634691,train,not_lonely
GSE25837,4,6,GSM634692,train,not_lonely
GSE25837,4,6,GSM634693,train,not_lonely
GSE25837,4,6,GSM634694,train,lonely
GSE25837,4,6,GSM634695,train,not_lonely
GSE25837,4,6,GSM634696,train,not_lonely
GSE25837,4,6,GSM634697,train,not_lonely
GSE25837,4,6,GSM634698,train,lonely
GSE25837,4,6,GSM634700,train,not_lonely
GSE25837,4,6,GSM634701,train,not_lonely
GSE25837,4,6,GSM634702,train,not_lonely
GSE25837,4,6,GSM634704,train,lonely
GSE25837,4,6,GSM634705,train,lonely
GSE25837,4,6,GSM634706,train,lonely
GSE25837,4,6,GSM634707,train,lonely
GSE25837,4,6,GSM634708,train,not_lonely
GSE25837,4,6,GSM634709,train,not_lonely
GSE25837,4,6,GSM634710,train,not_lonely
GSE25837,4,6,GSM634711,train,lonely
GSE25837,4,6,GSM634712,train,not_lonely
GSE25837,4,6,GSM634713,train,not_lonely
GSE25837,4,6,GSM634714,train,not_lonely
GSE25837,4,6,GSM634716,train,not_lonely
GSE25837,4,6,GSM634717,train,not_lonely
GSE25837,4,6,GSM634718,train,not_lonely
GSE25837,4,6,GSM634719,train,not_lonely
GSE25837,4,6,GSM634720,train,not_lonely
GSE25837,4,6,GSM634721,train,not_lonely
GSE25837,4,6,GSM634722,train,not_lonely
GSE25837,4,6,GSM634723,train,not_lonely
GSE25837,4,6,GSM634724,train,not_lonely
GSE25837,4,6,GSM634725,train,not_lonely
GSE25837,4,6,GSM634634,test,not_lonely
GSE25837,4,6,GSM634640,test,not_lonely
GSE25837,4,6,GSM634651,test,not_lonely
GSE25837,4,6,GSM634659,test,lonely
GSE25837,4,6,GSM634665,test,not_lonely
GSE25837,4,6,GSM634687,test,not_lonely
GSE25837,4,6,GSM634699,test,not_lonely
GSE25837,4,6,GSM634703,test,not_lonely
GSE25837,4,6,GSM634715,test,lonely
GSE25837,4,7,GSM634633,train,not_lonely
GSE25837,4,7,GSM634634,train,not_lonely
GSE25837,4,7,GSM634635,train,not_lonely
GSE25837,4,7,GSM634636,train,not_lonely
GSE25837,4,7,GSM634637,train,not_lonely
GSE25837,4,7,GSM634639,train,not_lonely
GSE25837,4,7,GSM634640,train,not_lonely
GSE25837,4,7,GSM634641,train,not_lonely
GSE25837,4,7,GSM634642,train,not_lonely
GSE25837,4,7,GSM634643,train,lonely
GSE25837,4,7,GSM634644,train,not_lonely
GSE25837,4,7,GSM634645,train,not_lonely
GSE25837,4,7,GSM634646,train,not_lonely
GSE25837,4,7,GSM634647,train,not_lonely
GSE25837,4,7,GSM634648,train,lonely
GSE25837,4,7,GSM634649,train,lonely
GSE25837,4,7,GSM634650,train,lonely
GSE25837,4,7,GSM634651,train,not_lonely
GSE25837,4,7,GSM634652,train,not_lonely
GSE25837,4,7,GSM634653,train,lonely
GSE25837,4,7,GSM634655,train,not_lonely
GSE25837,4,7,GSM634656,train,not_lonely
GSE25837,4,7,GSM634657,train,not_lonely
GSE25837,4,7,GSM634658,train,not_lonely
GSE25837,4,7,GSM634659,train,lonely
GSE25837,4,7,GSM634660,train,not_lonely
GSE25837,4,7,GSM634661,train,not_lonely
GSE25837,4,7,GSM634662,train,not_lonely
GSE25837,4,7,GSM634664,train,not_lonely
GSE25837,4,7,GSM634665,train,not_lonely
GSE25837,4,7,GSM634666,train,lonely
GSE25837,4,7,GSM634667,train,lonely
GSE25837,4,7,GSM634668,train,not_lonely
GSE25837,4,7,GSM634669,train,lonely
GSE25837,4,7,GSM634670,train,lonely
GSE25837,4,7,GSM634671,train,not_lonely
GSE25837,4,7,GSM634672,train,not_lonely
GSE25837,4,7,GSM634673,train,not_lonely
GSE25837,4,7,GSM634675,train,not_lonely
GSE25837,4,7,GSM634676,train,not_lonely
GSE25837,4,7,GSM634677,train,not_lonely
GSE25837,4,7,GSM634678,train,not_lonely
GSE25837,4,7,GSM634680,train,lonely
GSE25837,4,7,GSM634681,train,lonely
GSE25837,4,7,GSM634682,train,not_lonely
GSE25837,4,7,GSM634683,train,not_lonely
GSE25837,4,7,GSM634684,train,not_lonely
GSE25837,4,7,GSM634685,train,not_lonely
GSE25837,4,7,GSM634686,train,not_lonely
GSE25837,4,7,GSM634687,train,not_lonely
GSE25837,4,7,GSM634688,train,lonely
GSE25837,4,7,GSM634689,train,not_lonely
GSE25837,4,7,GSM634690,train,lonely
GSE25837,4,7,GSM634691,train,not_lonely
GSE25837,4,7,GSM634692,train,not_lonely
GSE25837,4,7,GSM634693,train,not_lonely
GSE25837,4,7,GSM634694,train,lonely
GSE25837,4,7,GSM634695,train,not_lonely
GSE25837,4,7,GSM634696,train,not_lonely
GSE25837,4,7,GSM634697,train,not_lonely
GSE25837,4,7,GSM634698,train,lonely
GSE25837,4,7,GSM634699,train,not_lonely
GSE25837,4,7,GSM634700,train,not_lonely
GSE25837,4,7,GSM634701,train,not_lonely
GSE25837,4,7,GSM634702,train,not_lonely
GSE25837,4,7,GSM634703,train,not_lonely
GSE25837,4,7,GSM634704,train,lonely
GSE25837,4,7,GSM634705,train,lonely
GSE25837,4,7,GSM634706,train,lonely
GSE25837,4,7,GSM634708,train,not_lonely
GSE25837,4,7,GSM634709,train,not_lonely
GSE25837,4,7,GSM634710,train,not_lonely
GSE25837,4,7,GSM634711,train,lonely
GSE25837,4,7,GSM634712,train,not_lonely
GSE25837,4,7,GSM634713,train,not_lonely
GSE25837,4,7,GSM634714,train,not_lonely
GSE25837,4,7,GSM634715,train,lonely
GSE25837,4,7,GSM634716,train,not_lonely
GSE25837,4,7,GSM634717,train,not_lonely
GSE25837,4,7,GSM634718,train,not_lonely
GSE25837,4,7,GSM634721,train,not_lonely
GSE25837,4,7,GSM634722,train,not_lonely
GSE25837,4,7,GSM634724,train,not_lonely
GSE25837,4,7,GSM634725,train,not_lonely
GSE25837,4,7,GSM634638,test,not_lonely
GSE25837,4,7,GSM634654,test,not_lonely
GSE25837,4,7,GSM634663,test,not_lonely
GSE25837,4,7,GSM634674,test,not_lonely
GSE25837,4,7,GSM634679,test,lonely
GSE25837,4,7,GSM634707,test,lonely
GSE25837,4,7,GSM634719,test,not_lonely
GSE25837,4,7,GSM634720,test,not_lonely
GSE25837,4,7,GSM634723,test,not_lonely
GSE25837,4,8,GSM634633,train,not_lonely
GSE25837,4,8,GSM634634,train,not_lonely
GSE25837,4,8,GSM634636,train,not_lonely
GSE25837,4,8,GSM634637,train,not_lonely
GSE25837,4,8,GSM634638,train,not_lonely
GSE25837,4,8,GSM634639,train,not_lonely
GSE25837,4,8,GSM634640,train,not_lonely
GSE25837,4,8,GSM634641,train,not_lonely
GSE25837,4,8,GSM634643,train,lonely
GSE25837,4,8,GSM634644,train,not_lonely
GSE25837,4,8,GSM634645,train,not_lonely
GSE25837,4,8,GSM634647,train,not_lonely
GSE25837,4,8,GSM634648,train,lonely
GSE25837,4,8,GSM634649,train,lonely
GSE25837,4,8,GSM634650,train,lonely
GSE25837,4,8,GSM634651,train,not_lonely
GSE25837,4,8,GSM634652,train,not_lonely
GSE25837,4,8,GSM634653,train,lonely
GSE25837,4,8,GSM634654,train,not_lonely
GSE25837,4,8,GSM634655,train,not_lonely
GSE25837,4,8,GSM634656,train,not_lonely
GSE25837,4,8,GSM634657,train,not_lonely
GSE25837,4,8,GSM634658,train,not_lonely
GSE25837,4,8,GSM634659,train,lonely
GSE25837,4,8,GSM634660,train,not_lonely
GSE25837,4,8,GSM634661,train,not_lonely
GSE25837,4,8,GSM634662,train,not_lonely
GSE25837,4,8,GSM634663,train,not_lonely
GSE25837,4,8,GSM634664,train,not_lonely
GSE25837,4,8,GSM634665,train,not_lonely
GSE25837,4,8,GSM634666,train,lonely
GSE25837,4,8,GSM634668,train,not_lonely
GSE25837,4,8,GSM634669,train,lonely
GSE25837,4,8,GSM634670,train,lonely
GSE25837,4,8,GSM634671,train,not_lonely
GSE25837,4,8,GSM634672,train,not_lonely
GSE25837,4,8,GSM634673,train,not_lonely
GSE25837,4,8,GSM634674,train,not_lonely
GSE25837,4,8,GSM634675,train,not_lonely
GSE25837,4,8,GSM634678,train,not_lonely
GSE25837,4,8,GSM634679,train,lonely
GSE25837,4,8,GSM634680,train,lonely
GSE25837,4,8,GSM634681,train,lonely
GSE25837,4,8,GSM634682,train,not_lonely
GSE25837,4,8,GSM634683,train,not_lonely
GSE25837,4,8,GSM634684,train,not_lonely
GSE25837,4,8,GSM634685,train,not_lonely
GSE25837,4,8,GSM634686,train,not_lonely
GSE25837,4,8,GSM634687,train,not_lonely
GSE25837,4,8,GSM634688,train,lonely
GSE25837,4,8,GSM634689,train,not_lonely
GSE25837,4,8,GSM634690,train,lonely
GSE25837,4,8,GSM634691,train,not_lonely
GSE25837,4,8,GSM634692,train,not_lonely
GSE25837,4,8,GSM634693,train,not_lonely
GSE25837,4,8,GSM634694,train,lonely
GSE25837,4,8,GSM634695,train,not_lonely
GSE25837,4,8,GSM634696,train,not_lonely
GSE25837,4,8,GSM634697,train,not_lonely
GSE25837,4,8,GSM634698,train,lonely
GSE25837,4,8,GSM634699,train,not_lonely
GSE25837,4,8,GSM634700,train,not_lonely
GSE25837,4,8,GSM634701,train,not_lonely
GSE25837,4,8,GSM634702,train,not_lonely
GSE25837,4,8,GSM634703,train,not_lonely
GSE25837,4,8,GSM634704,train,lonely
GSE25837,4,8,GSM634706,train,lonely
GSE25837,4,8,GSM634707,train,lonely
GSE25837,4,8,GSM634708,train,not_lonely
GSE25837,4,8,GSM634709,train,not_lonely
GSE25837,4,8,GSM634710,train,not_lonely
GSE25837,4,8,GSM634711,train,lonely
GSE25837,4,8,GSM634712,train,not_lonely
GSE25837,4,8,GSM634713,train,not_lonely
GSE25837,4,8,GSM634714,train,not_lonely
GSE25837,4,8,GSM634715,train,lonely
GSE25837,4,8,GSM634717,train,not_lonely
GSE25837,4,8,GSM634718,train,not_lonely
GSE25837,4,8,GSM634719,train,not_lonely
GSE25837,4,8,GSM634720,train,not_lonely
GSE25837,4,8,GSM634721,train,not_lonely
GSE25837,4,8,GSM634722,train,not_lonely
GSE25837,4,8,GSM634723,train,not_lonely
GSE25837,4,8,GSM634724,train,not_lonely
GSE25837,4,8,GSM634635,test,not_lonely
GSE25837,4,8,GSM634642,test,not_lonely
GSE25837,4,8,GSM634646,test,not_lonely
GSE25837,4,8,GSM634667,test,lonely
GSE25837,4,8,GSM634676,test,not_lonely
GSE25837,4,8,GSM634677,test,not_lonely
GSE25837,4,8,GSM634705,test,lonely
GSE25837,4,8,GSM634716,test,not_lonely
GSE25837,4,8,GSM634725,test,not_lonely
GSE25837,4,9,GSM634633,train,not_lonely
GSE25837,4,9,GSM634634,train,not_lonely
GSE25837,4,9,GSM634635,train,not_lonely
GSE25837,4,9,GSM634636,train,not_lonely
GSE25837,4,9,GSM634637,train,not_lonely
GSE25837,4,9,GSM634638,train,not_lonely
GSE25837,4,9,GSM634639,train,not_lonely
GSE25837,4,9,GSM634640,train,not_lonely
GSE25837,4,9,GSM634641,train,not_lonely
GSE25837,4,9,GSM634642,train,not_lonely
GSE25837,4,9,GSM634643,train,lonely
GSE25837,4,9,GSM634644,train,not_lonely
GSE25837,4,9,GSM634645,train,not_lonely
GSE25837,4,9,GSM634646,train,not_lonely
GSE25837,4,9,GSM634647,train,not_lonely
GSE25837,4,9,GSM634649,train,lonely
GSE25837,4,9,GSM634650,train,lonely
GSE25837,4,9,GSM634651,train,not_lonely
GSE25837,4,9,GSM634652,train,not_lonely
GSE25837,4,9,GSM634654,train,not_lonely
GSE25837,4,9,GSM634655,train,not_lonely
GSE25837,4,9,GSM634656,train,not_lonely
GSE25837,4,9,GSM634657,train,not_lonely
GSE25837,4,9,GSM634658,train,not_lonely
GSE25837,4,9,GSM634659,train,lonely
GSE25837,4,9,GSM634662,train,not_lonely
GSE25837,4,9,GSM634663,train,not_lonely
GSE25837,4,9,GSM634664,train,not_lonely
GSE25837,4,9,GSM634665,train,not_lonely
GSE25837,4,9,GSM634666,train,lonely
GSE25837,4,9,GSM634667,train,lonely
GSE25837,4,9,GSM634668,train,not_lonely
GSE25837,4,9,GSM634669,train,lonely
GSE25837,4,9,GSM634670,train,lonely
GSE25837,4,9,GSM634671,train,not_lonely
GSE25837,4,9,GSM634672,train,not_lonely
GSE25837,4,9,GSM634673,train,not_lonely
GSE25837,4,9,GSM634674,train,not_lonely
GSE25837,4,9,GSM634675,train,not_lonely
GSE25837,4,9,GSM634676,train,not_lonely
GSE25837,4,9,GSM634677,train,not_lonely
GSE25837,4,9,GSM634679,train,lonely
GSE25837,4,9,GSM634680,train,lonely
GSE25837,4,9,GSM634681,train,lonely
GSE25837,4,9,GSM634682,train,not_lonely
GSE25837,4,9,GSM634683,train,not_lonely
GSE25837,4,9,GSM634685,train,not_lonely
GSE25837,4,9,GSM634686,train,not_lonely
GSE25837,4,9,GSM634687,train,not_lonely
GSE25837,4,9,GSM634688,train,lonely
GSE25837,4,9,GSM634689,train,not_lonely
GSE25837,4,9,GSM634690,train,lonely
GSE25837,4,9,GSM634692,train,not_lonely
GSE25837,4,9,GSM634693,train,not_lonely
GSE25837,4,9,GSM634694,train,lonely
GSE25837,4,9,GSM634695,train,not_lonely
GSE25837,4,9,GSM634696,train,not_lonely
GSE25837,4,9,GSM634697,train,not_lonely
GSE25837,4,9,GSM634698,train,lonely
GSE25837,4,9,GSM634699,train,not_lonely
GSE25837,4,9,GSM634700,train,not_lonely
GSE25837,4,9,GSM634702,train,not_lonely
GSE25837,4,9,GSM634703,train,not_lonely
GSE25837,4,9,GSM634704,train,lonely
GSE25837,4,9,GSM634705,train,lonely
GSE25837,4,9,GSM634706,train,lonely
GSE25837,4,9,GSM634707,train,lonely
GSE25837,4,9,GSM634708,train,not_lonely
GSE25837,4,9,GSM634709,train,not_lonely
GSE25837,4,9,GSM634710,train,not_lonely
GSE25837,4,9,GSM634711,train,lonely
GSE25837,4,9,GSM634712,train,not_lonely
GSE25837,4,9,GSM634714,train,not_lonely
GSE25837,4,9,GSM634715,train,lonely
GSE25837,4,9,GSM634716,train,not_lonely
GSE25837,4,9,GSM634717,train,not_lonely
GSE25837,4,9,GSM634718,train,not_lonely
GSE25837,4,9,GSM634719,train,not_lonely
GSE25837,4,9,GSM634720,train,not_lonely
GSE25837,4,9,GSM634721,train,not_lonely
GSE25837,4,9,GSM634722,train,not_lonely
GSE25837,4,9,GSM634723,train,not_lonely
GSE25837,4,9,GSM634724,train,not_lonely
GSE25837,4,9,GSM634725,train,not_lonely
GSE25837,4,9,GSM634648,test,lonely
GSE25837,4,9,GSM634653,test,lonely
GSE25837,4,9,GSM634660,test,not_lonely
GSE25837,4,9,GSM634661,test,not_lonely
GSE25837,4,9,GSM634678,test,not_lonely
GSE25837,4,9,GSM634684,test,not_lonely
GSE25837,4,9,GSM634691,test,not_lonely
GSE25837,4,9,GSM634701,test,not_lonely
GSE25837,4,9,GSM634713,test,not_lonely
GSE25837,4,10,GSM634633,train,not_lonely
GSE25837,4,10,GSM634634,train,not_lonely
GSE25837,4,10,GSM634635,train,not_lonely
GSE25837,4,10,GSM634636,train,not_lonely
GSE25837,4,10,GSM634637,train,not_lonely
GSE25837,4,10,GSM634638,train,not_lonely
GSE25837,4,10,GSM634639,train,not_lonely
GSE25837,4,10,GSM634640,train,not_lonely
GSE25837,4,10,GSM634641,train,not_lonely
GSE25837,4,10,GSM634642,train,not_lonely
GSE25837,4,10,GSM634643,train,lonely
GSE25837,4,10,GSM634644,train,not_lonely
GSE25837,4,10,GSM634646,train,not_lonely
GSE25837,4,10,GSM634647,train,not_lonely
GSE25837,4,10,GSM634648,train,lonely
GSE25837,4,10,GSM634649,train,lonely
GSE25837,4,10,GSM634650,train,lonely
GSE25837,4,10,GSM634651,train,not_lonely
GSE25837,4,10,GSM634652,train,not_lonely
GSE25837,4,10,GSM634653,train,lonely
GSE25837,4,10,GSM634654,train,not_lonely
GSE25837,4,10,GSM634655,train,not_lonely
GSE25837,4,10,GSM634656,train,not_lonely
GSE25837,4,10,GSM634657,train,not_lonely
GSE25837,4,10,GSM634658,train,not_lonely
GSE25837,4,10,GSM634659,train,lonely
GSE25837,4,10,GSM634660,train,not_lonely
GSE25837,4,10,GSM634661,train,not_lonely
GSE25837,4,10,GSM634662,train,not_lonely
GSE25837,4,10,GSM634663,train,not_lonely
GSE25837,4,10,GSM634664,train,not_lonely
GSE25837,4,10,GSM634665,train,not_lonely
GSE25837,4,10,GSM634667,train,lonely
GSE25837,4,10,GSM634669,train,lonely
GSE25837,4,10,GSM634670,train,lonely
GSE25837,4,10,GSM634671,train,not_lonely
GSE25837,4,10,GSM634672,train,not_lonely
GSE25837,4,10,GSM634673,train,not_lonely
GSE25837,4,10,GSM634674,train,not_lonely
GSE25837,4,10,GSM634675,train,not_lonely
GSE25837,4,10,GSM634676,train,not_lonely
GSE25837,4,10,GSM634677,train,not_lonely
GSE25837,4,10,GSM634678,train,not_lonely
GSE25837,4,10,GSM634679,train,lonely
GSE25837,4,10,GSM634680,train,lonely
GSE25837,4,10,GSM634681,train,lonely
GSE25837,4,10,GSM634682,train,not_lonely
GSE25837,4,10,GSM634683,train,not_lonely
GSE25837,4,10,GSM634684,train,not_lonely
GSE25837,4,10,GSM634685,train,not_lonely
GSE25837,4,10,GSM634686,train,not_lonely
GSE25837,4,10,GSM634687,train,not_lonely
GSE25837,4,10,GSM634688,train,lonely
GSE25837,4,10,GSM634689,train,not_lonely
GSE25837,4,10,GSM634690,train,lonely
GSE25837,4,10,GSM634691,train,not_lonely
GSE25837,4,10,GSM634693,train,not_lonely
GSE25837,4,10,GSM634694,train,lonely
GSE25837,4,10,GSM634696,train,not_lonely
GSE25837,4,10,GSM634699,train,not_lonely
GSE25837,4,10,GSM634700,train,not_lonely
GSE25837,4,10,GSM634701,train,not_lonely
GSE25837,4,10,GSM634703,train,not_lonely
GSE25837,4,10,GSM634704,train,lonely
GSE25837,4,10,GSM634705,train,lonely
GSE25837,4,10,GSM634706,train,lonely
GSE25837,4,10,GSM634707,train,lonely
GSE25837,4,10,GSM634708,train,not_lonely
GSE25837,4,10,GSM634709,train,not_lonely
GSE25837,4,10,GSM634710,train,not_lonely
GSE25837,4,10,GSM634711,train,lonely
GSE25837,4,10,GSM634712,train,not_lonely
GSE25837,4,10,GSM634713,train,not_lonely
GSE25837,4,10,GSM634714,train,not_lonely
GSE25837,4,10,GSM634715,train,lonely
GSE25837,4,10,GSM634716,train,not_lonely
GSE25837,4,10,GSM634717,train,not_lonely
GSE25837,4,10,GSM634718,train,not_lonely
GSE25837,4,10,GSM634719,train,not_lonely
GSE25837,4,10,GSM634720,train,not_lonely
GSE25837,4,10,GSM634721,train,not_lonely
GSE25837,4,10,GSM634723,train,not_lonely
GSE25837,4,10,GSM634724,train,not_lonely
GSE25837,4,10,GSM634725,train,not_lonely
GSE25837,4,10,GSM634645,test,not_lonely
GSE25837,4,10,GSM634666,test,lonely
GSE25837,4,10,GSM634668,test,not_lonely
GSE25837,4,10,GSM634692,test,not_lonely
GSE25837,4,10,GSM634695,test,not_lonely
GSE25837,4,10,GSM634697,test,not_lonely
GSE25837,4,10,GSM634698,test,lonely
GSE25837,4,10,GSM634702,test,not_lonely
GSE25837,4,10,GSM634722,test,not_lonely
GSE25837,5,1,GSM634633,train,not_lonely
GSE25837,5,1,GSM634634,train,not_lonely
GSE25837,5,1,GSM634635,train,not_lonely
GSE25837,5,1,GSM634636,train,not_lonely
GSE25837,5,1,GSM634637,train,not_lonely
GSE25837,5,1,GSM634638,train,not_lonely
GSE25837,5,1,GSM634639,train,not_lonely
GSE25837,5,1,GSM634640,train,not_lonely
GSE25837,5,1,GSM634641,train,not_lonely
GSE25837,5,1,GSM634642,train,not_lonely
GSE25837,5,1,GSM634643,train,lonely
GSE25837,5,1,GSM634645,train,not_lonely
GSE25837,5,1,GSM634646,train,not_lonely
GSE25837,5,1,GSM634647,train,not_lonely
GSE25837,5,1,GSM634648,train,lonely
GSE25837,5,1,GSM634649,train,lonely
GSE25837,5,1,GSM634650,train,lonely
GSE25837,5,1,GSM634651,train,not_lonely
GSE25837,5,1,GSM634652,train,not_lonely
GSE25837,5,1,GSM634653,train,lonely
GSE25837,5,1,GSM634655,train,not_lonely
GSE25837,5,1,GSM634656,train,not_lonely
GSE25837,5,1,GSM634658,train,not_lonely
GSE25837,5,1,GSM634659,train,lonely
GSE25837,5,1,GSM634660,train,not_lonely
GSE25837,5,1,GSM634661,train,not_lonely
GSE25837,5,1,GSM634662,train,not_lonely
GSE25837,5,1,GSM634663,train,not_lonely
GSE25837,5,1,GSM634664,train,not_lonely
GSE25837,5,1,GSM634665,train,not_lonely
GSE25837,5,1,GSM634667,train,lonely
GSE25837,5,1,GSM634668,train,not_lonely
GSE25837,5,1,GSM634669,train,lonely
GSE25837,5,1,GSM634670,train,lonely
GSE25837,5,1,GSM634671,train,not_lonely
GSE25837,5,1,GSM634672,train,not_lonely
GSE25837,5,1,GSM634673,train,not_lonely
GSE25837,5,1,GSM634674,train,not_lonely
GSE25837,5,1,GSM634675,train,not_lonely
GSE25837,5,1,GSM634676,train,not_lonely
GSE25837,5,1,GSM634677,train,not_lonely
GSE25837,5,1,GSM634678,train,not_lonely
GSE25837,5,1,GSM634679,train,lonely
GSE25837,5,1,GSM634680,train,lonely
GSE25837,5,1,GSM634681,train,lonely
GSE25837,5,1,GSM634682,train,not_lonely
GSE25837,5,1,GSM634683,train,not_lonely
GSE25837,5,1,GSM634684,train,not_lonely
GSE25837,5,1,GSM634685,train,not_lonely
GSE25837,5,1,GSM634686,train,not_lonely
GSE25837,5,1,GSM634687,train,not_lonely
GSE25837,5,1,GSM634688,train,lonely
GSE25837,5,1,GSM634689,train,not_lonely
GSE25837,5,1,GSM634690,train,lonely
GSE25837,5,1,GSM634691,train,not_lonely
GSE25837,5,1,GSM634693,train,not_lonely
GSE25837,5,1,GSM634694,train,lonely
GSE25837,5,1,GSM634695,train,not_lonely
GSE25837,5,1,GSM634696,train,not_lonely
GSE25837,5,1,GSM634697,train,not_lonely
GSE25837,5,1,GSM634698,train,lonely
GSE25837,5,1,GSM634699,train,not_lonely
GSE25837,5,1,GSM634700,train,not_lonely
GSE25837,5,1,GSM634701,train,not_lonely
GSE25837,5,1,GSM634702,train,not_lonely
GSE25837,5,1,GSM634703,train,not_lonely
GSE25837,5,1,GSM634704,train,lonely
GSE25837,5,1,GSM634706,train,lonely
GSE25837,5,1,GSM634708,train,not_lonely
GSE25837,5,1,GSM634709,train,not_lonely
GSE25837,5,1,GSM634710,train,not_lonely
GSE25837,5,1,GSM634711,train,lonely
GSE25837,5,1,GSM634712,train,not_lonely
GSE25837,5,1,GSM634713,train,not_lonely
GSE25837,5,1,GSM634714,train,not_lonely
GSE25837,5,1,GSM634715,train,lonely
GSE25837,5,1,GSM634716,train,not_lonely
GSE25837,5,1,GSM634717,train,not_lonely
GSE25837,5,1,GSM634718,train,not_lonely
GSE25837,5,1,GSM634720,train,not_lonely
GSE25837,5,1,GSM634722,train,not_lonely
GSE25837,5,1,GSM634724,train,not_lonely
GSE25837,5,1,GSM634725,train,not_lonely
GSE25837,5,1,GSM634644,test,not_lonely
GSE25837,5,1,GSM634654,test,not_lonely
GSE25837,5,1,GSM634657,test,not_lonely
GSE25837,5,1,GSM634666,test,lonely
GSE25837,5,1,GSM634692,test,not_lonely
GSE25837,5,1,GSM634705,test,lonely
GSE25837,5,1,GSM634707,test,lonely
GSE25837,5,1,GSM634719,test,not_lonely
GSE25837,5,1,GSM634721,test,not_lonely
GSE25837,5,1,GSM634723,test,not_lonely
GSE25837,5,2,GSM634633,train,not_lonely
GSE25837,5,2,GSM634634,train,not_lonely
GSE25837,5,2,GSM634635,train,not_lonely
GSE25837,5,2,GSM634637,train,not_lonely
GSE25837,5,2,GSM634638,train,not_lonely
GSE25837,5,2,GSM634639,train,not_lonely
GSE25837,5,2,GSM634640,train,not_lonely
GSE25837,5,2,GSM634641,train,not_lonely
GSE25837,5,2,GSM634642,train,not_lonely
GSE25837,5,2,GSM634643,train,lonely
GSE25837,5,2,GSM634644,train,not_lonely
GSE25837,5,2,GSM634645,train,not_lonely
GSE25837,5,2,GSM634646,train,not_lonely
GSE25837,5,2,GSM634647,train,not_lonely
GSE25837,5,2,GSM634648,train,lonely
GSE25837,5,2,GSM634649,train,lonely
GSE25837,5,2,GSM634650,train,lonely
GSE25837,5,2,GSM634651,train,not_lonely
GSE25837,5,2,GSM634652,train,not_lonely
GSE25837,5,2,GSM634653,train,lonely
GSE25837,5,2,GSM634654,train,not_lonely
GSE25837,5,2,GSM634655,train,not_lonely
GSE25837,5,2,GSM634656,train,not_lonely
GSE25837,5,2,GSM634657,train,not_lonely
GSE25837,5,2,GSM634658,train,not_lonely
GSE25837,5,2,GSM634659,train,lonely
GSE25837,5,2,GSM634660,train,not_lonely
GSE25837,5,2,GSM634661,train,not_lonely
GSE25837,5,2,GSM634662,train,not_lonely
GSE25837,5,2,GSM634664,train,not_lonely
GSE25837,5,2,GSM634665,train,not_lonely
GSE25837,5,2,GSM634666,train,lonely
GSE25837,5,2,GSM634667,train,lonely
GSE25837,5,2,GSM634668,train,not_lonely
GSE25837,5,2,GSM634669,train,lonely
GSE25837,5,2,GSM634670,train,lonely
GSE25837,5,2,GSM634671,train,not_lonely
GSE25837,5,2,GSM634672,train,not_lonely
GSE25837,5,2,GSM634673,train,not_lonely
GSE25837,5,2,GSM634674,train,not_lonely
GSE25837,5,2,GSM634677,train,not_lonely
GSE25837,5,2,GSM634678,train,not_lonely
GSE25837,5,2,GSM634679,train,lonely
GSE25837,5,2,GSM634683,train,not_lonely
GSE25837,5,2,GSM634684,train,not_lonely
GSE25837,5,2,GSM634685,train,not_lonely
GSE25837,5,2,GSM634686,train,not_lonely
GSE25837,5,2,GSM634687,train,not_lonely
GSE25837,5,2,GSM634688,train,lonely
GSE25837,5,2,GSM634690,train,lonely
GSE25837,5,2,GSM634691,train,not_lonely
GSE25837,5,2,GSM634692,train,not_lonely
GSE25837,5,2,GSM634693,train,not_lonely
GSE25837,5,2,GSM634694,train,lonely
GSE25837,5,2,GSM634695,train,not_lonely
GSE25837,5,2,GSM634696,train,not_lonely
GSE25837,5,2,GSM634697,train,not_lonely
GSE25837,5,2,GSM634698,train,lonely
GSE25837,5,2,GSM634699,train,not_lonely
GSE25837,5,2,GSM634700,train,not_lonely
GSE25837,5,2,GSM634701,train,not_lonely
GSE25837,5,2,GSM634702,train,not_lonely
GSE25837,5,2,GSM634703,train,not_lonely
GSE25837,5,2,GSM634704,train,lonely
GSE25837,5,2,GSM634705,train,lonely
GSE25837,5,2,GSM634706,train,lonely
GSE25837,5,2,GSM634707,train,lonely
GSE25837,5,2,GSM634708,train,not_lonely
GSE25837,5,2,GSM634709,train,not_lonely
GSE25837,5,2,GSM634710,train,not_lonely
GSE25837,5,2,GSM634712,train,not_lonely
GSE25837,5,2,GSM634713,train,not_lonely
GSE25837,5,2,GSM634714,train,not_lonely
GSE25837,5,2,GSM634715,train,lonely
GSE25837,5,2,GSM634716,train,not_lonely
GSE25837,5,2,GSM634717,train,not_lonely
GSE25837,5,2,GSM634719,train,not_lonely
GSE25837,5,2,GSM634720,train,not_lonely
GSE25837,5,2,GSM634721,train,not_lonely
GSE25837,5,2,GSM634722,train,not_lonely
GSE25837,5,2,GSM634723,train,not_lonely
GSE25837,5,2,GSM634724,train,not_lonely
GSE25837,5,2,GSM634725,train,not_lonely
GSE25837,5,2,GSM634636,test,not_lonely
GSE25837,5,2,GSM634663,test,not_lonely
GSE25837,5,2,GSM634675,test,not_lonely
GSE25837,5,2,GSM634676,test,not_lonely
GSE25837,5,2,GSM634680,test,lonely
GSE25837,5,2,GSM634681,test,lonely
GSE25837,5,2,GSM634682,test,not_lonely
GSE25837,5,2,GSM634689,test,not_lonely
GSE25837,5,2,GSM634711,test,lonely
GSE25837,5,2,GSM634718,test,not_lonely
GSE25837,5,3,GSM634633,train,not_lonely
GSE25837,5,3,GSM634634,train,not_lonely
GSE25837,5,3,GSM634635,train,not_lonely
GSE25837,5,3,GSM634636,train,not_lonely
GSE25837,5,3,GSM634638,train,not_lonely
GSE25837,5,3,GSM634639,train,not_lonely
GSE25837,5,3,GSM634640,train,not_lonely
GSE25837,5,3,GSM634641,train,not_lonely
GSE25837,5,3,GSM634643,train,lonely
GSE25837,5,3,GSM634644,train,not_lonely
GSE25837,5,3,GSM634645,train,not_lonely
GSE25837,5,3,GSM634648,train,lonely
GSE25837,5,3,GSM634649,train,lonely
GSE25837,5,3,GSM634650,train,lonely
GSE25837,5,3,GSM634651,train,not_lonely
GSE25837,5,3,GSM634652,train,not_lonely
GSE25837,5,3,GSM634653,train,lonely
GSE25837,5,3,GSM634654,train,not_lonely
GSE25837,5,3,GSM634655,train,not_lonely
GSE25837,5,3,GSM634656,train,not_lonely
GSE25837,5,3,GSM634657,train,not_lonely
GSE25837,5,3,GSM634658,train,not_lonely
GSE25837,5,3,GSM634659,train,lonely
GSE25837,5,3,GSM634660,train,not_lonely
GSE25837,5,3,GSM634661,train,not_lonely
GSE25837,5,3,GSM634662,train,not_lonely
GSE25837,5,3,GSM634663,train,not_lonely
GSE25837,5,3,GSM634664,train,not_lonely
GSE25837,5,3,GSM634665,train,not_lonely
GSE25837,5,3,GSM634666,train,lonely
GSE25837,5,3,GSM634667,train,lonely
GSE25837,5,3,GSM634668,train,not_lonely
GSE25837,5,3,GSM634669,train,lonely
GSE25837,5,3,GSM634670,train,lonely
GSE25837,5,3,GSM634671,train,not_lonely
GSE25837,5,3,GSM634672,train,not_lonely
GSE25837,5,3,GSM634674,train,not_lonely
GSE25837,5,3,GSM634675,train,not_lonely
GSE25837,5,3,GSM634676,train,not_lonely
GSE25837,5,3,GSM634677,train,not_lonely
GSE25837,5,3,GSM634678,train,not_lonely
GSE25837,5,3,GSM634679,train,lonely
GSE25837,5,3,GSM634680,train,lonely
GSE25837,5,3,GSM634681,train,lonely
GSE25837,5,3,GSM634682,train,not_lonely
GSE25837,5,3,GSM634683,train,not_lonely
GSE25837,5,3,GSM634684,train,not_lonely
GSE25837,5,3,GSM634685,train,not_lonely
GSE25837,5,3,GSM634686,train,not_lonely
GSE25837,5,3,GSM634687,train,not_lonely
GSE25837,5,3,GSM634688,train,lonely
GSE25837,5,3,GSM634689,train,not_lonely
GSE25837,5,3,GSM634691,train,not_lonely
GSE25837,5,3,GSM634692,train,not_lonely
GSE25837,5,3,GSM634693,train,not_lonely
GSE25837,5,3,GSM634695,train,not_lonely
GSE25837,5,3,GSM634696,train,not_lonely
GSE25837,5,3,GSM634697,train,not_lonely
GSE25837,5,3,GSM634698,train,lonely
GSE25837,5,3,GSM634699,train,not_lonely
GSE25837,5,3,GSM634700,train,not_lonely
GSE25837,5,3,GSM634701,train,not_lonely
GSE25837,5,3,GSM634702,train,not_lonely
GSE25837,5,3,GSM634703,train,not_lonely
GSE25837,5,3,GSM634704,train,lonely
GSE25837,5,3,GSM634705,train,lonely
GSE25837,5,3,GSM634706,train,lonely
GSE25837,5,3,GSM634707,train,lonely
GSE25837,5,3,GSM634708,train,not_lonely
GSE25837,5,3,GSM634709,train,not_lonely
GSE25837,5,3,GSM634710,train,not_lonely
GSE25837,5,3,GSM634711,train,lonely
GSE25837,5,3,GSM634712,train,not_lonely
GSE25837,5,3,GSM634713,train,not_lonely
GSE25837,5,3,GSM634714,train,not_lonely
GSE25837,5,3,GSM634718,train,not_lonely
GSE25837,5,3,GSM634719,train,not_lonely
GSE25837,5,3,GSM634720,train,not_lonely
GSE25837,5,3,GSM634721,train,not_lonely
GSE25837,5,3,GSM634722,train,not_lonely
GSE25837,5,3,GSM634723,train,not_lonely
GSE25837,5,3,GSM634724,train,not_lonely
GSE25837,5,3,GSM634725,train,not_lonely
GSE25837,5,3,GSM634637,test,not_lonely
GSE25837,5,3,GSM634642,test,not_lonely
GSE25837,5,3,GSM634646,test,not_lonely
GSE25837,5,3,GSM634647,test,not_lonely
GSE25837,5,3,GSM634673,test,not_lonely
GSE25837,5,3,GSM634690,test,lonely
GSE25837,5,3,GSM634694,test,lonely
GSE25837,5,3,GSM634715,test,lonely
GSE25837,5,3,GSM634716,test,not_lonely
GSE25837,5,3,GSM634717,test,not_lonely
GSE25837,5,4,GSM634633,train,not_lonely
GSE25837,5,4,GSM634634,train,not_lonely
GSE25837,5,4,GSM634635,train,not_lonely
GSE25837,5,4,GSM634636,train,not_lonely
GSE25837,5,4,GSM634637,train,not_lonely
GSE25837,5,4,GSM634638,train,not_lonely
GSE25837,5,4,GSM634640,train,not_lonely
GSE25837,5,4,GSM634641,train,not_lonely
GSE25837,5,4,GSM634642,train,not_lonely
GSE25837,5,4,GSM634644,train,not_lonely
GSE25837,5,4,GSM634645,train,not_lonely
GSE25837,5,4,GSM634646,train,not_lonely
GSE25837,5,4,GSM634647,train,not_lonely
GSE25837,5,4,GSM634649,train,lonely
GSE25837,5,4,GSM634650,train,lonely
GSE25837,5,4,GSM634651,train,not_lonely
GSE25837,5,4,GSM634652,train,not_lonely
GSE25837,5,4,GSM634653,train,lonely
GSE25837,5,4,GSM634654,train,not_lonely
GSE25837,5,4,GSM634655,train,not_lonely
GSE25837,5,4,GSM634656,train,not_lonely
GSE25837,5,4,GSM634657,train,not_lonely
GSE25837,5,4,GSM634658,train,not_lonely
GSE25837,5,4,GSM634659,train,lonely
GSE25837,5,4,GSM634660,train,not_lonely
GSE25837,5,4,GSM634661,train,not_lonely
GSE25837,5,4,GSM634663,train,not_lonely
GSE25837,5,4,GSM634664,train,not_lonely
GSE25837,5,4,GSM634665,train,not_lonely
GSE25837,5,4,GSM634666,train,lonely
GSE25837,5,4,GSM634667,train,lonely
GSE25837,5,4,GSM634668,train,not_lonely
GSE25837,5,4,GSM634669,train,lonely
GSE25837,5,4,GSM634670,train,lonely
GSE25837,5,4,GSM634671,train,not_lonely
GSE25837,5,4,GSM634672,train,not_lonely
GSE25837,5,4,GSM634673,train,not_lonely
GSE25837,5,4,GSM634674,train,not_lonely
GSE25837,5,4,GSM634675,train,not_lonely
GSE25837,5,4,GSM634676,train,not_lonely
GSE25837,5,4,GSM634677,train,not_lonely
GSE25837,5,4,GSM634678,train,not_lonely
GSE25837,5,4,GSM634679,train,lonely
GSE25837,5,4,GSM634680,train,lonely
GSE25837,5,4,GSM634681,train,lonely
GSE25837,5,4,GSM634682,train,not_lonely
GSE25837,5,4,GSM634683,train,not_lonely
GSE25837,5,4,GSM634684,train,not_lonely
GSE25837,5,4,GSM634685,train,not_lonely
GSE25837,5,4,GSM634686,train,not_lonely
GSE25837,5,4,GSM634687,train,not_lonely
GSE25837,5,4,GSM634688,train,lonely
GSE25837,5,4,GSM634689,train,not_lonely
GSE25837,5,4,GSM634690,train,lonely
GSE25837,5,4,GSM634691,train,not_lonely
GSE25837,5,4,GSM634692,train,not_lonely
GSE25837,5,4,GSM634693,train,not_lonely
GSE25837,5,4,GSM634694,train,lonely
GSE25837,5,4,GSM634695,train,not_lonely
GSE25837,5,4,GSM634696,train,not_lonely
GSE25837,5,4,GSM634697,train,not_lonely
GSE25837,5,4,GSM634698,train,lonely
GSE25837,5,4,GSM634699,train,not_lonely
GSE25837,5,4,GSM634700,train,not_lonely
GSE25837,5,4,GSM634702,train,not_lonely
GSE25837,5,4,GSM634704,train,lonely
GSE25837,5,4,GSM634705,train,lonely
GSE25837,5,4,GSM634706,train,lonely
GSE25837,5,4,GSM634707,train,lonely
GSE25837,5,4,GSM634708,train,not_lonely
GSE25837,5,4,GSM634709,train,not_lonely
GSE25837,5,4,GSM634711,train,lonely
GSE25837,5,4,GSM634712,train,not_lonely
GSE25837,5,4,GSM634713,train,not_lonely
GSE25837,5,4,GSM634715,train,lonely
GSE25837,5,4,GSM634716,train,not_lonely
GSE25837,5,4,GSM634717,train,not_lonely
GSE25837,5,4,GSM634718,train,not_lonely
GSE25837,5,4,GSM634719,train,not_lonely
GSE25837,5,4,GSM634720,train,not_lonely
GSE25837,5,4,GSM634721,train,not_lonely
GSE25837,5,4,GSM634722,train,not_lonely
GSE25837,5,4,GSM634723,train,not_lonely
GSE25837,5,4,GSM634724,train,not_lonely
GSE25837,5,4,GSM634639,test,not_lonely
GSE25837,5,4,GSM634643,test,lonely
GSE25837,5,4,GSM634648,test,lonely
GSE25837,5,4,GSM634662,test,not_lonely
GSE25837,5,4,GSM634701,test,not_lonely
GSE25837,5,4,GSM634703,test,not_lonely
GSE25837,5,4,GSM634710,test,not_lonely
GSE25837,5,4,GSM634714,test,not_lonely
GSE25837,5,4,GSM634725,test,not_lonely
GSE25837,5,5,GSM634633,train,not_lonely
GSE25837,5,5,GSM634634,train,not_lonely
GSE25837,5,5,GSM634635,train,not_lonely
GSE25837,5,5,GSM634636,train,not_lonely
GSE25837,5,5,GSM634637,train,not_lonely
GSE25837,5,5,GSM634638,train,not_lonely
GSE25837,5,5,GSM634639,train,not_lonely
GSE25837,5,5,GSM634640,train,not_lonely
GSE25837,5,5,GSM634641,train,not_lonely
GSE25837,5,5,GSM634642,train,not_lonely
GSE25837,5,5,GSM634643,train,lonely
GSE25837,5,5,GSM634644,train,not_lonely
GSE25837,5,5,GSM634645,train,not_lonely
GSE25837,5,5,GSM634646,train,not_lonely
GSE25837,5,5,GSM634647,train,not_lonely
GSE25837,5,5,GSM634648,train,lonely
GSE25837,5,5,GSM634649,train,lonely
GSE25837,5,5,GSM634650,train,lonely
GSE25837,5,5,GSM634651,train,not_lonely
GSE25837,5,5,GSM634652,train,not_lonely
GSE25837,5,5,GSM634653,train,lonely
GSE25837,5,5,GSM634654,train,not_lonely
GSE25837,5,5,GSM634655,train,not_lonely
GSE25837,5,5,GSM634656,train,not_lonely
GSE25837,5,5,GSM634657,train,not_lonely
GSE25837,5,5,GSM634658,train,not_lonely
GSE25837,5,5,GSM634659,train,lonely
GSE25837,5,5,GSM634661,train,not_lonely
GSE25837,5,5,GSM634662,train,not_lonely
GSE25837,5,5,GSM634663,train,not_lonely
GSE25837,5,5,GSM634665,train,not_lonely
GSE25837,5,5,GSM634666,train,lonely
GSE25837,5,5,GSM634668,train,not_lonely
GSE25837,5,5,GSM634669,train,lonely
GSE25837,5,5,GSM634670,train,lonely
GSE25837,5,5,GSM634671,train,not_lonely
GSE25837,5,5,GSM634672,train,not_lonely
GSE25837,5,5,GSM634673,train,not_lonely
GSE25837,5,5,GSM634674,train,not_lonely
GSE25837,5,5,GSM634675,train,not_lonely
GSE25837,5,5,GSM634676,train,not_lonely
GSE25837,5,5,GSM634677,train,not_lonely
GSE25837,5,5,GSM634678,train,not_lonely
GSE25837,5,5,GSM634679,train,lonely
GSE25837,5,5,GSM634680,train,lonely
GSE25837,5,5,GSM634681,train,lonely
GSE25837,5,5,GSM634682,train,not_lonely
GSE25837,5,5,GSM634683,train,not_lonely
GSE25837,5,5,GSM634684,train,not_lonely
GSE25837,5,5,GSM634685,train,not_lonely
GSE25837,5,5,GSM634687,train,not_lonely
GSE25837,5,5,GSM634688,train,lonely
GSE25837,5,5,GSM634689,train,not_lonely
GSE25837,5,5,GSM634690,train,lonely
GSE25837,5,5,GSM634691,train,not_lonely
GSE25837,5,5,GSM634692,train,not_lonely
GSE25837,5,5,GSM634693,train,not_lonely
GSE25837,5,5,GSM634694,train,lonely
GSE25837,5,5,GSM634695,train,not_lonely
GSE25837,5,5,GSM634696,train,not_lonely
GSE25837,5,5,GSM634698,train,lonely
GSE25837,5,5,GSM634700,train,not_lonely
GSE25837,5,5,GSM634701,train,not_lonely
GSE25837,5,5,GSM634702,train,not_lonely
GSE25837,5,5,GSM634703,train,not_lonely
GSE25837,5,5,GSM634705,train,lonely
GSE25837,5,5,GSM634706,train,lonely
GSE25837,5,5,GSM634707,train,lonely
GSE25837,5,5,GSM634709,train,not_lonely
GSE25837,5,5,GSM634710,train,not_lonely
GSE25837,5,5,GSM634711,train,lonely
GSE25837,5,5,GSM634712,train,not_lonely
GSE25837,5,5,GSM634713,train,not_lonely
GSE25837,5,5,GSM634714,train,not_lonely
GSE25837,5,5,GSM634715,train,lonely
GSE25837,5,5,GSM634716,train,not_lonely
GSE25837,5,5,GSM634717,train,not_lonely
GSE25837,5,5,GSM634718,train,not_lonely
GSE25837,5,5,GSM634719,train,not_lonely
GSE25837,5,5,GSM634720,train,not_lonely
GSE25837,5,5,GSM634721,train,not_lonely
GSE25837,5,5,GSM634722,train,not_lonely
GSE25837,5,5,GSM634723,train,not_lonely
GSE25837,5,5,GSM634725,train,not_lonely
GSE25837,5,5,GSM634660,test,not_lonely
GSE25837,5,5,GSM634664,test,not_lonely
GSE25837,5,5,GSM634667,test,lonely
GSE25837,5,5,GSM634686,test,not_lonely
GSE25837,5,5,GSM634697,test,not_lonely
GSE25837,5,5,GSM634699,test,not_lonely
GSE25837,5,5,GSM634704,test,lonely
GSE25837,5,5,GSM634708,test,not_lonely
GSE25837,5,5,GSM634724,test,not_lonely
GSE25837,5,6,GSM634633,train,not_lonely
GSE25837,5,6,GSM634634,train,not_lonely
GSE25837,5,6,GSM634635,train,not_lonely
GSE25837,5,6,GSM634636,train,not_lonely
GSE25837,5,6,GSM634637,train,not_lonely
GSE25837,5,6,GSM634638,train,not_lonely
GSE25837,5,6,GSM634639,train,not_lonely
GSE25837,5,6,GSM634640,train,not_lonely
GSE25837,5,6,GSM634641,train,not_lonely
GSE25837,5,6,GSM634642,train,not_lonely
GSE25837,5,6,GSM634643,train,lonely
GSE25837,5,6,GSM634644,train,not_lonely
GSE25837,5,6,GSM634645,train,not_lonely
GSE25837,5,6,GSM634646,train,not_lonely
GSE25837,5,6,GSM634647,train,not_lonely
GSE25837,5,6,GSM634648,train,lonely
GSE25837,5,6,GSM634650,train,lonely
GSE25837,5,6,GSM634651,train,not_lonely
GSE25837,5,6,GSM634653,train,lonely
GSE25837,5,6,GSM634654,train,not_lonely
GSE25837,5,6,GSM634655,train,not_lonely
GSE25837,5,6,GSM634656,train,not_lonely
GSE25837,5,6,GSM634657,train,not_lonely
GSE25837,5,6,GSM634658,train,not_lonely
GSE25837,5,6,GSM634659,train,lonely
GSE25837,5,6,GSM634660,train,not_lonely
GSE25837,5,6,GSM634661,train,not_lonely
GSE25837,5,6,GSM634662,train,not_lonely
GSE25837,5,6,GSM634663,train,not_lonely
GSE25837,5,6,GSM634664,train,not_lonely
GSE25837,5,6,GSM634665,train,not_lonely
GSE25837,5,6,GSM634666,train,lonely
GSE25837,5,6,GSM634667,train,lonely
GSE25837,5,6,GSM634669,train,lonely
GSE25837,5,6,GSM634670,train,lonely
GSE25837,5,6,GSM634671,train,not_lonely
GSE25837,5,6,GSM634672,train,not_lonely
GSE25837,5,6,GSM634673,train,not_lonely
GSE25837,5,6,GSM634674,train,not_lonely
GSE25837,5,6,GSM634675,train,not_lonely
GSE25837,5,6,GSM634676,train,not_lonely
GSE25837,5,6,GSM634679,train,lonely
GSE25837,5,6,GSM634680,train,lonely
GSE25837,5,6,GSM634681,train,lonely
GSE25837,5,6,GSM634682,train,not_lonely
GSE25837,5,6,GSM634683,train,not_lonely
GSE25837,5,6,GSM634684,train,not_lonely
GSE25837,5,6,GSM634685,train,not_lonely
GSE25837,5,6,GSM634686,train,not_lonely
GSE25837,5,6,GSM634687,train,not_lonely
GSE25837,5,6,GSM634688,train,lonely
GSE25837,5,6,GSM634689,train,not_lonely
GSE25837,5,6,GSM634690,train,lonely
GSE25837,5,6,GSM634691,train,not_lonely
GSE25837,5,6,GSM634692,train,not_lonely
GSE25837,5,6,GSM634693,train,not_lonely
GSE25837,5,6,GSM634694,train,lonely
GSE25837,5,6,GSM634695,train,not_lonely
GSE25837,5,6,GSM634697,train,not_lonely
GSE25837,5,6,GSM634698,train,lonely
GSE25837,5,6,GSM634699,train,not_lonely
GSE25837,5,6,GSM634701,train,not_lonely
GSE25837,5,6,GSM634703,train,not_lonely
GSE25837,5,6,GSM634704,train,lonely
GSE25837,5,6,GSM634705,train,lonely
GSE25837,5,6,GSM634707,train,lonely
GSE25837,5,6,GSM634708,train,not_lonely
GSE25837,5,6,GSM634709,train,not_lonely
GSE25837,5,6,GSM634710,train,not_lonely
GSE25837,5,6,GSM634711,train,lonely
GSE25837,5,6,GSM634712,train,not_lonely
GSE25837,5,6,GSM634713,train,not_lonely
GSE25837,5,6,GSM634714,train,not_lonely
GSE25837,5,6,GSM634715,train,lonely
GSE25837,5,6,GSM634716,train,not_lonely
GSE25837,5,6,GSM634717,train,not_lonely
GSE25837,5,6,GSM634718,train,not_lonely
GSE25837,5,6,GSM634719,train,not_lonely
GSE25837,5,6,GSM634720,train,not_lonely
GSE25837,5,6,GSM634721,train,not_lonely
GSE25837,5,6,GSM634722,train,not_lonely
GSE25837,5,6,GSM634723,train,not_lonely
GSE25837,5,6,GSM634724,train,not_lonely
GSE25837,5,6,GSM634725,train,not_lonely
GSE25837,5,6,GSM634649,test,lonely
GSE25837,5,6,GSM634652,test,not_lonely
GSE25837,5,6,GSM634668,test,not_lonely
GSE25837,5,6,GSM634677,test,not_lonely
GSE25837,5,6,GSM634678,test,not_lonely
GSE25837,5,6,GSM634696,test,not_lonely
GSE25837,5,6,GSM634700,test,not_lonely
GSE25837,5,6,GSM634702,test,not_lonely
GSE25837,5,6,GSM634706,test,lonely
GSE25837,5,7,GSM634634,train,not_lonely
GSE25837,5,7,GSM634635,train,not_lonely
GSE25837,5,7,GSM634636,train,not_lonely
GSE25837,5,7,GSM634637,train,not_lonely
GSE25837,5,7,GSM634638,train,not_lonely
GSE25837,5,7,GSM634639,train,not_lonely
GSE25837,5,7,GSM634640,train,not_lonely
GSE25837,5,7,GSM634642,train,not_lonely
GSE25837,5,7,GSM634643,train,lonely
GSE25837,5,7,GSM634644,train,not_lonely
GSE25837,5,7,GSM634646,train,not_lonely
GSE25837,5,7,GSM634647,train,not_lonely
GSE25837,5,7,GSM634648,train,lonely
GSE25837,5,7,GSM634649,train,lonely
GSE25837,5,7,GSM634650,train,lonely
GSE25837,5,7,GSM634652,train,not_lonely
GSE25837,5,7,GSM634654,train,not_lonely
GSE25837,5,7,GSM634655,train,not_lonely
GSE25837,5,7,GSM634656,train,not_lonely
GSE25837,5,7,GSM634657,train,not_lonely
GSE25837,5,7,GSM634658,train,not_lonely
GSE25837,5,7,GSM634659,train,lonely
GSE25837,5,7,GSM634660,train,not_lonely
GSE25837,5,7,GSM634662,train,not_lonely
GSE25837,5,7,GSM634663,train,not_lonely
GSE25837,5,7,GSM634664,train,not_lonely
GSE25837,5,7,GSM634665,train,not_lonely
GSE25837,5,7,GSM634666,train,lonely
GSE25837,5,7,GSM634667,train,lonely
GSE25837,5,7,GSM634668,train,not_lonely
GSE25837,5,7,GSM634669,train,lonely
GSE25837,5,7,GSM634671,train,not_lonely
GSE25837,5,7,GSM634672,train,not_lonely
GSE25837,5,7,GSM634673,train,not_lonely
GSE25837,5,7,GSM634674,train,not_lonely
GSE25837,5,7,GSM634675,train,not_lonely
GSE25837,5,7,GSM634676,train,not_lonely
GSE25837,5,7,GSM634677,train,not_lonely
GSE25837,5,7,GSM634678,train,not_lonely
GSE25837,5,7,GSM634679,train,lonely
GSE25837,5,7,GSM634680,train,lonely
GSE25837,5,7,GSM634681,train,lonely
GSE25837,5,7,GSM634682,train,not_lonely
GSE25837,5,7,GSM634683,train,not_lonely
GSE25837,5,7,GSM634684,train,not_lonely
GSE25837,5,7,GSM634685,train,not_lonely
GSE25837,5,7,GSM634686,train,not_lonely
GSE25837,5,7,GSM634687,train,not_lonely
GSE25837,5,7,GSM634688,train,lonely
GSE25837,5,7,GSM634689,train,not_lonely
GSE25837,5,7,GSM634690,train,lonely
GSE25837,5,7,GSM634691,train,not_lonely
GSE25837,5,7,GSM634692,train,not_lonely
GSE25837,5,7,GSM634694,train,lonely
GSE25837,5,7,GSM634696,train,not_lonely
GSE25837,5,7,GSM634697,train,not_lonely
GSE25837,5,7,GSM634698,train,lonely
GSE25837,5,7,GSM634699,train,not_lonely
GSE25837,5,7,GSM634700,train,not_lonely
GSE25837,5,7,GSM634701,train,not_lonely
GSE25837,5,7,GSM634702,train,not_lonely
GSE25837,5,7,GSM634703,train,not_lonely
GSE25837,5,7,GSM634704,train,lonely
GSE25837,5,7,GSM634705,train,lonely
GSE25837,5,7,GSM634706,train,lonely
GSE25837,5,7,GSM634707,train,lonely
GSE25837,5,7,GSM634708,train,not_lonely
GSE25837,5,7,GSM634709,train,not_lonely
GSE25837,5,7,GSM634710,train,not_lonely
GSE25837,5,7,GSM634711,train,lonely
GSE25837,5,7,GSM634712,train,not_lonely
GSE25837,5,7,GSM634713,train,not_lonely
GSE25837,5,7,GSM634714,train,not_lonely
GSE25837,5,7,GSM634715,train,lonely
GSE25837,5,7,GSM634716,train,not_lonely
GSE25837,5,7,GSM634717,train,not_lonely
GSE25837,5,7,GSM634718,train,not_lonely
GSE25837,5,7,GSM634719,train,not_lonely
GSE25837,5,7,GSM634720,train,not_lonely
GSE25837,5,7,GSM634721,train,not_lonely
GSE25837,5,7,GSM634722,train,not_lonely
GSE25837,5,7,GSM634723,train,not_lonely
GSE25837,5,7,GSM634724,train,not_lonely
GSE25837,5,7,GSM634725,train,not_lonely
GSE25837,5,7,GSM634633,test,not_lonely
GSE25837,5,7,GSM634641,test,not_lonely
GSE25837,5,7,GSM634645,test,not_lonely
GSE25837,5,7,GSM634651,test,not_lonely
GSE25837,5,7,GSM634653,test,lonely
GSE25837,5,7,GSM634661,test,not_lonely
GSE25837,5,7,GSM634670,test,lonely
GSE25837,5,7,GSM634693,test,not_lonely
GSE25837,5,7,GSM634695,test,not_lonely
GSE25837,5,8,GSM634633,train,not_lonely
GSE25837,5,8,GSM634634,train,not_lonely
GSE25837,5,8,GSM634635,train,not_lonely
GSE25837,5,8,GSM634636,train,not_lonely
GSE25837,5,8,GSM634637,train,not_lonely
GSE25837,5,8,GSM634638,train,not_lonely
GSE25837,5,8,GSM634639,train,not_lonely
GSE25837,5,8,GSM634640,train,not_lonely
GSE25837,5,8,GSM634641,train,not_lonely
GSE25837,5,8,GSM634642,train,not_lonely
GSE25837,5,8,GSM634643,train,lonely
GSE25837,5,8,GSM634644,train,not_lonely
GSE25837,5,8,GSM634645,train,not_lonely
GSE25837,5,8,GSM634646,train,not_lonely
GSE25837,5,8,GSM634647,train,not_lonely
GSE25837,5,8,GSM634648,train,lonely
GSE25837,5,8,GSM634649,train,lonely
GSE25837,5,8,GSM634651,train,not_lonely
GSE25837,5,8,GSM634652,train,not_lonely
GSE25837,5,8,GSM634653,train,lonely
GSE25837,5,8,GSM634654,train,not_lonely
GSE25837,5,8,GSM634655,train,not_lonely
GSE25837,5,8,GSM634656,train,not_lonely
GSE25837,5,8,GSM634657,train,not_lonely
GSE25837,5,8,GSM634658,train,not_lonely
GSE25837,5,8,GSM634659,train,lonely
GSE25837,5,8,GSM634660,train,not_lonely
GSE25837,5,8,GSM634661,train,not_lonely
GSE25837,5,8,GSM634662,train,not_lonely
GSE25837,5,8,GSM634663,train,not_lonely
GSE25837,5,8,GSM634664,train,not_lonely
GSE25837,5,8,GSM634666,train,lonely
GSE25837,5,8,GSM634667,train,lonely
GSE25837,5,8,GSM634668,train,not_lonely
GSE25837,5,8,GSM634670,train,lonely
GSE25837,5,8,GSM634671,train,not_lonely
GSE25837,5,8,GSM634673,train,not_lonely
GSE25837,5,8,GSM634675,train,not_lonely
GSE25837,5,8,GSM634676,train,not_lonely
GSE25837,5,8,GSM634677,train,not_lonely
GSE25837,5,8,GSM634678,train,not_lonely
GSE25837,5,8,GSM634679,train,lonely
GSE25837,5,8,GSM634680,train,lonely
GSE25837,5,8,GSM634681,train,lonely
GSE25837,5,8,GSM634682,train,not_lonely
GSE25837,5,8,GSM634683,train,not_lonely
GSE25837,5,8,GSM634684,train,not_lonely
GSE25837,5,8,GSM634686,train,not_lonely
GSE25837,5,8,GSM634687,train,not_lonely
GSE25837,5,8,GSM634688,train,lonely
GSE25837,5,8,GSM634689,train,not_lonely
GSE25837,5,8,GSM634690,train,lonely
GSE25837,5,8,GSM634691,train,not_lonely
GSE25837,5,8,GSM634692,train,not_lonely
GSE25837,5,8,GSM634693,train,not_lonely
GSE25837,5,8,GSM634694,train,lonely
GSE25837,5,8,GSM634695,train,not_lonely
GSE25837,5,8,GSM634696,train,not_lonely
GSE25837,5,8,GSM634697,train,not_lonely
GSE25837,5,8,GSM634698,train,lonely
GSE25837,5,8,GSM634699,train,not_lonely
GSE25837,5,8,GSM634700,train,not_lonely
GSE25837,5,8,GSM634701,train,not_lonely
GSE25837,5,8,GSM634702,train,not_lonely
GSE25837,5,8,GSM634703,train,not_lonely
GSE25837,5,8,GSM634704,train,lonely
GSE25837,5,8,GSM634705,train,lonely
GSE25837,5,8,GSM634706,train,lonely
GSE25837,5,8,GSM634707,train,lonely
GSE25837,5,8,GSM634708,train,not_lonely
GSE25837,5,8,GSM634710,train,not_lonely
GSE25837,5,8,GSM634711,train,lonely
GSE25837,5,8,GSM634712,train,not_lonely
GSE25837,5,8,GSM634713,train,not_lonely
GSE25837,5,8,GSM634714,train,not_lonely
GSE25837,5,8,GSM634715,train,lonely
GSE25837,5,8,GSM634716,train,not_lonely
GSE25837,5,8,GSM634717,train,not_lonely
GSE25837,5,8,GSM634718,train,not_lonely
GSE25837,5,8,GSM634719,train,not_lonely
GSE25837,5,8,GSM634721,train,not_lonely
GSE25837,5,8,GSM634723,train,not_lonely
GSE25837,5,8,GSM634724,train,not_lonely
GSE25837,5,8,GSM634725,train,not_lonely
GSE25837,5,8,GSM634650,test,lonely
GSE25837,5,8,GSM634665,test,not_lonely
GSE25837,5,8,GSM634669,test,lonely
GSE25837,5,8,GSM634672,test,not_lonely
GSE25837,5,8,GSM634674,test,not_lonely
GSE25837,5,8,GSM634685,test,not_lonely
GSE25837,5,8,GSM634709,test,not_lonely
GSE25837,5,8,GSM634720,test,not_lonely
GSE25837,5,8,GSM634722,test,not_lonely
GSE25837,5,9,GSM634633,train,not_lonely
GSE25837,5,9,GSM634634,train,not_lonely
GSE25837,5,9,GSM634636,train,not_lonely
GSE25837,5,9,GSM634637,train,not_lonely
GSE25837,5,9,GSM634639,train,not_lonely
GSE25837,5,9,GSM634640,train,not_lonely
GSE25837,5,9,GSM634641,train,not_lonely
GSE25837,5,9,GSM634642,train,not_lonely
GSE25837,5,9,GSM634643,train,lonely
GSE25837,5,9,GSM634644,train,not_lonely
GSE25837,5,9,GSM634645,train,not_lonely
GSE25837,5,9,GSM634646,train,not_lonely
GSE25837,5,9,GSM634647,train,not_lonely
GSE25837,5,9,GSM634648,train,lonely
GSE25837,5,9,GSM634649,train,lonely
GSE25837,5,9,GSM634650,train,lonely
GSE25837,5,9,GSM634651,train,not_lonely
GSE25837,5,9,GSM634652,train,not_lonely
GSE25837,5,9,GSM634653,train,lonely
GSE25837,5,9,GSM634654,train,not_lonely
GSE25837,5,9,GSM634656,train,not_lonely
GSE25837,5,9,GSM634657,train,not_lonely
GSE25837,5,9,GSM634658,train,not_lonely
GSE25837,5,9,GSM634660,train,not_lonely
GSE25837,5,9,GSM634661,train,not_lonely
GSE25837,5,9,GSM634662,train,not_lonely
GSE25837,5,9,GSM634663,train,not_lonely
GSE25837,5,9,GSM634664,train,not_lonely
GSE25837,5,9,GSM634665,train,not_lonely
GSE25837,5,9,GSM634666,train,lonely
GSE25837,5,9,GSM634667,train,lonely
GSE25837,5,9,GSM634668,train,not_lonely
GSE25837,5,9,GSM634669,train,lonely
GSE25837,5,9,GSM634670,train,lonely
GSE25837,5,9,GSM634672,train,not_lonely
GSE25837,5,9,GSM634673,train,not_lonely
GSE25837,5,9,GSM634674,train,not_lonely
GSE25837,5,9,GSM634675,train,not_lonely
GSE25837,5,9,GSM634676,train,not_lonely
GSE25837,5,9,GSM634677,train,not_lonely
GSE25837,5,9,GSM634678,train,not_lonely
GSE25837,5,9,GSM634679,train,lonely
GSE25837,5,9,GSM634680,train,lonely
GSE25837,5,9,GSM634681,train,lonely
GSE25837,5,9,GSM634682,train,not_lonely
GSE25837,5,9,GSM634683,train,not_lonely
GSE25837,5,9,GSM634684,train,not_lonely
GSE25837,5,9,GSM634685,train,not_lonely
GSE25837,5,9,GSM634686,train,not_lonely
GSE25837,5,9,GSM634687,train,not_lonely
GSE25837,5,9,GSM634688,train,lonely
GSE25837,5,9,GSM634689,train,not_lonely
GSE25837,5,9,GSM634690,train,lonely
GSE25837,5,9,GSM634692,train,not_lonely
GSE25837,5,9,GSM634693,train,not_lonely
GSE25837,5,9,GSM634694,train,lonely
GSE25837,5,9,GSM634695,train,not_lonely
GSE25837,5,9,GSM634696,train,not_lonely
GSE25837,5,9,GSM634697,train,not_lonely
GSE25837,5,9,GSM634699,train,not_lonely
GSE25837,5,9,GSM634700,train,not_lonely
GSE25837,5,9,GSM634701,train,not_lonely
GSE25837,5,9,GSM634702,train,not_lonely
GSE25837,5,9,GSM634703,train,not_lonely
GSE25837,5,9,GSM634704,train,lonely
GSE25837,5,9,GSM634705,train,lonely
GSE25837,5,9,GSM634706,train,lonely
GSE25837,5,9,GSM634707,train,lonely
GSE25837,5,9,GSM634708,train,not_lonely
GSE25837,5,9,GSM634709,train,not_lonely
GSE25837,5,9,GSM634710,train,not_lonely
GSE25837,5,9,GSM634711,train,lonely
GSE25837,5,9,GSM634714,train,not_lonely
GSE25837,5,9,GSM634715,train,lonely
GSE25837,5,9,GSM634716,train,not_lonely
GSE25837,5,9,GSM634717,train,not_lonely
GSE25837,5,9,GSM634718,train,not_lonely
GSE25837,5,9,GSM634719,train,not_lonely
GSE25837,5,9,GSM634720,train,not_lonely
GSE25837,5,9,GSM634721,train,not_lonely
GSE25837,5,9,GSM634722,train,not_lonely
GSE25837,5,9,GSM634723,train,not_lonely
GSE25837,5,9,GSM634724,train,not_lonely
GSE25837,5,9,GSM634725,train,not_lonely
GSE25837,5,9,GSM634635,test,not_lonely
GSE25837,5,9,GSM634638,test,not_lonely
GSE25837,5,9,GSM634655,test,not_lonely
GSE25837,5,9,GSM634659,test,lonely
GSE25837,5,9,GSM634671,test,not_lonely
GSE25837,5,9,GSM634691,test,not_lonely
GSE25837,5,9,GSM634698,test,lonely
GSE25837,5,9,GSM634712,test,not_lonely
GSE25837,5,9,GSM634713,test,not_lonely
GSE25837,5,10,GSM634633,train,not_lonely
GSE25837,5,10,GSM634635,train,not_lonely
GSE25837,5,10,GSM634636,train,not_lonely
GSE25837,5,10,GSM634637,train,not_lonely
GSE25837,5,10,GSM634638,train,not_lonely
GSE25837,5,10,GSM634639,train,not_lonely
GSE25837,5,10,GSM634641,train,not_lonely
GSE25837,5,10,GSM634642,train,not_lonely
GSE25837,5,10,GSM634643,train,lonely
GSE25837,5,10,GSM634644,train,not_lonely
GSE25837,5,10,GSM634645,train,not_lonely
GSE25837,5,10,GSM634646,train,not_lonely
GSE25837,5,10,GSM634647,train,not_lonely
GSE25837,5,10,GSM634648,train,lonely
GSE25837,5,10,GSM634649,train,lonely
GSE25837,5,10,GSM634650,train,lonely
GSE25837,5,10,GSM634651,train,not_lonely
GSE25837,5,10,GSM634652,train,not_lonely
GSE25837,5,10,GSM634653,train,lonely
GSE25837,5,10,GSM634654,train,not_lonely
GSE25837,5,10,GSM634655,train,not_lonely
GSE25837,5,10,GSM634657,train,not_lonely
GSE25837,5,10,GSM634659,train,lonely
GSE25837,5,10,GSM634660,train,not_lonely
GSE25837,5,10,GSM634661,train,not_lonely
GSE25837,5,10,GSM634662,train,not_lonely
GSE25837,5,10,GSM634663,train,not_lonely
GSE25837,5,10,GSM634664,train,not_lonely
GSE25837,5,10,GSM634665,train,not_lonely
GSE25837,5,10,GSM634666,train,lonely
GSE25837,5,10,GSM634667,train,lonely
GSE25837,5,10,GSM634668,train,not_lonely
GSE25837,5,10,GSM634669,train,lonely
GSE25837,5,10,GSM634670,train,lonely
GSE25837,5,10,GSM634671,train,not_lonely
GSE25837,5,10,GSM634672,train,not_lonely
GSE25837,5,10,GSM634673,train,not_lonely
GSE25837,5,10,GSM634674,train,not_lonely
GSE25837,5,10,GSM634675,train,not_lonely
GSE25837,5,10,GSM634676,train,not_lonely
GSE25837,5,10,GSM634677,train,not_lonely
GSE25837,5,10,GSM634678,train,not_lonely
GSE25837,5,10,GSM634680,train,lonely
GSE25837,5,10,GSM634681,train,lonely
GSE25837,5,10,GSM634682,train,not_lonely
GSE25837,5,10,GSM634685,train,not_lonely
GSE25837,5,10,GSM634686,train,not_lonely
GSE25837,5,10,GSM634689,train,not_lonely
GSE25837,5,10,GSM634690,train,lonely
GSE25837,5,10,GSM634691,train,not_lonely
GSE25837,5,10,GSM634692,train,not_lonely
GSE25837,5,10,GSM634693,train,not_lonely
GSE25837,5,10,GSM634694,train,lonely
GSE25837,5,10,GSM634695,train,not_lonely
GSE25837,5,10,GSM634696,train,not_lonely
GSE25837,5,10,GSM634697,train,not_lonely
GSE25837,5,10,GSM634698,train,lonely
GSE25837,5,10,GSM634699,train,not_lonely
GSE25837,5,10,GSM634700,train,not_lonely
GSE25837,5,10,GSM634701,train,not_lonely
GSE25837,5,10,GSM634702,train,not_lonely
GSE25837,5,10,GSM634703,train,not_lonely
GSE25837,5,10,GSM634704,train,lonely
GSE25837,5,10,GSM634705,train,lonely
GSE25837,5,10,GSM634706,train,lonely
GSE25837,5,10,GSM634707,train,lonely
GSE25837,5,10,GSM634708,train,not_lonely
GSE25837,5,10,GSM634709,train,not_lonely
GSE25837,5,10,GSM634710,train,not_lonely
GSE25837,5,10,GSM634711,train,lonely
GSE25837,5,10,GSM634712,train,not_lonely
GSE25837,5,10,GSM634713,train,not_lonely
GSE25837,5,10,GSM634714,train,not_lonely
GSE25837,5,10,GSM634715,train,lonely
GSE25837,5,10,GSM634716,train,not_lonely
GSE25837,5,10,GSM634717,train,not_lonely
GSE25837,5,10,GSM634718,train,not_lonely
GSE25837,5,10,GSM634719,train,not_lonely
GSE25837,5,10,GSM634720,train,not_lonely
GSE25837,5,10,GSM634721,train,not_lonely
GSE25837,5,10,GSM634722,train,not_lonely
GSE25837,5,10,GSM634723,train,not_lonely
GSE25837,5,10,GSM634724,train,not_lonely
GSE25837,5,10,GSM634725,train,not_lonely
GSE25837,5,10,GSM634634,test,not_lonely
GSE25837,5,10,GSM634640,test,not_lonely
GSE25837,5,10,GSM634656,test,not_lonely
GSE25837,5,10,GSM634658,test,not_lonely
GSE25837,5,10,GSM634679,test,lonely
GSE25837,5,10,GSM634683,test,not_lonely
GSE25837,5,10,GSM634684,test,not_lonely
GSE25837,5,10,GSM634687,test,not_lonely
GSE25837,5,10,GSM634688,test,lonely
GSE25837,6,1,GSM634633,train,not_lonely
GSE25837,6,1,GSM634634,train,not_lonely
GSE25837,6,1,GSM634635,train,not_lonely
GSE25837,6,1,GSM634636,train,not_lonely
GSE25837,6,1,GSM634637,train,not_lonely
GSE25837,6,1,GSM634638,train,not_lonely
GSE25837,6,1,GSM634639,train,not_lonely
GSE25837,6,1,GSM634640,train,not_lonely
GSE25837,6,1,GSM634642,train,not_lonely
GSE25837,6,1,GSM634643,train,lonely
GSE25837,6,1,GSM634644,train,not_lonely
GSE25837,6,1,GSM634645,train,not_lonely
GSE25837,6,1,GSM634646,train,not_lonely
GSE25837,6,1,GSM634647,train,not_lonely
GSE25837,6,1,GSM634648,train,lonely
GSE25837,6,1,GSM634650,train,lonely
GSE25837,6,1,GSM634651,train,not_lonely
GSE25837,6,1,GSM634652,train,not_lonely
GSE25837,6,1,GSM634653,train,lonely
GSE25837,6,1,GSM634654,train,not_lonely
GSE25837,6,1,GSM634655,train,not_lonely
GSE25837,6,1,GSM634656,train,not_lonely
GSE25837,6,1,GSM634657,train,not_lonely
GSE25837,6,1,GSM634658,train,not_lonely
GSE25837,6,1,GSM634659,train,lonely
GSE25837,6,1,GSM634660,train,not_lonely
GSE25837,6,1,GSM634661,train,not_lonely
GSE25837,6,1,GSM634662,train,not_lonely
GSE25837,6,1,GSM634663,train,not_lonely
GSE25837,6,1,GSM634664,train,not_lonely
GSE25837,6,1,GSM634665,train,not_lonely
GSE25837,6,1,GSM634666,train,lonely
GSE25837,6,1,GSM634668,train,not_lonely
GSE25837,6,1,GSM634669,train,lonely
GSE25837,6,1,GSM634670,train,lonely
GSE25837,6,1,GSM634673,train,not_lonely
GSE25837,6,1,GSM634674,train,not_lonely
GSE25837,6,1,GSM634675,train,not_lonely
GSE25837,6,1,GSM634676,train,not_lonely
GSE25837,6,1,GSM634677,train,not_lonely
GSE25837,6,1,GSM634678,train,not_lonely
GSE25837,6,1,GSM634679,train,lonely
GSE25837,6,1,GSM634680,train,lonely
GSE25837,6,1,GSM634682,train,not_lonely
GSE25837,6,1,GSM634683,train,not_lonely
GSE25837,6,1,GSM634685,train,not_lonely
GSE25837,6,1,GSM634687,train,not_lonely
GSE25837,6,1,GSM634688,train,lonely
GSE25837,6,1,GSM634689,train,not_lonely
GSE25837,6,1,GSM634690,train,lonely
GSE25837,6,1,GSM634691,train,not_lonely
GSE25837,6,1,GSM634692,train,not_lonely
GSE25837,6,1,GSM634693,train,not_lonely
GSE25837,6,1,GSM634694,train,lonely
GSE25837,6,1,GSM634695,train,not_lonely
GSE25837,6,1,GSM634696,train,not_lonely
GSE25837,6,1,GSM634697,train,not_lonely
GSE25837,6,1,GSM634698,train,lonely
GSE25837,6,1,GSM634699,train,not_lonely
GSE25837,6,1,GSM634700,train,not_lonely
GSE25837,6,1,GSM634701,train,not_lonely
GSE25837,6,1,GSM634702,train,not_lonely
GSE25837,6,1,GSM634703,train,not_lonely
GSE25837,6,1,GSM634704,train,lonely
GSE25837,6,1,GSM634705,train,lonely
GSE25837,6,1,GSM634706,train,lonely
GSE25837,6,1,GSM634707,train,lonely
GSE25837,6,1,GSM634709,train,not_lonely
GSE25837,6,1,GSM634710,train,not_lonely
GSE25837,6,1,GSM634711,train,lonely
GSE25837,6,1,GSM634712,train,not_lonely
GSE25837,6,1,GSM634713,train,not_lonely
GSE25837,6,1,GSM634714,train,not_lonely
GSE25837,6,1,GSM634715,train,lonely
GSE25837,6,1,GSM634716,train,not_lonely
GSE25837,6,1,GSM634717,train,not_lonely
GSE25837,6,1,GSM634718,train,not_lonely
GSE25837,6,1,GSM634719,train,not_lonely
GSE25837,6,1,GSM634720,train,not_lonely
GSE25837,6,1,GSM634721,train,not_lonely
GSE25837,6,1,GSM634722,train,not_lonely
GSE25837,6,1,GSM634723,train,not_lonely
GSE25837,6,1,GSM634725,train,not_lonely
GSE25837,6,1,GSM634641,test,not_lonely
GSE25837,6,1,GSM634649,test,lonely
GSE25837,6,1,GSM634667,test,lonely
GSE25837,6,1,GSM634671,test,not_lonely
GSE25837,6,1,GSM634672,test,not_lonely
GSE25837,6,1,GSM634681,test,lonely
GSE25837,6,1,GSM634684,test,not_lonely
GSE25837,6,1,GSM634686,test,not_lonely
GSE25837,6,1,GSM634708,test,not_lonely
GSE25837,6,1,GSM634724,test,not_lonely
GSE25837,6,2,GSM634633,train,not_lonely
GSE25837,6,2,GSM634634,train,not_lonely
GSE25837,6,2,GSM634635,train,not_lonely
GSE25837,6,2,GSM634638,train,not_lonely
GSE25837,6,2,GSM634639,train,not_lonely
GSE25837,6,2,GSM634640,train,not_lonely
GSE25837,6,2,GSM634641,train,not_lonely
GSE25837,6,2,GSM634642,train,not_lonely
GSE25837,6,2,GSM634643,train,lonely
GSE25837,6,2,GSM634644,train,not_lonely
GSE25837,6,2,GSM634645,train,not_lonely
GSE25837,6,2,GSM634646,train,not_lonely
GSE25837,6,2,GSM634647,train,not_lonely
GSE25837,6,2,GSM634648,train,lonely
GSE25837,6,2,GSM634649,train,lonely
GSE25837,6,2,GSM634650,train,lonely
GSE25837,6,2,GSM634651,train,not_lonely
GSE25837,6,2,GSM634652,train,not_lonely
GSE25837,6,2,GSM634653,train,lonely
GSE25837,6,2,GSM634654,train,not_lonely
GSE25837,6,2,GSM634656,train,not_lonely
GSE25837,6,2,GSM634657,train,not_lonely
GSE25837,6,2,GSM634658,train,not_lonely
GSE25837,6,2,GSM634659,train,lonely
GSE25837,6,2,GSM634660,train,not_lonely
GSE25837,6,2,GSM634662,train,not_lonely
GSE25837,6,2,GSM634663,train,not_lonely
GSE25837,6,2,GSM634664,train,not_lonely
GSE25837,6,2,GSM634665,train,not_lonely
GSE25837,6,2,GSM634666,train,lonely
GSE25837,6,2,GSM634667,train,lonely
GSE25837,6,2,GSM634668,train,not_lonely
GSE25837,6,2,GSM634669,train,lonely
GSE25837,6,2,GSM634671,train,not_lonely
GSE25837,6,2,GSM634672,train,not_lonely
GSE25837,6,2,GSM634673,train,not_lonely
GSE25837,6,2,GSM634674,train,not_lonely
GSE25837,6,2,GSM634675,train,not_lonely
GSE25837,6,2,GSM634676,train,not_lonely
GSE25837,6,2,GSM634677,train,not_lonely
GSE25837,6,2,GSM634679,train,lonely
GSE25837,6,2,GSM634681,train,lonely
GSE25837,6,2,GSM634682,train,not_lonely
GSE25837,6,2,GSM634683,train,not_lonely
GSE25837,6,2,GSM634684,train,not_lonely
GSE25837,6,2,GSM634685,train,not_lonely
GSE25837,6,2,GSM634686,train,not_lonely
GSE25837,6,2,GSM634689,train,not_lonely
GSE25837,6,2,GSM634690,train,lonely
GSE25837,6,2,GSM634691,train,not_lonely
GSE25837,6,2,GSM634692,train,not_lonely
GSE25837,6,2,GSM634693,train,not_lonely
GSE25837,6,2,GSM634694,train,lonely
GSE25837,6,2,GSM634695,train,not_lonely
GSE25837,6,2,GSM634696,train,not_lonely
GSE25837,6,2,GSM634697,train,not_lonely
GSE25837,6,2,GSM634698,train,lonely
GSE25837,6,2,GSM634699,train,not_lonely
GSE25837,6,2,GSM634700,train,not_lonely
GSE25837,6,2,GSM634701,train,not_lonely
GSE25837,6,2,GSM634702,train,not_lonely
GSE25837,6,2,GSM634703,train,not_lonely
GSE25837,6,2,GSM634704,train,lonely
GSE25837,6,2,GSM634705,train,lonely
GSE25837,6,2,GSM634706,train,lonely
GSE25837,6,2,GSM634707,train,lonely
GSE25837,6,2,GSM634708,train,not_lonely
GSE25837,6,2,GSM634709,train,not_lonely
GSE25837,6,2,GSM634710,train,not_lonely
GSE25837,6,2,GSM634711,train,lonely
GSE25837,6,2,GSM634712,train,not_lonely
GSE25837,6,2,GSM634713,train,not_lonely
GSE25837,6,2,GSM634714,train,not_lonely
GSE25837,6,2,GSM634715,train,lonely
GSE25837,6,2,GSM634716,train,not_lonely
GSE25837,6,2,GSM634717,train,not_lonely
GSE25837,6,2,GSM634718,train,not_lonely
GSE25837,6,2,GSM634719,train,not_lonely
GSE25837,6,2,GSM634720,train,not_lonely
GSE25837,6,2,GSM634721,train,not_lonely
GSE25837,6,2,GSM634722,train,not_lonely
GSE25837,6,2,GSM634723,train,not_lonely
GSE25837,6,2,GSM634724,train,not_lonely
GSE25837,6,2,GSM634636,test,not_lonely
GSE25837,6,2,GSM634637,test,not_lonely
GSE25837,6,2,GSM634655,test,not_lonely
GSE25837,6,2,GSM634661,test,not_lonely
GSE25837,6,2,GSM634670,test,lonely
GSE25837,6,2,GSM634678,test,not_lonely
GSE25837,6,2,GSM634680,test,lonely
GSE25837,6,2,GSM634687,test,not_lonely
GSE25837,6,2,GSM634688,test,lonely
GSE25837,6,2,GSM634725,test,not_lonely
GSE25837,6,3,GSM634634,train,not_lonely
GSE25837,6,3,GSM634635,train,not_lonely
GSE25837,6,3,GSM634636,train,not_lonely
GSE25837,6,3,GSM634637,train,not_lonely
GSE25837,6,3,GSM634638,train,not_lonely
GSE25837,6,3,GSM634639,train,not_lonely
GSE25837,6,3,GSM634640,train,not_lonely
GSE25837,6,3,GSM634641,train,not_lonely
GSE25837,6,3,GSM634642,train,not_lonely
GSE25837,6,3,GSM634644,train,not_lonely
GSE25837,6,3,GSM634645,train,not_lonely
GSE25837,6,3,GSM634649,train,lonely
GSE25837,6,3,GSM634650,train,lonely
GSE25837,6,3,GSM634651,train,not_lonely
GSE25837,6,3,GSM634652,train,not_lonely
GSE25837,6,3,GSM634653,train,lonely
GSE25837,6,3,GSM634655,train,not_lonely
GSE25837,6,3,GSM634656,train,not_lonely
GSE25837,6,3,GSM634657,train,not_lonely
GSE25837,6,3,GSM634658,train,not_lonely
GSE25837,6,3,GSM634659,train,lonely
GSE25837,6,3,GSM634660,train,not_lonely
GSE25837,6,3,GSM634661,train,not_lonely
GSE25837,6,3,GSM634662,train,not_lonely
GSE25837,6,3,GSM634663,train,not_lonely
GSE25837,6,3,GSM634664,train,not_lonely
GSE25837,6,3,GSM634665,train,not_lonely
GSE25837,6,3,GSM634666,train,lonely
GSE25837,6,3,GSM634667,train,lonely
GSE25837,6,3,GSM634668,train,not_lonely
GSE25837,6,3,GSM634669,train,lonely
GSE25837,6,3,GSM634670,train,lonely
GSE25837,6,3,GSM634671,train,not_lonely
GSE25837,6,3,GSM634672,train,not_lonely
GSE25837,6,3,GSM634673,train,not_lonely
GSE25837,6,3,GSM634674,train,not_lonely
GSE25837,6,3,GSM634675,train,not_lonely
GSE25837,6,3,GSM634676,train,not_lonely
GSE25837,6,3,GSM634677,train,not_lonely
GSE25837,6,3,GSM634678,train,not_lonely
GSE25837,6,3,GSM634679,train,lonely
GSE25837,6,3,GSM634680,train,lonely
GSE25837,6,3,GSM634681,train,lonely
GSE25837,6,3,GSM634682,train,not_lonely
GSE25837,6,3,GSM634683,train,not_lonely
GSE25837,6,3,GSM634684,train,not_lonely
GSE25837,6,3,GSM634685,train,not_lonely
GSE25837,6,3,GSM634686,train,not_lonely
GSE25837,6,3,GSM634687,train,not_lonely
GSE25837,6,3,GSM634688,train,lonely
GSE25837,6,3,GSM634689,train,not_lonely
GSE25837,6,3,GSM634690,train,lonely
GSE25837,6,3,GSM634691,train,not_lonely
GSE25837,6,3,GSM634692,train,not_lonely
GSE25837,6,3,GSM634693,train,not_lonely
GSE25837,6,3,GSM634695,train,not_lonely
GSE25837,6,3,GSM634696,train,not_lonely
GSE25837,6,3,GSM634697,train,not_lonely
GSE25837,6,3,GSM634698,train,lonely
GSE25837,6,3,GSM634699,train,not_lonely
GSE25837,6,3,GSM634700,train,not_lonely
GSE25837,6,3,GSM634701,train,not_lonely
GSE25837,6,3,GSM634702,train,not_lonely
GSE25837,6,3,GSM634703,train,not_lonely
GSE25837,6,3,GSM634704,train,lonely
GSE25837,6,3,GSM634705,train,lonely
GSE25837,6,3,GSM634706,train,lonely
GSE25837,6,3,GSM634707,train,lonely
GSE25837,6,3,GSM634708,train,not_lonely
GSE25837,6,3,GSM634709,train,not_lonely
GSE25837,6,3,GSM634710,train,not_lonely
GSE25837,6,3,GSM634711,train,lonely
GSE25837,6,3,GSM634713,train,not_lonely
GSE25837,6,3,GSM634714,train,not_lonely
GSE25837,6,3,GSM634715,train,lonely
GSE25837,6,3,GSM634716,train,not_lonely
GSE25837,6,3,GSM634718,train,not_lonely
GSE25837,6,3,GSM634719,train,not_lonely
GSE25837,6,3,GSM634721,train,not_lonely
GSE25837,6,3,GSM634722,train,not_lonely
GSE25837,6,3,GSM634723,train,not_lonely
GSE25837,6,3,GSM634724,train,not_lonely
GSE25837,6,3,GSM634725,train,not_lonely
GSE25837,6,3,GSM634633,test,not_lonely
GSE25837,6,3,GSM634643,test,lonely
GSE25837,6,3,GSM634646,test,not_lonely
GSE25837,6,3,GSM634647,test,not_lonely
GSE25837,6,3,GSM634648,test,lonely
GSE25837,6,3,GSM634654,test,not_lonely
GSE25837,6,3,GSM634694,test,lonely
GSE25837,6,3,GSM634712,test,not_lonely
GSE25837,6,3,GSM634717,test,not_lonely
GSE25837,6,3,GSM634720,test,not_lonely
GSE25837,6,4,GSM634633,train,not_lonely
GSE25837,6,4,GSM634635,train,not_lonely
GSE25837,6,4,GSM634636,train,not_lonely
GSE25837,6,4,GSM634637,train,not_lonely
GSE25837,6,4,GSM634638,train,not_lonely
GSE25837,6,4,GSM634640,train,not_lonely
GSE25837,6,4,GSM634641,train,not_lonely
GSE25837,6,4,GSM634642,train,not_lonely
GSE25837,6,4,GSM634643,train,lonely
GSE25837,6,4,GSM634644,train,not_lonely
GSE25837,6,4,GSM634645,train,not_lonely
GSE25837,6,4,GSM634646,train,not_lonely
GSE25837,6,4,GSM634647,train,not_lonely
GSE25837,6,4,GSM634648,train,lonely
GSE25837,6,4,GSM634649,train,lonely
GSE25837,6,4,GSM634650,train,lonely
GSE25837,6,4,GSM634651,train,not_lonely
GSE25837,6,4,GSM634652,train,not_lonely
GSE25837,6,4,GSM634654,train,not_lonely
GSE25837,6,4,GSM634655,train,not_lonely
GSE25837,6,4,GSM634656,train,not_lonely
GSE25837,6,4,GSM634657,train,not_lonely
GSE25837,6,4,GSM634658,train,not_lonely
GSE25837,6,4,GSM634659,train,lonely
GSE25837,6,4,GSM634660,train,not_lonely
GSE25837,6,4,GSM634661,train,not_lonely
GSE25837,6,4,GSM634662,train,not_lonely
GSE25837,6,4,GSM634663,train,not_lonely
GSE25837,6,4,GSM634664,train,not_lonely
GSE25837,6,4,GSM634666,train,lonely
GSE25837,6,4,GSM634667,train,lonely
GSE25837,6,4,GSM634668,train,not_lonely
GSE25837,6,4,GSM634669,train,lonely
GSE25837,6,4,GSM634670,train,lonely
GSE25837,6,4,GSM634671,train,not_lonely
GSE25837,6,4,GSM634672,train,not_lonely
GSE25837,6,4,GSM634674,train,not_lonely
GSE25837,6,4,GSM634675,train,not_lonely
GSE25837,6,4,GSM634676,train,not_lonely
GSE25837,6,4,GSM634677,train,not_lonely
GSE25837,6,4,GSM634678,train,not_lonely
GSE25837,6,4,GSM634679,train,lonely
GSE25837,6,4,GSM634680,train,lonely
GSE25837,6,4,GSM634681,train,lonely
GSE25837,6,4,GSM634682,train,not_lonely
GSE25837,6,4,GSM634683,train,not_lonely
GSE25837,6,4,GSM634684,train,not_lonely
GSE25837,6,4,GSM634686,train,not_lonely
GSE25837,6,4,GSM634687,train,not_lonely
GSE25837,6,4,GSM634688,train,lonely
GSE25837,6,4,GSM634689,train,not_lonely
GSE25837,6,4,GSM634690,train,lonely
GSE25837,6,4,GSM634691,train,not_lonely
GSE25837,6,4,GSM634693,train,not_lonely
GSE25837,6,4,GSM634694,train,lonely
GSE25837,6,4,GSM634695,train,not_lonely
GSE25837,6,4,GSM634697,train,not_lonely
GSE25837,6,4,GSM634698,train,lonely
GSE25837,6,4,GSM634699,train,not_lonely
GSE25837,6,4,GSM634700,train,not_lonely
GSE25837,6,4,GSM634701,train,not_lonely
GSE25837,6,4,GSM634702,train,not_lonely
GSE25837,6,4,GSM634703,train,not_lonely
GSE25837,6,4,GSM634705,train,lonely
GSE25837,6,4,GSM634706,train,lonely
GSE25837,6,4,GSM634707,train,lonely
GSE25837,6,4,GSM634708,train,not_lonely
GSE25837,6,4,GSM634709,train,not_lonely
GSE25837,6,4,GSM634710,train,not_lonely
GSE25837,6,4,GSM634711,train,lonely
GSE25837,6,4,GSM634712,train,not_lonely
GSE25837,6,4,GSM634713,train,not_lonely
GSE25837,6,4,GSM634714,train,not_lonely
GSE25837,6,4,GSM634715,train,lonely
GSE25837,6,4,GSM634716,train,not_lonely
GSE25837,6,4,GSM634717,train,not_lonely
GSE25837,6,4,GSM634718,train,not_lonely
GSE25837,6,4,GSM634719,train,not_lonely
GSE25837,6,4,GSM634720,train,not_lonely
GSE25837,6,4,GSM634721,train,not_lonely
GSE25837,6,4,GSM634722,train,not_lonely
GSE25837,6,4,GSM634723,train,not_lonely
GSE25837,6,4,GSM634724,train,not_lonely
GSE25837,6,4,GSM634725,train,not_lonely
GSE25837,6,4,GSM634634,test,not_lonely
GSE25837,6,4,GSM634639,test,not_lonely
GSE25837,6,4,GSM634653,test,lonely
GSE25837,6,4,GSM634665,test,not_lonely
GSE25837,6,4,GSM634673,test,not_lonely
GSE25837,6,4,GSM634685,test,not_lonely
GSE25837,6,4,GSM634692,test,not_lonely
GSE25837,6,4,GSM634696,test,not_lonely
GSE25837,6,4,GSM634704,test,lonely
GSE25837,6,5,GSM634633,train,not_lonely
GSE25837,6,5,GSM634634,train,not_lonely
GSE25837,6,5,GSM634635,train,not_lonely
GSE25837,6,5,GSM634636,train,not_lonely
GSE25837,6,5,GSM634637,train,not_lonely
GSE25837,6,5,GSM634638,train,not_lonely
GSE25837,6,5,GSM634639,train,not_lonely
GSE25837,6,5,GSM634641,train,not_lonely
GSE25837,6,5,GSM634642,train,not_lonely
GSE25837,6,5,GSM634643,train,lonely
GSE25837,6,5,GSM634644,train,not_lonely
GSE25837,6,5,GSM634645,train,not_lonely
GSE25837,6,5,GSM634646,train,not_lonely
GSE25837,6,5,GSM634647,train,not_lonely
GSE25837,6,5,GSM634648,train,lonely
GSE25837,6,5,GSM634649,train,lonely
GSE25837,6,5,GSM634650,train,lonely
GSE25837,6,5,GSM634651,train,not_lonely
GSE25837,6,5,GSM634652,train,not_lonely
GSE25837,6,5,GSM634653,train,lonely
GSE25837,6,5,GSM634654,train,not_lonely
GSE25837,6,5,GSM634655,train,not_lonely
GSE25837,6,5,GSM634656,train,not_lonely
GSE25837,6,5,GSM634657,train,not_lonely
GSE25837,6,5,GSM634658,train,not_lonely
GSE25837,6,5,GSM634659,train,lonely
GSE25837,6,5,GSM634660,train,not_lonely
GSE25837,6,5,GSM634661,train,not_lonely
GSE25837,6,5,GSM634663,train,not_lonely
GSE25837,6,5,GSM634664,train,not_lonely
GSE25837,6,5,GSM634665,train,not_lonely
GSE25837,6,5,GSM634666,train,lonely
GSE25837,6,5,GSM634667,train,lonely
GSE25837,6,5,GSM634668,train,not_lonely
GSE25837,6,5,GSM634669,train,lonely
GSE25837,6,5,GSM634670,train,lonely
GSE25837,6,5,GSM634671,train,not_lonely
GSE25837,6,5,GSM634672,train,not_lonely
GSE25837,6,5,GSM634673,train,not_lonely
GSE25837,6,5,GSM634674,train,not_lonely
GSE25837,6,5,GSM634675,train,not_lonely
GSE25837,6,5,GSM634676,train,not_lonely
GSE25837,6,5,GSM634677,train,not_lonely
GSE25837,6,5,GSM634678,train,not_lonely
GSE25837,6,5,GSM634680,train,lonely
GSE25837,6,5,GSM634681,train,lonely
GSE25837,6,5,GSM634682,train,not_lonely
GSE25837,6,5,GSM634683,train,not_lonely
GSE25837,6,5,GSM634684,train,not_lonely
GSE25837,6,5,GSM634685,train,not_lonely
GSE25837,6,5,GSM634686,train,not_lonely
GSE25837,6,5,GSM634687,train,not_lonely
GSE25837,6,5,GSM634688,train,lonely
GSE25837,6,5,GSM634690,train,lonely
GSE25837,6,5,GSM634691,train,not_lonely
GSE25837,6,5,GSM634692,train,not_lonely
GSE25837,6,5,GSM634693,train,not_lonely
GSE25837,6,5,GSM634694,train,lonely
GSE25837,6,5,GSM634695,train,not_lonely
GSE25837,6,5,GSM634696,train,not_lonely
GSE25837,6,5,GSM634698,train,lonely
GSE25837,6,5,GSM634699,train,not_lonely
GSE25837,6,5,GSM634701,train,not_lonely
GSE25837,6,5,GSM634702,train,not_lonely
GSE25837,6,5,GSM634703,train,not_lonely
GSE25837,6,5,GSM634704,train,lonely
GSE25837,6,5,GSM634705,train,lonely
GSE25837,6,5,GSM634706,train,lonely
GSE25837,6,5,GSM634707,train,lonely
GSE25837,6,5,GSM634708,train,not_lonely
GSE25837,6,5,GSM634709,train,not_lonely
GSE25837,6,5,GSM634710,train,not_lonely
GSE25837,6,5,GSM634712,train,not_lonely
GSE25837,6,5,GSM634713,train,not_lonely
GSE25837,6,5,GSM634714,train,not_lonely
GSE25837,6,5,GSM634715,train,lonely
GSE25837,6,5,GSM634716,train,not_lonely
GSE25837,6,5,GSM634717,train,not_lonely
GSE25837,6,5,GSM634718,train,not_lonely
GSE25837,6,5,GSM634719,train,not_lonely
GSE25837,6,5,GSM634720,train,not_lonely
GSE25837,6,5,GSM634722,train,not_lonely
GSE25837,6,5,GSM634724,train,not_lonely
GSE25837,6,5,GSM634725,train,not_lonely
GSE25837,6,5,GSM634640,test,not_lonely
GSE25837,6,5,GSM634662,test,not_lonely
GSE25837,6,5,GSM634679,test,lonely
GSE25837,6,5,GSM634689,test,not_lonely
GSE25837,6,5,GSM634697,test,not_lonely
GSE25837,6,5,GSM634700,test,not_lonely
GSE25837,6,5,GSM634711,test,lonely
GSE25837,6,5,GSM634721,test,not_lonely
GSE25837,6,5,GSM634723,test,not_lonely
GSE25837,6,6,GSM634633,train,not_lonely
GSE25837,6,6,GSM634634,train,not_lonely
GSE25837,6,6,GSM634635,train,not_lonely
GSE25837,6,6,GSM634636,train,not_lonely
GSE25837,6,6,GSM634637,train,not_lonely
GSE25837,6,6,GSM634638,train,not_lonely
GSE25837,6,6,GSM634639,train,not_lonely
GSE25837,6,6,GSM634640,train,not_lonely
GSE25837,6,6,GSM634641,train,not_lonely
GSE25837,6,6,GSM634642,train,not_lonely
GSE25837,6,6,GSM634643,train,lonely
GSE25837,6,6,GSM634644,train,not_lonely
GSE25837,6,6,GSM634645,train,not_lonely
GSE25837,6,6,GSM634646,train,not_lonely
GSE25837,6,6,GSM634647,train,not_lonely
GSE25837,6,6,GSM634648,train,lonely
GSE25837,6,6,GSM634649,train,lonely
GSE25837,6,6,GSM634650,train,lonely
GSE25837,6,6,GSM634651,train,not_lonely
GSE25837,6,6,GSM634652,train,not_lonely
GSE25837,6,6,GSM634653,train,lonely
GSE25837,6,6,GSM634654,train,not_lonely
GSE25837,6,6,GSM634655,train,not_lonely
GSE25837,6,6,GSM634656,train,not_lonely
GSE25837,6,6,GSM634657,train,not_lonely
GSE25837,6,6,GSM634658,train,not_lonely
GSE25837,6,6,GSM634660,train,not_lonely
GSE25837,6,6,GSM634661,train,not_lonely
GSE25837,6,6,GSM634662,train,not_lonely
GSE25837,6,6,GSM634663,train,not_lonely
GSE25837,6,6,GSM634664,train,not_lonely
GSE25837,6,6,GSM634665,train,not_lonely
GSE25837,6,6,GSM634666,train,lonely
GSE25837,6,6,GSM634667,train,lonely
GSE25837,6,6,GSM634669,train,lonely
GSE25837,6,6,GSM634670,train,lonely
GSE25837,6,6,GSM634671,train,not_lonely
GSE25837,6,6,GSM634672,train,not_lonely
GSE25837,6,6,GSM634673,train,not_lonely
GSE25837,6,6,GSM634674,train,not_lonely
GSE25837,6,6,GSM634675,train,not_lonely
GSE25837,6,6,GSM634677,train,not_lonely
GSE25837,6,6,GSM634678,train,not_lonely
GSE25837,6,6,GSM634679,train,lonely
GSE25837,6,6,GSM634680,train,lonely
GSE25837,6,6,GSM634681,train,lonely
GSE25837,6,6,GSM634683,train,not_lonely
GSE25837,6,6,GSM634684,train,not_lonely
GSE25837,6,6,GSM634685,train,not_lonely
GSE25837,6,6,GSM634686,train,not_lonely
GSE25837,6,6,GSM634687,train,not_lonely
GSE25837,6,6,GSM634688,train,lonely
GSE25837,6,6,GSM634689,train,not_lonely
GSE25837,6,6,GSM634690,train,lonely
GSE25837,6,6,GSM634692,train,not_lonely
GSE25837,6,6,GSM634694,train,lonely
GSE25837,6,6,GSM634695,train,not_lonely
GSE25837,6,6,GSM634696,train,not_lonely
GSE25837,6,6,GSM634697,train,not_lonely
GSE25837,6,6,GSM634698,train,lonely
GSE25837,6,6,GSM634699,train,not_lonely
GSE25837,6,6,GSM634700,train,not_lonely
GSE25837,6,6,GSM634701,train,not_lonely
GSE25837,6,6,GSM634702,train,not_lonely
GSE25837,6,6,GSM634703,train,not_lonely
GSE25837,6,6,GSM634704,train,lonely
GSE25837,6,6,GSM634706,train,lonely
GSE25837,6,6,GSM634707,train,lonely
GSE25837,6,6,GSM634708,train,not_lonely
GSE25837,6,6,GSM634709,train,not_lonely
GSE25837,6,6,GSM634710,train,not_lonely
GSE25837,6,6,GSM634711,train,lonely
GSE25837,6,6,GSM634712,train,not_lonely
GSE25837,6,6,GSM634713,train,not_lonely
GSE25837,6,6,GSM634715,train,lonely
GSE25837,6,6,GSM634716,train,not_lonely
GSE25837,6,6,GSM634717,train,not_lonely
GSE25837,6,6,GSM634718,train,not_lonely
GSE25837,6,6,GSM634720,train,not_lonely
GSE25837,6,6,GSM634721,train,not_lonely
GSE25837,6,6,GSM634722,train,not_lonely
GSE25837,6,6,GSM634723,train,not_lonely
GSE25837,6,6,GSM634724,train,not_lonely
GSE25837,6,6,GSM634725,train,not_lonely
GSE25837,6,6,GSM634659,test,lonely
GSE25837,6,6,GSM634668,test,not_lonely
GSE25837,6,6,GSM634676,test,not_lonely
GSE25837,6,6,GSM634682,test,not_lonely
GSE25837,6,6,GSM634691,test,not_lonely
GSE25837,6,6,GSM634693,test,not_lonely
GSE25837,6,6,GSM634705,test,lonely
GSE25837,6,6,GSM634714,test,not_lonely
GSE25837,6,6,GSM634719,test,not_lonely
GSE25837,6,7,GSM634633,train,not_lonely
GSE25837,6,7,GSM634634,train,not_lonely
GSE25837,6,7,GSM634635,train,not_lonely
GSE25837,6,7,GSM634636,train,not_lonely
GSE25837,6,7,GSM634637,train,not_lonely
GSE25837,6,7,GSM634638,train,not_lonely
GSE25837,6,7,GSM634639,train,not_lonely
GSE25837,6,7,GSM634640,train,not_lonely
GSE25837,6,7,GSM634641,train,not_lonely
GSE25837,6,7,GSM634642,train,not_lonely
GSE25837,6,7,GSM634643,train,lonely
GSE25837,6,7,GSM634646,train,not_lonely
GSE25837,6,7,GSM634647,train,not_lonely
GSE25837,6,7,GSM634648,train,lonely
GSE25837,6,7,GSM634649,train,lonely
GSE25837,6,7,GSM634650,train,lonely
GSE25837,6,7,GSM634651,train,not_lonely
GSE25837,6,7,GSM634652,train,not_lonely
GSE25837,6,7,GSM634653,train,lonely
GSE25837,6,7,GSM634654,train,not_lonely
GSE25837,6,7,GSM634655,train,not_lonely
GSE25837,6,7,GSM634656,train,not_lonely
GSE25837,6,7,GSM634657,train,not_lonely
GSE25837,6,7,GSM634658,train,not_lonely
GSE25837,6,7,GSM634659,train,lonely
GSE25837,6,7,GSM634660,train,not_lonely
GSE25837,6,7,GSM634661,train,not_lonely
GSE25837,6,7,GSM634662,train,not_lonely
GSE25837,6,7,GSM634663,train,not_lonely
GSE25837,6,7,GSM634664,train,not_lonely
GSE25837,6,7,GSM634665,train,not_lonely
GSE25837,6,7,GSM634666,train,lonely
GSE25837,6,7,GSM634667,train,lonely
GSE25837,6,7,GSM634668,train,not_lonely
GSE25837,6,7,GSM634670,train,lonely
GSE25837,6,7,GSM634671,train,not_lonely
GSE25837,6,7,GSM634672,train,not_lonely
GSE25837,6,7,GSM634673,train,not_lonely
GSE25837,6,7,GSM634674,train,not_lonely
GSE25837,6,7,GSM634675,train,not_lonely
GSE25837,6,7,GSM634676,train,not_lonely
GSE25837,6,7,GSM634677,train,not_lonely
GSE25837,6,7,GSM634678,train,not_lonely
GSE25837,6,7,GSM634679,train,lonely
GSE25837,6,7,GSM634680,train,lonely
GSE25837,6,7,GSM634681,train,lonely
GSE25837,6,7,GSM634682,train,not_lonely
GSE25837,6,7,GSM634683,train,not_lonely
GSE25837,6,7,GSM634684,train,not_lonely
GSE25837,6,7,GSM634685,train,not_lonely
GSE25837,6,7,GSM634686,train,not_lonely
GSE25837,6,7,GSM634687,train,not_lonely
GSE25837,6,7,GSM634688,train,lonely
GSE25837,6,7,GSM634689,train,not_lonely
GSE25837,6,7,GSM634691,train,not_lonely
GSE25837,6,7,GSM634692,train,not_lonely
GSE25837,6,7,GSM634693,train,not_lonely
GSE25837,6,7,GSM634694,train,lonely
GSE25837,6,7,GSM634696,train,not_lonely
GSE25837,6,7,GSM634697,train,not_lonely
GSE25837,6,7,GSM634698,train,lonely
GSE25837,6,7,GSM634699,train,not_lonely
GSE25837,6,7,GSM634700,train,not_lonely
GSE25837,6,7,GSM634701,train,not_lonely
GSE25837,6,7,GSM634702,train,not_lonely
GSE25837,6,7,GSM634703,train,not_lonely
GSE25837,6,7,GSM634704,train,lonely
GSE25837,6,7,GSM634705,train,lonely
GSE25837,6,7,GSM634706,train,lonely
GSE25837,6,7,GSM634707,train,lonely
GSE25837,6,7,GSM634708,train,not_lonely
GSE25837,6,7,GSM634709,train,not_lonely
GSE25837,6,7,GSM634711,train,lonely
GSE25837,6,7,GSM634712,train,not_lonely
GSE25837,6,7,GSM634714,train,not_lonely
GSE25837,6,7,GSM634715,train,lonely
GSE25837,6,7,GSM634716,train,not_lonely
GSE25837,6,7,GSM634717,train,not_lonely
GSE25837,6,7,GSM634719,train,not_lonely
GSE25837,6,7,GSM634720,train,not_lonely
GSE25837,6,7,GSM634721,train,not_lonely
GSE25837,6,7,GSM634723,train,not_lonely
GSE25837,6,7,GSM634724,train,not_lonely
GSE25837,6,7,GSM634725,train,not_lonely
GSE25837,6,7,GSM634644,test,not_lonely
GSE25837,6,7,GSM634645,test,not_lonely
GSE25837,6,7,GSM634669,test,lonely
GSE25837,6,7,GSM634690,test,lonely
GSE25837,6,7,GSM634695,test,not_lonely
GSE25837,6,7,GSM634710,test,not_lonely
GSE25837,6,7,GSM634713,test,not_lonely
GSE25837,6,7,GSM634718,test,not_lonely
GSE25837,6,7,GSM634722,test,not_lonely
GSE25837,6,8,GSM634633,train,not_lonely
GSE25837,6,8,GSM634634,train,not_lonely
GSE25837,6,8,GSM634635,train,not_lonely
GSE25837,6,8,GSM634636,train,not_lonely
GSE25837,6,8,GSM634637,train,not_lonely
GSE25837,6,8,GSM634638,train,not_lonely
GSE25837,6,8,GSM634639,train,not_lonely
GSE25837,6,8,GSM634640,train,not_lonely
GSE25837,6,8,GSM634641,train,not_lonely
GSE25837,6,8,GSM634642,train,not_lonely
GSE25837,6,8,GSM634643,train,lonely
GSE25837,6,8,GSM634644,train,not_lonely
GSE25837,6,8,GSM634645,train,not_lonely
GSE25837,6,8,GSM634646,train,not_lonely
GSE25837,6,8,GSM634647,train,not_lonely
GSE25837,6,8,GSM634648,train,lonely
GSE25837,6,8,GSM634649,train,lonely
GSE25837,6,8,GSM634650,train,lonely
GSE25837,6,8,GSM634653,train,lonely
GSE25837,6,8,GSM634654,train,not_lonely
GSE25837,6,8,GSM634655,train,not_lonely
GSE25837,6,8,GSM634657,train,not_lonely
GSE25837,6,8,GSM634658,train,not_lonely
GSE25837,6,8,GSM634659,train,lonely
GSE25837,6,8,GSM634660,train,not_lonely
GSE25837,6,8,GSM634661,train,not_lonely
GSE25837,6,8,GSM634662,train,not_lonely
GSE25837,6,8,GSM634663,train,not_lonely
GSE25837,6,8,GSM634664,train,not_lonely
GSE25837,6,8,GSM634665,train,not_lonely
GSE25837,6,8,GSM634666,train,lonely
GSE25837,6,8,GSM634667,train,lonely
GSE25837,6,8,GSM634668,train,not_lonely
GSE25837,6,8,GSM634669,train,lonely
GSE25837,6,8,GSM634670,train,lonely
GSE25837,6,8,GSM634671,train,not_lonely
GSE25837,6,8,GSM634672,train,not_lonely
GSE25837,6,8,GSM634673,train,not_lonely
GSE25837,6,8,GSM634676,train,not_lonely
GSE25837,6,8,GSM634677,train,not_lonely
GSE25837,6,8,GSM634678,train,not_lonely
GSE25837,6,8,GSM634679,train,lonely
GSE25837,6,8,GSM634680,train,lonely
GSE25837,6,8,GSM634681,train,lonely
GSE25837,6,8,GSM634682,train,not_lonely
GSE25837,6,8,GSM634683,train,not_lonely
GSE25837,6,8,GSM634684,train,not_lonely
GSE25837,6,8,GSM634685,train,not_lonely
GSE25837,6,8,GSM634686,train,not_lonely
GSE25837,6,8,GSM634687,train,not_lonely
GSE25837,6,8,GSM634688,train,lonely
GSE25837,6,8,GSM634689,train,not_lonely
GSE25837,6,8,GSM634690,train,lonely
GSE25837,6,8,GSM634691,train,not_lonely
GSE25837,6,8,GSM634692,train,not_lonely
GSE25837,6,8,GSM634693,train,not_lonely
GSE25837,6,8,GSM634694,train,lonely
GSE25837,6,8,GSM634695,train,not_lonely
GSE25837,6,8,GSM634696,train,not_lonely
GSE25837,6,8,GSM634697,train,not_lonely
GSE25837,6,8,GSM634698,train,lonely
GSE25837,6,8,GSM634700,train,not_lonely
GSE25837,6,8,GSM634701,train,not_lonely
GSE25837,6,8,GSM634703,train,not_lonely
GSE25837,6,8,GSM634704,train,lonely
GSE25837,6,8,GSM634705,train,lonely
GSE25837,6,8,GSM634708,train,not_lonely
GSE25837,6,8,GSM634709,train,not_lonely
GSE25837,6,8,GSM634710,train,not_lonely
GSE25837,6,8,GSM634711,train,lonely
GSE25837,6,8,GSM634712,train,not_lonely
GSE25837,6,8,GSM634713,train,not_lonely
GSE25837,6,8,GSM634714,train,not_lonely
GSE25837,6,8,GSM634715,train,lonely
GSE25837,6,8,GSM634716,train,not_lonely
GSE25837,6,8,GSM634717,train,not_lonely
GSE25837,6,8,GSM634718,train,not_lonely
GSE25837,6,8,GSM634719,train,not_lonely
GSE25837,6,8,GSM634720,train,not_lonely
GSE25837,6,8,GSM634721,train,not_lonely
GSE25837,6,8,GSM634722,train,not_lonely
GSE25837,6,8,GSM634723,train,not_lonely
GSE25837,6,8,GSM634724,train,not_lonely
GSE25837,6,8,GSM634725,train,not_lonely
GSE25837,6,8,GSM634651,test,not_lonely
GSE25837,6,8,GSM634652,test,not_lonely
GSE25837,6,8,GSM634656,test,not_lonely
GSE25837,6,8,GSM634674,test,not_lonely
GSE25837,6,8,GSM634675,test,not_lonely
GSE25837,6,8,GSM634699,test,not_lonely
GSE25837,6,8,GSM634702,test,not_lonely
GSE25837,6,8,GSM634706,test,lonely
GSE25837,6,8,GSM634707,test,lonely
GSE25837,6,9,GSM634633,train,not_lonely
GSE25837,6,9,GSM634634,train,not_lonely
GSE25837,6,9,GSM634636,train,not_lonely
GSE25837,6,9,GSM634637,train,not_lonely
GSE25837,6,9,GSM634639,train,not_lonely
GSE25837,6,9,GSM634640,train,not_lonely
GSE25837,6,9,GSM634641,train,not_lonely
GSE25837,6,9,GSM634642,train,not_lonely
GSE25837,6,9,GSM634643,train,lonely
GSE25837,6,9,GSM634644,train,not_lonely
GSE25837,6,9,GSM634645,train,not_lonely
GSE25837,6,9,GSM634646,train,not_lonely
GSE25837,6,9,GSM634647,train,not_lonely
GSE25837,6,9,GSM634648,train,lonely
GSE25837,6,9,GSM634649,train,lonely
GSE25837,6,9,GSM634651,train,not_lonely
GSE25837,6,9,GSM634652,train,not_lonely
GSE25837,6,9,GSM634653,train,lonely
GSE25837,6,9,GSM634654,train,not_lonely
GSE25837,6,9,GSM634655,train,not_lonely
GSE25837,6,9,GSM634656,train,not_lonely
GSE25837,6,9,GSM634657,train,not_lonely
GSE25837,6,9,GSM634659,train,lonely
GSE25837,6,9,GSM634661,train,not_lonely
GSE25837,6,9,GSM634662,train,not_lonely
GSE25837,6,9,GSM634665,train,not_lonely
GSE25837,6,9,GSM634666,train,lonely
GSE25837,6,9,GSM634667,train,lonely
GSE25837,6,9,GSM634668,train,not_lonely
GSE25837,6,9,GSM634669,train,lonely
GSE25837,6,9,GSM634670,train,lonely
GSE25837,6,9,GSM634671,train,not_lonely
GSE25837,6,9,GSM634672,train,not_lonely
GSE25837,6,9,GSM634673,train,not_lonely
GSE25837,6,9,GSM634674,train,not_lonely
GSE25837,6,9,GSM634675,train,not_lonely
GSE25837,6,9,GSM634676,train,not_lonely
GSE25837,6,9,GSM634677,train,not_lonely
GSE25837,6,9,GSM634678,train,not_lonely
GSE25837,6,9,GSM634679,train,lonely
GSE25837,6,9,GSM634680,train,lonely
GSE25837,6,9,GSM634681,train,lonely
GSE25837,6,9,GSM634682,train,not_lonely
GSE25837,6,9,GSM634683,train,not_lonely
GSE25837,6,9,GSM634684,train,not_lonely
GSE25837,6,9,GSM634685,train,not_lonely
GSE25837,6,9,GSM634686,train,not_lonely
GSE25837,6,9,GSM634687,train,not_lonely
GSE25837,6,9,GSM634688,train,lonely
GSE25837,6,9,GSM634689,train,not_lonely
GSE25837,6,9,GSM634690,train,lonely
GSE25837,6,9,GSM634691,train,not_lonely
GSE25837,6,9,GSM634692,train,not_lonely
GSE25837,6,9,GSM634693,train,not_lonely
GSE25837,6,9,GSM634694,train,lonely
GSE25837,6,9,GSM634695,train,not_lonely
GSE25837,6,9,GSM634696,train,not_lonely
GSE25837,6,9,GSM634697,train,not_lonely
GSE25837,6,9,GSM634699,train,not_lonely
GSE25837,6,9,GSM634700,train,not_lonely
GSE25837,6,9,GSM634702,train,not_lonely
GSE25837,6,9,GSM634703,train,not_lonely
GSE25837,6,9,GSM634704,train,lonely
GSE25837,6,9,GSM634705,train,lonely
GSE25837,6,9,GSM634706,train,lonely
GSE25837,6,9,GSM634707,train,lonely
GSE25837,6,9,GSM634708,train,not_lonely
GSE25837,6,9,GSM634709,train,not_lonely
GSE25837,6,9,GSM634710,train,not_lonely
GSE25837,6,9,GSM634711,train,lonely
GSE25837,6,9,GSM634712,train,not_lonely
GSE25837,6,9,GSM634713,train,not_lonely
GSE25837,6,9,GSM634714,train,not_lonely
GSE25837,6,9,GSM634715,train,lonely
GSE25837,6,9,GSM634716,train,not_lonely
GSE25837,6,9,GSM634717,train,not_lonely
GSE25837,6,9,GSM634718,train,not_lonely
GSE25837,6,9,GSM634719,train,not_lonely
GSE25837,6,9,GSM634720,train,not_lonely
GSE25837,6,9,GSM634721,train,not_lonely
GSE25837,6,9,GSM634722,train,not_lonely
GSE25837,6,9,GSM634723,train,not_lonely
GSE25837,6,9,GSM634724,train,not_lonely
GSE25837,6,9,GSM634725,train,not_lonely
GSE25837,6,9,GSM634635,test,not_lonely
GSE25837,6,9,GSM634638,test,not_lonely
GSE25837,6,9,GSM634650,test,lonely
GSE25837,6,9,GSM634658,test,not_lonely
GSE25837,6,9,GSM634660,test,not_lonely
GSE25837,6,9,GSM634663,test,not_lonely
GSE25837,6,9,GSM634664,test,not_lonely
GSE25837,6,9,GSM634698,test,lonely
GSE25837,6,9,GSM634701,test,not_lonely
GSE25837,6,10,GSM634633,train,not_lonely
GSE25837,6,10,GSM634634,train,not_lonely
GSE25837,6,10,GSM634635,train,not_lonely
GSE25837,6,10,GSM634636,train,not_lonely
GSE25837,6,10,GSM634637,train,not_lonely
GSE25837,6,10,GSM634638,train,not_lonely
GSE25837,6,10,GSM634639,train,not_lonely
GSE25837,6,10,GSM634640,train,not_lonely
GSE25837,6,10,GSM634641,train,not_lonely
GSE25837,6,10,GSM634643,train,lonely
GSE25837,6,10,GSM634644,train,not_lonely
GSE25837,6,10,GSM634645,train,not_lonely
GSE25837,6,10,GSM634646,train,not_lonely
GSE25837,6,10,GSM634647,train,not_lonely
GSE25837,6,10,GSM634648,train,lonely
GSE25837,6,10,GSM634649,train,lonely
GSE25837,6,10,GSM634650,train,lonely
GSE25837,6,10,GSM634651,train,not_lonely
GSE25837,6,10,GSM634652,train,not_lonely
GSE25837,6,10,GSM634653,train,lonely
GSE25837,6,10,GSM634654,train,not_lonely
GSE25837,6,10,GSM634655,train,not_lonely
GSE25837,6,10,GSM634656,train,not_lonely
GSE25837,6,10,GSM634658,train,not_lonely
GSE25837,6,10,GSM634659,train,lonely
GSE25837,6,10,GSM634660,train,not_lonely
GSE25837,6,10,GSM634661,train,not_lonely
GSE25837,6,10,GSM634662,train,not_lonely
GSE25837,6,10,GSM634663,train,not_lonely
GSE25837,6,10,GSM634664,train,not_lonely
GSE25837,6,10,GSM634665,train,not_lonely
GSE25837,6,10,GSM634667,train,lonely
GSE25837,6,10,GSM634668,train,not_lonely
GSE25837,6,10,GSM634669,train,lonely
GSE25837,6,10,GSM634670,train,lonely
GSE25837,6,10,GSM634671,train,not_lonely
GSE25837,6,10,GSM634672,train,not_lonely
GSE25837,6,10,GSM634673,train,not_lonely
GSE25837,6,10,GSM634674,train,not_lonely
GSE25837,6,10,GSM634675,train,not_lonely
GSE25837,6,10,GSM634676,train,not_lonely
GSE25837,6,10,GSM634678,train,not_lonely
GSE25837,6,10,GSM634679,train,lonely
GSE25837,6,10,GSM634680,train,lonely
GSE25837,6,10,GSM634681,train,lonely
GSE25837,6,10,GSM634682,train,not_lonely
GSE25837,6,10,GSM634684,train,not_lonely
GSE25837,6,10,GSM634685,train,not_lonely
GSE25837,6,10,GSM634686,train,not_lonely
GSE25837,6,10,GSM634687,train,not_lonely
GSE25837,6,10,GSM634688,train,lonely
GSE25837,6,10,GSM634689,train,not_lonely
GSE25837,6,10,GSM634690,train,lonely
GSE25837,6,10,GSM634691,train,not_lonely
GSE25837,6,10,GSM634692,train,not_lonely
GSE25837,6,10,GSM634693,train,not_lonely
GSE25837,6,10,GSM634694,train,lonely
GSE25837,6,10,GSM634695,train,not_lonely
GSE25837,6,10,GSM634696,train,not_lonely
GSE25837,6,10,GSM634697,train,not_lonely
GSE25837,6,10,GSM634698,train,lonely
GSE25837,6,10,GSM634699,train,not_lonely
GSE25837,6,10,GSM634700,train,not_lonely
GSE25837,6,10,GSM634701,train,not_lonely
GSE25837,6,10,GSM634702,train,not_lonely
GSE25837,6,10,GSM634704,train,lonely
GSE25837,6,10,GSM634705,train,lonely
GSE25837,6,10,GSM634706,train,lonely
GSE25837,6,10,GSM634707,train,lonely
GSE25837,6,10,GSM634708,train,not_lonely
GSE25837,6,10,GSM634710,train,not_lonely
GSE25837,6,10,GSM634711,train,lonely
GSE25837,6,10,GSM634712,train,not_lonely
GSE25837,6,10,GSM634713,train,not_lonely
GSE25837,6,10,GSM634714,train,not_lonely
GSE25837,6,10,GSM634717,train,not_lonely
GSE25837,6,10,GSM634718,train,not_lonely
GSE25837,6,10,GSM634719,train,not_lonely
GSE25837,6,10,GSM634720,train,not_lonely
GSE25837,6,10,GSM634721,train,not_lonely
GSE25837,6,10,GSM634722,train,not_lonely
GSE25837,6,10,GSM634723,train,not_lonely
GSE25837,6,10,GSM634724,train,not_lonely
GSE25837,6,10,GSM634725,train,not_lonely
GSE25837,6,10,GSM634642,test,not_lonely
GSE25837,6,10,GSM634657,test,not_lonely
GSE25837,6,10,GSM634666,test,lonely
GSE25837,6,10,GSM634677,test,not_lonely
GSE25837,6,10,GSM634683,test,not_lonely
GSE25837,6,10,GSM634703,test,not_lonely
GSE25837,6,10,GSM634709,test,not_lonely
GSE25837,6,10,GSM634715,test,lonely
GSE25837,6,10,GSM634716,test,not_lonely
GSE25837,7,1,GSM634633,train,not_lonely
GSE25837,7,1,GSM634634,train,not_lonely
GSE25837,7,1,GSM634635,train,not_lonely
GSE25837,7,1,GSM634636,train,not_lonely
GSE25837,7,1,GSM634638,train,not_lonely
GSE25837,7,1,GSM634639,train,not_lonely
GSE25837,7,1,GSM634640,train,not_lonely
GSE25837,7,1,GSM634641,train,not_lonely
GSE25837,7,1,GSM634642,train,not_lonely
GSE25837,7,1,GSM634643,train,lonely
GSE25837,7,1,GSM634645,train,not_lonely
GSE25837,7,1,GSM634646,train,not_lonely
GSE25837,7,1,GSM634647,train,not_lonely
GSE25837,7,1,GSM634649,train,lonely
GSE25837,7,1,GSM634650,train,lonely
GSE25837,7,1,GSM634651,train,not_lonely
GSE25837,7,1,GSM634652,train,not_lonely
GSE25837,7,1,GSM634653,train,lonely
GSE25837,7,1,GSM634654,train,not_lonely
GSE25837,7,1,GSM634655,train,not_lonely
GSE25837,7,1,GSM634656,train,not_lonely
GSE25837,7,1,GSM634657,train,not_lonely
GSE25837,7,1,GSM634658,train,not_lonely
GSE25837,7,1,GSM634659,train,lonely
GSE25837,7,1,GSM634661,train,not_lonely
GSE25837,7,1,GSM634663,train,not_lonely
GSE25837,7,1,GSM634664,train,not_lonely
GSE25837,7,1,GSM634665,train,not_lonely
GSE25837,7,1,GSM634666,train,lonely
GSE25837,7,1,GSM634668,train,not_lonely
GSE25837,7,1,GSM634670,train,lonely
GSE25837,7,1,GSM634671,train,not_lonely
GSE25837,7,1,GSM634672,train,not_lonely
GSE25837,7,1,GSM634673,train,not_lonely
GSE25837,7,1,GSM634674,train,not_lonely
GSE25837,7,1,GSM634675,train,not_lonely
GSE25837,7,1,GSM634676,train,not_lonely
GSE25837,7,1,GSM634677,train,not_lonely
GSE25837,7,1,GSM634678,train,not_lonely
GSE25837,7,1,GSM634679,train,lonely
GSE25837,7,1,GSM634680,train,lonely
GSE25837,7,1,GSM634681,train,lonely
GSE25837,7,1,GSM634682,train,not_lonely
GSE25837,7,1,GSM634683,train,not_lonely
GSE25837,7,1,GSM634684,train,not_lonely
GSE25837,7,1,GSM634685,train,not_lonely
GSE25837,7,1,GSM634686,train,not_lonely
GSE25837,7,1,GSM634687,train,not_lonely
GSE25837,7,1,GSM634688,train,lonely
GSE25837,7,1,GSM634689,train,not_lonely
GSE25837,7,1,GSM634690,train,lonely
GSE25837,7,1,GSM634691,train,not_lonely
GSE25837,7,1,GSM634693,train,not_lonely
GSE25837,7,1,GSM634694,train,lonely
GSE25837,7,1,GSM634695,train,not_lonely
GSE25837,7,1,GSM634697,train,not_lonely
GSE25837,7,1,GSM634698,train,lonely
GSE25837,7,1,GSM634699,train,not_lonely
GSE25837,7,1,GSM634700,train,not_lonely
GSE25837,7,1,GSM634701,train,not_lonely
GSE25837,7,1,GSM634702,train,not_lonely
GSE25837,7,1,GSM634703,train,not_lonely
GSE25837,7,1,GSM634704,train,lonely
GSE25837,7,1,GSM634705,train,lonely
GSE25837,7,1,GSM634706,train,lonely
GSE25837,7,1,GSM634707,train,lonely
GSE25837,7,1,GSM634708,train,not_lonely
GSE25837,7,1,GSM634709,train,not_lonely
GSE25837,7,1,GSM634710,train,not_lonely
GSE25837,7,1,GSM634711,train,lonely
GSE25837,7,1,GSM634712,train,not_lonely
GSE25837,7,1,GSM634713,train,not_lonely
GSE25837,7,1,GSM634714,train,not_lonely
GSE25837,7,1,GSM634715,train,lonely
GSE25837,7,1,GSM634716,train,not_lonely
GSE25837,7,1,GSM634717,train,not_lonely
GSE25837,7,1,GSM634719,train,not_lonely
GSE25837,7,1,GSM634720,train,not_lonely
GSE25837,7,1,GSM634721,train,not_lonely
GSE25837,7,1,GSM634722,train,not_lonely
GSE25837,7,1,GSM634723,train,not_lonely
GSE25837,7,1,GSM634724,train,not_lonely
GSE25837,7,1,GSM634725,train,not_lonely
GSE25837,7,1,GSM634637,test,not_lonely
GSE25837,7,1,GSM634644,test,not_lonely
GSE25837,7,1,GSM634648,test,lonely
GSE25837,7,1,GSM634660,test,not_lonely
GSE25837,7,1,GSM634662,test,not_lonely
GSE25837,7,1,GSM634667,test,lonely
GSE25837,7,1,GSM634669,test,lonely
GSE25837,7,1,GSM634692,test,not_lonely
GSE25837,7,1,GSM634696,test,not_lonely
GSE25837,7,1,GSM634718,test,not_lonely
GSE25837,7,2,GSM634633,train,not_lonely
GSE25837,7,2,GSM634634,train,not_lonely
GSE25837,7,2,GSM634635,train,not_lonely
GSE25837,7,2,GSM634636,train,not_lonely
GSE25837,7,2,GSM634637,train,not_lonely
GSE25837,7,2,GSM634638,train,not_lonely
GSE25837,7,2,GSM634639,train,not_lonely
GSE25837,7,2,GSM634640,train,not_lonely
GSE25837,7,2,GSM634641,train,not_lonely
GSE25837,7,2,GSM634642,train,not_lonely
GSE25837,7,2,GSM634643,train,lonely
GSE25837,7,2,GSM634644,train,not_lonely
GSE25837,7,2,GSM634645,train,not_lonely
GSE25837,7,2,GSM634646,train,not_lonely
GSE25837,7,2,GSM634647,train,not_lonely
GSE25837,7,2,GSM634648,train,lonely
GSE25837,7,2,GSM634649,train,lonely
GSE25837,7,2,GSM634650,train,lonely
GSE25837,7,2,GSM634651,train,not_lonely
GSE25837,7,2,GSM634652,train,not_lonely
GSE25837,7,2,GSM634653,train,lonely
GSE25837,7,2,GSM634654,train,not_lonely
GSE25837,7,2,GSM634655,train,not_lonely
GSE25837,7,2,GSM634656,train,not_lonely
GSE25837,7,2,GSM634658,train,not_lonely
GSE25837,7,2,GSM634659,train,lonely
GSE25837,7,2,GSM634660,train,not_lonely
GSE25837,7,2,GSM634661,train,not_lonely
GSE25837,7,2,GSM634662,train,not_lonely
GSE25837,7,2,GSM634664,train,not_lonely
GSE25837,7,2,GSM634665,train,not_lonely
GSE25837,7,2,GSM634666,train,lonely
GSE25837,7,2,GSM634667,train,lonely
GSE25837,7,2,GSM634668,train,not_lonely
GSE25837,7,2,GSM634669,train,lonely
GSE25837,7,2,GSM634671,train,not_lonely
GSE25837,7,2,GSM634673,train,not_lonely
GSE25837,7,2,GSM634674,train,not_lonely
GSE25837,7,2,GSM634675,train,not_lonely
GSE25837,7,2,GSM634676,train,not_lonely
GSE25837,7,2,GSM634677,train,not_lonely
GSE25837,7,2,GSM634678,train,not_lonely
GSE25837,7,2,GSM634680,train,lonely
GSE25837,7,2,GSM634681,train,lonely
GSE25837,7,2,GSM634682,train,not_lonely
GSE25837,7,2,GSM634683,train,not_lonely
GSE25837,7,2,GSM634684,train,not_lonely
GSE25837,7,2,GSM634685,train,not_lonely
GSE25837,7,2,GSM634687,train,not_lonely
GSE25837,7,2,GSM634688,train,lonely
GSE25837,7,2,GSM634689,train,not_lonely
GSE25837,7,2,GSM634690,train,lonely
GSE25837,7,2,GSM634691,train,not_lonely
GSE25837,7,2,GSM634692,train,not_lonely
GSE25837,7,2,GSM634693,train,not_lonely
GSE25837,7,2,GSM634694,train,lonely
GSE25837,7,2,GSM634695,train,not_lonely
GSE25837,7,2,GSM634696,train,not_lonely
GSE25837,7,2,GSM634697,train,not_lonely
GSE25837,7,2,GSM634698,train,lonely
GSE25837,7,2,GSM634699,train,not_lonely
GSE25837,7,2,GSM634700,train,not_lonely
GSE25837,7,2,GSM634701,train,not_lonely
GSE25837,7,2,GSM634702,train,not_lonely
GSE25837,7,2,GSM634703,train,not_lonely
GSE25837,7,2,GSM634704,train,lonely
GSE25837,7,2,GSM634706,train,lonely
GSE25837,7,2,GSM634707,train,lonely
GSE25837,7,2,GSM634709,train,not_lonely
GSE25837,7,2,GSM634710,train,not_lonely
GSE25837,7,2,GSM634711,train,lonely
GSE25837,7,2,GSM634712,train,not_lonely
GSE25837,7,2,GSM634713,train,not_lonely
GSE25837,7,2,GSM634714,train,not_lonely
GSE25837,7,2,GSM634715,train,lonely
GSE25837,7,2,GSM634716,train,not_lonely
GSE25837,7,2,GSM634717,train,not_lonely
GSE25837,7,2,GSM634718,train,not_lonely
GSE25837,7,2,GSM634719,train,not_lonely
GSE25837,7,2,GSM634720,train,not_lonely
GSE25837,7,2,GSM634722,train,not_lonely
GSE25837,7,2,GSM634724,train,not_lonely
GSE25837,7,2,GSM634725,train,not_lonely
GSE25837,7,2,GSM634657,test,not_lonely
GSE25837,7,2,GSM634663,test,not_lonely
GSE25837,7,2,GSM634670,test,lonely
GSE25837,7,2,GSM634672,test,not_lonely
GSE25837,7,2,GSM634679,test,lonely
GSE25837,7,2,GSM634686,test,not_lonely
GSE25837,7,2,GSM634705,test,lonely
GSE25837,7,2,GSM634708,test,not_lonely
GSE25837,7,2,GSM634721,test,not_lonely
GSE25837,7,2,GSM634723,test,not_lonely
GSE25837,7,3,GSM634634,train,not_lonely
GSE25837,7,3,GSM634635,train,not_lonely
GSE25837,7,3,GSM634636,train,not_lonely
GSE25837,7,3,GSM634637,train,not_lonely
GSE25837,7,3,GSM634638,train,not_lonely
GSE25837,7,3,GSM634639,train,not_lonely
GSE25837,7,3,GSM634640,train,not_lonely
GSE25837,7,3,GSM634641,train,not_lonely
GSE25837,7,3,GSM634642,train,not_lonely
GSE25837,7,3,GSM634643,train,lonely
GSE25837,7,3,GSM634644,train,not_lonely
GSE25837,7,3,GSM634645,train,not_lonely
GSE25837,7,3,GSM634646,train,not_lonely
GSE25837,7,3,GSM634647,train,not_lonely
GSE25837,7,3,GSM634648,train,lonely
GSE25837,7,3,GSM634649,train,lonely
GSE25837,7,3,GSM634650,train,lonely
GSE25837,7,3,GSM634651,train,not_lonely
GSE25837,7,3,GSM634653,train,lonely
GSE25837,7,3,GSM634654,train,not_lonely
GSE25837,7,3,GSM634655,train,not_lonely
GSE25837,7,3,GSM634656,train,not_lonely
GSE25837,7,3,GSM634657,train,not_lonely
GSE25837,7,3,GSM634659,train,lonely
GSE25837,7,3,GSM634660,train,not_lonely
GSE25837,7,3,GSM634661,train,not_lonely
GSE25837,7,3,GSM634662,train,not_lonely
GSE25837,7,3,GSM634663,train,not_lonely
GSE25837,7,3,GSM634664,train,not_lonely
GSE25837,7,3,GSM634665,train,not_lonely
GSE25837,7,3,GSM634666,train,lonely
GSE25837,7,3,GSM634667,train,lonely
GSE25837,7,3,GSM634668,train,not_lonely
GSE25837,7,3,GSM634669,train,lonely
GSE25837,7,3,GSM634670,train,lonely
GSE25837,7,3,GSM634671,train,not_lonely
GSE25837,7,3,GSM634672,train,not_lonely
GSE25837,7,3,GSM634673,train,not_lonely
GSE25837,7,3,GSM634674,train,not_lonely
GSE25837,7,3,GSM634675,train,not_lonely
GSE25837,7,3,GSM634676,train,not_lonely
GSE25837,7,3,GSM634677,train,not_lonely
GSE25837,7,3,GSM634678,train,not_lonely
GSE25837,7,3,GSM634679,train,lonely
GSE25837,7,3,GSM634680,train,lonely
GSE25837,7,3,GSM634681,train,lonely
GSE25837,7,3,GSM634682,train,not_lonely
GSE25837,7,3,GSM634683,train,not_lonely
GSE25837,7,3,GSM634684,train,not_lonely
GSE25837,7,3,GSM634685,train,not_lonely
GSE25837,7,3,GSM634686,train,not_lonely
GSE25837,7,3,GSM634689,train,not_lonely
GSE25837,7,3,GSM634690,train,lonely
GSE25837,7,3,GSM634691,train,not_lonely
GSE25837,7,3,GSM634692,train,not_lonely
GSE25837,7,3,GSM634694,train,lonely
GSE25837,7,3,GSM634695,train,not_lonely
GSE25837,7,3,GSM634696,train,not_lonely
GSE25837,7,3,GSM634697,train,not_lonely
GSE25837,7,3,GSM634699,train,not_lonely
GSE25837,7,3,GSM634700,train,not_lonely
GSE25837,7,3,GSM634702,train,not_lonely
GSE25837,7,3,GSM634703,train,not_lonely
GSE25837,7,3,GSM634704,train,lonely
GSE25837,7,3,GSM634705,train,lonely
GSE25837,7,3,GSM634707,train,lonely
GSE25837,7,3,GSM634708,train,not_lonely
GSE25837,7,3,GSM634709,train,not_lonely
GSE25837,7,3,GSM634710,train,not_lonely
GSE25837,7,3,GSM634711,train,lonely
GSE25837,7,3,GSM634712,train,not_lonely
GSE25837,7,3,GSM634714,train,not_lonely
GSE25837,7,3,GSM634715,train,lonely
GSE25837,7,3,GSM634716,train,not_lonely
GSE25837,7,3,GSM634717,train,not_lonely
GSE25837,7,3,GSM634718,train,not_lonely
GSE25837,7,3,GSM634719,train,not_lonely
GSE25837,7,3,GSM634720,train,not_lonely
GSE25837,7,3,GSM634721,train,not_lonely
GSE25837,7,3,GSM634722,train,not_lonely
GSE25837,7,3,GSM634723,train,not_lonely
GSE25837,7,3,GSM634724,train,not_lonely
GSE25837,7,3,GSM634725,train,not_lonely
GSE25837,7,3,GSM634633,test,not_lonely
GSE25837,7,3,GSM634652,test,not_lonely
GSE25837,7,3,GSM634658,test,not_lonely
GSE25837,7,3,GSM634687,test,not_lonely
GSE25837,7,3,GSM634688,test,lonely
GSE25837,7,3,GSM634693,test,not_lonely
GSE25837,7,3,GSM634698,test,lonely
GSE25837,7,3,GSM634701,test,not_lonely
GSE25837,7,3,GSM634706,test,lonely
GSE25837,7,3,GSM634713,test,not_lonely
GSE25837,7,4,GSM634633,train,not_lonely
GSE25837,7,4,GSM634634,train,not_lonely
GSE25837,7,4,GSM634635,train,not_lonely
GSE25837,7,4,GSM634636,train,not_lonely
GSE25837,7,4,GSM634637,train,not_lonely
GSE25837,7,4,GSM634639,train,not_lonely
GSE25837,7,4,GSM634640,train,not_lonely
GSE25837,7,4,GSM634641,train,not_lonely
GSE25837,7,4,GSM634642,train,not_lonely
GSE25837,7,4,GSM634643,train,lonely
GSE25837,7,4,GSM634644,train,not_lonely
GSE25837,7,4,GSM634646,train,not_lonely
GSE25837,7,4,GSM634647,train,not_lonely
GSE25837,7,4,GSM634648,train,lonely
GSE25837,7,4,GSM634649,train,lonely
GSE25837,7,4,GSM634650,train,lonely
GSE25837,7,4,GSM634651,train,not_lonely
GSE25837,7,4,GSM634652,train,not_lonely
GSE25837,7,4,GSM634653,train,lonely
GSE25837,7,4,GSM634654,train,not_lonely
GSE25837,7,4,GSM634656,train,not_lonely
GSE25837,7,4,GSM634657,train,not_lonely
GSE25837,7,4,GSM634658,train,not_lonely
GSE25837,7,4,GSM634659,train,lonely
GSE25837,7,4,GSM634660,train,not_lonely
GSE25837,7,4,GSM634661,train,not_lonely
GSE25837,7,4,GSM634662,train,not_lonely
GSE25837,7,4,GSM634663,train,not_lonely
GSE25837,7,4,GSM634664,train,not_lonely
GSE25837,7,4,GSM634665,train,not_lonely
GSE25837,7,4,GSM634666,train,lonely
GSE25837,7,4,GSM634667,train,lonely
GSE25837,7,4,GSM634668,train,not_lonely
GSE25837,7,4,GSM634669,train,lonely
GSE25837,7,4,GSM634670,train,lonely
GSE25837,7,4,GSM634671,train,not_lonely
GSE25837,7,4,GSM634672,train,not_lonely
GSE25837,7,4,GSM634674,train,not_lonely
GSE25837,7,4,GSM634675,train,not_lonely
GSE25837,7,4,GSM634676,train,not_lonely
GSE25837,7,4,GSM634678,train,not_lonely
GSE25837,7,4,GSM634679,train,lonely
GSE25837,7,4,GSM634680,train,lonely
GSE25837,7,4,GSM634681,train,lonely
GSE25837,7,4,GSM634682,train,not_lonely
GSE25837,7,4,GSM634683,train,not_lonely
GSE25837,7,4,GSM634684,train,not_lonely
GSE25837,7,4,GSM634685,train,not_lonely
GSE25837,7,4,GSM634686,train,not_lonely
GSE25837,7,4,GSM634687,train,not_lonely
GSE25837,7,4,GSM634688,train,lonely
GSE25837,7,4,GSM634689,train,not_lonely
GSE25837,7,4,GSM634690,train,lonely
GSE25837,7,4,GSM634691,train,not_lonely
GSE25837,7,4,GSM634692,train,not_lonely
GSE25837,7,4,GSM634693,train,not_lonely
GSE25837,7,4,GSM634694,train,lonely
GSE25837,7,4,GSM634695,train,not_lonely
GSE25837,7,4,GSM634696,train,not_lonely
GSE25837,7,4,GSM634697,train,not_lonely
GSE25837,7,4,GSM634698,train,lonely
GSE25837,7,4,GSM634699,train,not_lonely
GSE25837,7,4,GSM634700,train,not_lonely
GSE25837,7,4,GSM634701,train,not_lonely
GSE25837,7,4,GSM634703,train,not_lonely
GSE25837,7,4,GSM634704,train,lonely
GSE25837,7,4,GSM634705,train,lonely
GSE25837,7,4,GSM634706,train,lonely
GSE25837,7,4,GSM634708,train,not_lonely
GSE25837,7,4,GSM634709,train,not_lonely
GSE25837,7,4,GSM634710,train,not_lonely
GSE25837,7,4,GSM634712,train,not_lonely
GSE25837,7,4,GSM634713,train,not_lonely
GSE25837,7,4,GSM634715,train,lonely
GSE25837,7,4,GSM634716,train,not_lonely
GSE25837,7,4,GSM634717,train,not_lonely
GSE25837,7,4,GSM634718,train,not_lonely
GSE25837,7,4,GSM634719,train,not_lonely
GSE25837,7,4,GSM634720,train,not_lonely
GSE25837,7,4,GSM634721,train,not_lonely
GSE25837,7,4,GSM634722,train,not_lonely
GSE25837,7,4,GSM634723,train,not_lonely
GSE25837,7,4,GSM634724,train,not_lonely
GSE25837,7,4,GSM634725,train,not_lonely
GSE25837,7,4,GSM634638,test,not_lonely
GSE25837,7,4,GSM634645,test,not_lonely
GSE25837,7,4,GSM634655,test,not_lonely
GSE25837,7,4,GSM634673,test,not_lonely
GSE25837,7,4,GSM634677,test,not_lonely
GSE25837,7,4,GSM634702,test,not_lonely
GSE25837,7,4,GSM634707,test,lonely
GSE25837,7,4,GSM634711,test,lonely
GSE25837,7,4,GSM634714,test,not_lonely
GSE25837,7,5,GSM634633,train,not_lonely
GSE25837,7,5,GSM634634,train,not_lonely
GSE25837,7,5,GSM634635,train,not_lonely
GSE25837,7,5,GSM634636,train,not_lonely
GSE25837,7,5,GSM634637,train,not_lonely
GSE25837,7,5,GSM634638,train,not_lonely
GSE25837,7,5,GSM634639,train,not_lonely
GSE25837,7,5,GSM634640,train,not_lonely
GSE25837,7,5,GSM634641,train,not_lonely
GSE25837,7,5,GSM634642,train,not_lonely
GSE25837,7,5,GSM634643,train,lonely
GSE25837,7,5,GSM634644,train,not_lonely
GSE25837,7,5,GSM634645,train,not_lonely
GSE25837,7,5,GSM634646,train,not_lonely
GSE25837,7,5,GSM634647,train,not_lonely
GSE25837,7,5,GSM634648,train,lonely
GSE25837,7,5,GSM634650,train,lonely
GSE25837,7,5,GSM634651,train,not_lonely
GSE25837,7,5,GSM634652,train,not_lonely
GSE25837,7,5,GSM634653,train,lonely
GSE25837,7,5,GSM634654,train,not_lonely
GSE25837,7,5,GSM634655,train,not_lonely
GSE25837,7,5,GSM634656,train,not_lonely
GSE25837,7,5,GSM634657,train,not_lonely
GSE25837,7,5,GSM634658,train,not_lonely
GSE25837,7,5,GSM634659,train,lonely
GSE25837,7,5,GSM634660,train,not_lonely
GSE25837,7,5,GSM634662,train,not_lonely
GSE25837,7,5,GSM634663,train,not_lonely
GSE25837,7,5,GSM634665,train,not_lonely
GSE25837,7,5,GSM634666,train,lonely
GSE25837,7,5,GSM634667,train,lonely
GSE25837,7,5,GSM634668,train,not_lonely
GSE25837,7,5,GSM634669,train,lonely
GSE25837,7,5,GSM634670,train,lonely
GSE25837,7,5,GSM634671,train,not_lonely
GSE25837,7,5,GSM634672,train,not_lonely
GSE25837,7,5,GSM634673,train,not_lonely
GSE25837,7,5,GSM634674,train,not_lonely
GSE25837,7,5,GSM634675,train,not_lonely
GSE25837,7,5,GSM634676,train,not_lonely
GSE25837,7,5,GSM634677,train,not_lonely
GSE25837,7,5,GSM634679,train,lonely
GSE25837,7,5,GSM634680,train,lonely
GSE25837,7,5,GSM634681,train,lonely
GSE25837,7,5,GSM634682,train,not_lonely
GSE25837,7,5,GSM634683,train,not_lonely
GSE25837,7,5,GSM634684,train,not_lonely
GSE25837,7,5,GSM634685,train,not_lonely
GSE25837,7,5,GSM634686,train,not_lonely
GSE25837,7,5,GSM634687,train,not_lonely
GSE25837,7,5,GSM634688,train,lonely
GSE25837,7,5,GSM634689,train,not_lonely
GSE25837,7,5,GSM634690,train,lonely
GSE25837,7,5,GSM634692,train,not_lonely
GSE25837,7,5,GSM634693,train,not_lonely
GSE25837,7,5,GSM634695,train,not_lonely
GSE25837,7,5,GSM634696,train,not_lonely
GSE25837,7,5,GSM634697,train,not_lonely
GSE25837,7,5,GSM634698,train,lonely
GSE25837,7,5,GSM634699,train,not_lonely
GSE25837,7,5,GSM634701,train,not_lonely
GSE25837,7,5,GSM634702,train,not_lonely
GSE25837,7,5,GSM634703,train,not_lonely
GSE25837,7,5,GSM634704,train,lonely
GSE25837,7,5,GSM634705,train,lonely
GSE25837,7,5,GSM634706,train,lonely
GSE25837,7,5,GSM634707,train,lonely
GSE25837,7,5,GSM634708,train,not_lonely
GSE25837,7,5,GSM634709,train,not_lonely
GSE25837,7,5,GSM634711,train,lonely
GSE25837,7,5,GSM634712,train,not_lonely
GSE25837,7,5,GSM634713,train,not_lonely
GSE25837,7,5,GSM634714,train,not_lonely
GSE25837,7,5,GSM634715,train,lonely
GSE25837,7,5,GSM634717,train,not_lonely
GSE25837,7,5,GSM634718,train,not_lonely
GSE25837,7,5,GSM634719,train,not_lonely
GSE25837,7,5,GSM634720,train,not_lonely
GSE25837,7,5,GSM634721,train,not_lonely
GSE25837,7,5,GSM634722,train,not_lonely
GSE25837,7,5,GSM634723,train,not_lonely
GSE25837,7,5,GSM634724,train,not_lonely
GSE25837,7,5,GSM634725,train,not_lonely
GSE25837,7,5,GSM634649,test,lonely
GSE25837,7,5,GSM634661,test,not_lonely
GSE25837,7,5,GSM634664,test,not_lonely
GSE25837,7,5,GSM634678,test,not_lonely
GSE25837,7,5,GSM634691,test,not_lonely
GSE25837,7,5,GSM634694,test,lonely
GSE25837,7,5,GSM634700,test,not_lonely
GSE25837,7,5,GSM634710,test,not_lonely
GSE25837,7,5,GSM634716,test,not_lonely
GSE25837,7,6,GSM634633,train,not_lonely
GSE25837,7,6,GSM634634,train,not_lonely
GSE25837,7,6,GSM634636,train,not_lonely
GSE25837,7,6,GSM634637,train,not_lonely
GSE25837,7,6,GSM634638,train,not_lonely
GSE25837,7,6,GSM634639,train,not_lonely
GSE25837,7,6,GSM634640,train,not_lonely
GSE25837,7,6,GSM634641,train,not_lonely
GSE25837,7,6,GSM634642,train,not_lonely
GSE25837,7,6,GSM634644,train,not_lonely
GSE25837,7,6,GSM634645,train,not_lonely
GSE25837,7,6,GSM634646,train,not_lonely
GSE25837,7,6,GSM634647,train,not_lonely
GSE25837,7,6,GSM634648,train,lonely
GSE25837,7,6,GSM634649,train,lonely
GSE25837,7,6,GSM634650,train,lonely
GSE25837,7,6,GSM634651,train,not_lonely
GSE25837,7,6,GSM634652,train,not_lonely
GSE25837,7,6,GSM634653,train,lonely
GSE25837,7,6,GSM634654,train,not_lonely
GSE25837,7,6,GSM634655,train,not_lonely
GSE25837,7,6,GSM634656,train,not_lonely
GSE25837,7,6,GSM634657,train,not_lonely
GSE25837,7,6,GSM634658,train,not_lonely
GSE25837,7,6,GSM634660,train,not_lonely
GSE25837,7,6,GSM634661,train,not_lonely
GSE25837,7,6,GSM634662,train,not_lonely
GSE25837,7,6,GSM634663,train,not_lonely
GSE25837,7,6,GSM634664,train,not_lonely
GSE25837,7,6,GSM634665,train,not_lonely
GSE25837,7,6,GSM634666,train,lonely
GSE25837,7,6,GSM634667,train,lonely
GSE25837,7,6,GSM634669,train,lonely
GSE25837,7,6,GSM634670,train,lonely
GSE25837,7,6,GSM634671,train,not_lonely
GSE25837,7,6,GSM634672,train,not_lonely
GSE25837,7,6,GSM634673,train,not_lonely
GSE25837,7,6,GSM634674,train,not_lonely
GSE25837,7,6,GSM634675,train,not_lonely
GSE25837,7,6,GSM634677,train,not_lonely
GSE25837,7,6,GSM634678,train,not_lonely
GSE25837,7,6,GSM634679,train,lonely
GSE25837,7,6,GSM634680,train,lonely
GSE25837,7,6,GSM634681,train,lonely
GSE25837,7,6,GSM634682,train,not_lonely
GSE25837,7,6,GSM634683,train,not_lonely
GSE25837,7,6,GSM634685,train,not_lonely
GSE25837,7,6,GSM634686,train,not_lonely
GSE25837,7,6,GSM634687,train,not_lonely
GSE25837,7,6,GSM634688,train,lonely
GSE25837,7,6,GSM634689,train,not_lonely
GSE25837,7,6,GSM634690,train,lonely
GSE25837,7,6,GSM634691,train,not_lonely
GSE25837,7,6,GSM634692,train,not_lonely
GSE25837,7,6,GSM634693,train,not_lonely
GSE25837,7,6,GSM634694,train,lonely
GSE25837,7,6,GSM634695,train,not_lonely
GSE25837,7,6,GSM634696,train,not_lonely
GSE25837,7,6,GSM634697,train,not_lonely
GSE25837,7,6,GSM634698,train,lonely
GSE25837,7,6,GSM634699,train,not_lonely
GSE25837,7,6,GSM634700,train,not_lonely
GSE25837,7,6,GSM634701,train,not_lonely
GSE25837,7,6,GSM634702,train,not_lonely
GSE25837,7,6,GSM634703,train,not_lonely
GSE25837,7,6,GSM634704,train,lonely
GSE25837,7,6,GSM634705,train,lonely
GSE25837,7,6,GSM634706,train,lonely
GSE25837,7,6,GSM634707,train,lonely
GSE25837,7,6,GSM634708,train,not_lonely
GSE25837,7,6,GSM634709,train,not_lonely
GSE25837,7,6,GSM634710,train,not_lonely
GSE25837,7,6,GSM634711,train,lonely
GSE25837,7,6,GSM634713,train,not_lonely
GSE25837,7,6,GSM634714,train,not_lonely
GSE25837,7,6,GSM634715,train,lonely
GSE25837,7,6,GSM634716,train,not_lonely
GSE25837,7,6,GSM634717,train,not_lonely
GSE25837,7,6,GSM634718,train,not_lonely
GSE25837,7,6,GSM634719,train,not_lonely
GSE25837,7,6,GSM634720,train,not_lonely
GSE25837,7,6,GSM634721,train,not_lonely
GSE25837,7,6,GSM634723,train,not_lonely
GSE25837,7,6,GSM634725,train,not_lonely
GSE25837,7,6,GSM634635,test,not_lonely
GSE25837,7,6,GSM634643,test,lonely
GSE25837,7,6,GSM634659,test,lonely
GSE25837,7,6,GSM634668,test,not_lonely
GSE25837,7,6,GSM634676,test,not_lonely
GSE25837,7,6,GSM634684,test,not_lonely
GSE25837,7,6,GSM634712,test,not_lonely
GSE25837,7,6,GSM634722,test,not_lonely
GSE25837,7,6,GSM634724,test,not_lonely
GSE25837,7,7,GSM634633,train,not_lonely
GSE25837,7,7,GSM634634,train,not_lonely
GSE25837,7,7,GSM634635,train,not_lonely
GSE25837,7,7,GSM634636,train,not_lonely
GSE25837,7,7,GSM634637,train,not_lonely
GSE25837,7,7,GSM634638,train,not_lonely
GSE25837,7,7,GSM634639,train,not_lonely
GSE25837,7,7,GSM634640,train,not_lonely
GSE25837,7,7,GSM634641,train,not_lonely
GSE25837,7,7,GSM634643,train,lonely
GSE25837,7,7,GSM634644,train,not_lonely
GSE25837,7,7,GSM634645,train,not_lonely
GSE25837,7,7,GSM634646,train,not_lonely
GSE25837,7,7,GSM634647,train,not_lonely
GSE25837,7,7,GSM634648,train,lonely
GSE25837,7,7,GSM634649,train,lonely
GSE25837,7,7,GSM634650,train,lonely
GSE25837,7,7,GSM634651,train,not_lonely
GSE25837,7,7,GSM634652,train,not_lonely
GSE25837,7,7,GSM634653,train,lonely
GSE25837,7,7,GSM634654,train,not_lonely
GSE25837,7,7,GSM634655,train,not_lonely
GSE25837,7,7,GSM634656,train,not_lonely
GSE25837,7,7,GSM634657,train,not_lonely
GSE25837,7,7,GSM634658,train,not_lonely
GSE25837,7,7,GSM634659,train,lonely
GSE25837,7,7,GSM634660,train,not_lonely
GSE25837,7,7,GSM634661,train,not_lonely
GSE25837,7,7,GSM634662,train,not_lonely
GSE25837,7,7,GSM634663,train,not_lonely
GSE25837,7,7,GSM634664,train,not_lonely
GSE25837,7,7,GSM634665,train,not_lonely
GSE25837,7,7,GSM634666,train,lonely
GSE25837,7,7,GSM634667,train,lonely
GSE25837,7,7,GSM634668,train,not_lonely
GSE25837,7,7,GSM634669,train,lonely
GSE25837,7,7,GSM634670,train,lonely
GSE25837,7,7,GSM634671,train,not_lonely
GSE25837,7,7,GSM634672,train,not_lonely
GSE25837,7,7,GSM634673,train,not_lonely
GSE25837,7,7,GSM634674,train,not_lonely
GSE25837,7,7,GSM634676,train,not_lonely
GSE25837,7,7,GSM634677,train,not_lonely
GSE25837,7,7,GSM634678,train,not_lonely
GSE25837,7,7,GSM634679,train,lonely
GSE25837,7,7,GSM634681,train,lonely
GSE25837,7,7,GSM634682,train,not_lonely
GSE25837,7,7,GSM634684,train,not_lonely
GSE25837,7,7,GSM634685,train,not_lonely
GSE25837,7,7,GSM634686,train,not_lonely
GSE25837,7,7,GSM634687,train,not_lonely
GSE25837,7,7,GSM634688,train,lonely
GSE25837,7,7,GSM634689,train,not_lonely
GSE25837,7,7,GSM634691,train,not_lonely
GSE25837,7,7,GSM634692,train,not_lonely
GSE25837,7,7,GSM634693,train,not_lonely
GSE25837,7,7,GSM634694,train,lonely
GSE25837,7,7,GSM634695,train,not_lonely
GSE25837,7,7,GSM634696,train,not_lonely
GSE25837,7,7,GSM634698,train,lonely
GSE25837,7,7,GSM634699,train,not_lonely
GSE25837,7,7,GSM634700,train,not_lonely
GSE25837,7,7,GSM634701,train,not_lonely
GSE25837,7,7,GSM634702,train,not_lonely
GSE25837,7,7,GSM634703,train,not_lonely
GSE25837,7,7,GSM634704,train,lonely
GSE25837,7,7,GSM634705,train,lonely
GSE25837,7,7,GSM634706,train,lonely
GSE25837,7,7,GSM634707,train,lonely
GSE25837,7,7,GSM634708,train,not_lonely
GSE25837,7,7,GSM634710,train,not_lonely
GSE25837,7,7,GSM634711,train,lonely
GSE25837,7,7,GSM634712,train,not_lonely
GSE25837,7,7,GSM634713,train,not_lonely
GSE25837,7,7,GSM634714,train,not_lonely
GSE25837,7,7,GSM634715,train,lonely
GSE25837,7,7,GSM634716,train,not_lonely
GSE25837,7,7,GSM634718,train,not_lonely
GSE25837,7,7,GSM634719,train,not_lonely
GSE25837,7,7,GSM634720,train,not_lonely
GSE25837,7,7,GSM634721,train,not_lonely
GSE25837,7,7,GSM634722,train,not_lonely
GSE25837,7,7,GSM634723,train,not_lonely
GSE25837,7,7,GSM634724,train,not_lonely
GSE25837,7,7,GSM634642,test,not_lonely
GSE25837,7,7,GSM634675,test,not_lonely
GSE25837,7,7,GSM634680,test,lonely
GSE25837,7,7,GSM634683,test,not_lonely
GSE25837,7,7,GSM634690,test,lonely
GSE25837,7,7,GSM634697,test,not_lonely
GSE25837,7,7,GSM634709,test,not_lonely
GSE25837,7,7,GSM634717,test,not_lonely
GSE25837,7,7,GSM634725,test,not_lonely
GSE25837,7,8,GSM634633,train,not_lonely
GSE25837,7,8,GSM634634,train,not_lonely
GSE25837,7,8,GSM634635,train,not_lonely
GSE25837,7,8,GSM634636,train,not_lonely
GSE25837,7,8,GSM634637,train,not_lonely
GSE25837,7,8,GSM634638,train,not_lonely
GSE25837,7,8,GSM634639,train,not_lonely
GSE25837,7,8,GSM634642,train,not_lonely
GSE25837,7,8,GSM634643,train,lonely
GSE25837,7,8,GSM634644,train,not_lonely
GSE25837,7,8,GSM634645,train,not_lonely
GSE25837,7,8,GSM634646,train,not_lonely
GSE25837,7,8,GSM634647,train,not_lonely
GSE25837,7,8,GSM634648,train,lonely
GSE25837,7,8,GSM634649,train,lonely
GSE25837,7,8,GSM634652,train,not_lonely
GSE25837,7,8,GSM634654,train,not_lonely
GSE25837,7,8,GSM634655,train,not_lonely
GSE25837,7,8,GSM634657,train,not_lonely
GSE25837,7,8,GSM634658,train,not_lonely
GSE25837,7,8,GSM634659,train,lonely
GSE25837,7,8,GSM634660,train,not_lonely
GSE25837,7,8,GSM634661,train,not_lonely
GSE25837,7,8,GSM634662,train,not_lonely
GSE25837,7,8,GSM634663,train,not_lonely
GSE25837,7,8,GSM634664,train,not_lonely
GSE25837,7,8,GSM634665,train,not_lonely
GSE25837,7,8,GSM634666,train,lonely
GSE25837,7,8,GSM634667,train,lonely
GSE25837,7,8,GSM634668,train,not_lonely
GSE25837,7,8,GSM634669,train,lonely
GSE25837,7,8,GSM634670,train,lonely
GSE25837,7,8,GSM634672,train,not_lonely
GSE25837,7,8,GSM634673,train,not_lonely
GSE25837,7,8,GSM634675,train,not_lonely
GSE25837,7,8,GSM634676,train,not_lonely
GSE25837,7,8,GSM634677,train,not_lonely
GSE25837,7,8,GSM634678,train,not_lonely
GSE25837,7,8,GSM634679,train,lonely
GSE25837,7,8,GSM634680,train,lonely
GSE25837,7,8,GSM634681,train,lonely
GSE25837,7,8,GSM634683,train,not_lonely
GSE25837,7,8,GSM634684,train,not_lonely
GSE25837,7,8,GSM634685,train,not_lonely
GSE25837,7,8,GSM634686,train,not_lonely
GSE25837,7,8,GSM634687,train,not_lonely
GSE25837,7,8,GSM634688,train,lonely
GSE25837,7,8,GSM634689,train,not_lonely
GSE25837,7,8,GSM634690,train,lonely
GSE25837,7,8,GSM634691,train,not_lonely
GSE25837,7,8,GSM634692,train,not_lonely
GSE25837,7,8,GSM634693,train,not_lonely
GSE25837,7,8,GSM634694,train,lonely
GSE25837,7,8,GSM634695,train,not_lonely
GSE25837,7,8,GSM634696,train,not_lonely
GSE25837,7,8,GSM634697,train,not_lonely
GSE25837,7,8,GSM634698,train,lonely
GSE25837,7,8,GSM634699,train,not_lonely
GSE25837,7,8,GSM634700,train,not_lonely
GSE25837,7,8,GSM634701,train,not_lonely
GSE25837,7,8,GSM634702,train,not_lonely
GSE25837,7,8,GSM634703,train,not_lonely
GSE25837,7,8,GSM634704,train,lonely
GSE25837,7,8,GSM634705,train,lonely
GSE25837,7,8,GSM634706,train,lonely
GSE25837,7,8,GSM634707,train,lonely
GSE25837,7,8,GSM634708,train,not_lonely
GSE25837,7,8,GSM634709,train,not_lonely
GSE25837,7,8,GSM634710,train,not_lonely
GSE25837,7,8,GSM634711,train,lonely
GSE25837,7,8,GSM634712,train,not_lonely
GSE25837,7,8,GSM634713,train,not_lonely
GSE25837,7,8,GSM634714,train,not_lonely
GSE25837,7,8,GSM634715,train,lonely
GSE25837,7,8,GSM634716,train,not_lonely
GSE25837,7,8,GSM634717,train,not_lonely
GSE25837,7,8,GSM634718,train,not_lonely
GSE25837,7,8,GSM634719,train,not_lonely
GSE25837,7,8,GSM634720,train,not_lonely
GSE25837,7,8,GSM634721,train,not_lonely
GSE25837,7,8,GSM634722,train,not_lonely
GSE25837,7,8,GSM634723,train,not_lonely
GSE25837,7,8,GSM634724,train,not_lonely
GSE25837,7,8,GSM634725,train,not_lonely
GSE25837,7,8,GSM634640,test,not_lonely
GSE25837,7,8,GSM634641,test,not_lonely
GSE25837,7,8,GSM634650,test,lonely
GSE25837,7,8,GSM634651,test,not_lonely
GSE25837,7,8,GSM634653,test,lonely
GSE25837,7,8,GSM634656,test,not_lonely
GSE25837,7,8,GSM634671,test,not_lonely
GSE25837,7,8,GSM634674,test,not_lonely
GSE25837,7,8,GSM634682,test,not_lonely
GSE25837,7,9,GSM634633,train,not_lonely
GSE25837,7,9,GSM634634,train,not_lonely
GSE25837,7,9,GSM634635,train,not_lonely
GSE25837,7,9,GSM634636,train,not_lonely
GSE25837,7,9,GSM634637,train,not_lonely
GSE25837,7,9,GSM634638,train,not_lonely
GSE25837,7,9,GSM634640,train,not_lonely
GSE25837,7,9,GSM634641,train,not_lonely
GSE25837,7,9,GSM634642,train,not_lonely
GSE25837,7,9,GSM634643,train,lonely
GSE25837,7,9,GSM634644,train,not_lonely
GSE25837,7,9,GSM634645,train,not_lonely
GSE25837,7,9,GSM634648,train,lonely
GSE25837,7,9,GSM634649,train,lonely
GSE25837,7,9,GSM634650,train,lonely
GSE25837,7,9,GSM634651,train,not_lonely
GSE25837,7,9,GSM634652,train,not_lonely
GSE25837,7,9,GSM634653,train,lonely
GSE25837,7,9,GSM634654,train,not_lonely
GSE25837,7,9,GSM634655,train,not_lonely
GSE25837,7,9,GSM634656,train,not_lonely
GSE25837,7,9,GSM634657,train,not_lonely
GSE25837,7,9,GSM634658,train,not_lonely
GSE25837,7,9,GSM634659,train,lonely
GSE25837,7,9,GSM634660,train,not_lonely
GSE25837,7,9,GSM634661,train,not_lonely
GSE25837,7,9,GSM634662,train,not_lonely
GSE25837,7,9,GSM634663,train,not_lonely
GSE25837,7,9,GSM634664,train,not_lonely
GSE25837,7,9,GSM634665,train,not_lonely
GSE25837,7,9,GSM634666,train,lonely
GSE25837,7,9,GSM634667,train,lonely
GSE25837,7,9,GSM634668,train,not_lonely
GSE25837,7,9,GSM634669,train,lonely
GSE25837,7,9,GSM634670,train,lonely
GSE25837,7,9,GSM634671,train,not_lonely
GSE25837,7,9,GSM634672,train,not_lonely
GSE25837,7,9,GSM634673,train,not_lonely
GSE25837,7,9,GSM634674,train,not_lonely
GSE25837,7,9,GSM634675,train,not_lonely
GSE25837,7,9,GSM634676,train,not_lonely
GSE25837,7,9,GSM634677,train,not_lonely
GSE25837,7,9,GSM634678,train,not_lonely
GSE25837,7,9,GSM634679,train,lonely
GSE25837,7,9,GSM634680,train,lonely
GSE25837,7,9,GSM634682,train,not_lonely
GSE25837,7,9,GSM634683,train,not_lonely
GSE25837,7,9,GSM634684,train,not_lonely
GSE25837,7,9,GSM634686,train,not_lonely
GSE25837,7,9,GSM634687,train,not_lonely
GSE25837,7,9,GSM634688,train,lonely
GSE25837,7,9,GSM634689,train,not_lonely
GSE25837,7,9,GSM634690,train,lonely
GSE25837,7,9,GSM634691,train,not_lonely
GSE25837,7,9,GSM634692,train,not_lonely
GSE25837,7,9,GSM634693,train,not_lonely
GSE25837,7,9,GSM634694,train,lonely
GSE25837,7,9,GSM634696,train,not_lonely
GSE25837,7,9,GSM634697,train,not_lonely
GSE25837,7,9,GSM634698,train,lonely
GSE25837,7,9,GSM634699,train,not_lonely
GSE25837,7,9,GSM634700,train,not_lonely
GSE25837,7,9,GSM634701,train,not_lonely
GSE25837,7,9,GSM634702,train,not_lonely
GSE25837,7,9,GSM634705,train,lonely
GSE25837,7,9,GSM634706,train,lonely
GSE25837,7,9,GSM634707,train,lonely
GSE25837,7,9,GSM634708,train,not_lonely
GSE25837,7,9,GSM634709,train,not_lonely
GSE25837,7,9,GSM634710,train,not_lonely
GSE25837,7,9,GSM634711,train,lonely
GSE25837,7,9,GSM634712,train,not_lonely
GSE25837,7,9,GSM634713,train,not_lonely
GSE25837,7,9,GSM634714,train,not_lonely
GSE25837,7,9,GSM634715,train,lonely
GSE25837,7,9,GSM634716,train,not_lonely
GSE25837,7,9,GSM634717,train,not_lonely
GSE25837,7,9,GSM634718,train,not_lonely
GSE25837,7,9,GSM634719,train,not_lonely
GSE25837,7,9,GSM634721,train,not_lonely
GSE25837,7,9,GSM634722,train,not_lonely
GSE25837,7,9,GSM634723,train,not_lonely
GSE25837,7,9,GSM634724,train,not_lonely
GSE25837,7,9,GSM634725,train,not_lonely
GSE25837,7,9,GSM634639,test,not_lonely
GSE25837,7,9,GSM634646,test,not_lonely
GSE25837,7,9,GSM634647,test,not_lonely
GSE25837,7,9,GSM634681,test,lonely
GSE25837,7,9,GSM634685,test,not_lonely
GSE25837,7,9,GSM634695,test,not_lonely
GSE25837,7,9,GSM634703,test,not_lonely
GSE25837,7,9,GSM634704,test,lonely
GSE25837,7,9,GSM634720,test,not_lonely
GSE25837,7,10,GSM634633,train,not_lonely
GSE25837,7,10,GSM634635,train,not_lonely
GSE25837,7,10,GSM634637,train,not_lonely
GSE25837,7,10,GSM634638,train,not_lonely
GSE25837,7,10,GSM634639,train,not_lonely
GSE25837,7,10,GSM634640,train,not_lonely
GSE25837,7,10,GSM634641,train,not_lonely
GSE25837,7,10,GSM634642,train,not_lonely
GSE25837,7,10,GSM634643,train,lonely
GSE25837,7,10,GSM634644,train,not_lonely
GSE25837,7,10,GSM634645,train,not_lonely
GSE25837,7,10,GSM634646,train,not_lonely
GSE25837,7,10,GSM634647,train,not_lonely
GSE25837,7,10,GSM634648,train,lonely
GSE25837,7,10,GSM634649,train,lonely
GSE25837,7,10,GSM634650,train,lonely
GSE25837,7,10,GSM634651,train,not_lonely
GSE25837,7,10,GSM634652,train,not_lonely
GSE25837,7,10,GSM634653,train,lonely
GSE25837,7,10,GSM634655,train,not_lonely
GSE25837,7,10,GSM634656,train,not_lonely
GSE25837,7,10,GSM634657,train,not_lonely
GSE25837,7,10,GSM634658,train,not_lonely
GSE25837,7,10,GSM634659,train,lonely
GSE25837,7,10,GSM634660,train,not_lonely
GSE25837,7,10,GSM634661,train,not_lonely
GSE25837,7,10,GSM634662,train,not_lonely
GSE25837,7,10,GSM634663,train,not_lonely
GSE25837,7,10,GSM634664,train,not_lonely
GSE25837,7,10,GSM634667,train,lonely
GSE25837,7,10,GSM634668,train,not_lonely
GSE25837,7,10,GSM634669,train,lonely
GSE25837,7,10,GSM634670,train,lonely
GSE25837,7,10,GSM634671,train,not_lonely
GSE25837,7,10,GSM634672,train,not_lonely
GSE25837,7,10,GSM634673,train,not_lonely
GSE25837,7,10,GSM634674,train,not_lonely
GSE25837,7,10,GSM634675,train,not_lonely
GSE25837,7,10,GSM634676,train,not_lonely
GSE25837,7,10,GSM634677,train,not_lonely
GSE25837,7,10,GSM634678,train,not_lonely
GSE25837,7,10,GSM634679,train,lonely
GSE25837,7,10,GSM634680,train,lonely
GSE25837,7,10,GSM634681,train,lonely
GSE25837,7,10,GSM634682,train,not_lonely
GSE25837,7,10,GSM634683,train,not_lonely
GSE25837,7,10,GSM634684,train,not_lonely
GSE25837,7,10,GSM634685,train,not_lonely
GSE25837,7,10,GSM634686,train,not_lonely
GSE25837,7,10,GSM634687,train,not_lonely
GSE25837,7,10,GSM634688,train,lonely
GSE25837,7,10,GSM634690,train,lonely
GSE25837,7,10,GSM634691,train,not_lonely
GSE25837,7,10,GSM634692,train,not_lonely
GSE25837,7,10,GSM634693,train,not_lonely
GSE25837,7,10,GSM634694,train,lonely
GSE25837,7,10,GSM634695,train,not_lonely
GSE25837,7,10,GSM634696,train,not_lonely
GSE25837,7,10,GSM634697,train,not_lonely
GSE25837,7,10,GSM634698,train,lonely
GSE25837,7,10,GSM634700,train,not_lonely
GSE25837,7,10,GSM634701,train,not_lonely
GSE25837,7,10,GSM634702,train,not_lonely
GSE25837,7,10,GSM634703,train,not_lonely
GSE25837,7,10,GSM634704,train,lonely
GSE25837,7,10,GSM634705,train,lonely
GSE25837,7,10,GSM634706,train,lonely
GSE25837,7,10,GSM634707,train,lonely
GSE25837,7,10,GSM634708,train,not_lonely
GSE25837,7,10,GSM634709,train,not_lonely
GSE25837,7,10,GSM634710,train,not_lonely
GSE25837,7,10,GSM634711,train,lonely
GSE25837,7,10,GSM634712,train,not_lonely
GSE25837,7,10,GSM634713,train,not_lonely
GSE25837,7,10,GSM634714,train,not_lonely
GSE25837,7,10,GSM634716,train,not_lonely
GSE25837,7,10,GSM634717,train,not_lonely
GSE25837,7,10,GSM634718,train,not_lonely
GSE25837,7,10,GSM634720,train,not_lonely
GSE25837,7,10,GSM634721,train,not_lonely
GSE25837,7,10,GSM634722,train,not_lonely
GSE25837,7,10,GSM634723,train,not_lonely
GSE25837,7,10,GSM634724,train,not_lonely
GSE25837,7,10,GSM634725,train,not_lonely
GSE25837,7,10,GSM634634,test,not_lonely
GSE25837,7,10,GSM634636,test,not_lonely
GSE25837,7,10,GSM634654,test,not_lonely
GSE25837,7,10,GSM634665,test,not_lonely
GSE25837,7,10,GSM634666,test,lonely
GSE25837,7,10,GSM634689,test,not_lonely
GSE25837,7,10,GSM634699,test,not_lonely
GSE25837,7,10,GSM634715,test,lonely
GSE25837,7,10,GSM634719,test,not_lonely
GSE25837,8,1,GSM634633,train,not_lonely
GSE25837,8,1,GSM634634,train,not_lonely
GSE25837,8,1,GSM634635,train,not_lonely
GSE25837,8,1,GSM634636,train,not_lonely
GSE25837,8,1,GSM634637,train,not_lonely
GSE25837,8,1,GSM634638,train,not_lonely
GSE25837,8,1,GSM634639,train,not_lonely
GSE25837,8,1,GSM634640,train,not_lonely
GSE25837,8,1,GSM634641,train,not_lonely
GSE25837,8,1,GSM634642,train,not_lonely
GSE25837,8,1,GSM634643,train,lonely
GSE25837,8,1,GSM634644,train,not_lonely
GSE25837,8,1,GSM634645,train,not_lonely
GSE25837,8,1,GSM634646,train,not_lonely
GSE25837,8,1,GSM634648,train,lonely
GSE25837,8,1,GSM634649,train,lonely
GSE25837,8,1,GSM634650,train,lonely
GSE25837,8,1,GSM634651,train,not_lonely
GSE25837,8,1,GSM634652,train,not_lonely
GSE25837,8,1,GSM634653,train,lonely
GSE25837,8,1,GSM634654,train,not_lonely
GSE25837,8,1,GSM634655,train,not_lonely
GSE25837,8,1,GSM634656,train,not_lonely
GSE25837,8,1,GSM634657,train,not_lonely
GSE25837,8,1,GSM634658,train,not_lonely
GSE25837,8,1,GSM634659,train,lonely
GSE25837,8,1,GSM634660,train,not_lonely
GSE25837,8,1,GSM634661,train,not_lonely
GSE25837,8,1,GSM634662,train,not_lonely
GSE25837,8,1,GSM634664,train,not_lonely
GSE25837,8,1,GSM634665,train,not_lonely
GSE25837,8,1,GSM634666,train,lonely
GSE25837,8,1,GSM634667,train,lonely
GSE25837,8,1,GSM634668,train,not_lonely
GSE25837,8,1,GSM634669,train,lonely
GSE25837,8,1,GSM634671,train,not_lonely
GSE25837,8,1,GSM634672,train,not_lonely
GSE25837,8,1,GSM634673,train,not_lonely
GSE25837,8,1,GSM634674,train,not_lonely
GSE25837,8,1,GSM634675,train,not_lonely
GSE25837,8,1,GSM634677,train,not_lonely
GSE25837,8,1,GSM634678,train,not_lonely
GSE25837,8,1,GSM634680,train,lonely
GSE25837,8,1,GSM634681,train,lonely
GSE25837,8,1,GSM634682,train,not_lonely
GSE25837,8,1,GSM634683,train,not_lonely
GSE25837,8,1,GSM634685,train,not_lonely
GSE25837,8,1,GSM634686,train,not_lonely
GSE25837,8,1,GSM634687,train,not_lonely
GSE25837,8,1,GSM634688,train,lonely
GSE25837,8,1,GSM634689,train,not_lonely
GSE25837,8,1,GSM634690,train,lonely
GSE25837,8,1,GSM634691,train,not_lonely
GSE25837,8,1,GSM634692,train,not_lonely
GSE25837,8,1,GSM634693,train,not_lonely
GSE25837,8,1,GSM634694,train,lonely
GSE25837,8,1,GSM634695,train,not_lonely
GSE25837,8,1,GSM634696,train,not_lonely
GSE25837,8,1,GSM634697,train,not_lonely
GSE25837,8,1,GSM634698,train,lonely
GSE25837,8,1,GSM634699,train,not_lonely
GSE25837,8,1,GSM634700,train,not_lonely
GSE25837,8,1,GSM634701,train,not_lonely
GSE25837,8,1,GSM634702,train,not_lonely
GSE25837,8,1,GSM634704,train,lonely
GSE25837,8,1,GSM634705,train,lonely
GSE25837,8,1,GSM634706,train,lonely
GSE25837,8,1,GSM634707,train,lonely
GSE25837,8,1,GSM634708,train,not_lonely
GSE25837,8,1,GSM634710,train,not_lonely
GSE25837,8,1,GSM634712,train,not_lonely
GSE25837,8,1,GSM634713,train,not_lonely
GSE25837,8,1,GSM634715,train,lonely
GSE25837,8,1,GSM634716,train,not_lonely
GSE25837,8,1,GSM634717,train,not_lonely
GSE25837,8,1,GSM634718,train,not_lonely
GSE25837,8,1,GSM634719,train,not_lonely
GSE25837,8,1,GSM634720,train,not_lonely
GSE25837,8,1,GSM634721,train,not_lonely
GSE25837,8,1,GSM634722,train,not_lonely
GSE25837,8,1,GSM634723,train,not_lonely
GSE25837,8,1,GSM634724,train,not_lonely
GSE25837,8,1,GSM634725,train,not_lonely
GSE25837,8,1,GSM634647,test,not_lonely
GSE25837,8,1,GSM634663,test,not_lonely
GSE25837,8,1,GSM634670,test,lonely
GSE25837,8,1,GSM634676,test,not_lonely
GSE25837,8,1,GSM634679,test,lonely
GSE25837,8,1,GSM634684,test,not_lonely
GSE25837,8,1,GSM634703,test,not_lonely
GSE25837,8,1,GSM634709,test,not_lonely
GSE25837,8,1,GSM634711,test,lonely
GSE25837,8,1,GSM634714,test,not_lonely
GSE25837,8,2,GSM634633,train,not_lonely
GSE25837,8,2,GSM634634,train,not_lonely
GSE25837,8,2,GSM634635,train,not_lonely
GSE25837,8,2,GSM634636,train,not_lonely
GSE25837,8,2,GSM634637,train,not_lonely
GSE25837,8,2,GSM634638,train,not_lonely
GSE25837,8,2,GSM634639,train,not_lonely
GSE25837,8,2,GSM634640,train,not_lonely
GSE25837,8,2,GSM634641,train,not_lonely
GSE25837,8,2,GSM634642,train,not_lonely
GSE25837,8,2,GSM634643,train,lonely
GSE25837,8,2,GSM634644,train,not_lonely
GSE25837,8,2,GSM634645,train,not_lonely
GSE25837,8,2,GSM634646,train,not_lonely
GSE25837,8,2,GSM634647,train,not_lonely
GSE25837,8,2,GSM634648,train,lonely
GSE25837,8,2,GSM634649,train,lonely
GSE25837,8,2,GSM634650,train,lonely
GSE25837,8,2,GSM634651,train,not_lonely
GSE25837,8,2,GSM634652,train,not_lonely
GSE25837,8,2,GSM634654,train,not_lonely
GSE25837,8,2,GSM634656,train,not_lonely
GSE25837,8,2,GSM634657,train,not_lonely
GSE25837,8,2,GSM634659,train,lonely
GSE25837,8,2,GSM634662,train,not_lonely
GSE25837,8,2,GSM634663,train,not_lonely
GSE25837,8,2,GSM634664,train,not_lonely
GSE25837,8,2,GSM634666,train,lonely
GSE25837,8,2,GSM634667,train,lonely
GSE25837,8,2,GSM634668,train,not_lonely
GSE25837,8,2,GSM634669,train,lonely
GSE25837,8,2,GSM634670,train,lonely
GSE25837,8,2,GSM634671,train,not_lonely
GSE25837,8,2,GSM634672,train,not_lonely
GSE25837,8,2,GSM634673,train,not_lonely
GSE25837,8,2,GSM634674,train,not_lonely
GSE25837,8,2,GSM634675,train,not_lonely
GSE25837,8,2,GSM634676,train,not_lonely
GSE25837,8,2,GSM634677,train,not_lonely
GSE25837,8,2,GSM634678,train,not_lonely
GSE25837,8,2,GSM634679,train,lonely
GSE25837,8,2,GSM634680,train,lonely
GSE25837,8,2,GSM634681,train,lonely
GSE25837,8,2,GSM634682,train,not_lonely
GSE25837,8,2,GSM634683,train,not_lonely
GSE25837,8,2,GSM634684,train,not_lonely
GSE25837,8,2,GSM634686,train,not_lonely
GSE25837,8,2,GSM634687,train,not_lonely
GSE25837,8,2,GSM634689,train,not_lonely
GSE25837,8,2,GSM634690,train,lonely
GSE25837,8,2,GSM634691,train,not_lonely
GSE25837,8,2,GSM634692,train,not_lonely
GSE25837,8,2,GSM634693,train,not_lonely
GSE25837,8,2,GSM634694,train,lonely
GSE25837,8,2,GSM634695,train,not_lonely
GSE25837,8,2,GSM634696,train,not_lonely
GSE25837,8,2,GSM634697,train,not_lonely
GSE25837,8,2,GSM634699,train,not_lonely
GSE25837,8,2,GSM634700,train,not_lonely
GSE25837,8,2,GSM634701,train,not_lonely
GSE25837,8,2,GSM634702,train,not_lonely
GSE25837,8,2,GSM634703,train,not_lonely
GSE25837,8,2,GSM634704,train,lonely
GSE25837,8,2,GSM634705,train,lonely
GSE25837,8,2,GSM634706,train,lonely
GSE25837,8,2,GSM634707,train,lonely
GSE25837,8,2,GSM634708,train,not_lonely
GSE25837,8,2,GSM634709,train,not_lonely
GSE25837,8,2,GSM634710,train,not_lonely
GSE25837,8,2,GSM634711,train,lonely
GSE25837,8,2,GSM634712,train,not_lonely
GSE25837,8,2,GSM634713,train,not_lonely
GSE25837,8,2,GSM634714,train,not_lonely
GSE25837,8,2,GSM634715,train,lonely
GSE25837,8,2,GSM634717,train,not_lonely
GSE25837,8,2,GSM634718,train,not_lonely
GSE25837,8,2,GSM634719,train,not_lonely
GSE25837,8,2,GSM634720,train,not_lonely
GSE25837,8,2,GSM634721,train,not_lonely
GSE25837,8,2,GSM634722,train,not_lonely
GSE25837,8,2,GSM634723,train,not_lonely
GSE25837,8,2,GSM634724,train,not_lonely
GSE25837,8,2,GSM634725,train,not_lonely
GSE25837,8,2,GSM634653,test,lonely
GSE25837,8,2,GSM634655,test,not_lonely
GSE25837,8,2,GSM634658,test,not_lonely
GSE25837,8,2,GSM634660,test,not_lonely
GSE25837,8,2,GSM634661,test,not_lonely
GSE25837,8,2,GSM634665,test,not_lonely
GSE25837,8,2,GSM634685,test,not_lonely
GSE25837,8,2,GSM634688,test,lonely
GSE25837,8,2,GSM634698,test,lonely
GSE25837,8,2,GSM634716,test,not_lonely
GSE25837,8,3,GSM634633,train,not_lonely
GSE25837,8,3,GSM634634,train,not_lonely
GSE25837,8,3,GSM634636,train,not_lonely
GSE25837,8,3,GSM634637,train,not_lonely
GSE25837,8,3,GSM634638,train,not_lonely
GSE25837,8,3,GSM634639,train,not_lonely
GSE25837,8,3,GSM634640,train,not_lonely
GSE25837,8,3,GSM634641,train,not_lonely
GSE25837,8,3,GSM634643,train,lonely
GSE25837,8,3,GSM634644,train,not_lonely
GSE25837,8,3,GSM634645,train,not_lonely
GSE25837,8,3,GSM634646,train,not_lonely
GSE25837,8,3,GSM634647,train,not_lonely
GSE25837,8,3,GSM634648,train,lonely
GSE25837,8,3,GSM634649,train,lonely
GSE25837,8,3,GSM634650,train,lonely
GSE25837,8,3,GSM634651,train,not_lonely
GSE25837,8,3,GSM634652,train,not_lonely
GSE25837,8,3,GSM634653,train,lonely
GSE25837,8,3,GSM634654,train,not_lonely
GSE25837,8,3,GSM634655,train,not_lonely
GSE25837,8,3,GSM634656,train,not_lonely
GSE25837,8,3,GSM634658,train,not_lonely
GSE25837,8,3,GSM634660,train,not_lonely
GSE25837,8,3,GSM634661,train,not_lonely
GSE25837,8,3,GSM634662,train,not_lonely
GSE25837,8,3,GSM634663,train,not_lonely
GSE25837,8,3,GSM634664,train,not_lonely
GSE25837,8,3,GSM634665,train,not_lonely
GSE25837,8,3,GSM634666,train,lonely
GSE25837,8,3,GSM634668,train,not_lonely
GSE25837,8,3,GSM634669,train,lonely
GSE25837,8,3,GSM634670,train,lonely
GSE25837,8,3,GSM634672,train,not_lonely
GSE25837,8,3,GSM634673,train,not_lonely
GSE25837,8,3,GSM634674,train,not_lonely
GSE25837,8,3,GSM634675,train,not_lonely
GSE25837,8,3,GSM634676,train,not_lonely
GSE25837,8,3,GSM634677,train,not_lonely
GSE25837,8,3,GSM634678,train,not_lonely
GSE25837,8,3,GSM634679,train,lonely
GSE25837,8,3,GSM634680,train,lonely
GSE25837,8,3,GSM634681,train,lonely
GSE25837,8,3,GSM634682,train,not_lonely
GSE25837,8,3,GSM634683,train,not_lonely
GSE25837,8,3,GSM634684,train,not_lonely
GSE25837,8,3,GSM634685,train,not_lonely
GSE25837,8,3,GSM634687,train,not_lonely
GSE25837,8,3,GSM634688,train,lonely
GSE25837,8,3,GSM634689,train,not_lonely
GSE25837,8,3,GSM634690,train,lonely
GSE25837,8,3,GSM634691,train,not_lonely
GSE25837,8,3,GSM634692,train,not_lonely
GSE25837,8,3,GSM634693,train,not_lonely
GSE25837,8,3,GSM634694,train,lonely
GSE25837,8,3,GSM634695,train,not_lonely
GSE25837,8,3,GSM634696,train,not_lonely
GSE25837,8,3,GSM634697,train,not_lonely
GSE25837,8,3,GSM634698,train,lonely
GSE25837,8,3,GSM634699,train,not_lonely
GSE25837,8,3,GSM634700,train,not_lonely
GSE25837,8,3,GSM634701,train,not_lonely
GSE25837,8,3,GSM634702,train,not_lonely
GSE25837,8,3,GSM634703,train,not_lonely
GSE25837,8,3,GSM634705,train,lonely
GSE25837,8,3,GSM634706,train,lonely
GSE25837,8,3,GSM634707,train,lonely
GSE25837,8,3,GSM634709,train,not_lonely
GSE25837,8,3,GSM634710,train,not_lonely
GSE25837,8,3,GSM634711,train,lonely
GSE25837,8,3,GSM634712,train,not_lonely
GSE25837,8,3,GSM634713,train,not_lonely
GSE25837,8,3,GSM634714,train,not_lonely
GSE25837,8,3,GSM634715,train,lonely
GSE25837,8,3,GSM634716,train,not_lonely
GSE25837,8,3,GSM634717,train,not_lonely
GSE25837,8,3,GSM634718,train,not_lonely
GSE25837,8,3,GSM634719,train,not_lonely
GSE25837,8,3,GSM634720,train,not_lonely
GSE25837,8,3,GSM634721,train,not_lonely
GSE25837,8,3,GSM634722,train,not_lonely
GSE25837,8,3,GSM634723,train,not_lonely
GSE25837,8,3,GSM634724,train,not_lonely
GSE25837,8,3,GSM634635,test,not_lonely
GSE25837,8,3,GSM634642,test,not_lonely
GSE25837,8,3,GSM634657,test,not_lonely
GSE25837,8,3,GSM634659,test,lonely
GSE25837,8,3,GSM634667,test,lonely
GSE25837,8,3,GSM634671,test,not_lonely
GSE25837,8,3,GSM634686,test,not_lonely
GSE25837,8,3,GSM634704,test,lonely
GSE25837,8,3,GSM634708,test,not_lonely
GSE25837,8,3,GSM634725,test,not_lonely
GSE25837,8,4,GSM634633,train,not_lonely
GSE25837,8,4,GSM634635,train,not_lonely
GSE25837,8,4,GSM634636,train,not_lonely
GSE25837,8,4,GSM634637,train,not_lonely
GSE25837,8,4,GSM634638,train,not_lonely
GSE25837,8,4,GSM634639,train,not_lonely
GSE25837,8,4,GSM634640,train,not_lonely
GSE25837,8,4,GSM634641,train,not_lonely
GSE25837,8,4,GSM634642,train,not_lonely
GSE25837,8,4,GSM634643,train,lonely
GSE25837,8,4,GSM634644,train,not_lonely
GSE25837,8,4,GSM634645,train,not_lonely
GSE25837,8,4,GSM634647,train,not_lonely
GSE25837,8,4,GSM634648,train,lonely
GSE25837,8,4,GSM634650,train,lonely
GSE25837,8,4,GSM634651,train,not_lonely
GSE25837,8,4,GSM634652,train,not_lonely
GSE25837,8,4,GSM634653,train,lonely
GSE25837,8,4,GSM634654,train,not_lonely
GSE25837,8,4,GSM634655,train,not_lonely
GSE25837,8,4,GSM634656,train,not_lonely
GSE25837,8,4,GSM634657,train,not_lonely
GSE25837,8,4,GSM634658,train,not_lonely
GSE25837,8,4,GSM634659,train,lonely
GSE25837,8,4,GSM634660,train,not_lonely
GSE25837,8,4,GSM634661,train,not_lonely
GSE25837,8,4,GSM634662,train,not_lonely
GSE25837,8,4,GSM634663,train,not_lonely
GSE25837,8,4,GSM634664,train,not_lonely
GSE25837,8,4,GSM634665,train,not_lonely
GSE25837,8,4,GSM634666,train,lonely
GSE25837,8,4,GSM634667,train,lonely
GSE25837,8,4,GSM634668,train,not_lonely
GSE25837,8,4,GSM634669,train,lonely
GSE25837,8,4,GSM634670,train,lonely
GSE25837,8,4,GSM634671,train,not_lonely
GSE25837,8,4,GSM634672,train,not_lonely
GSE25837,8,4,GSM634673,train,not_lonely
GSE25837,8,4,GSM634674,train,not_lonely
GSE25837,8,4,GSM634675,train,not_lonely
GSE25837,8,4,GSM634676,train,not_lonely
GSE25837,8,4,GSM634677,train,not_lonely
GSE25837,8,4,GSM634678,train,not_lonely
GSE25837,8,4,GSM634679,train,lonely
GSE25837,8,4,GSM634680,train,lonely
GSE25837,8,4,GSM634681,train,lonely
GSE25837,8,4,GSM634682,train,not_lonely
GSE25837,8,4,GSM634683,train,not_lonely
GSE25837,8,4,GSM634684,train,not_lonely
GSE25837,8,4,GSM634685,train,not_lonely
GSE25837,8,4,GSM634686,train,not_lonely
GSE25837,8,4,GSM634687,train,not_lonely
GSE25837,8,4,GSM634688,train,lonely
GSE25837,8,4,GSM634689,train,not_lonely
GSE25837,8,4,GSM634690,train,lonely
GSE25837,8,4,GSM634691,train,not_lonely
GSE25837,8,4,GSM634692,train,not_lonely
GSE25837,8,4,GSM634693,train,not_lonely
GSE25837,8,4,GSM634694,train,lonely
GSE25837,8,4,GSM634696,train,not_lonely
GSE25837,8,4,GSM634697,train,not_lonely
GSE25837,8,4,GSM634698,train,lonely
GSE25837,8,4,GSM634699,train,not_lonely
GSE25837,8,4,GSM634700,train,not_lonely
GSE25837,8,4,GSM634701,train,not_lonely
GSE25837,8,4,GSM634703,train,not_lonely
GSE25837,8,4,GSM634704,train,lonely
GSE25837,8,4,GSM634706,train,lonely
GSE25837,8,4,GSM634707,train,lonely
GSE25837,8,4,GSM634708,train,not_lonely
GSE25837,8,4,GSM634709,train,not_lonely
GSE25837,8,4,GSM634710,train,not_lonely
GSE25837,8,4,GSM634711,train,lonely
GSE25837,8,4,GSM634713,train,not_lonely
GSE25837,8,4,GSM634714,train,not_lonely
GSE25837,8,4,GSM634715,train,lonely
GSE25837,8,4,GSM634716,train,not_lonely
GSE25837,8,4,GSM634717,train,not_lonely
GSE25837,8,4,GSM634718,train,not_lonely
GSE25837,8,4,GSM634720,train,not_lonely
GSE25837,8,4,GSM634721,train,not_lonely
GSE25837,8,4,GSM634722,train,not_lonely
GSE25837,8,4,GSM634724,train,not_lonely
GSE25837,8,4,GSM634725,train,not_lonely
GSE25837,8,4,GSM634634,test,not_lonely
GSE25837,8,4,GSM634646,test,not_lonely
GSE25837,8,4,GSM634649,test,lonely
GSE25837,8,4,GSM634695,test,not_lonely
GSE25837,8,4,GSM634702,test,not_lonely
GSE25837,8,4,GSM634705,test,lonely
GSE25837,8,4,GSM634712,test,not_lonely
GSE25837,8,4,GSM634719,test,not_lonely
GSE25837,8,4,GSM634723,test,not_lonely
GSE25837,8,5,GSM634634,train,not_lonely
GSE25837,8,5,GSM634635,train,not_lonely
GSE25837,8,5,GSM634636,train,not_lonely
GSE25837,8,5,GSM634637,train,not_lonely
GSE25837,8,5,GSM634638,train,not_lonely
GSE25837,8,5,GSM634639,train,not_lonely
GSE25837,8,5,GSM634640,train,not_lonely
GSE25837,8,5,GSM634642,train,not_lonely
GSE25837,8,5,GSM634643,train,lonely
GSE25837,8,5,GSM634644,train,not_lonely
GSE25837,8,5,GSM634645,train,not_lonely
GSE25837,8,5,GSM634646,train,not_lonely
GSE25837,8,5,GSM634647,train,not_lonely
GSE25837,8,5,GSM634648,train,lonely
GSE25837,8,5,GSM634649,train,lonely
GSE25837,8,5,GSM634651,train,not_lonely
GSE25837,8,5,GSM634652,train,not_lonely
GSE25837,8,5,GSM634653,train,lonely
GSE25837,8,5,GSM634655,train,not_lonely
GSE25837,8,5,GSM634656,train,not_lonely
GSE25837,8,5,GSM634657,train,not_lonely
GSE25837,8,5,GSM634658,train,not_lonely
GSE25837,8,5,GSM634659,train,lonely
GSE25837,8,5,GSM634660,train,not_lonely
GSE25837,8,5,GSM634661,train,not_lonely
GSE25837,8,5,GSM634662,train,not_lonely
GSE25837,8,5,GSM634663,train,not_lonely
GSE25837,8,5,GSM634664,train,not_lonely
GSE25837,8,5,GSM634665,train,not_lonely
GSE25837,8,5,GSM634666,train,lonely
GSE25837,8,5,GSM634667,train,lonely
GSE25837,8,5,GSM634668,train,not_lonely
GSE25837,8,5,GSM634669,train,lonely
GSE25837,8,5,GSM634670,train,lonely
GSE25837,8,5,GSM634671,train,not_lonely
GSE25837,8,5,GSM634672,train,not_lonely
GSE25837,8,5,GSM634673,train,not_lonely
GSE25837,8,5,GSM634674,train,not_lonely
GSE25837,8,5,GSM634675,train,not_lonely
GSE25837,8,5,GSM634676,train,not_lonely
GSE25837,8,5,GSM634677,train,not_lonely
GSE25837,8,5,GSM634678,train,not_lonely
GSE25837,8,5,GSM634679,train,lonely
GSE25837,8,5,GSM634681,train,lonely
GSE25837,8,5,GSM634683,train,not_lonely
GSE25837,8,5,GSM634684,train,not_lonely
GSE25837,8,5,GSM634685,train,not_lonely
GSE25837,8,5,GSM634686,train,not_lonely
GSE25837,8,5,GSM634687,train,not_lonely
GSE25837,8,5,GSM634688,train,lonely
GSE25837,8,5,GSM634689,train,not_lonely
GSE25837,8,5,GSM634690,train,lonely
GSE25837,8,5,GSM634691,train,not_lonely
GSE25837,8,5,GSM634692,train,not_lonely
GSE25837,8,5,GSM634693,train,not_lonely
GSE25837,8,5,GSM634694,train,lonely
GSE25837,8,5,GSM634695,train,not_lonely
GSE25837,8,5,GSM634696,train,not_lonely
GSE25837,8,5,GSM634697,train,not_lonely
GSE25837,8,5,GSM634698,train,lonely
GSE25837,8,5,GSM634700,train,not_lonely
GSE25837,8,5,GSM634701,train,not_lonely
GSE25837,8,5,GSM634702,train,not_lonely
GSE25837,8,5,GSM634703,train,not_lonely
GSE25837,8,5,GSM634704,train,lonely
GSE25837,8,5,GSM634705,train,lonely
GSE25837,8,5,GSM634706,train,lonely
GSE25837,8,5,GSM634707,train,lonely
GSE25837,8,5,GSM634708,train,not_lonely
GSE25837,8,5,GSM634709,train,not_lonely
GSE25837,8,5,GSM634710,train,not_lonely
GSE25837,8,5,GSM634711,train,lonely
GSE25837,8,5,GSM634712,train,not_lonely
GSE25837,8,5,GSM634713,train,not_lonely
GSE25837,8,5,GSM634714,train,not_lonely
GSE25837,8,5,GSM634715,train,lonely
GSE25837,8,5,GSM634716,train,not_lonely
GSE25837,8,5,GSM634717,train,not_lonely
GSE25837,8,5,GSM634719,train,not_lonely
GSE25837,8,5,GSM634720,train,not_lonely
GSE25837,8,5,GSM634722,train,not_lonely
GSE25837,8,5,GSM634723,train,not_lonely
GSE25837,8,5,GSM634724,train,not_lonely
GSE25837,8,5,GSM634725,train,not_lonely
GSE25837,8,5,GSM634633,test,not_lonely
GSE25837,8,5,GSM634641,test,not_lonely
GSE25837,8,5,GSM634650,test,lonely
GSE25837,8,5,GSM634654,test,not_lonely
GSE25837,8,5,GSM634680,test,lonely
GSE25837,8,5,GSM634682,test,not_lonely
GSE25837,8,5,GSM634699,test,not_lonely
GSE25837,8,5,GSM634718,test,not_lonely
GSE25837,8,5,GSM634721,test,not_lonely
GSE25837,8,6,GSM634633,train,not_lonely
GSE25837,8,6,GSM634634,train,not_lonely
GSE25837,8,6,GSM634635,train,not_lonely
GSE25837,8,6,GSM634638,train,not_lonely
GSE25837,8,6,GSM634639,train,not_lonely
GSE25837,8,6,GSM634640,train,not_lonely
GSE25837,8,6,GSM634641,train,not_lonely
GSE25837,8,6,GSM634642,train,not_lonely
GSE25837,8,6,GSM634645,train,not_lonely
GSE25837,8,6,GSM634646,train,not_lonely
GSE25837,8,6,GSM634647,train,not_lonely
GSE25837,8,6,GSM634649,train,lonely
GSE25837,8,6,GSM634650,train,lonely
GSE25837,8,6,GSM634651,train,not_lonely
GSE25837,8,6,GSM634653,train,lonely
GSE25837,8,6,GSM634654,train,not_lonely
GSE25837,8,6,GSM634655,train,not_lonely
GSE25837,8,6,GSM634656,train,not_lonely
GSE25837,8,6,GSM634657,train,not_lonely
GSE25837,8,6,GSM634658,train,not_lonely
GSE25837,8,6,GSM634659,train,lonely
GSE25837,8,6,GSM634660,train,not_lonely
GSE25837,8,6,GSM634661,train,not_lonely
GSE25837,8,6,GSM634662,train,not_lonely
GSE25837,8,6,GSM634663,train,not_lonely
GSE25837,8,6,GSM634664,train,not_lonely
GSE25837,8,6,GSM634665,train,not_lonely
GSE25837,8,6,GSM634666,train,lonely
GSE25837,8,6,GSM634667,train,lonely
GSE25837,8,6,GSM634669,train,lonely
GSE25837,8,6,GSM634670,train,lonely
GSE25837,8,6,GSM634671,train,not_lonely
GSE25837,8,6,GSM634672,train,not_lonely
GSE25837,8,6,GSM634673,train,not_lonely
GSE25837,8,6,GSM634674,train,not_lonely
GSE25837,8,6,GSM634675,train,not_lonely
GSE25837,8,6,GSM634676,train,not_lonely
GSE25837,8,6,GSM634677,train,not_lonely
GSE25837,8,6,GSM634679,train,lonely
GSE25837,8,6,GSM634680,train,lonely
GSE25837,8,6,GSM634681,train,lonely
GSE25837,8,6,GSM634682,train,not_lonely
GSE25837,8,6,GSM634683,train,not_lonely
GSE25837,8,6,GSM634684,train,not_lonely
GSE25837,8,6,GSM634685,train,not_lonely
GSE25837,8,6,GSM634686,train,not_lonely
GSE25837,8,6,GSM634687,train,not_lonely
GSE25837,8,6,GSM634688,train,lonely
GSE25837,8,6,GSM634689,train,not_lonely
GSE25837,8,6,GSM634690,train,lonely
GSE25837,8,6,GSM634691,train,not_lonely
GSE25837,8,6,GSM634692,train,not_lonely
GSE25837,8,6,GSM634693,train,not_lonely
GSE25837,8,6,GSM634694,train,lonely
GSE25837,8,6,GSM634695,train,not_lonely
GSE25837,8,6,GSM634697,train,not_lonely
GSE25837,8,6,GSM634698,train,lonely
GSE25837,8,6,GSM634699,train,not_lonely
GSE25837,8,6,GSM634700,train,not_lonely
GSE25837,8,6,GSM634701,train,not_lonely
GSE25837,8,6,GSM634702,train,not_lonely
GSE25837,8,6,GSM634703,train,not_lonely
GSE25837,8,6,GSM634704,train,lonely
GSE25837,8,6,GSM634705,train,lonely
GSE25837,8,6,GSM634706,train,lonely
GSE25837,8,6,GSM634707,train,lonely
GSE25837,8,6,GSM634708,train,not_lonely
GSE25837,8,6,GSM634709,train,not_lonely
GSE25837,8,6,GSM634710,train,not_lonely
GSE25837,8,6,GSM634711,train,lonely
GSE25837,8,6,GSM634712,train,not_lonely
GSE25837,8,6,GSM634713,train,not_lonely
GSE25837,8,6,GSM634714,train,not_lonely
GSE25837,8,6,GSM634715,train,lonely
GSE25837,8,6,GSM634716,train,not_lonely
GSE25837,8,6,GSM634717,train,not_lonely
GSE25837,8,6,GSM634718,train,not_lonely
GSE25837,8,6,GSM634719,train,not_lonely
GSE25837,8,6,GSM634720,train,not_lonely
GSE25837,8,6,GSM634721,train,not_lonely
GSE25837,8,6,GSM634722,train,not_lonely
GSE25837,8,6,GSM634723,train,not_lonely
GSE25837,8,6,GSM634724,train,not_lonely
GSE25837,8,6,GSM634725,train,not_lonely
GSE25837,8,6,GSM634636,test,not_lonely
GSE25837,8,6,GSM634637,test,not_lonely
GSE25837,8,6,GSM634643,test,lonely
GSE25837,8,6,GSM634644,test,not_lonely
GSE25837,8,6,GSM634648,test,lonely
GSE25837,8,6,GSM634652,test,not_lonely
GSE25837,8,6,GSM634668,test,not_lonely
GSE25837,8,6,GSM634678,test,not_lonely
GSE25837,8,6,GSM634696,test,not_lonely
GSE25837,8,7,GSM634633,train,not_lonely
GSE25837,8,7,GSM634634,train,not_lonely
GSE25837,8,7,GSM634635,train,not_lonely
GSE25837,8,7,GSM634636,train,not_lonely
GSE25837,8,7,GSM634637,train,not_lonely
GSE25837,8,7,GSM634638,train,not_lonely
GSE25837,8,7,GSM634639,train,not_lonely
GSE25837,8,7,GSM634640,train,not_lonely
GSE25837,8,7,GSM634641,train,not_lonely
GSE25837,8,7,GSM634642,train,not_lonely
GSE25837,8,7,GSM634643,train,lonely
GSE25837,8,7,GSM634644,train,not_lonely
GSE25837,8,7,GSM634645,train,not_lonely
GSE25837,8,7,GSM634646,train,not_lonely
GSE25837,8,7,GSM634647,train,not_lonely
GSE25837,8,7,GSM634648,train,lonely
GSE25837,8,7,GSM634649,train,lonely
GSE25837,8,7,GSM634650,train,lonely
GSE25837,8,7,GSM634651,train,not_lonely
GSE25837,8,7,GSM634652,train,not_lonely
GSE25837,8,7,GSM634653,train,lonely
GSE25837,8,7,GSM634654,train,not_lonely
GSE25837,8,7,GSM634655,train,not_lonely
GSE25837,8,7,GSM634656,train,not_lonely
GSE25837,8,7,GSM634657,train,not_lonely
GSE25837,8,7,GSM634658,train,not_lonely
GSE25837,8,7,GSM634659,train,lonely
GSE25837,8,7,GSM634660,train,not_lonely
GSE25837,8,7,GSM634661,train,not_lonely
GSE25837,8,7,GSM634662,train,not_lonely
GSE25837,8,7,GSM634663,train,not_lonely
GSE25837,8,7,GSM634664,train,not_lonely
GSE25837,8,7,GSM634665,train,not_lonely
GSE25837,8,7,GSM634666,train,lonely
GSE25837,8,7,GSM634667,train,lonely
GSE25837,8,7,GSM634668,train,not_lonely
GSE25837,8,7,GSM634669,train,lonely
GSE25837,8,7,GSM634670,train,lonely
GSE25837,8,7,GSM634671,train,not_lonely
GSE25837,8,7,GSM634674,train,not_lonely
GSE25837,8,7,GSM634675,train,not_lonely
GSE25837,8,7,GSM634676,train,not_lonely
GSE25837,8,7,GSM634677,train,not_lonely
GSE25837,8,7,GSM634678,train,not_lonely
GSE25837,8,7,GSM634679,train,lonely
GSE25837,8,7,GSM634680,train,lonely
GSE25837,8,7,GSM634681,train,lonely
GSE25837,8,7,GSM634682,train,not_lonely
GSE25837,8,7,GSM634684,train,not_lonely
GSE25837,8,7,GSM634685,train,not_lonely
GSE25837,8,7,GSM634686,train,not_lonely
GSE25837,8,7,GSM634687,train,not_lonely
GSE25837,8,7,GSM634688,train,lonely
GSE25837,8,7,GSM634689,train,not_lonely
GSE25837,8,7,GSM634691,train,not_lonely
GSE25837,8,7,GSM634692,train,not_lonely
GSE25837,8,7,GSM634693,train,not_lonely
GSE25837,8,7,GSM634694,train,lonely
GSE25837,8,7,GSM634695,train,not_lonely
GSE25837,8,7,GSM634696,train,not_lonely
GSE25837,8,7,GSM634697,train,not_lonely
GSE25837,8,7,GSM634698,train,lonely
GSE25837,8,7,GSM634699,train,not_lonely
GSE25837,8,7,GSM634702,train,not_lonely
GSE25837,8,7,GSM634703,train,not_lonely
GSE25837,8,7,GSM634704,train,lonely
GSE25837,8,7,GSM634705,train,lonely
GSE25837,8,7,GSM634707,train,lonely
GSE25837,8,7,GSM634708,train,not_lonely
GSE25837,8,7,GSM634709,train,not_lonely
GSE25837,8,7,GSM634710,train,not_lonely
GSE25837,8,7,GSM634711,train,lonely
GSE25837,8,7,GSM634712,train,not_lonely
GSE25837,8,7,GSM634713,train,not_lonely
GSE25837,8,7,GSM634714,train,not_lonely
GSE25837,8,7,GSM634715,train,lonely
GSE25837,8,7,GSM634716,train,not_lonely
GSE25837,8,7,GSM634717,train,not_lonely
GSE25837,8,7,GSM634718,train,not_lonely
GSE25837,8,7,GSM634719,train,not_lonely
GSE25837,8,7,GSM634721,train,not_lonely
GSE25837,8,7,GSM634722,train,not_lonely
GSE25837,8,7,GSM634723,train,not_lonely
GSE25837,8,7,GSM634725,train,not_lonely
GSE25837,8,7,GSM634672,test,not_lonely
GSE25837,8,7,GSM634673,test,not_lonely
GSE25837,8,7,GSM634683,test,not_lonely
GSE25837,8,7,GSM634690,test,lonely
GSE25837,8,7,GSM634700,test,not_lonely
GSE25837,8,7,GSM634701,test,not_lonely
GSE25837,8,7,GSM634706,test,lonely
GSE25837,8,7,GSM634720,test,not_lonely
GSE25837,8,7,GSM634724,test,not_lonely
GSE25837,8,8,GSM634633,train,not_lonely
GSE25837,8,8,GSM634634,train,not_lonely
GSE25837,8,8,GSM634635,train,not_lonely
GSE25837,8,8,GSM634636,train,not_lonely
GSE25837,8,8,GSM634637,train,not_lonely
GSE25837,8,8,GSM634638,train,not_lonely
GSE25837,8,8,GSM634639,train,not_lonely
GSE25837,8,8,GSM634641,train,not_lonely
GSE25837,8,8,GSM634642,train,not_lonely
GSE25837,8,8,GSM634643,train,lonely
GSE25837,8,8,GSM634644,train,not_lonely
GSE25837,8,8,GSM634645,train,not_lonely
GSE25837,8,8,GSM634646,train,not_lonely
GSE25837,8,8,GSM634647,train,not_lonely
GSE25837,8,8,GSM634648,train,lonely
GSE25837,8,8,GSM634649,train,lonely
GSE25837,8,8,GSM634650,train,lonely
GSE25837,8,8,GSM634652,train,not_lonely
GSE25837,8,8,GSM634653,train,lonely
GSE25837,8,8,GSM634654,train,not_lonely
GSE25837,8,8,GSM634655,train,not_lonely
GSE25837,8,8,GSM634656,train,not_lonely
GSE25837,8,8,GSM634657,train,not_lonely
GSE25837,8,8,GSM634658,train,not_lonely
GSE25837,8,8,GSM634659,train,lonely
GSE25837,8,8,GSM634660,train,not_lonely
GSE25837,8,8,GSM634661,train,not_lonely
GSE25837,8,8,GSM634662,train,not_lonely
GSE25837,8,8,GSM634663,train,not_lonely
GSE25837,8,8,GSM634664,train,not_lonely
GSE25837,8,8,GSM634665,train,not_lonely
GSE25837,8,8,GSM634666,train,lonely
GSE25837,8,8,GSM634667,train,lonely
GSE25837,8,8,GSM634668,train,not_lonely
GSE25837,8,8,GSM634669,train,lonely
GSE25837,8,8,GSM634670,train,lonely
GSE25837,8,8,GSM634671,train,not_lonely
GSE25837,8,8,GSM634672,train,not_lonely
GSE25837,8,8,GSM634673,train,not_lonely
GSE25837,8,8,GSM634676,train,not_lonely
GSE25837,8,8,GSM634678,train,not_lonely
GSE25837,8,8,GSM634679,train,lonely
GSE25837,8,8,GSM634680,train,lonely
GSE25837,8,8,GSM634682,train,not_lonely
GSE25837,8,8,GSM634683,train,not_lonely
GSE25837,8,8,GSM634684,train,not_lonely
GSE25837,8,8,GSM634685,train,not_lonely
GSE25837,8,8,GSM634686,train,not_lonely
GSE25837,8,8,GSM634687,train,not_lonely
GSE25837,8,8,GSM634688,train,lonely
GSE25837,8,8,GSM634689,train,not_lonely
GSE25837,8,8,GSM634690,train,lonely
GSE25837,8,8,GSM634691,train,not_lonely
GSE25837,8,8,GSM634693,train,not_lonely
GSE25837,8,8,GSM634694,train,lonely
GSE25837,8,8,GSM634695,train,not_lonely
GSE25837,8,8,GSM634696,train,not_lonely
GSE25837,8,8,GSM634697,train,not_lonely
GSE25837,8,8,GSM634698,train,lonely
GSE25837,8,8,GSM634699,train,not_lonely
GSE25837,8,8,GSM634700,train,not_lonely
GSE25837,8,8,GSM634701,train,not_lonely
GSE25837,8,8,GSM634702,train,not_lonely
GSE25837,8,8,GSM634703,train,not_lonely
GSE25837,8,8,GSM634704,train,lonely
GSE25837,8,8,GSM634705,train,lonely
GSE25837,8,8,GSM634706,train,lonely
GSE25837,8,8,GSM634708,train,not_lonely
GSE25837,8,8,GSM634709,train,not_lonely
GSE25837,8,8,GSM634710,train,not_lonely
GSE25837,8,8,GSM634711,train,lonely
GSE25837,8,8,GSM634712,train,not_lonely
GSE25837,8,8,GSM634714,train,not_lonely
GSE25837,8,8,GSM634715,train,lonely
GSE25837,8,8,GSM634716,train,not_lonely
GSE25837,8,8,GSM634717,train,not_lonely
GSE25837,8,8,GSM634718,train,not_lonely
GSE25837,8,8,GSM634719,train,not_lonely
GSE25837,8,8,GSM634720,train,not_lonely
GSE25837,8,8,GSM634721,train,not_lonely
GSE25837,8,8,GSM634722,train,not_lonely
GSE25837,8,8,GSM634723,train,not_lonely
GSE25837,8,8,GSM634724,train,not_lonely
GSE25837,8,8,GSM634725,train,not_lonely
GSE25837,8,8,GSM634640,test,not_lonely
GSE25837,8,8,GSM634651,test,not_lonely
GSE25837,8,8,GSM634674,test,not_lonely
GSE25837,8,8,GSM634675,test,not_lonely
GSE25837,8,8,GSM634677,test,not_lonely
GSE25837,8,8,GSM634681,test,lonely
GSE25837,8,8,GSM634692,test,not_lonely
GSE25837,8,8,GSM634707,test,lonely
GSE25837,8,8,GSM634713,test,not_lonely
GSE25837,8,9,GSM634633,train,not_lonely
GSE25837,8,9,GSM634634,train,not_lonely
GSE25837,8,9,GSM634635,train,not_lonely
GSE25837,8,9,GSM634636,train,not_lonely
GSE25837,8,9,GSM634637,train,not_lonely
GSE25837,8,9,GSM634639,train,not_lonely
GSE25837,8,9,GSM634640,train,not_lonely
GSE25837,8,9,GSM634641,train,not_lonely
GSE25837,8,9,GSM634642,train,not_lonely
GSE25837,8,9,GSM634643,train,lonely
GSE25837,8,9,GSM634644,train,not_lonely
GSE25837,8,9,GSM634646,train,not_lonely
GSE25837,8,9,GSM634647,train,not_lonely
GSE25837,8,9,GSM634648,train,lonely
GSE25837,8,9,GSM634649,train,lonely
GSE25837,8,9,GSM634650,train,lonely
GSE25837,8,9,GSM634651,train,not_lonely
GSE25837,8,9,GSM634652,train,not_lonely
GSE25837,8,9,GSM634653,train,lonely
GSE25837,8,9,GSM634654,train,not_lonely
GSE25837,8,9,GSM634655,train,not_lonely
GSE25837,8,9,GSM634657,train,not_lonely
GSE25837,8,9,GSM634658,train,not_lonely
GSE25837,8,9,GSM634659,train,lonely
GSE25837,8,9,GSM634660,train,not_lonely
GSE25837,8,9,GSM634661,train,not_lonely
GSE25837,8,9,GSM634663,train,not_lonely
GSE25837,8,9,GSM634664,train,not_lonely
GSE25837,8,9,GSM634665,train,not_lonely
GSE25837,8,9,GSM634666,train,lonely
GSE25837,8,9,GSM634667,train,lonely
GSE25837,8,9,GSM634668,train,not_lonely
GSE25837,8,9,GSM634670,train,lonely
GSE25837,8,9,GSM634671,train,not_lonely
GSE25837,8,9,GSM634672,train,not_lonely
GSE25837,8,9,GSM634673,train,not_lonely
GSE25837,8,9,GSM634674,train,not_lonely
GSE25837,8,9,GSM634675,train,not_lonely
GSE25837,8,9,GSM634676,train,not_lonely
GSE25837,8,9,GSM634677,train,not_lonely
GSE25837,8,9,GSM634678,train,not_lonely
GSE25837,8,9,GSM634679,train,lonely
GSE25837,8,9,GSM634680,train,lonely
GSE25837,8,9,GSM634681,train,lonely
GSE25837,8,9,GSM634682,train,not_lonely
GSE25837,8,9,GSM634683,train,not_lonely
GSE25837,8,9,GSM634684,train,not_lonely
GSE25837,8,9,GSM634685,train,not_lonely
GSE25837,8,9,GSM634686,train,not_lonely
GSE25837,8,9,GSM634688,train,lonely
GSE25837,8,9,GSM634690,train,lonely
GSE25837,8,9,GSM634691,train,not_lonely
GSE25837,8,9,GSM634692,train,not_lonely
GSE25837,8,9,GSM634695,train,not_lonely
GSE25837,8,9,GSM634696,train,not_lonely
GSE25837,8,9,GSM634697,train,not_lonely
GSE25837,8,9,GSM634698,train,lonely
GSE25837,8,9,GSM634699,train,not_lonely
GSE25837,8,9,GSM634700,train,not_lonely
GSE25837,8,9,GSM634701,train,not_lonely
GSE25837,8,9,GSM634702,train,not_lonely
GSE25837,8,9,GSM634703,train,not_lonely
GSE25837,8,9,GSM634704,train,lonely
GSE25837,8,9,GSM634705,train,lonely
GSE25837,8,9,GSM634706,train,lonely
GSE25837,8,9,GSM634707,train,lonely
GSE25837,8,9,GSM634708,train,not_lonely
GSE25837,8,9,GSM634709,train,not_lonely
GSE25837,8,9,GSM634710,train,not_lonely
GSE25837,8,9,GSM634711,train,lonely
GSE25837,8,9,GSM634712,train,not_lonely
GSE25837,8,9,GSM634713,train,not_lonely
GSE25837,8,9,GSM634714,train,not_lonely
GSE25837,8,9,GSM634715,train,lonely
GSE25837,8,9,GSM634716,train,not_lonely
GSE25837,8,9,GSM634717,train,not_lonely
GSE25837,8,9,GSM634718,train,not_lonely
GSE25837,8,9,GSM634719,train,not_lonely
GSE25837,8,9,GSM634720,train,not_lonely
GSE25837,8,9,GSM634721,train,not_lonely
GSE25837,8,9,GSM634722,train,not_lonely
GSE25837,8,9,GSM634723,train,not_lonely
GSE25837,8,9,GSM634724,train,not_lonely
GSE25837,8,9,GSM634725,train,not_lonely
GSE25837,8,9,GSM634638,test,not_lonely
GSE25837,8,9,GSM634645,test,not_lonely
GSE25837,8,9,GSM634656,test,not_lonely
GSE25837,8,9,GSM634662,test,not_lonely
GSE25837,8,9,GSM634669,test,lonely
GSE25837,8,9,GSM634687,test,not_lonely
GSE25837,8,9,GSM634689,test,not_lonely
GSE25837,8,9,GSM634693,test,not_lonely
GSE25837,8,9,GSM634694,test,lonely
GSE25837,8,10,GSM634633,train,not_lonely
GSE25837,8,10,GSM634634,train,not_lonely
GSE25837,8,10,GSM634635,train,not_lonely
GSE25837,8,10,GSM634636,train,not_lonely
GSE25837,8,10,GSM634637,train,not_lonely
GSE25837,8,10,GSM634638,train,not_lonely
GSE25837,8,10,GSM634640,train,not_lonely
GSE25837,8,10,GSM634641,train,not_lonely
GSE25837,8,10,GSM634642,train,not_lonely
GSE25837,8,10,GSM634643,train,lonely
GSE25837,8,10,GSM634644,train,not_lonely
GSE25837,8,10,GSM634645,train,not_lonely
GSE25837,8,10,GSM634646,train,not_lonely
GSE25837,8,10,GSM634647,train,not_lonely
GSE25837,8,10,GSM634648,train,lonely
GSE25837,8,10,GSM634649,train,lonely
GSE25837,8,10,GSM634650,train,lonely
GSE25837,8,10,GSM634651,train,not_lonely
GSE25837,8,10,GSM634652,train,not_lonely
GSE25837,8,10,GSM634653,train,lonely
GSE25837,8,10,GSM634654,train,not_lonely
GSE25837,8,10,GSM634655,train,not_lonely
GSE25837,8,10,GSM634656,train,not_lonely
GSE25837,8,10,GSM634657,train,not_lonely
GSE25837,8,10,GSM634658,train,not_lonely
GSE25837,8,10,GSM634659,train,lonely
GSE25837,8,10,GSM634660,train,not_lonely
GSE25837,8,10,GSM634661,train,not_lonely
GSE25837,8,10,GSM634662,train,not_lonely
GSE25837,8,10,GSM634663,train,not_lonely
GSE25837,8,10,GSM634665,train,not_lonely
GSE25837,8,10,GSM634667,train,lonely
GSE25837,8,10,GSM634668,train,not_lonely
GSE25837,8,10,GSM634669,train,lonely
GSE25837,8,10,GSM634670,train,lonely
GSE25837,8,10,GSM634671,train,not_lonely
GSE25837,8,10,GSM634672,train,not_lonely
GSE25837,8,10,GSM634673,train,not_lonely
GSE25837,8,10,GSM634674,train,not_lonely
GSE25837,8,10,GSM634675,train,not_lonely
GSE25837,8,10,GSM634676,train,not_lonely
GSE25837,8,10,GSM634677,train,not_lonely
GSE25837,8,10,GSM634678,train,not_lonely
GSE25837,8,10,GSM634679,train,lonely
GSE25837,8,10,GSM634680,train,lonely
GSE25837,8,10,GSM634681,train,lonely
GSE25837,8,10,GSM634682,train,not_lonely
GSE25837,8,10,GSM634683,train,not_lonely
GSE25837,8,10,GSM634684,train,not_lonely
GSE25837,8,10,GSM634685,train,not_lonely
GSE25837,8,10,GSM634686,train,not_lonely
GSE25837,8,10,GSM634687,train,not_lonely
GSE25837,8,10,GSM634688,train,lonely
GSE25837,8,10,GSM634689,train,not_lonely
GSE25837,8,10,GSM634690,train,lonely
GSE25837,8,10,GSM634692,train,not_lonely
GSE25837,8,10,GSM634693,train,not_lonely
GSE25837,8,10,GSM634694,train,lonely
GSE25837,8,10,GSM634695,train,not_lonely
GSE25837,8,10,GSM634696,train,not_lonely
GSE25837,8,10,GSM634698,train,lonely
GSE25837,8,10,GSM634699,train,not_lonely
GSE25837,8,10,GSM634700,train,not_lonely
GSE25837,8,10,GSM634701,train,not_lonely
GSE25837,8,10,GSM634702,train,not_lonely
GSE25837,8,10,GSM634703,train,not_lonely
GSE25837,8,10,GSM634704,train,lonely
GSE25837,8,10,GSM634705,train,lonely
GSE25837,8,10,GSM634706,train,lonely
GSE25837,8,10,GSM634707,train,lonely
GSE25837,8,10,GSM634708,train,not_lonely
GSE25837,8,10,GSM634709,train,not_lonely
GSE25837,8,10,GSM634711,train,lonely
GSE25837,8,10,GSM634712,train,not_lonely
GSE25837,8,10,GSM634713,train,not_lonely
GSE25837,8,10,GSM634714,train,not_lonely
GSE25837,8,10,GSM634716,train,not_lonely
GSE25837,8,10,GSM634718,train,not_lonely
GSE25837,8,10,GSM634719,train,not_lonely
GSE25837,8,10,GSM634720,train,not_lonely
GSE25837,8,10,GSM634721,train,not_lonely
GSE25837,8,10,GSM634723,train,not_lonely
GSE25837,8,10,GSM634724,train,not_lonely
GSE25837,8,10,GSM634725,train,not_lonely
GSE25837,8,10,GSM634639,test,not_lonely
GSE25837,8,10,GSM634664,test,not_lonely
GSE25837,8,10,GSM634666,test,lonely
GSE25837,8,10,GSM634691,test,not_lonely
GSE25837,8,10,GSM634697,test,not_lonely
GSE25837,8,10,GSM634710,test,not_lonely
GSE25837,8,10,GSM634715,test,lonely
GSE25837,8,10,GSM634717,test,not_lonely
GSE25837,8,10,GSM634722,test,not_lonely
GSE25837,9,1,GSM634633,train,not_lonely
GSE25837,9,1,GSM634634,train,not_lonely
GSE25837,9,1,GSM634636,train,not_lonely
GSE25837,9,1,GSM634638,train,not_lonely
GSE25837,9,1,GSM634639,train,not_lonely
GSE25837,9,1,GSM634640,train,not_lonely
GSE25837,9,1,GSM634641,train,not_lonely
GSE25837,9,1,GSM634642,train,not_lonely
GSE25837,9,1,GSM634643,train,lonely
GSE25837,9,1,GSM634644,train,not_lonely
GSE25837,9,1,GSM634645,train,not_lonely
GSE25837,9,1,GSM634646,train,not_lonely
GSE25837,9,1,GSM634647,train,not_lonely
GSE25837,9,1,GSM634648,train,lonely
GSE25837,9,1,GSM634649,train,lonely
GSE25837,9,1,GSM634651,train,not_lonely
GSE25837,9,1,GSM634652,train,not_lonely
GSE25837,9,1,GSM634653,train,lonely
GSE25837,9,1,GSM634654,train,not_lonely
GSE25837,9,1,GSM634655,train,not_lonely
GSE25837,9,1,GSM634656,train,not_lonely
GSE25837,9,1,GSM634657,train,not_lonely
GSE25837,9,1,GSM634658,train,not_lonely
GSE25837,9,1,GSM634659,train,lonely
GSE25837,9,1,GSM634660,train,not_lonely
GSE25837,9,1,GSM634661,train,not_lonely
GSE25837,9,1,GSM634662,train,not_lonely
GSE25837,9,1,GSM634666,train,lonely
GSE25837,9,1,GSM634667,train,lonely
GSE25837,9,1,GSM634668,train,not_lonely
GSE25837,9,1,GSM634669,train,lonely
GSE25837,9,1,GSM634670,train,lonely
GSE25837,9,1,GSM634671,train,not_lonely
GSE25837,9,1,GSM634672,train,not_lonely
GSE25837,9,1,GSM634673,train,not_lonely
GSE25837,9,1,GSM634674,train,not_lonely
GSE25837,9,1,GSM634675,train,not_lonely
GSE25837,9,1,GSM634676,train,not_lonely
GSE25837,9,1,GSM634677,train,not_lonely
GSE25837,9,1,GSM634678,train,not_lonely
GSE25837,9,1,GSM634679,train,lonely
GSE25837,9,1,GSM634680,train,lonely
GSE25837,9,1,GSM634681,train,lonely
GSE25837,9,1,GSM634682,train,not_lonely
GSE25837,9,1,GSM634683,train,not_lonely
GSE25837,9,1,GSM634685,train,not_lonely
GSE25837,9,1,GSM634686,train,not_lonely
GSE25837,9,1,GSM634687,train,not_lonely
GSE25837,9,1,GSM634688,train,lonely
GSE25837,9,1,GSM634689,train,not_lonely
GSE25837,9,1,GSM634691,train,not_lonely
GSE25837,9,1,GSM634692,train,not_lonely
GSE25837,9,1,GSM634693,train,not_lonely
GSE25837,9,1,GSM634694,train,lonely
GSE25837,9,1,GSM634695,train,not_lonely
GSE25837,9,1,GSM634696,train,not_lonely
GSE25837,9,1,GSM634698,train,lonely
GSE25837,9,1,GSM634699,train,not_lonely
GSE25837,9,1,GSM634700,train,not_lonely
GSE25837,9,1,GSM634701,train,not_lonely
GSE25837,9,1,GSM634702,train,not_lonely
GSE25837,9,1,GSM634703,train,not_lonely
GSE25837,9,1,GSM634704,train,lonely
GSE25837,9,1,GSM634705,train,lonely
GSE25837,9,1,GSM634707,train,lonely
GSE25837,9,1,GSM634708,train,not_lonely
GSE25837,9,1,GSM634709,train,not_lonely
GSE25837,9,1,GSM634710,train,not_lonely
GSE25837,9,1,GSM634711,train,lonely
GSE25837,9,1,GSM634712,train,not_lonely
GSE25837,9,1,GSM634713,train,not_lonely
GSE25837,9,1,GSM634714,train,not_lonely
GSE25837,9,1,GSM634715,train,lonely
GSE25837,9,1,GSM634716,train,not_lonely
GSE25837,9,1,GSM634717,train,not_lonely
GSE25837,9,1,GSM634718,train,not_lonely
GSE25837,9,1,GSM634719,train,not_lonely
GSE25837,9,1,GSM634720,train,not_lonely
GSE25837,9,1,GSM634721,train,not_lonely
GSE25837,9,1,GSM634722,train,not_lonely
GSE25837,9,1,GSM634723,train,not_lonely
GSE25837,9,1,GSM634724,train,not_lonely
GSE25837,9,1,GSM634725,train,not_lonely
GSE25837,9,1,GSM634635,test,not_lonely
GSE25837,9,1,GSM634637,test,not_lonely
GSE25837,9,1,GSM634650,test,lonely
GSE25837,9,1,GSM634663,test,not_lonely
GSE25837,9,1,GSM634664,test,not_lonely
GSE25837,9,1,GSM634665,test,not_lonely
GSE25837,9,1,GSM634684,test,not_lonely
GSE25837,9,1,GSM634690,test,lonely
GSE25837,9,1,GSM634697,test,not_lonely
GSE25837,9,1,GSM634706,test,lonely
GSE25837,9,2,GSM634633,train,not_lonely
GSE25837,9,2,GSM634634,train,not_lonely
GSE25837,9,2,GSM634635,train,not_lonely
GSE25837,9,2,GSM634636,train,not_lonely
GSE25837,9,2,GSM634637,train,not_lonely
GSE25837,9,2,GSM634638,train,not_lonely
GSE25837,9,2,GSM634639,train,not_lonely
GSE25837,9,2,GSM634641,train,not_lonely
GSE25837,9,2,GSM634642,train,not_lonely
GSE25837,9,2,GSM634643,train,lonely
GSE25837,9,2,GSM634645,train,not_lonely
GSE25837,9,2,GSM634646,train,not_lonely
GSE25837,9,2,GSM634647,train,not_lonely
GSE25837,9,2,GSM634648,train,lonely
GSE25837,9,2,GSM634650,train,lonely
GSE25837,9,2,GSM634651,train,not_lonely
GSE25837,9,2,GSM634652,train,not_lonely
GSE25837,9,2,GSM634653,train,lonely
GSE25837,9,2,GSM634654,train,not_lonely
GSE25837,9,2,GSM634655,train,not_lonely
GSE25837,9,2,GSM634656,train,not_lonely
GSE25837,9,2,GSM634658,train,not_lonely
GSE25837,9,2,GSM634659,train,lonely
GSE25837,9,2,GSM634660,train,not_lonely
GSE25837,9,2,GSM634661,train,not_lonely
GSE25837,9,2,GSM634662,train,not_lonely
GSE25837,9,2,GSM634663,train,not_lonely
GSE25837,9,2,GSM634664,train,not_lonely
GSE25837,9,2,GSM634665,train,not_lonely
GSE25837,9,2,GSM634666,train,lonely
GSE25837,9,2,GSM634668,train,not_lonely
GSE25837,9,2,GSM634669,train,lonely
GSE25837,9,2,GSM634670,train,lonely
GSE25837,9,2,GSM634671,train,not_lonely
GSE25837,9,2,GSM634672,train,not_lonely
GSE25837,9,2,GSM634673,train,not_lonely
GSE25837,9,2,GSM634674,train,not_lonely
GSE25837,9,2,GSM634675,train,not_lonely
GSE25837,9,2,GSM634676,train,not_lonely
GSE25837,9,2,GSM634678,train,not_lonely
GSE25837,9,2,GSM634680,train,lonely
GSE25837,9,2,GSM634681,train,lonely
GSE25837,9,2,GSM634682,train,not_lonely
GSE25837,9,2,GSM634683,train,not_lonely
GSE25837,9,2,GSM634684,train,not_lonely
GSE25837,9,2,GSM634685,train,not_lonely
GSE25837,9,2,GSM634687,train,not_lonely
GSE25837,9,2,GSM634688,train,lonely
GSE25837,9,2,GSM634689,train,not_lonely
GSE25837,9,2,GSM634690,train,lonely
GSE25837,9,2,GSM634691,train,not_lonely
GSE25837,9,2,GSM634692,train,not_lonely
GSE25837,9,2,GSM634693,train,not_lonely
GSE25837,9,2,GSM634694,train,lonely
GSE25837,9,2,GSM634695,train,not_lonely
GSE25837,9,2,GSM634696,train,not_lonely
GSE25837,9,2,GSM634697,train,not_lonely
GSE25837,9,2,GSM634698,train,lonely
GSE25837,9,2,GSM634699,train,not_lonely
GSE25837,9,2,GSM634700,train,not_lonely
GSE25837,9,2,GSM634701,train,not_lonely
GSE25837,9,2,GSM634703,train,not_lonely
GSE25837,9,2,GSM634704,train,lonely
GSE25837,9,2,GSM634705,train,lonely
GSE25837,9,2,GSM634706,train,lonely
GSE25837,9,2,GSM634707,train,lonely
GSE25837,9,2,GSM634708,train,not_lonely
GSE25837,9,2,GSM634709,train,not_lonely
GSE25837,9,2,GSM634710,train,not_lonely
GSE25837,9,2,GSM634711,train,lonely
GSE25837,9,2,GSM634712,train,not_lonely
GSE25837,9,2,GSM634714,train,not_lonely
GSE25837,9,2,GSM634715,train,lonely
GSE25837,9,2,GSM634716,train,not_lonely
GSE25837,9,2,GSM634717,train,not_lonely
GSE25837,9,2,GSM634718,train,not_lonely
GSE25837,9,2,GSM634719,train,not_lonely
GSE25837,9,2,GSM634720,train,not_lonely
GSE25837,9,2,GSM634721,train,not_lonely
GSE25837,9,2,GSM634722,train,not_lonely
GSE25837,9,2,GSM634723,train,not_lonely
GSE25837,9,2,GSM634724,train,not_lonely
GSE25837,9,2,GSM634725,train,not_lonely
GSE25837,9,2,GSM634640,test,not_lonely
GSE25837,9,2,GSM634644,test,not_lonely
GSE25837,9,2,GSM634649,test,lonely
GSE25837,9,2,GSM634657,test,not_lonely
GSE25837,9,2,GSM634667,test,lonely
GSE25837,9,2,GSM634677,test,not_lonely
GSE25837,9,2,GSM634679,test,lonely
GSE25837,9,2,GSM634686,test,not_lonely
GSE25837,9,2,GSM634702,test,not_lonely
GSE25837,9,2,GSM634713,test,not_lonely
GSE25837,9,3,GSM634633,train,not_lonely
GSE25837,9,3,GSM634634,train,not_lonely
GSE25837,9,3,GSM634635,train,not_lonely
GSE25837,9,3,GSM634636,train,not_lonely
GSE25837,9,3,GSM634637,train,not_lonely
GSE25837,9,3,GSM634638,train,not_lonely
GSE25837,9,3,GSM634639,train,not_lonely
GSE25837,9,3,GSM634640,train,not_lonely
GSE25837,9,3,GSM634641,train,not_lonely
GSE25837,9,3,GSM634644,train,not_lonely
GSE25837,9,3,GSM634645,train,not_lonely
GSE25837,9,3,GSM634646,train,not_lonely
GSE25837,9,3,GSM634647,train,not_lonely
GSE25837,9,3,GSM634648,train,lonely
GSE25837,9,3,GSM634649,train,lonely
GSE25837,9,3,GSM634650,train,lonely
GSE25837,9,3,GSM634651,train,not_lonely
GSE25837,9,3,GSM634652,train,not_lonely
GSE25837,9,3,GSM634653,train,lonely
GSE25837,9,3,GSM634655,train,not_lonely
GSE25837,9,3,GSM634656,train,not_lonely
GSE25837,9,3,GSM634657,train,not_lonely
GSE25837,9,3,GSM634658,train,not_lonely
GSE25837,9,3,GSM634659,train,lonely
GSE25837,9,3,GSM634661,train,not_lonely
GSE25837,9,3,GSM634662,train,not_lonely
GSE25837,9,3,GSM634663,train,not_lonely
GSE25837,9,3,GSM634664,train,not_lonely
GSE25837,9,3,GSM634665,train,not_lonely
GSE25837,9,3,GSM634666,train,lonely
GSE25837,9,3,GSM634667,train,lonely
GSE25837,9,3,GSM634668,train,not_lonely
GSE25837,9,3,GSM634669,train,lonely
GSE25837,9,3,GSM634671,train,not_lonely
GSE25837,9,3,GSM634672,train,not_lonely
GSE25837,9,3,GSM634673,train,not_lonely
GSE25837,9,3,GSM634674,train,not_lonely
GSE25837,9,3,GSM634676,train,not_lonely
GSE25837,9,3,GSM634677,train,not_lonely
GSE25837,9,3,GSM634678,train,not_lonely
GSE25837,9,3,GSM634679,train,lonely
GSE25837,9,3,GSM634680,train,lonely
GSE25837,9,3,GSM634681,train,lonely
GSE25837,9,3,GSM634682,train,not_lonely
GSE25837,9,3,GSM634683,train,not_lonely
GSE25837,9,3,GSM634684,train,not_lonely
GSE25837,9,3,GSM634685,train,not_lonely
GSE25837,9,3,GSM634686,train,not_lonely
GSE25837,9,3,GSM634687,train,not_lonely
GSE25837,9,3,GSM634688,train,lonely
GSE25837,9,3,GSM634689,train,not_lonely
GSE25837,9,3,GSM634690,train,lonely
GSE25837,9,3,GSM634691,train,not_lonely
GSE25837,9,3,GSM634692,train,not_lonely
GSE25837,9,3,GSM634693,train,not_lonely
GSE25837,9,3,GSM634694,train,lonely
GSE25837,9,3,GSM634695,train,not_lonely
GSE25837,9,3,GSM634696,train,not_lonely
GSE25837,9,3,GSM634697,train,not_lonely
GSE25837,9,3,GSM634698,train,lonely
GSE25837,9,3,GSM634699,train,not_lonely
GSE25837,9,3,GSM634701,train,not_lonely
GSE25837,9,3,GSM634702,train,not_lonely
GSE25837,9,3,GSM634703,train,not_lonely
GSE25837,9,3,GSM634704,train,lonely
GSE25837,9,3,GSM634705,train,lonely
GSE25837,9,3,GSM634706,train,lonely
GSE25837,9,3,GSM634707,train,lonely
GSE25837,9,3,GSM634708,train,not_lonely
GSE25837,9,3,GSM634709,train,not_lonely
GSE25837,9,3,GSM634711,train,lonely
GSE25837,9,3,GSM634712,train,not_lonely
GSE25837,9,3,GSM634713,train,not_lonely
GSE25837,9,3,GSM634714,train,not_lonely
GSE25837,9,3,GSM634716,train,not_lonely
GSE25837,9,3,GSM634717,train,not_lonely
GSE25837,9,3,GSM634718,train,not_lonely
GSE25837,9,3,GSM634719,train,not_lonely
GSE25837,9,3,GSM634720,train,not_lonely
GSE25837,9,3,GSM634722,train,not_lonely
GSE25837,9,3,GSM634723,train,not_lonely
GSE25837,9,3,GSM634724,train,not_lonely
GSE25837,9,3,GSM634725,train,not_lonely
GSE25837,9,3,GSM634642,test,not_lonely
GSE25837,9,3,GSM634643,test,lonely
GSE25837,9,3,GSM634654,test,not_lonely
GSE25837,9,3,GSM634660,test,not_lonely
GSE25837,9,3,GSM634670,test,lonely
GSE25837,9,3,GSM634675,test,not_lonely
GSE25837,9,3,GSM634700,test,not_lonely
GSE25837,9,3,GSM634710,test,not_lonely
GSE25837,9,3,GSM634715,test,lonely
GSE25837,9,3,GSM634721,test,not_lonely
GSE25837,9,4,GSM634633,train,not_lonely
GSE25837,9,4,GSM634634,train,not_lonely
GSE25837,9,4,GSM634635,train,not_lonely
GSE25837,9,4,GSM634636,train,not_lonely
GSE25837,9,4,GSM634637,train,not_lonely
GSE25837,9,4,GSM634638,train,not_lonely
GSE25837,9,4,GSM634640,train,not_lonely
GSE25837,9,4,GSM634641,train,not_lonely
GSE25837,9,4,GSM634642,train,not_lonely
GSE25837,9,4,GSM634643,train,lonely
GSE25837,9,4,GSM634644,train,not_lonely
GSE25837,9,4,GSM634645,train,not_lonely
GSE25837,9,4,GSM634646,train,not_lonely
GSE25837,9,4,GSM634647,train,not_lonely
GSE25837,9,4,GSM634648,train,lonely
GSE25837,9,4,GSM634649,train,lonely
GSE25837,9,4,GSM634650,train,lonely
GSE25837,9,4,GSM634651,train,not_lonely
GSE25837,9,4,GSM634652,train,not_lonely
GSE25837,9,4,GSM634653,train,lonely
GSE25837,9,4,GSM634654,train,not_lonely
GSE25837,9,4,GSM634655,train,not_lonely
GSE25837,9,4,GSM634656,train,not_lonely
GSE25837,9,4,GSM634657,train,not_lonely
GSE25837,9,4,GSM634658,train,not_lonely
GSE25837,9,4,GSM634660,train,not_lonely
GSE25837,9,4,GSM634661,train,not_lonely
GSE25837,9,4,GSM634662,train,not_lonely
GSE25837,9,4,GSM634663,train,not_lonely
GSE25837,9,4,GSM634664,train,not_lonely
GSE25837,9,4,GSM634665,train,not_lonely
GSE25837,9,4,GSM634666,train,lonely
GSE25837,9,4,GSM634667,train,lonely
GSE25837,9,4,GSM634668,train,not_lonely
GSE25837,9,4,GSM634669,train,lonely
GSE25837,9,4,GSM634670,train,lonely
GSE25837,9,4,GSM634671,train,not_lonely
GSE25837,9,4,GSM634672,train,not_lonely
GSE25837,9,4,GSM634673,train,not_lonely
GSE25837,9,4,GSM634674,train,not_lonely
GSE25837,9,4,GSM634675,train,not_lonely
GSE25837,9,4,GSM634676,train,not_lonely
GSE25837,9,4,GSM634677,train,not_lonely
GSE25837,9,4,GSM634678,train,not_lonely
GSE25837,9,4,GSM634679,train,lonely
GSE25837,9,4,GSM634680,train,lonely
GSE25837,9,4,GSM634681,train,lonely
GSE25837,9,4,GSM634682,train,not_lonely
GSE25837,9,4,GSM634683,train,not_lonely
GSE25837,9,4,GSM634684,train,not_lonely
GSE25837,9,4,GSM634685,train,not_lonely
GSE25837,9,4,GSM634686,train,not_lonely
GSE25837,9,4,GSM634687,train,not_lonely
GSE25837,9,4,GSM634688,train,lonely
GSE25837,9,4,GSM634689,train,not_lonely
GSE25837,9,4,GSM634690,train,lonely
GSE25837,9,4,GSM634691,train,not_lonely
GSE25837,9,4,GSM634692,train,not_lonely
GSE25837,9,4,GSM634694,train,lonely
GSE25837,9,4,GSM634695,train,not_lonely
GSE25837,9,4,GSM634696,train,not_lonely
GSE25837,9,4,GSM634697,train,not_lonely
GSE25837,9,4,GSM634698,train,lonely
GSE25837,9,4,GSM634699,train,not_lonely
GSE25837,9,4,GSM634700,train,not_lonely
GSE25837,9,4,GSM634702,train,not_lonely
GSE25837,9,4,GSM634703,train,not_lonely
GSE25837,9,4,GSM634704,train,lonely
GSE25837,9,4,GSM634705,train,lonely
GSE25837,9,4,GSM634706,train,lonely
GSE25837,9,4,GSM634707,train,lonely
GSE25837,9,4,GSM634708,train,not_lonely
GSE25837,9,4,GSM634709,train,not_lonely
GSE25837,9,4,GSM634710,train,not_lonely
GSE25837,9,4,GSM634712,train,not_lonely
GSE25837,9,4,GSM634713,train,not_lonely
GSE25837,9,4,GSM634714,train,not_lonely
GSE25837,9,4,GSM634715,train,lonely
GSE25837,9,4,GSM634717,train,not_lonely
GSE25837,9,4,GSM634719,train,not_lonely
GSE25837,9,4,GSM634720,train,not_lonely
GSE25837,9,4,GSM634721,train,not_lonely
GSE25837,9,4,GSM634723,train,not_lonely
GSE25837,9,4,GSM634725,train,not_lonely
GSE25837,9,4,GSM634639,test,not_lonely
GSE25837,9,4,GSM634659,test,lonely
GSE25837,9,4,GSM634693,test,not_lonely
GSE25837,9,4,GSM634701,test,not_lonely
GSE25837,9,4,GSM634711,test,lonely
GSE25837,9,4,GSM634716,test,not_lonely
GSE25837,9,4,GSM634718,test,not_lonely
GSE25837,9,4,GSM634722,test,not_lonely
GSE25837,9,4,GSM634724,test,not_lonely
GSE25837,9,5,GSM634633,train,not_lonely
GSE25837,9,5,GSM634634,train,not_lonely
GSE25837,9,5,GSM634635,train,not_lonely
GSE25837,9,5,GSM634636,train,not_lonely
GSE25837,9,5,GSM634637,train,not_lonely
GSE25837,9,5,GSM634639,train,not_lonely
GSE25837,9,5,GSM634640,train,not_lonely
GSE25837,9,5,GSM634641,train,not_lonely
GSE25837,9,5,GSM634642,train,not_lonely
GSE25837,9,5,GSM634643,train,lonely
GSE25837,9,5,GSM634644,train,not_lonely
GSE25837,9,5,GSM634646,train,not_lonely
GSE25837,9,5,GSM634647,train,not_lonely
GSE25837,9,5,GSM634648,train,lonely
GSE25837,9,5,GSM634649,train,lonely
GSE25837,9,5,GSM634650,train,lonely
GSE25837,9,5,GSM634652,train,not_lonely
GSE25837,9,5,GSM634653,train,lonely
GSE25837,9,5,GSM634654,train,not_lonely
GSE25837,9,5,GSM634655,train,not_lonely
GSE25837,9,5,GSM634656,train,not_lonely
GSE25837,9,5,GSM634657,train,not_lonely
GSE25837,9,5,GSM634658,train,not_lonely
GSE25837,9,5,GSM634659,train,lonely
GSE25837,9,5,GSM634660,train,not_lonely
GSE25837,9,5,GSM634661,train,not_lonely
GSE25837,9,5,GSM634662,train,not_lonely
GSE25837,9,5,GSM634663,train,not_lonely
GSE25837,9,5,GSM634664,train,not_lonely
GSE25837,9,5,GSM634665,train,not_lonely
GSE25837,9,5,GSM634666,train,lonely
GSE25837,9,5,GSM634667,train,lonely
GSE25837,9,5,GSM634668,train,not_lonely
GSE25837,9,5,GSM634669,train,lonely
GSE25837,9,5,GSM634670,train,lonely
GSE25837,9,5,GSM634671,train,not_lonely
GSE25837,9,5,GSM634672,train,not_lonely
GSE25837,9,5,GSM634675,train,not_lonely
GSE25837,9,5,GSM634677,train,not_lonely
GSE25837,9,5,GSM634678,train,not_lonely
GSE25837,9,5,GSM634679,train,lonely
GSE25837,9,5,GSM634680,train,lonely
GSE25837,9,5,GSM634681,train,lonely
GSE25837,9,5,GSM634683,train,not_lonely
GSE25837,9,5,GSM634684,train,not_lonely
GSE25837,9,5,GSM634685,train,not_lonely
GSE25837,9,5,GSM634686,train,not_lonely
GSE25837,9,5,GSM634687,train,not_lonely
GSE25837,9,5,GSM634688,train,lonely
GSE25837,9,5,GSM634689,train,not_lonely
GSE25837,9,5,GSM634690,train,lonely
GSE25837,9,5,GSM634691,train,not_lonely
GSE25837,9,5,GSM634692,train,not_lonely
GSE25837,9,5,GSM634693,train,not_lonely
GSE25837,9,5,GSM634694,train,lonely
GSE25837,9,5,GSM634695,train,not_lonely
GSE25837,9,5,GSM634696,train,not_lonely
GSE25837,9,5,GSM634697,train,not_lonely
GSE25837,9,5,GSM634698,train,lonely
GSE25837,9,5,GSM634699,train,not_lonely
GSE25837,9,5,GSM634700,train,not_lonely
GSE25837,9,5,GSM634701,train,not_lonely
GSE25837,9,5,GSM634702,train,not_lonely
GSE25837,9,5,GSM634703,train,not_lonely
GSE25837,9,5,GSM634705,train,lonely
GSE25837,9,5,GSM634706,train,lonely
GSE25837,9,5,GSM634708,train,not_lonely
GSE25837,9,5,GSM634709,train,not_lonely
GSE25837,9,5,GSM634710,train,not_lonely
GSE25837,9,5,GSM634711,train,lonely
GSE25837,9,5,GSM634712,train,not_lonely
GSE25837,9,5,GSM634713,train,not_lonely
GSE25837,9,5,GSM634714,train,not_lonely
GSE25837,9,5,GSM634715,train,lonely
GSE25837,9,5,GSM634716,train,not_lonely
GSE25837,9,5,GSM634717,train,not_lonely
GSE25837,9,5,GSM634718,train,not_lonely
GSE25837,9,5,GSM634719,train,not_lonely
GSE25837,9,5,GSM634720,train,not_lonely
GSE25837,9,5,GSM634721,train,not_lonely
GSE25837,9,5,GSM634722,train,not_lonely
GSE25837,9,5,GSM634723,train,not_lonely
GSE25837,9,5,GSM634724,train,not_lonely
GSE25837,9,5,GSM634725,train,not_lonely
GSE25837,9,5,GSM634638,test,not_lonely
GSE25837,9,5,GSM634645,test,not_lonely
GSE25837,9,5,GSM634651,test,not_lonely
GSE25837,9,5,GSM634673,test,not_lonely
GSE25837,9,5,GSM634674,test,not_lonely
GSE25837,9,5,GSM634676,test,not_lonely
GSE25837,9,5,GSM634682,test,not_lonely
GSE25837,9,5,GSM634704,test,lonely
GSE25837,9,5,GSM634707,test,lonely
GSE25837,9,6,GSM634633,train,not_lonely
GSE25837,9,6,GSM634635,train,not_lonely
GSE25837,9,6,GSM634636,train,not_lonely
GSE25837,9,6,GSM634637,train,not_lonely
GSE25837,9,6,GSM634638,train,not_lonely
GSE25837,9,6,GSM634639,train,not_lonely
GSE25837,9,6,GSM634640,train,not_lonely
GSE25837,9,6,GSM634641,train,not_lonely
GSE25837,9,6,GSM634642,train,not_lonely
GSE25837,9,6,GSM634643,train,lonely
GSE25837,9,6,GSM634644,train,not_lonely
GSE25837,9,6,GSM634645,train,not_lonely
GSE25837,9,6,GSM634646,train,not_lonely
GSE25837,9,6,GSM634647,train,not_lonely
GSE25837,9,6,GSM634648,train,lonely
GSE25837,9,6,GSM634649,train,lonely
GSE25837,9,6,GSM634650,train,lonely
GSE25837,9,6,GSM634651,train,not_lonely
GSE25837,9,6,GSM634652,train,not_lonely
GSE25837,9,6,GSM634653,train,lonely
GSE25837,9,6,GSM634654,train,not_lonely
GSE25837,9,6,GSM634655,train,not_lonely
GSE25837,9,6,GSM634657,train,not_lonely
GSE25837,9,6,GSM634658,train,not_lonely
GSE25837,9,6,GSM634659,train,lonely
GSE25837,9,6,GSM634660,train,not_lonely
GSE25837,9,6,GSM634661,train,not_lonely
GSE25837,9,6,GSM634662,train,not_lonely
GSE25837,9,6,GSM634663,train,not_lonely
GSE25837,9,6,GSM634664,train,not_lonely
GSE25837,9,6,GSM634665,train,not_lonely
GSE25837,9,6,GSM634666,train,lonely
GSE25837,9,6,GSM634667,train,lonely
GSE25837,9,6,GSM634668,train,not_lonely
GSE25837,9,6,GSM634670,train,lonely
GSE25837,9,6,GSM634672,train,not_lonely
GSE25837,9,6,GSM634673,train,not_lonely
GSE25837,9,6,GSM634674,train,not_lonely
GSE25837,9,6,GSM634675,train,not_lonely
GSE25837,9,6,GSM634676,train,not_lonely
GSE25837,9,6,GSM634677,train,not_lonely
GSE25837,9,6,GSM634678,train,not_lonely
GSE25837,9,6,GSM634679,train,lonely
GSE25837,9,6,GSM634680,train,lonely
GSE25837,9,6,GSM634681,train,lonely
GSE25837,9,6,GSM634682,train,not_lonely
GSE25837,9,6,GSM634684,train,not_lonely
GSE25837,9,6,GSM634686,train,not_lonely
GSE25837,9,6,GSM634687,train,not_lonely
GSE25837,9,6,GSM634688,train,lonely
GSE25837,9,6,GSM634689,train,not_lonely
GSE25837,9,6,GSM634690,train,lonely
GSE25837,9,6,GSM634692,train,not_lonely
GSE25837,9,6,GSM634693,train,not_lonely
GSE25837,9,6,GSM634695,train,not_lonely
GSE25837,9,6,GSM634696,train,not_lonely
GSE25837,9,6,GSM634697,train,not_lonely
GSE25837,9,6,GSM634698,train,lonely
GSE25837,9,6,GSM634699,train,not_lonely
GSE25837,9,6,GSM634700,train,not_lonely
GSE25837,9,6,GSM634701,train,not_lonely
GSE25837,9,6,GSM634702,train,not_lonely
GSE25837,9,6,GSM634703,train,not_lonely
GSE25837,9,6,GSM634704,train,lonely
GSE25837,9,6,GSM634705,train,lonely
GSE25837,9,6,GSM634706,train,lonely
GSE25837,9,6,GSM634707,train,lonely
GSE25837,9,6,GSM634709,train,not_lonely
GSE25837,9,6,GSM634710,train,not_lonely
GSE25837,9,6,GSM634711,train,lonely
GSE25837,9,6,GSM634712,train,not_lonely
GSE25837,9,6,GSM634713,train,not_lonely
GSE25837,9,6,GSM634714,train,not_lonely
GSE25837,9,6,GSM634715,train,lonely
GSE25837,9,6,GSM634716,train,not_lonely
GSE25837,9,6,GSM634717,train,not_lonely
GSE25837,9,6,GSM634718,train,not_lonely
GSE25837,9,6,GSM634719,train,not_lonely
GSE25837,9,6,GSM634720,train,not_lonely
GSE25837,9,6,GSM634721,train,not_lonely
GSE25837,9,6,GSM634722,train,not_lonely
GSE25837,9,6,GSM634723,train,not_lonely
GSE25837,9,6,GSM634724,train,not_lonely
GSE25837,9,6,GSM634725,train,not_lonely
GSE25837,9,6,GSM634634,test,not_lonely
GSE25837,9,6,GSM634656,test,not_lonely
GSE25837,9,6,GSM634669,test,lonely
GSE25837,9,6,GSM634671,test,not_lonely
GSE25837,9,6,GSM634683,test,not_lonely
GSE25837,9,6,GSM634685,test,not_lonely
GSE25837,9,6,GSM634691,test,not_lonely
GSE25837,9,6,GSM634694,test,lonely
GSE25837,9,6,GSM634708,test,not_lonely
GSE25837,9,7,GSM634633,train,not_lonely
GSE25837,9,7,GSM634634,train,not_lonely
GSE25837,9,7,GSM634635,train,not_lonely
GSE25837,9,7,GSM634637,train,not_lonely
GSE25837,9,7,GSM634638,train,not_lonely
GSE25837,9,7,GSM634639,train,not_lonely
GSE25837,9,7,GSM634640,train,not_lonely
GSE25837,9,7,GSM634641,train,not_lonely
GSE25837,9,7,GSM634642,train,not_lonely
GSE25837,9,7,GSM634643,train,lonely
GSE25837,9,7,GSM634644,train,not_lonely
GSE25837,9,7,GSM634645,train,not_lonely
GSE25837,9,7,GSM634646,train,not_lonely
GSE25837,9,7,GSM634647,train,not_lonely
GSE25837,9,7,GSM634648,train,lonely
GSE25837,9,7,GSM634649,train,lonely
GSE25837,9,7,GSM634650,train,lonely
GSE25837,9,7,GSM634651,train,not_lonely
GSE25837,9,7,GSM634652,train,not_lonely
GSE25837,9,7,GSM634653,train,lonely
GSE25837,9,7,GSM634654,train,not_lonely
GSE25837,9,7,GSM634655,train,not_lonely
GSE25837,9,7,GSM634656,train,not_lonely
GSE25837,9,7,GSM634657,train,not_lonely
GSE25837,9,7,GSM634658,train,not_lonely
GSE25837,9,7,GSM634659,train,lonely
GSE25837,9,7,GSM634660,train,not_lonely
GSE25837,9,7,GSM634661,train,not_lonely
GSE25837,9,7,GSM634662,train,not_lonely
GSE25837,9,7,GSM634663,train,not_lonely
GSE25837,9,7,GSM634664,train,not_lonely
GSE25837,9,7,GSM634665,train,not_lonely
GSE25837,9,7,GSM634666,train,lonely
GSE25837,9,7,GSM634667,train,lonely
GSE25837,9,7,GSM634669,train,lonely
GSE25837,9,7,GSM634670,train,lonely
GSE25837,9,7,GSM634671,train,not_lonely
GSE25837,9,7,GSM634672,train,not_lonely
GSE25837,9,7,GSM634673,train,not_lonely
GSE25837,9,7,GSM634674,train,not_lonely
GSE25837,9,7,GSM634675,train,not_lonely
GSE25837,9,7,GSM634676,train,not_lonely
GSE25837,9,7,GSM634677,train,not_lonely
GSE25837,9,7,GSM634678,train,not_lonely
GSE25837,9,7,GSM634679,train,lonely
GSE25837,9,7,GSM634680,train,lonely
GSE25837,9,7,GSM634681,train,lonely
GSE25837,9,7,GSM634682,train,not_lonely
GSE25837,9,7,GSM634683,train,not_lonely
GSE25837,9,7,GSM634684,train,not_lonely
GSE25837,9,7,GSM634685,train,not_lonely
GSE25837,9,7,GSM634686,train,not_lonely
GSE25837,9,7,GSM634689,train,not_lonely
GSE25837,9,7,GSM634690,train,lonely
GSE25837,9,7,GSM634691,train,not_lonely
GSE25837,9,7,GSM634692,train,not_lonely
GSE25837,9,7,GSM634693,train,not_lonely
GSE25837,9,7,GSM634694,train,lonely
GSE25837,9,7,GSM634695,train,not_lonely
GSE25837,9,7,GSM634697,train,not_lonely
GSE25837,9,7,GSM634699,train,not_lonely
GSE25837,9,7,GSM634700,train,not_lonely
GSE25837,9,7,GSM634701,train,not_lonely
GSE25837,9,7,GSM634702,train,not_lonely
GSE25837,9,7,GSM634703,train,not_lonely
GSE25837,9,7,GSM634704,train,lonely
GSE25837,9,7,GSM634705,train,lonely
GSE25837,9,7,GSM634706,train,lonely
GSE25837,9,7,GSM634707,train,lonely
GSE25837,9,7,GSM634708,train,not_lonely
GSE25837,9,7,GSM634709,train,not_lonely
GSE25837,9,7,GSM634710,train,not_lonely
GSE25837,9,7,GSM634711,train,lonely
GSE25837,9,7,GSM634713,train,not_lonely
GSE25837,9,7,GSM634714,train,not_lonely
GSE25837,9,7,GSM634715,train,lonely
GSE25837,9,7,GSM634716,train,not_lonely
GSE25837,9,7,GSM634718,train,not_lonely
GSE25837,9,7,GSM634719,train,not_lonely
GSE25837,9,7,GSM634720,train,not_lonely
GSE25837,9,7,GSM634721,train,not_lonely
GSE25837,9,7,GSM634722,train,not_lonely
GSE25837,9,7,GSM634723,train,not_lonely
GSE25837,9,7,GSM634724,train,not_lonely
GSE25837,9,7,GSM634636,test,not_lonely
GSE25837,9,7,GSM634668,test,not_lonely
GSE25837,9,7,GSM634687,test,not_lonely
GSE25837,9,7,GSM634688,test,lonely
GSE25837,9,7,GSM634696,test,not_lonely
GSE25837,9,7,GSM634698,test,lonely
GSE25837,9,7,GSM634712,test,not_lonely
GSE25837,9,7,GSM634717,test,not_lonely
GSE25837,9,7,GSM634725,test,not_lonely
GSE25837,9,8,GSM634634,train,not_lonely
GSE25837,9,8,GSM634635,train,not_lonely
GSE25837,9,8,GSM634636,train,not_lonely
GSE25837,9,8,GSM634637,train,not_lonely
GSE25837,9,8,GSM634638,train,not_lonely
GSE25837,9,8,GSM634639,train,not_lonely
GSE25837,9,8,GSM634640,train,not_lonely
GSE25837,9,8,GSM634641,train,not_lonely
GSE25837,9,8,GSM634642,train,not_lonely
GSE25837,9,8,GSM634643,train,lonely
GSE25837,9,8,GSM634644,train,not_lonely
GSE25837,9,8,GSM634645,train,not_lonely
GSE25837,9,8,GSM634646,train,not_lonely
GSE25837,9,8,GSM634648,train,lonely
GSE25837,9,8,GSM634649,train,lonely
GSE25837,9,8,GSM634650,train,lonely
GSE25837,9,8,GSM634651,train,not_lonely
GSE25837,9,8,GSM634652,train,not_lonely
GSE25837,9,8,GSM634653,train,lonely
GSE25837,9,8,GSM634654,train,not_lonely
GSE25837,9,8,GSM634655,train,not_lonely
GSE25837,9,8,GSM634656,train,not_lonely
GSE25837,9,8,GSM634657,train,not_lonely
GSE25837,9,8,GSM634659,train,lonely
GSE25837,9,8,GSM634660,train,not_lonely
GSE25837,9,8,GSM634661,train,not_lonely
GSE25837,9,8,GSM634662,train,not_lonely
GSE25837,9,8,GSM634663,train,not_lonely
GSE25837,9,8,GSM634664,train,not_lonely
GSE25837,9,8,GSM634665,train,not_lonely
GSE25837,9,8,GSM634667,train,lonely
GSE25837,9,8,GSM634668,train,not_lonely
GSE25837,9,8,GSM634669,train,lonely
GSE25837,9,8,GSM634670,train,lonely
GSE25837,9,8,GSM634671,train,not_lonely
GSE25837,9,8,GSM634673,train,not_lonely
GSE25837,9,8,GSM634674,train,not_lonely
GSE25837,9,8,GSM634675,train,not_lonely
GSE25837,9,8,GSM634676,train,not_lonely
GSE25837,9,8,GSM634677,train,not_lonely
GSE25837,9,8,GSM634678,train,not_lonely
GSE25837,9,8,GSM634679,train,lonely
GSE25837,9,8,GSM634680,train,lonely
GSE25837,9,8,GSM634682,train,not_lonely
GSE25837,9,8,GSM634683,train,not_lonely
GSE25837,9,8,GSM634684,train,not_lonely
GSE25837,9,8,GSM634685,train,not_lonely
GSE25837,9,8,GSM634686,train,not_lonely
GSE25837,9,8,GSM634687,train,not_lonely
GSE25837,9,8,GSM634688,train,lonely
GSE25837,9,8,GSM634689,train,not_lonely
GSE25837,9,8,GSM634690,train,lonely
GSE25837,9,8,GSM634691,train,not_lonely
GSE25837,9,8,GSM634692,train,not_lonely
GSE25837,9,8,GSM634693,train,not_lonely
GSE25837,9,8,GSM634694,train,lonely
GSE25837,9,8,GSM634695,train,not_lonely
GSE25837,9,8,GSM634696,train,not_lonely
GSE25837,9,8,GSM634697,train,not_lonely
GSE25837,9,8,GSM634698,train,lonely
GSE25837,9,8,GSM634700,train,not_lonely
GSE25837,9,8,GSM634701,train,not_lonely
GSE25837,9,8,GSM634702,train,not_lonely
GSE25837,9,8,GSM634703,train,not_lonely
GSE25837,9,8,GSM634704,train,lonely
GSE25837,9,8,GSM634705,train,lonely
GSE25837,9,8,GSM634706,train,lonely
GSE25837,9,8,GSM634707,train,lonely
GSE25837,9,8,GSM634708,train,not_lonely
GSE25837,9,8,GSM634709,train,not_lonely
GSE25837,9,8,GSM634710,train,not_lonely
GSE25837,9,8,GSM634711,train,lonely
GSE25837,9,8,GSM634712,train,not_lonely
GSE25837,9,8,GSM634713,train,not_lonely
GSE25837,9,8,GSM634715,train,lonely
GSE25837,9,8,GSM634716,train,not_lonely
GSE25837,9,8,GSM634717,train,not_lonely
GSE25837,9,8,GSM634718,train,not_lonely
GSE25837,9,8,GSM634719,train,not_lonely
GSE25837,9,8,GSM634720,train,not_lonely
GSE25837,9,8,GSM634721,train,not_lonely
GSE25837,9,8,GSM634722,train,not_lonely
GSE25837,9,8,GSM634724,train,not_lonely
GSE25837,9,8,GSM634725,train,not_lonely
GSE25837,9,8,GSM634633,test,not_lonely
GSE25837,9,8,GSM634647,test,not_lonely
GSE25837,9,8,GSM634658,test,not_lonely
GSE25837,9,8,GSM634666,test,lonely
GSE25837,9,8,GSM634672,test,not_lonely
GSE25837,9,8,GSM634681,test,lonely
GSE25837,9,8,GSM634699,test,not_lonely
GSE25837,9,8,GSM634714,test,not_lonely
GSE25837,9,8,GSM634723,test,not_lonely
GSE25837,9,9,GSM634633,train,not_lonely
GSE25837,9,9,GSM634634,train,not_lonely
GSE25837,9,9,GSM634635,train,not_lonely
GSE25837,9,9,GSM634636,train,not_lonely
GSE25837,9,9,GSM634637,train,not_lonely
GSE25837,9,9,GSM634638,train,not_lonely
GSE25837,9,9,GSM634639,train,not_lonely
GSE25837,9,9,GSM634640,train,not_lonely
GSE25837,9,9,GSM634641,train,not_lonely
GSE25837,9,9,GSM634642,train,not_lonely
GSE25837,9,9,GSM634643,train,lonely
GSE25837,9,9,GSM634644,train,not_lonely
GSE25837,9,9,GSM634645,train,not_lonely
GSE25837,9,9,GSM634646,train,not_lonely
GSE25837,9,9,GSM634647,train,not_lonely
GSE25837,9,9,GSM634649,train,lonely
GSE25837,9,9,GSM634650,train,lonely
GSE25837,9,9,GSM634651,train,not_lonely
GSE25837,9,9,GSM634652,train,not_lonely
GSE25837,9,9,GSM634653,train,lonely
GSE25837,9,9,GSM634654,train,not_lonely
GSE25837,9,9,GSM634655,train,not_lonely
GSE25837,9,9,GSM634656,train,not_lonely
GSE25837,9,9,GSM634657,train,not_lonely
GSE25837,9,9,GSM634658,train,not_lonely
GSE25837,9,9,GSM634659,train,lonely
GSE25837,9,9,GSM634660,train,not_lonely
GSE25837,9,9,GSM634663,train,not_lonely
GSE25837,9,9,GSM634664,train,not_lonely
GSE25837,9,9,GSM634665,train,not_lonely
GSE25837,9,9,GSM634666,train,lonely
GSE25837,9,9,GSM634667,train,lonely
GSE25837,9,9,GSM634668,train,not_lonely
GSE25837,9,9,GSM634669,train,lonely
GSE25837,9,9,GSM634670,train,lonely
GSE25837,9,9,GSM634671,train,not_lonely
GSE25837,9,9,GSM634672,train,not_lonely
GSE25837,9,9,GSM634673,train,not_lonely
GSE25837,9,9,GSM634674,train,not_lonely
GSE25837,9,9,GSM634675,train,not_lonely
GSE25837,9,9,GSM634676,train,not_lonely
GSE25837,9,9,GSM634677,train,not_lonely
GSE25837,9,9,GSM634678,train,not_lonely
GSE25837,9,9,GSM634679,train,lonely
GSE25837,9,9,GSM634680,train,lonely
GSE25837,9,9,GSM634681,train,lonely
GSE25837,9,9,GSM634682,train,not_lonely
GSE25837,9,9,GSM634683,train,not_lonely
GSE25837,9,9,GSM634684,train,not_lonely
GSE25837,9,9,GSM634685,train,not_lonely
GSE25837,9,9,GSM634686,train,not_lonely
GSE25837,9,9,GSM634687,train,not_lonely
GSE25837,9,9,GSM634688,train,lonely
GSE25837,9,9,GSM634690,train,lonely
GSE25837,9,9,GSM634691,train,not_lonely
GSE25837,9,9,GSM634693,train,not_lonely
GSE25837,9,9,GSM634694,train,lonely
GSE25837,9,9,GSM634695,train,not_lonely
GSE25837,9,9,GSM634696,train,not_lonely
GSE25837,9,9,GSM634697,train,not_lonely
GSE25837,9,9,GSM634698,train,lonely
GSE25837,9,9,GSM634699,train,not_lonely
GSE25837,9,9,GSM634700,train,not_lonely
GSE25837,9,9,GSM634701,train,not_lonely
GSE25837,9,9,GSM634702,train,not_lonely
GSE25837,9,9,GSM634704,train,lonely
GSE25837,9,9,GSM634706,train,lonely
GSE25837,9,9,GSM634707,train,lonely
GSE25837,9,9,GSM634708,train,not_lonely
GSE25837,9,9,GSM634709,train,not_lonely
GSE25837,9,9,GSM634710,train,not_lonely
GSE25837,9,9,GSM634711,train,lonely
GSE25837,9,9,GSM634712,train,not_lonely
GSE25837,9,9,GSM634713,train,not_lonely
GSE25837,9,9,GSM634714,train,not_lonely
GSE25837,9,9,GSM634715,train,lonely
GSE25837,9,9,GSM634716,train,not_lonely
GSE25837,9,9,GSM634717,train,not_lonely
GSE25837,9,9,GSM634718,train,not_lonely
GSE25837,9,9,GSM634721,train,not_lonely
GSE25837,9,9,GSM634722,train,not_lonely
GSE25837,9,9,GSM634723,train,not_lonely
GSE25837,9,9,GSM634724,train,not_lonely
GSE25837,9,9,GSM634725,train,not_lonely
GSE25837,9,9,GSM634648,test,lonely
GSE25837,9,9,GSM634661,test,not_lonely
GSE25837,9,9,GSM634662,test,not_lonely
GSE25837,9,9,GSM634689,test,not_lonely
GSE25837,9,9,GSM634692,test,not_lonely
GSE25837,9,9,GSM634703,test,not_lonely
GSE25837,9,9,GSM634705,test,lonely
GSE25837,9,9,GSM634719,test,not_lonely
GSE25837,9,9,GSM634720,test,not_lonely
GSE25837,9,10,GSM634633,train,not_lonely
GSE25837,9,10,GSM634634,train,not_lonely
GSE25837,9,10,GSM634635,train,not_lonely
GSE25837,9,10,GSM634636,train,not_lonely
GSE25837,9,10,GSM634637,train,not_lonely
GSE25837,9,10,GSM634638,train,not_lonely
GSE25837,9,10,GSM634639,train,not_lonely
GSE25837,9,10,GSM634640,train,not_lonely
GSE25837,9,10,GSM634642,train,not_lonely
GSE25837,9,10,GSM634643,train,lonely
GSE25837,9,10,GSM634644,train,not_lonely
GSE25837,9,10,GSM634645,train,not_lonely
GSE25837,9,10,GSM634647,train,not_lonely
GSE25837,9,10,GSM634648,train,lonely
GSE25837,9,10,GSM634649,train,lonely
GSE25837,9,10,GSM634650,train,lonely
GSE25837,9,10,GSM634651,train,not_lonely
GSE25837,9,10,GSM634654,train,not_lonely
GSE25837,9,10,GSM634656,train,not_lonely
GSE25837,9,10,GSM634657,train,not_lonely
GSE25837,9,10,GSM634658,train,not_lonely
GSE25837,9,10,GSM634659,train,lonely
GSE25837,9,10,GSM634660,train,not_lonely
GSE25837,9,10,GSM634661,train,not_lonely
GSE25837,9,10,GSM634662,train,not_lonely
GSE25837,9,10,GSM634663,train,not_lonely
GSE25837,9,10,GSM634664,train,not_lonely
GSE25837,9,10,GSM634665,train,not_lonely
GSE25837,9,10,GSM634666,train,lonely
GSE25837,9,10,GSM634667,train,lonely
GSE25837,9,10,GSM634668,train,not_lonely
GSE25837,9,10,GSM634669,train,lonely
GSE25837,9,10,GSM634670,train,lonely
GSE25837,9,10,GSM634671,train,not_lonely
GSE25837,9,10,GSM634672,train,not_lonely
GSE25837,9,10,GSM634673,train,not_lonely
GSE25837,9,10,GSM634674,train,not_lonely
GSE25837,9,10,GSM634675,train,not_lonely
GSE25837,9,10,GSM634676,train,not_lonely
GSE25837,9,10,GSM634677,train,not_lonely
GSE25837,9,10,GSM634679,train,lonely
GSE25837,9,10,GSM634681,train,lonely
GSE25837,9,10,GSM634682,train,not_lonely
GSE25837,9,10,GSM634683,train,not_lonely
GSE25837,9,10,GSM634684,train,not_lonely
GSE25837,9,10,GSM634685,train,not_lonely
GSE25837,9,10,GSM634686,train,not_lonely
GSE25837,9,10,GSM634687,train,not_lonely
GSE25837,9,10,GSM634688,train,lonely
GSE25837,9,10,GSM634689,train,not_lonely
GSE25837,9,10,GSM634690,train,lonely
GSE25837,9,10,GSM634691,train,not_lonely
GSE25837,9,10,GSM634692,train,not_lonely
GSE25837,9,10,GSM634693,train,not_lonely
GSE25837,9,10,GSM634694,train,lonely
GSE25837,9,10,GSM634696,train,not_lonely
GSE25837,9,10,GSM634697,train,not_lonely
GSE25837,9,10,GSM634698,train,lonely
GSE25837,9,10,GSM634699,train,not_lonely
GSE25837,9,10,GSM634700,train,not_lonely
GSE25837,9,10,GSM634701,train,not_lonely
GSE25837,9,10,GSM634702,train,not_lonely
GSE25837,9,10,GSM634703,train,not_lonely
GSE25837,9,10,GSM634704,train,lonely
GSE25837,9,10,GSM634705,train,lonely
GSE25837,9,10,GSM634706,train,lonely
GSE25837,9,10,GSM634707,train,lonely
GSE25837,9,10,GSM634708,train,not_lonely
GSE25837,9,10,GSM634710,train,not_lonely
GSE25837,9,10,GSM634711,train,lonely
GSE25837,9,10,GSM634712,train,not_lonely
GSE25837,9,10,GSM634713,train,not_lonely
GSE25837,9,10,GSM634714,train,not_lonely
GSE25837,9,10,GSM634715,train,lonely
GSE25837,9,10,GSM634716,train,not_lonely
GSE25837,9,10,GSM634717,train,not_lonely
GSE25837,9,10,GSM634718,train,not_lonely
GSE25837,9,10,GSM634719,train,not_lonely
GSE25837,9,10,GSM634720,train,not_lonely
GSE25837,9,10,GSM634721,train,not_lonely
GSE25837,9,10,GSM634722,train,not_lonely
GSE25837,9,10,GSM634723,train,not_lonely
GSE25837,9,10,GSM634724,train,not_lonely
GSE25837,9,10,GSM634725,train,not_lonely
GSE25837,9,10,GSM634641,test,not_lonely
GSE25837,9,10,GSM634646,test,not_lonely
GSE25837,9,10,GSM634652,test,not_lonely
GSE25837,9,10,GSM634653,test,lonely
GSE25837,9,10,GSM634655,test,not_lonely
GSE25837,9,10,GSM634678,test,not_lonely
GSE25837,9,10,GSM634680,test,lonely
GSE25837,9,10,GSM634695,test,not_lonely
GSE25837,9,10,GSM634709,test,not_lonely
GSE25837,10,1,GSM634633,train,not_lonely
GSE25837,10,1,GSM634634,train,not_lonely
GSE25837,10,1,GSM634635,train,not_lonely
GSE25837,10,1,GSM634636,train,not_lonely
GSE25837,10,1,GSM634637,train,not_lonely
GSE25837,10,1,GSM634638,train,not_lonely
GSE25837,10,1,GSM634639,train,not_lonely
GSE25837,10,1,GSM634640,train,not_lonely
GSE25837,10,1,GSM634641,train,not_lonely
GSE25837,10,1,GSM634642,train,not_lonely
GSE25837,10,1,GSM634643,train,lonely
GSE25837,10,1,GSM634644,train,not_lonely
GSE25837,10,1,GSM634645,train,not_lonely
GSE25837,10,1,GSM634646,train,not_lonely
GSE25837,10,1,GSM634647,train,not_lonely
GSE25837,10,1,GSM634648,train,lonely
GSE25837,10,1,GSM634649,train,lonely
GSE25837,10,1,GSM634650,train,lonely
GSE25837,10,1,GSM634651,train,not_lonely
GSE25837,10,1,GSM634652,train,not_lonely
GSE25837,10,1,GSM634653,train,lonely
GSE25837,10,1,GSM634654,train,not_lonely
GSE25837,10,1,GSM634655,train,not_lonely
GSE25837,10,1,GSM634656,train,not_lonely
GSE25837,10,1,GSM634657,train,not_lonely
GSE25837,10,1,GSM634659,train,lonely
GSE25837,10,1,GSM634660,train,not_lonely
GSE25837,10,1,GSM634661,train,not_lonely
GSE25837,10,1,GSM634663,train,not_lonely
GSE25837,10,1,GSM634664,train,not_lonely
GSE25837,10,1,GSM634665,train,not_lonely
GSE25837,10,1,GSM634666,train,lonely
GSE25837,10,1,GSM634669,train,lonely
GSE25837,10,1,GSM634671,train,not_lonely
GSE25837,10,1,GSM634672,train,not_lonely
GSE25837,10,1,GSM634674,train,not_lonely
GSE25837,10,1,GSM634675,train,not_lonely
GSE25837,10,1,GSM634676,train,not_lonely
GSE25837,10,1,GSM634677,train,not_lonely
GSE25837,10,1,GSM634678,train,not_lonely
GSE25837,10,1,GSM634679,train,lonely
GSE25837,10,1,GSM634680,train,lonely
GSE25837,10,1,GSM634681,train,lonely
GSE25837,10,1,GSM634682,train,not_lonely
GSE25837,10,1,GSM634683,train,not_lonely
GSE25837,10,1,GSM634684,train,not_lonely
GSE25837,10,1,GSM634685,train,not_lonely
GSE25837,10,1,GSM634687,train,not_lonely
GSE25837,10,1,GSM634688,train,lonely
GSE25837,10,1,GSM634689,train,not_lonely
GSE25837,10,1,GSM634690,train,lonely
GSE25837,10,1,GSM634691,train,not_lonely
GSE25837,10,1,GSM634692,train,not_lonely
GSE25837,10,1,GSM634693,train,not_lonely
GSE25837,10,1,GSM634695,train,not_lonely
GSE25837,10,1,GSM634696,train,not_lonely
GSE25837,10,1,GSM634697,train,not_lonely
GSE25837,10,1,GSM634698,train,lonely
GSE25837,10,1,GSM634699,train,not_lonely
GSE25837,10,1,GSM634700,train,not_lonely
GSE25837,10,1,GSM634701,train,not_lonely
GSE25837,10,1,GSM634702,train,not_lonely
GSE25837,10,1,GSM634703,train,not_lonely
GSE25837,10,1,GSM634704,train,lonely
GSE25837,10,1,GSM634705,train,lonely
GSE25837,10,1,GSM634706,train,lonely
GSE25837,10,1,GSM634707,train,lonely
GSE25837,10,1,GSM634708,train,not_lonely
GSE25837,10,1,GSM634709,train,not_lonely
GSE25837,10,1,GSM634710,train,not_lonely
GSE25837,10,1,GSM634711,train,lonely
GSE25837,10,1,GSM634712,train,not_lonely
GSE25837,10,1,GSM634713,train,not_lonely
GSE25837,10,1,GSM634714,train,not_lonely
GSE25837,10,1,GSM634715,train,lonely
GSE25837,10,1,GSM634716,train,not_lonely
GSE25837,10,1,GSM634717,train,not_lonely
GSE25837,10,1,GSM634718,train,not_lonely
GSE25837,10,1,GSM634719,train,not_lonely
GSE25837,10,1,GSM634720,train,not_lonely
GSE25837,10,1,GSM634723,train,not_lonely
GSE25837,10,1,GSM634724,train,not_lonely
GSE25837,10,1,GSM634725,train,not_lonely
GSE25837,10,1,GSM634658,test,not_lonely
GSE25837,10,1,GSM634662,test,not_lonely
GSE25837,10,1,GSM634667,test,lonely
GSE25837,10,1,GSM634668,test,not_lonely
GSE25837,10,1,GSM634670,test,lonely
GSE25837,10,1,GSM634673,test,not_lonely
GSE25837,10,1,GSM634686,test,not_lonely
GSE25837,10,1,GSM634694,test,lonely
GSE25837,10,1,GSM634721,test,not_lonely
GSE25837,10,1,GSM634722,test,not_lonely
GSE25837,10,2,GSM634633,train,not_lonely
GSE25837,10,2,GSM634634,train,not_lonely
GSE25837,10,2,GSM634635,train,not_lonely
GSE25837,10,2,GSM634636,train,not_lonely
GSE25837,10,2,GSM634638,train,not_lonely
GSE25837,10,2,GSM634639,train,not_lonely
GSE25837,10,2,GSM634641,train,not_lonely
GSE25837,10,2,GSM634642,train,not_lonely
GSE25837,10,2,GSM634643,train,lonely
GSE25837,10,2,GSM634644,train,not_lonely
GSE25837,10,2,GSM634645,train,not_lonely
GSE25837,10,2,GSM634646,train,not_lonely
GSE25837,10,2,GSM634647,train,not_lonely
GSE25837,10,2,GSM634648,train,lonely
GSE25837,10,2,GSM634650,train,lonely
GSE25837,10,2,GSM634651,train,not_lonely
GSE25837,10,2,GSM634652,train,not_lonely
GSE25837,10,2,GSM634653,train,lonely
GSE25837,10,2,GSM634654,train,not_lonely
GSE25837,10,2,GSM634655,train,not_lonely
GSE25837,10,2,GSM634656,train,not_lonely
GSE25837,10,2,GSM634658,train,not_lonely
GSE25837,10,2,GSM634659,train,lonely
GSE25837,10,2,GSM634660,train,not_lonely
GSE25837,10,2,GSM634662,train,not_lonely
GSE25837,10,2,GSM634663,train,not_lonely
GSE25837,10,2,GSM634664,train,not_lonely
GSE25837,10,2,GSM634666,train,lonely
GSE25837,10,2,GSM634667,train,lonely
GSE25837,10,2,GSM634668,train,not_lonely
GSE25837,10,2,GSM634669,train,lonely
GSE25837,10,2,GSM634670,train,lonely
GSE25837,10,2,GSM634671,train,not_lonely
GSE25837,10,2,GSM634672,train,not_lonely
GSE25837,10,2,GSM634673,train,not_lonely
GSE25837,10,2,GSM634674,train,not_lonely
GSE25837,10,2,GSM634675,train,not_lonely
GSE25837,10,2,GSM634676,train,not_lonely
GSE25837,10,2,GSM634677,train,not_lonely
GSE25837,10,2,GSM634678,train,not_lonely
GSE25837,10,2,GSM634679,train,lonely
GSE25837,10,2,GSM634680,train,lonely
GSE25837,10,2,GSM634681,train,lonely
GSE25837,10,2,GSM634683,train,not_lonely
GSE25837,10,2,GSM634684,train,not_lonely
GSE25837,10,2,GSM634686,train,not_lonely
GSE25837,10,2,GSM634687,train,not_lonely
GSE25837,10,2,GSM634688,train,lonely
GSE25837,10,2,GSM634689,train,not_lonely
GSE25837,10,2,GSM634690,train,lonely
GSE25837,10,2,GSM634691,train,not_lonely
GSE25837,10,2,GSM634692,train,not_lonely
GSE25837,10,2,GSM634693,train,not_lonely
GSE25837,10,2,GSM634694,train,lonely
GSE25837,10,2,GSM634695,train,not_lonely
GSE25837,10,2,GSM634696,train,not_lonely
GSE25837,10,2,GSM634697,train,not_lonely
GSE25837,10,2,GSM634699,train,not_lonely
GSE25837,10,2,GSM634700,train,not_lonely
GSE25837,10,2,GSM634701,train,not_lonely
GSE25837,10,2,GSM634702,train,not_lonely
GSE25837,10,2,GSM634703,train,not_lonely
GSE25837,10,2,GSM634704,train,lonely
GSE25837,10,2,GSM634705,train,lonely
GSE25837,10,2,GSM634706,train,lonely
GSE25837,10,2,GSM634707,train,lonely
GSE25837,10,2,GSM634708,train,not_lonely
GSE25837,10,2,GSM634709,train,not_lonely
GSE25837,10,2,GSM634710,train,not_lonely
GSE25837,10,2,GSM634712,train,not_lonely
GSE25837,10,2,GSM634713,train,not_lonely
GSE25837,10,2,GSM634714,train,not_lonely
GSE25837,10,2,GSM634715,train,lonely
GSE25837,10,2,GSM634716,train,not_lonely
GSE25837,10,2,GSM634717,train,not_lonely
GSE25837,10,2,GSM634718,train,not_lonely
GSE25837,10,2,GSM634719,train,not_lonely
GSE25837,10,2,GSM634720,train,not_lonely
GSE25837,10,2,GSM634721,train,not_lonely
GSE25837,10,2,GSM634722,train,not_lonely
GSE25837,10,2,GSM634723,train,not_lonely
GSE25837,10,2,GSM634724,train,not_lonely
GSE25837,10,2,GSM634725,train,not_lonely
GSE25837,10,2,GSM634637,test,not_lonely
GSE25837,10,2,GSM634640,test,not_lonely
GSE25837,10,2,GSM634649,test,lonely
GSE25837,10,2,GSM634657,test,not_lonely
GSE25837,10,2,GSM634661,test,not_lonely
GSE25837,10,2,GSM634665,test,not_lonely
GSE25837,10,2,GSM634682,test,not_lonely
GSE25837,10,2,GSM634685,test,not_lonely
GSE25837,10,2,GSM634698,test,lonely
GSE25837,10,2,GSM634711,test,lonely
GSE25837,10,3,GSM634633,train,not_lonely
GSE25837,10,3,GSM634635,train,not_lonely
GSE25837,10,3,GSM634636,train,not_lonely
GSE25837,10,3,GSM634637,train,not_lonely
GSE25837,10,3,GSM634638,train,not_lonely
GSE25837,10,3,GSM634639,train,not_lonely
GSE25837,10,3,GSM634640,train,not_lonely
GSE25837,10,3,GSM634641,train,not_lonely
GSE25837,10,3,GSM634644,train,not_lonely
GSE25837,10,3,GSM634645,train,not_lonely
GSE25837,10,3,GSM634646,train,not_lonely
GSE25837,10,3,GSM634647,train,not_lonely
GSE25837,10,3,GSM634648,train,lonely
GSE25837,10,3,GSM634649,train,lonely
GSE25837,10,3,GSM634650,train,lonely
GSE25837,10,3,GSM634651,train,not_lonely
GSE25837,10,3,GSM634653,train,lonely
GSE25837,10,3,GSM634654,train,not_lonely
GSE25837,10,3,GSM634655,train,not_lonely
GSE25837,10,3,GSM634656,train,not_lonely
GSE25837,10,3,GSM634657,train,not_lonely
GSE25837,10,3,GSM634658,train,not_lonely
GSE25837,10,3,GSM634659,train,lonely
GSE25837,10,3,GSM634660,train,not_lonely
GSE25837,10,3,GSM634661,train,not_lonely
GSE25837,10,3,GSM634662,train,not_lonely
GSE25837,10,3,GSM634663,train,not_lonely
GSE25837,10,3,GSM634664,train,not_lonely
GSE25837,10,3,GSM634665,train,not_lonely
GSE25837,10,3,GSM634666,train,lonely
GSE25837,10,3,GSM634667,train,lonely
GSE25837,10,3,GSM634668,train,not_lonely
GSE25837,10,3,GSM634669,train,lonely
GSE25837,10,3,GSM634670,train,lonely
GSE25837,10,3,GSM634671,train,not_lonely
GSE25837,10,3,GSM634672,train,not_lonely
GSE25837,10,3,GSM634673,train,not_lonely
GSE25837,10,3,GSM634675,train,not_lonely
GSE25837,10,3,GSM634676,train,not_lonely
GSE25837,10,3,GSM634677,train,not_lonely
GSE25837,10,3,GSM634678,train,not_lonely
GSE25837,10,3,GSM634679,train,lonely
GSE25837,10,3,GSM634681,train,lonely
GSE25837,10,3,GSM634682,train,not_lonely
GSE25837,10,3,GSM634683,train,not_lonely
GSE25837,10,3,GSM634684,train,not_lonely
GSE25837,10,3,GSM634685,train,not_lonely
GSE25837,10,3,GSM634686,train,not_lonely
GSE25837,10,3,GSM634687,train,not_lonely
GSE25837,10,3,GSM634688,train,lonely
GSE25837,10,3,GSM634690,train,lonely
GSE25837,10,3,GSM634691,train,not_lonely
GSE25837,10,3,GSM634692,train,not_lonely
GSE25837,10,3,GSM634693,train,not_lonely
GSE25837,10,3,GSM634694,train,lonely
GSE25837,10,3,GSM634696,train,not_lonely
GSE25837,10,3,GSM634697,train,not_lonely
GSE25837,10,3,GSM634698,train,lonely
GSE25837,10,3,GSM634699,train,not_lonely
GSE25837,10,3,GSM634700,train,not_lonely
GSE25837,10,3,GSM634701,train,not_lonely
GSE25837,10,3,GSM634702,train,not_lonely
GSE25837,10,3,GSM634704,train,lonely
GSE25837,10,3,GSM634706,train,lonely
GSE25837,10,3,GSM634707,train,lonely
GSE25837,10,3,GSM634708,train,not_lonely
GSE25837,10,3,GSM634709,train,not_lonely
GSE25837,10,3,GSM634710,train,not_lonely
GSE25837,10,3,GSM634711,train,lonely
GSE25837,10,3,GSM634712,train,not_lonely
GSE25837,10,3,GSM634713,train,not_lonely
GSE25837,10,3,GSM634714,train,not_lonely
GSE25837,10,3,GSM634715,train,lonely
GSE25837,10,3,GSM634716,train,not_lonely
GSE25837,10,3,GSM634717,train,not_lonely
GSE25837,10,3,GSM634718,train,not_lonely
GSE25837,10,3,GSM634719,train,not_lonely
GSE25837,10,3,GSM634720,train,not_lonely
GSE25837,10,3,GSM634721,train,not_lonely
GSE25837,10,3,GSM634722,train,not_lonely
GSE25837,10,3,GSM634723,train,not_lonely
GSE25837,10,3,GSM634724,train,not_lonely
GSE25837,10,3,GSM634725,train,not_lonely
GSE25837,10,3,GSM634634,test,not_lonely
GSE25837,10,3,GSM634642,test,not_lonely
GSE25837,10,3,GSM634643,test,lonely
GSE25837,10,3,GSM634652,test,not_lonely
GSE25837,10,3,GSM634674,test,not_lonely
GSE25837,10,3,GSM634680,test,lonely
GSE25837,10,3,GSM634689,test,not_lonely
GSE25837,10,3,GSM634695,test,not_lonely
GSE25837,10,3,GSM634703,test,not_lonely
GSE25837,10,3,GSM634705,test,lonely
GSE25837,10,4,GSM634633,train,not_lonely
GSE25837,10,4,GSM634634,train,not_lonely
GSE25837,10,4,GSM634635,train,not_lonely
GSE25837,10,4,GSM634636,train,not_lonely
GSE25837,10,4,GSM634637,train,not_lonely
GSE25837,10,4,GSM634638,train,not_lonely
GSE25837,10,4,GSM634639,train,not_lonely
GSE25837,10,4,GSM634640,train,not_lonely
GSE25837,10,4,GSM634642,train,not_lonely
GSE25837,10,4,GSM634643,train,lonely
GSE25837,10,4,GSM634644,train,not_lonely
GSE25837,10,4,GSM634645,train,not_lonely
GSE25837,10,4,GSM634646,train,not_lonely
GSE25837,10,4,GSM634647,train,not_lonely
GSE25837,10,4,GSM634648,train,lonely
GSE25837,10,4,GSM634649,train,lonely
GSE25837,10,4,GSM634651,train,not_lonely
GSE25837,10,4,GSM634652,train,not_lonely
GSE25837,10,4,GSM634653,train,lonely
GSE25837,10,4,GSM634654,train,not_lonely
GSE25837,10,4,GSM634655,train,not_lonely
GSE25837,10,4,GSM634656,train,not_lonely
GSE25837,10,4,GSM634657,train,not_lonely
GSE25837,10,4,GSM634658,train,not_lonely
GSE25837,10,4,GSM634659,train,lonely
GSE25837,10,4,GSM634660,train,not_lonely
GSE25837,10,4,GSM634661,train,not_lonely
GSE25837,10,4,GSM634662,train,not_lonely
GSE25837,10,4,GSM634663,train,not_lonely
GSE25837,10,4,GSM634665,train,not_lonely
GSE25837,10,4,GSM634666,train,lonely
GSE25837,10,4,GSM634667,train,lonely
GSE25837,10,4,GSM634668,train,not_lonely
GSE25837,10,4,GSM634669,train,lonely
GSE25837,10,4,GSM634670,train,lonely
GSE25837,10,4,GSM634672,train,not_lonely
GSE25837,10,4,GSM634673,train,not_lonely
GSE25837,10,4,GSM634674,train,not_lonely
GSE25837,10,4,GSM634675,train,not_lonely
GSE25837,10,4,GSM634676,train,not_lonely
GSE25837,10,4,GSM634677,train,not_lonely
GSE25837,10,4,GSM634678,train,not_lonely
GSE25837,10,4,GSM634679,train,lonely
GSE25837,10,4,GSM634680,train,lonely
GSE25837,10,4,GSM634681,train,lonely
GSE25837,10,4,GSM634682,train,not_lonely
GSE25837,10,4,GSM634683,train,not_lonely
GSE25837,10,4,GSM634684,train,not_lonely
GSE25837,10,4,GSM634685,train,not_lonely
GSE25837,10,4,GSM634686,train,not_lonely
GSE25837,10,4,GSM634687,train,not_lonely
GSE25837,10,4,GSM634688,train,lonely
GSE25837,10,4,GSM634689,train,not_lonely
GSE25837,10,4,GSM634691,train,not_lonely
GSE25837,10,4,GSM634692,train,not_lonely
GSE25837,10,4,GSM634694,train,lonely
GSE25837,10,4,GSM634695,train,not_lonely
GSE25837,10,4,GSM634696,train,not_lonely
GSE25837,10,4,GSM634698,train,lonely
GSE25837,10,4,GSM634699,train,not_lonely
GSE25837,10,4,GSM634700,train,not_lonely
GSE25837,10,4,GSM634701,train,not_lonely
GSE25837,10,4,GSM634702,train,not_lonely
GSE25837,10,4,GSM634703,train,not_lonely
GSE25837,10,4,GSM634704,train,lonely
GSE25837,10,4,GSM634705,train,lonely
GSE25837,10,4,GSM634706,train,lonely
GSE25837,10,4,GSM634707,train,lonely
GSE25837,10,4,GSM634708,train,not_lonely
GSE25837,10,4,GSM634709,train,not_lonely
GSE25837,10,4,GSM634710,train,not_lonely
GSE25837,10,4,GSM634711,train,lonely
GSE25837,10,4,GSM634713,train,not_lonely
GSE25837,10,4,GSM634714,train,not_lonely
GSE25837,10,4,GSM634715,train,lonely
GSE25837,10,4,GSM634716,train,not_lonely
GSE25837,10,4,GSM634717,train,not_lonely
GSE25837,10,4,GSM634719,train,not_lonely
GSE25837,10,4,GSM634720,train,not_lonely
GSE25837,10,4,GSM634721,train,not_lonely
GSE25837,10,4,GSM634722,train,not_lonely
GSE25837,10,4,GSM634723,train,not_lonely
GSE25837,10,4,GSM634724,train,not_lonely
GSE25837,10,4,GSM634725,train,not_lonely
GSE25837,10,4,GSM634641,test,not_lonely
GSE25837,10,4,GSM634650,test,lonely
GSE25837,10,4,GSM634664,test,not_lonely
GSE25837,10,4,GSM634671,test,not_lonely
GSE25837,10,4,GSM634690,test,lonely
GSE25837,10,4,GSM634693,test,not_lonely
GSE25837,10,4,GSM634697,test,not_lonely
GSE25837,10,4,GSM634712,test,not_lonely
GSE25837,10,4,GSM634718,test,not_lonely
GSE25837,10,5,GSM634633,train,not_lonely
GSE25837,10,5,GSM634634,train,not_lonely
GSE25837,10,5,GSM634635,train,not_lonely
GSE25837,10,5,GSM634636,train,not_lonely
GSE25837,10,5,GSM634637,train,not_lonely
GSE25837,10,5,GSM634638,train,not_lonely
GSE25837,10,5,GSM634639,train,not_lonely
GSE25837,10,5,GSM634640,train,not_lonely
GSE25837,10,5,GSM634641,train,not_lonely
GSE25837,10,5,GSM634642,train,not_lonely
GSE25837,10,5,GSM634643,train,lonely
GSE25837,10,5,GSM634644,train,not_lonely
GSE25837,10,5,GSM634645,train,not_lonely
GSE25837,10,5,GSM634646,train,not_lonely
GSE25837,10,5,GSM634647,train,not_lonely
GSE25837,10,5,GSM634649,train,lonely
GSE25837,10,5,GSM634650,train,lonely
GSE25837,10,5,GSM634651,train,not_lonely
GSE25837,10,5,GSM634652,train,not_lonely
GSE25837,10,5,GSM634653,train,lonely
GSE25837,10,5,GSM634654,train,not_lonely
GSE25837,10,5,GSM634655,train,not_lonely
GSE25837,10,5,GSM634656,train,not_lonely
GSE25837,10,5,GSM634657,train,not_lonely
GSE25837,10,5,GSM634658,train,not_lonely
GSE25837,10,5,GSM634659,train,lonely
GSE25837,10,5,GSM634660,train,not_lonely
GSE25837,10,5,GSM634661,train,not_lonely
GSE25837,10,5,GSM634662,train,not_lonely
GSE25837,10,5,GSM634663,train,not_lonely
GSE25837,10,5,GSM634664,train,not_lonely
GSE25837,10,5,GSM634665,train,not_lonely
GSE25837,10,5,GSM634667,train,lonely
GSE25837,10,5,GSM634668,train,not_lonely
GSE25837,10,5,GSM634669,train,lonely
GSE25837,10,5,GSM634670,train,lonely
GSE25837,10,5,GSM634671,train,not_lonely
GSE25837,10,5,GSM634672,train,not_lonely
GSE25837,10,5,GSM634673,train,not_lonely
GSE25837,10,5,GSM634674,train,not_lonely
GSE25837,10,5,GSM634676,train,not_lonely
GSE25837,10,5,GSM634678,train,not_lonely
GSE25837,10,5,GSM634679,train,lonely
GSE25837,10,5,GSM634680,train,lonely
GSE25837,10,5,GSM634681,train,lonely
GSE25837,10,5,GSM634682,train,not_lonely
GSE25837,10,5,GSM634683,train,not_lonely
GSE25837,10,5,GSM634685,train,not_lonely
GSE25837,10,5,GSM634686,train,not_lonely
GSE25837,10,5,GSM634687,train,not_lonely
GSE25837,10,5,GSM634688,train,lonely
GSE25837,10,5,GSM634689,train,not_lonely
GSE25837,10,5,GSM634690,train,lonely
GSE25837,10,5,GSM634691,train,not_lonely
GSE25837,10,5,GSM634693,train,not_lonely
GSE25837,10,5,GSM634694,train,lonely
GSE25837,10,5,GSM634695,train,not_lonely
GSE25837,10,5,GSM634696,train,not_lonely
GSE25837,10,5,GSM634697,train,not_lonely
GSE25837,10,5,GSM634698,train,lonely
GSE25837,10,5,GSM634699,train,not_lonely
GSE25837,10,5,GSM634700,train,not_lonely
GSE25837,10,5,GSM634702,train,not_lonely
GSE25837,10,5,GSM634703,train,not_lonely
GSE25837,10,5,GSM634704,train,lonely
GSE25837,10,5,GSM634705,train,lonely
GSE25837,10,5,GSM634706,train,lonely
GSE25837,10,5,GSM634707,train,lonely
GSE25837,10,5,GSM634708,train,not_lonely
GSE25837,10,5,GSM634710,train,not_lonely
GSE25837,10,5,GSM634711,train,lonely
GSE25837,10,5,GSM634712,train,not_lonely
GSE25837,10,5,GSM634713,train,not_lonely
GSE25837,10,5,GSM634714,train,not_lonely
GSE25837,10,5,GSM634715,train,lonely
GSE25837,10,5,GSM634717,train,not_lonely
GSE25837,10,5,GSM634718,train,not_lonely
GSE25837,10,5,GSM634719,train,not_lonely
GSE25837,10,5,GSM634720,train,not_lonely
GSE25837,10,5,GSM634721,train,not_lonely
GSE25837,10,5,GSM634722,train,not_lonely
GSE25837,10,5,GSM634723,train,not_lonely
GSE25837,10,5,GSM634724,train,not_lonely
GSE25837,10,5,GSM634725,train,not_lonely
GSE25837,10,5,GSM634648,test,lonely
GSE25837,10,5,GSM634666,test,lonely
GSE25837,10,5,GSM634675,test,not_lonely
GSE25837,10,5,GSM634677,test,not_lonely
GSE25837,10,5,GSM634684,test,not_lonely
GSE25837,10,5,GSM634692,test,not_lonely
GSE25837,10,5,GSM634701,test,not_lonely
GSE25837,10,5,GSM634709,test,not_lonely
GSE25837,10,5,GSM634716,test,not_lonely
GSE25837,10,6,GSM634634,train,not_lonely
GSE25837,10,6,GSM634635,train,not_lonely
GSE25837,10,6,GSM634636,train,not_lonely
GSE25837,10,6,GSM634637,train,not_lonely
GSE25837,10,6,GSM634638,train,not_lonely
GSE25837,10,6,GSM634639,train,not_lonely
GSE25837,10,6,GSM634640,train,not_lonely
GSE25837,10,6,GSM634641,train,not_lonely
GSE25837,10,6,GSM634642,train,not_lonely
GSE25837,10,6,GSM634643,train,lonely
GSE25837,10,6,GSM634645,train,not_lonely
GSE25837,10,6,GSM634646,train,not_lonely
GSE25837,10,6,GSM634647,train,not_lonely
GSE25837,10,6,GSM634648,train,lonely
GSE25837,10,6,GSM634649,train,lonely
GSE25837,10,6,GSM634650,train,lonely
GSE25837,10,6,GSM634651,train,not_lonely
GSE25837,10,6,GSM634652,train,not_lonely
GSE25837,10,6,GSM634653,train,lonely
GSE25837,10,6,GSM634654,train,not_lonely
GSE25837,10,6,GSM634655,train,not_lonely
GSE25837,10,6,GSM634656,train,not_lonely
GSE25837,10,6,GSM634657,train,not_lonely
GSE25837,10,6,GSM634658,train,not_lonely
GSE25837,10,6,GSM634660,train,not_lonely
GSE25837,10,6,GSM634661,train,not_lonely
GSE25837,10,6,GSM634662,train,not_lonely
GSE25837,10,6,GSM634663,train,not_lonely
GSE25837,10,6,GSM634664,train,not_lonely
GSE25837,10,6,GSM634665,train,not_lonely
GSE25837,10,6,GSM634666,train,lonely
GSE25837,10,6,GSM634667,train,lonely
GSE25837,10,6,GSM634668,train,not_lonely
GSE25837,10,6,GSM634669,train,lonely
GSE25837,10,6,GSM634670,train,lonely
GSE25837,10,6,GSM634671,train,not_lonely
GSE25837,10,6,GSM634672,train,not_lonely
GSE25837,10,6,GSM634673,train,not_lonely
GSE25837,10,6,GSM634674,train,not_lonely
GSE25837,10,6,GSM634675,train,not_lonely
GSE25837,10,6,GSM634676,train,not_lonely
GSE25837,10,6,GSM634677,train,not_lonely
GSE25837,10,6,GSM634678,train,not_lonely
GSE25837,10,6,GSM634679,train,lonely
GSE25837,10,6,GSM634680,train,lonely
GSE25837,10,6,GSM634681,train,lonely
GSE25837,10,6,GSM634682,train,not_lonely
GSE25837,10,6,GSM634684,train,not_lonely
GSE25837,10,6,GSM634685,train,not_lonely
GSE25837,10,6,GSM634686,train,not_lonely
GSE25837,10,6,GSM634687,train,not_lonely
GSE25837,10,6,GSM634688,train,lonely
GSE25837,10,6,GSM634689,train,not_lonely
GSE25837,10,6,GSM634690,train,lonely
GSE25837,10,6,GSM634691,train,not_lonely
GSE25837,10,6,GSM634692,train,not_lonely
GSE25837,10,6,GSM634693,train,not_lonely
GSE25837,10,6,GSM634694,train,lonely
GSE25837,10,6,GSM634695,train,not_lonely
GSE25837,10,6,GSM634697,train,not_lonely
GSE25837,10,6,GSM634698,train,lonely
GSE25837,10,6,GSM634699,train,not_lonely
GSE25837,10,6,GSM634701,train,not_lonely
GSE25837,10,6,GSM634702,train,not_lonely
GSE25837,10,6,GSM634703,train,not_lonely
GSE25837,10,6,GSM634704,train,lonely
GSE25837,10,6,GSM634705,train,lonely
GSE25837,10,6,GSM634706,train,lonely
GSE25837,10,6,GSM634708,train,not_lonely
GSE25837,10,6,GSM634709,train,not_lonely
GSE25837,10,6,GSM634710,train,not_lonely
GSE25837,10,6,GSM634711,train,lonely
GSE25837,10,6,GSM634712,train,not_lonely
GSE25837,10,6,GSM634713,train,not_lonely
GSE25837,10,6,GSM634714,train,not_lonely
GSE25837,10,6,GSM634715,train,lonely
GSE25837,10,6,GSM634716,train,not_lonely
GSE25837,10,6,GSM634717,train,not_lonely
GSE25837,10,6,GSM634718,train,not_lonely
GSE25837,10,6,GSM634719,train,not_lonely
GSE25837,10,6,GSM634720,train,not_lonely
GSE25837,10,6,GSM634721,train,not_lonely
GSE25837,10,6,GSM634722,train,not_lonely
GSE25837,10,6,GSM634725,train,not_lonely
GSE25837,10,6,GSM634633,test,not_lonely
GSE25837,10,6,GSM634644,test,not_lonely
GSE25837,10,6,GSM634659,test,lonely
GSE25837,10,6,GSM634683,test,not_lonely
GSE25837,10,6,GSM634696,test,not_lonely
GSE25837,10,6,GSM634700,test,not_lonely
GSE25837,10,6,GSM634707,test,lonely
GSE25837,10,6,GSM634723,test,not_lonely
GSE25837,10,6,GSM634724,test,not_lonely
GSE25837,10,7,GSM634633,train,not_lonely
GSE25837,10,7,GSM634634,train,not_lonely
GSE25837,10,7,GSM634635,train,not_lonely
GSE25837,10,7,GSM634637,train,not_lonely
GSE25837,10,7,GSM634638,train,not_lonely
GSE25837,10,7,GSM634639,train,not_lonely
GSE25837,10,7,GSM634640,train,not_lonely
GSE25837,10,7,GSM634641,train,not_lonely
GSE25837,10,7,GSM634642,train,not_lonely
GSE25837,10,7,GSM634643,train,lonely
GSE25837,10,7,GSM634644,train,not_lonely
GSE25837,10,7,GSM634645,train,not_lonely
GSE25837,10,7,GSM634646,train,not_lonely
GSE25837,10,7,GSM634647,train,not_lonely
GSE25837,10,7,GSM634648,train,lonely
GSE25837,10,7,GSM634649,train,lonely
GSE25837,10,7,GSM634650,train,lonely
GSE25837,10,7,GSM634652,train,not_lonely
GSE25837,10,7,GSM634653,train,lonely
GSE25837,10,7,GSM634655,train,not_lonely
GSE25837,10,7,GSM634657,train,not_lonely
GSE25837,10,7,GSM634658,train,not_lonely
GSE25837,10,7,GSM634659,train,lonely
GSE25837,10,7,GSM634660,train,not_lonely
GSE25837,10,7,GSM634661,train,not_lonely
GSE25837,10,7,GSM634662,train,not_lonely
GSE25837,10,7,GSM634663,train,not_lonely
GSE25837,10,7,GSM634664,train,not_lonely
GSE25837,10,7,GSM634665,train,not_lonely
GSE25837,10,7,GSM634666,train,lonely
GSE25837,10,7,GSM634667,train,lonely
GSE25837,10,7,GSM634668,train,not_lonely
GSE25837,10,7,GSM634669,train,lonely
GSE25837,10,7,GSM634670,train,lonely
GSE25837,10,7,GSM634671,train,not_lonely
GSE25837,10,7,GSM634672,train,not_lonely
GSE25837,10,7,GSM634673,train,not_lonely
GSE25837,10,7,GSM634674,train,not_lonely
GSE25837,10,7,GSM634675,train,not_lonely
GSE25837,10,7,GSM634677,train,not_lonely
GSE25837,10,7,GSM634679,train,lonely
GSE25837,10,7,GSM634680,train,lonely
GSE25837,10,7,GSM634681,train,lonely
GSE25837,10,7,GSM634682,train,not_lonely
GSE25837,10,7,GSM634683,train,not_lonely
GSE25837,10,7,GSM634684,train,not_lonely
GSE25837,10,7,GSM634685,train,not_lonely
GSE25837,10,7,GSM634686,train,not_lonely
GSE25837,10,7,GSM634687,train,not_lonely
GSE25837,10,7,GSM634689,train,not_lonely
GSE25837,10,7,GSM634690,train,lonely
GSE25837,10,7,GSM634691,train,not_lonely
GSE25837,10,7,GSM634692,train,not_lonely
GSE25837,10,7,GSM634693,train,not_lonely
GSE25837,10,7,GSM634694,train,lonely
GSE25837,10,7,GSM634695,train,not_lonely
GSE25837,10,7,GSM634696,train,not_lonely
GSE25837,10,7,GSM634697,train,not_lonely
GSE25837,10,7,GSM634698,train,lonely
GSE25837,10,7,GSM634699,train,not_lonely
GSE25837,10,7,GSM634700,train,not_lonely
GSE25837,10,7,GSM634701,train,not_lonely
GSE25837,10,7,GSM634702,train,not_lonely
GSE25837,10,7,GSM634703,train,not_lonely
GSE25837,10,7,GSM634704,train,lonely
GSE25837,10,7,GSM634705,train,lonely
GSE25837,10,7,GSM634707,train,lonely
GSE25837,10,7,GSM634708,train,not_lonely
GSE25837,10,7,GSM634709,train,not_lonely
GSE25837,10,7,GSM634711,train,lonely
GSE25837,10,7,GSM634712,train,not_lonely
GSE25837,10,7,GSM634713,train,not_lonely
GSE25837,10,7,GSM634714,train,not_lonely
GSE25837,10,7,GSM634715,train,lonely
GSE25837,10,7,GSM634716,train,not_lonely
GSE25837,10,7,GSM634717,train,not_lonely
GSE25837,10,7,GSM634718,train,not_lonely
GSE25837,10,7,GSM634719,train,not_lonely
GSE25837,10,7,GSM634720,train,not_lonely
GSE25837,10,7,GSM634721,train,not_lonely
GSE25837,10,7,GSM634722,train,not_lonely
GSE25837,10,7,GSM634723,train,not_lonely
GSE25837,10,7,GSM634724,train,not_lonely
GSE25837,10,7,GSM634725,train,not_lonely
GSE25837,10,7,GSM634636,test,not_lonely
GSE25837,10,7,GSM634651,test,not_lonely
GSE25837,10,7,GSM634654,test,not_lonely
GSE25837,10,7,GSM634656,test,not_lonely
GSE25837,10,7,GSM634676,test,not_lonely
GSE25837,10,7,GSM634678,test,not_lonely
GSE25837,10,7,GSM634688,test,lonely
GSE25837,10,7,GSM634706,test,lonely
GSE25837,10,7,GSM634710,test,not_lonely
GSE25837,10,8,GSM634633,train,not_lonely
GSE25837,10,8,GSM634634,train,not_lonely
GSE25837,10,8,GSM634635,train,not_lonely
GSE25837,10,8,GSM634636,train,not_lonely
GSE25837,10,8,GSM634637,train,not_lonely
GSE25837,10,8,GSM634639,train,not_lonely
GSE25837,10,8,GSM634640,train,not_lonely
GSE25837,10,8,GSM634641,train,not_lonely
GSE25837,10,8,GSM634642,train,not_lonely
GSE25837,10,8,GSM634643,train,lonely
GSE25837,10,8,GSM634644,train,not_lonely
GSE25837,10,8,GSM634647,train,not_lonely
GSE25837,10,8,GSM634648,train,lonely
GSE25837,10,8,GSM634649,train,lonely
GSE25837,10,8,GSM634650,train,lonely
GSE25837,10,8,GSM634651,train,not_lonely
GSE25837,10,8,GSM634652,train,not_lonely
GSE25837,10,8,GSM634653,train,lonely
GSE25837,10,8,GSM634654,train,not_lonely
GSE25837,10,8,GSM634655,train,not_lonely
GSE25837,10,8,GSM634656,train,not_lonely
GSE25837,10,8,GSM634657,train,not_lonely
GSE25837,10,8,GSM634658,train,not_lonely
GSE25837,10,8,GSM634659,train,lonely
GSE25837,10,8,GSM634660,train,not_lonely
GSE25837,10,8,GSM634661,train,not_lonely
GSE25837,10,8,GSM634662,train,not_lonely
GSE25837,10,8,GSM634663,train,not_lonely
GSE25837,10,8,GSM634664,train,not_lonely
GSE25837,10,8,GSM634665,train,not_lonely
GSE25837,10,8,GSM634666,train,lonely
GSE25837,10,8,GSM634667,train,lonely
GSE25837,10,8,GSM634668,train,not_lonely
GSE25837,10,8,GSM634669,train,lonely
GSE25837,10,8,GSM634670,train,lonely
GSE25837,10,8,GSM634671,train,not_lonely
GSE25837,10,8,GSM634672,train,not_lonely
GSE25837,10,8,GSM634673,train,not_lonely
GSE25837,10,8,GSM634674,train,not_lonely
GSE25837,10,8,GSM634675,train,not_lonely
GSE25837,10,8,GSM634676,train,not_lonely
GSE25837,10,8,GSM634677,train,not_lonely
GSE25837,10,8,GSM634678,train,not_lonely
GSE25837,10,8,GSM634680,train,lonely
GSE25837,10,8,GSM634681,train,lonely
GSE25837,10,8,GSM634682,train,not_lonely
GSE25837,10,8,GSM634683,train,not_lonely
GSE25837,10,8,GSM634684,train,not_lonely
GSE25837,10,8,GSM634685,train,not_lonely
GSE25837,10,8,GSM634686,train,not_lonely
GSE25837,10,8,GSM634688,train,lonely
GSE25837,10,8,GSM634689,train,not_lonely
GSE25837,10,8,GSM634690,train,lonely
GSE25837,10,8,GSM634691,train,not_lonely
GSE25837,10,8,GSM634692,train,not_lonely
GSE25837,10,8,GSM634693,train,not_lonely
GSE25837,10,8,GSM634694,train,lonely
GSE25837,10,8,GSM634695,train,not_lonely
GSE25837,10,8,GSM634696,train,not_lonely
GSE25837,10,8,GSM634697,train,not_lonely
GSE25837,10,8,GSM634698,train,lonely
GSE25837,10,8,GSM634700,train,not_lonely
GSE25837,10,8,GSM634701,train,not_lonely
GSE25837,10,8,GSM634703,train,not_lonely
GSE25837,10,8,GSM634704,train,lonely
GSE25837,10,8,GSM634705,train,lonely
GSE25837,10,8,GSM634706,train,lonely
GSE25837,10,8,GSM634707,train,lonely
GSE25837,10,8,GSM634708,train,not_lonely
GSE25837,10,8,GSM634709,train,not_lonely
GSE25837,10,8,GSM634710,train,not_lonely
GSE25837,10,8,GSM634711,train,lonely
GSE25837,10,8,GSM634712,train,not_lonely
GSE25837,10,8,GSM634713,train,not_lonely
GSE25837,10,8,GSM634714,train,not_lonely
GSE25837,10,8,GSM634716,train,not_lonely
GSE25837,10,8,GSM634717,train,not_lonely
GSE25837,10,8,GSM634718,train,not_lonely
GSE25837,10,8,GSM634720,train,not_lonely
GSE25837,10,8,GSM634721,train,not_lonely
GSE25837,10,8,GSM634722,train,not_lonely
GSE25837,10,8,GSM634723,train,not_lonely
GSE25837,10,8,GSM634724,train,not_lonely
GSE25837,10,8,GSM634725,train,not_lonely
GSE25837,10,8,GSM634638,test,not_lonely
GSE25837,10,8,GSM634645,test,not_lonely
GSE25837,10,8,GSM634646,test,not_lonely
GSE25837,10,8,GSM634679,test,lonely
GSE25837,10,8,GSM634687,test,not_lonely
GSE25837,10,8,GSM634699,test,not_lonely
GSE25837,10,8,GSM634702,test,not_lonely
GSE25837,10,8,GSM634715,test,lonely
GSE25837,10,8,GSM634719,test,not_lonely
GSE25837,10,9,GSM634633,train,not_lonely
GSE25837,10,9,GSM634634,train,not_lonely
GSE25837,10,9,GSM634635,train,not_lonely
GSE25837,10,9,GSM634636,train,not_lonely
GSE25837,10,9,GSM634637,train,not_lonely
GSE25837,10,9,GSM634638,train,not_lonely
GSE25837,10,9,GSM634640,train,not_lonely
GSE25837,10,9,GSM634641,train,not_lonely
GSE25837,10,9,GSM634642,train,not_lonely
GSE25837,10,9,GSM634643,train,lonely
GSE25837,10,9,GSM634644,train,not_lonely
GSE25837,10,9,GSM634645,train,not_lonely
GSE25837,10,9,GSM634646,train,not_lonely
GSE25837,10,9,GSM634648,train,lonely
GSE25837,10,9,GSM634649,train,lonely
GSE25837,10,9,GSM634650,train,lonely
GSE25837,10,9,GSM634651,train,not_lonely
GSE25837,10,9,GSM634652,train,not_lonely
GSE25837,10,9,GSM634654,train,not_lonely
GSE25837,10,9,GSM634655,train,not_lonely
GSE25837,10,9,GSM634656,train,not_lonely
GSE25837,10,9,GSM634657,train,not_lonely
GSE25837,10,9,GSM634658,train,not_lonely
GSE25837,10,9,GSM634659,train,lonely
GSE25837,10,9,GSM634660,train,not_lonely
GSE25837,10,9,GSM634661,train,not_lonely
GSE25837,10,9,GSM634662,train,not_lonely
GSE25837,10,9,GSM634664,train,not_lonely
GSE25837,10,9,GSM634665,train,not_lonely
GSE25837,10,9,GSM634666,train,lonely
GSE25837,10,9,GSM634667,train,lonely
GSE25837,10,9,GSM634668,train,not_lonely
GSE25837,10,9,GSM634670,train,lonely
GSE25837,10,9,GSM634671,train,not_lonely
GSE25837,10,9,GSM634673,train,not_lonely
GSE25837,10,9,GSM634674,train,not_lonely
GSE25837,10,9,GSM634675,train,not_lonely
GSE25837,10,9,GSM634676,train,not_lonely
GSE25837,10,9,GSM634677,train,not_lonely
GSE25837,10,9,GSM634678,train,not_lonely
GSE25837,10,9,GSM634679,train,lonely
GSE25837,10,9,GSM634680,train,lonely
GSE25837,10,9,GSM634681,train,lonely
GSE25837,10,9,GSM634682,train,not_lonely
GSE25837,10,9,GSM634683,train,not_lonely
GSE25837,10,9,GSM634684,train,not_lonely
GSE25837,10,9,GSM634685,train,not_lonely
GSE25837,10,9,GSM634686,train,not_lonely
GSE25837,10,9,GSM634687,train,not_lonely
GSE25837,10,9,GSM634688,train,lonely
GSE25837,10,9,GSM634689,train,not_lonely
GSE25837,10,9,GSM634690,train,lonely
GSE25837,10,9,GSM634691,train,not_lonely
GSE25837,10,9,GSM634692,train,not_lonely
GSE25837,10,9,GSM634693,train,not_lonely
GSE25837,10,9,GSM634694,train,lonely
GSE25837,10,9,GSM634695,train,not_lonely
GSE25837,10,9,GSM634696,train,not_lonely
GSE25837,10,9,GSM634697,train,not_lonely
GSE25837,10,9,GSM634698,train,lonely
GSE25837,10,9,GSM634699,train,not_lonely
GSE25837,10,9,GSM634700,train,not_lonely
GSE25837,10,9,GSM634701,train,not_lonely
GSE25837,10,9,GSM634702,train,not_lonely
GSE25837,10,9,GSM634703,train,not_lonely
GSE25837,10,9,GSM634704,train,lonely
GSE25837,10,9,GSM634705,train,lonely
GSE25837,10,9,GSM634706,train,lonely
GSE25837,10,9,GSM634707,train,lonely
GSE25837,10,9,GSM634708,train,not_lonely
GSE25837,10,9,GSM634709,train,not_lonely
GSE25837,10,9,GSM634710,train,not_lonely
GSE25837,10,9,GSM634711,train,lonely
GSE25837,10,9,GSM634712,train,not_lonely
GSE25837,10,9,GSM634713,train,not_lonely
GSE25837,10,9,GSM634715,train,lonely
GSE25837,10,9,GSM634716,train,not_lonely
GSE25837,10,9,GSM634717,train,not_lonely
GSE25837,10,9,GSM634718,train,not_lonely
GSE25837,10,9,GSM634719,train,not_lonely
GSE25837,10,9,GSM634721,train,not_lonely
GSE25837,10,9,GSM634722,train,not_lonely
GSE25837,10,9,GSM634723,train,not_lonely
GSE25837,10,9,GSM634724,train,not_lonely
GSE25837,10,9,GSM634639,test,not_lonely
GSE25837,10,9,GSM634647,test,not_lonely
GSE25837,10,9,GSM634653,test,lonely
GSE25837,10,9,GSM634663,test,not_lonely
GSE25837,10,9,GSM634669,test,lonely
GSE25837,10,9,GSM634672,test,not_lonely
GSE25837,10,9,GSM634714,test,not_lonely
GSE25837,10,9,GSM634720,test,not_lonely
GSE25837,10,9,GSM634725,test,not_lonely
GSE25837,10,10,GSM634633,train,not_lonely
GSE25837,10,10,GSM634634,train,not_lonely
GSE25837,10,10,GSM634636,train,not_lonely
GSE25837,10,10,GSM634637,train,not_lonely
GSE25837,10,10,GSM634638,train,not_lonely
GSE25837,10,10,GSM634639,train,not_lonely
GSE25837,10,10,GSM634640,train,not_lonely
GSE25837,10,10,GSM634641,train,not_lonely
GSE25837,10,10,GSM634642,train,not_lonely
GSE25837,10,10,GSM634643,train,lonely
GSE25837,10,10,GSM634644,train,not_lonely
GSE25837,10,10,GSM634645,train,not_lonely
GSE25837,10,10,GSM634646,train,not_lonely
GSE25837,10,10,GSM634647,train,not_lonely
GSE25837,10,10,GSM634648,train,lonely
GSE25837,10,10,GSM634649,train,lonely
GSE25837,10,10,GSM634650,train,lonely
GSE25837,10,10,GSM634651,train,not_lonely
GSE25837,10,10,GSM634652,train,not_lonely
GSE25837,10,10,GSM634653,train,lonely
GSE25837,10,10,GSM634654,train,not_lonely
GSE25837,10,10,GSM634656,train,not_lonely
GSE25837,10,10,GSM634657,train,not_lonely
GSE25837,10,10,GSM634658,train,not_lonely
GSE25837,10,10,GSM634659,train,lonely
GSE25837,10,10,GSM634661,train,not_lonely
GSE25837,10,10,GSM634662,train,not_lonely
GSE25837,10,10,GSM634663,train,not_lonely
GSE25837,10,10,GSM634664,train,not_lonely
GSE25837,10,10,GSM634665,train,not_lonely
GSE25837,10,10,GSM634666,train,lonely
GSE25837,10,10,GSM634667,train,lonely
GSE25837,10,10,GSM634668,train,not_lonely
GSE25837,10,10,GSM634669,train,lonely
GSE25837,10,10,GSM634670,train,lonely
GSE25837,10,10,GSM634671,train,not_lonely
GSE25837,10,10,GSM634672,train,not_lonely
GSE25837,10,10,GSM634673,train,not_lonely
GSE25837,10,10,GSM634674,train,not_lonely
GSE25837,10,10,GSM634675,train,not_lonely
GSE25837,10,10,GSM634676,train,not_lonely
GSE25837,10,10,GSM634677,train,not_lonely
GSE25837,10,10,GSM634678,train,not_lonely
GSE25837,10,10,GSM634679,train,lonely
GSE25837,10,10,GSM634680,train,lonely
GSE25837,10,10,GSM634682,train,not_lonely
GSE25837,10,10,GSM634683,train,not_lonely
GSE25837,10,10,GSM634684,train,not_lonely
GSE25837,10,10,GSM634685,train,not_lonely
GSE25837,10,10,GSM634686,train,not_lonely
GSE25837,10,10,GSM634687,train,not_lonely
GSE25837,10,10,GSM634688,train,lonely
GSE25837,10,10,GSM634689,train,not_lonely
GSE25837,10,10,GSM634690,train,lonely
GSE25837,10,10,GSM634692,train,not_lonely
GSE25837,10,10,GSM634693,train,not_lonely
GSE25837,10,10,GSM634694,train,lonely
GSE25837,10,10,GSM634695,train,not_lonely
GSE25837,10,10,GSM634696,train,not_lonely
GSE25837,10,10,GSM634697,train,not_lonely
GSE25837,10,10,GSM634698,train,lonely
GSE25837,10,10,GSM634699,train,not_lonely
GSE25837,10,10,GSM634700,train,not_lonely
GSE25837,10,10,GSM634701,train,not_lonely
GSE25837,10,10,GSM634702,train,not_lonely
GSE25837,10,10,GSM634703,train,not_lonely
GSE25837,10,10,GSM634705,train,lonely
GSE25837,10,10,GSM634706,train,lonely
GSE25837,10,10,GSM634707,train,lonely
GSE25837,10,10,GSM634709,train,not_lonely
GSE25837,10,10,GSM634710,train,not_lonely
GSE25837,10,10,GSM634711,train,lonely
GSE25837,10,10,GSM634712,train,not_lonely
GSE25837,10,10,GSM634714,train,not_lonely
GSE25837,10,10,GSM634715,train,lonely
GSE25837,10,10,GSM634716,train,not_lonely
GSE25837,10,10,GSM634718,train,not_lonely
GSE25837,10,10,GSM634719,train,not_lonely
GSE25837,10,10,GSM634720,train,not_lonely
GSE25837,10,10,GSM634721,train,not_lonely
GSE25837,10,10,GSM634722,train,not_lonely
GSE25837,10,10,GSM634723,train,not_lonely
GSE25837,10,10,GSM634724,train,not_lonely
GSE25837,10,10,GSM634725,train,not_lonely
GSE25837,10,10,GSM634635,test,not_lonely
GSE25837,10,10,GSM634655,test,not_lonely
GSE25837,10,10,GSM634660,test,not_lonely
GSE25837,10,10,GSM634681,test,lonely
GSE25837,10,10,GSM634691,test,not_lonely
GSE25837,10,10,GSM634704,test,lonely
GSE25837,10,10,GSM634708,test,not_lonely
GSE25837,10,10,GSM634713,test,not_lonely
GSE25837,10,10,GSM634717,test,not_lonely
