dataset_id,repeat_id,fold_id,sample_id,split,class_label
GSE27272,1,1,GSM674181,train,non_smoker
GSE27272,1,1,GSM674182,train,smoker
GSE27272,1,1,GSM674183,train,non_smoker
GSE27272,1,1,GSM674184,train,non_smoker
GSE27272,1,1,GSM674185,train,non_smoker
GSE27272,1,1,GSM674186,train,non_smoker
GSE27272,1,1,GSM674187,train,non_smoker
GSE27272,1,1,GSM674188,train,smoker
GSE27272,1,1,GSM674189,train,smoker
GSE27272,1,1,GSM674190,train,non_smoker
GSE27272,1,1,GSM674191,train,non_smoker
GSE27272,1,1,GSM674192,train,non_smoker
GSE27272,1,1,GSM674193,train,non_smoker
GSE27272,1,1,GSM674194,train,non_smoker
GSE27272,1,1,GSM674195,train,non_smoker
GSE27272,1,1,GSM674196,train,smoker
GSE27272,1,1,GSM674197,train,smoker
GSE27272,1,1,GSM674198,train,non_smoker
GSE27272,1,1,GSM674199,train,smoker
GSE27272,1,1,GSM674200,train,non_smoker
GSE27272,1,1,GSM674202,train,non_smoker
GSE27272,1,1,GSM674203,train,non_smoker
GSE27272,1,1,GSM674204,train,non_smoker
GSE27272,1,1,GSM674205,train,non_smoker
GSE27272,1,1,GSM674206,train,non_smoker
GSE27272,1,1,GSM674208,train,non_smoker
GSE27272,1,1,GSM674209,train,non_smoker
GSE27272,1,1,GSM674210,train,non_smoker
GSE27272,1,1,GSM674212,train,non_smoker
GSE27272,1,1,GSM674213,train,smoker
GSE27272,1,1,GSM674214,train,non_smoker
GSE27272,1,1,GSM674215,train,smoker
GSE27272,1,1,GSM674216,train,smoker
GSE27272,1,1,GSM674217,train,smoker
GSE27272,1,1,GSM674218,train,non_smoker
GSE27272,1,1,GSM674219,train,non_smoker
GSE27272,1,1,GSM674220,train,non_smoker
GSE27272,1,1,GSM674221,train,non_smoker
GSE27272,1,1,GSM674222,train,smoker
GSE27272,1,1,GSM674223,train,non_smoker
GSE27272,1,1,GSM674224,train,smoker
GSE27272,1,1,GSM674225,train,non_smoker
GSE27272,1,1,GSM674226,train,non_smoker
GSE27272,1,1,GSM674227,train,smoker
GSE27272,1,1,GSM674229,train,non_smoker
GSE27272,1,1,GSM674230,train,non_smoker
GSE27272,1,1,GSM674231,train,non_smoker
GSE27272,1,1,GSM674232,train,non_smoker
GSE27272,1,1,GSM674233,train,smoker
GSE27272,1,1,GSM674234,train,non_smoker
GSE27272,1,1,GSM674235,train,non_smoker
GSE27272,1,1,GSM674237,train,non_smoker
GSE27272,1,1,GSM674238,train,smoker
GSE27272,1,1,GSM674239,train,non_smoker
GSE27272,1,1,GSM674240,train,non_smoker
GSE27272,1,1,GSM674241,train,smoker
GSE27272,1,1,GSM674242,train,non_smoker
GSE27272,1,1,GSM674243,train,non_smoker
GSE27272,1,1,GSM674244,train,non_smoker
GSE27272,1,1,GSM674245,train,non_smoker
GSE27272,1,1,GSM674282,train,non_smoker
GSE27272,1,1,GSM674284,train,non_smoker
GSE27272,1,1,GSM674285,train,non_smoker
GSE27272,1,1,GSM674286,train,smoker
GSE27272,1,1,GSM674287,train,non_smoker
GSE27272,1,1,GSM674289,train,non_smoker
GSE27272,1,1,GSM674292,train,non_smoker
GSE27272,1,1,GSM674294,train,smoker
GSE27272,1,1,GSM674295,train,non_smoker
GSE27272,1,1,GSM674296,train,smoker
GSE27272,1,1,GSM674297,train,non_smoker
GSE27272,1,1,GSM674298,train,non_smoker
GSE27272,1,1,GSM674299,train,non_smoker
GSE27272,1,1,GSM674300,train,non_smoker
GSE27272,1,1,GSM674301,train,non_smoker
GSE27272,1,1,GSM674302,train,non_smoker
GSE27272,1,1,GSM674303,train,smoker
GSE27272,1,1,GSM674304,train,non_smoker
GSE27272,1,1,GSM674305,train,non_smoker
GSE27272,1,1,GSM674306,train,non_smoker
GSE27272,1,1,GSM674307,train,smoker
GSE27272,1,1,GSM674308,train,non_smoker
GSE27272,1,1,GSM674309,train,non_smoker
GSE27272,1,1,GSM674310,train,smoker
GSE27272,1,1,GSM674311,train,smoker
GSE27272,1,1,GSM674312,train,smoker
GSE27272,1,1,GSM674313,train,non_smoker
GSE27272,1,1,GSM674314,train,non_smoker
GSE27272,1,1,GSM674315,train,non_smoker
GSE27272,1,1,GSM674316,train,non_smoker
GSE27272,1,1,GSM674317,train,smoker
GSE27272,1,1,GSM674318,train,non_smoker
GSE27272,1,1,GSM674319,train,smoker
GSE27272,1,1,GSM674320,train,non_smoker
GSE27272,1,1,GSM674321,train,smoker
GSE27272,1,1,GSM674322,train,smoker
GSE27272,1,1,GSM674323,train,non_smoker
GSE27272,1,1,GSM674324,train,non_smoker
GSE27272,1,1,GSM674325,train,non_smoker
GSE27272,1,1,GSM674326,train,smoker
GSE27272,1,1,GSM674327,train,non_smoker
GSE27272,1,1,GSM674328,train,non_smoker
GSE27272,1,1,GSM674329,train,smoker
GSE27272,1,1,GSM674330,train,non_smoker
GSE27272,1,1,GSM674332,train,non_smoker
GSE27272,1,1,GSM674333,train,smoker
GSE27272,1,1,GSM674335,train,non_smoker
GSE27272,1,1,GSM674345,train,smoker
GSE27272,1,1,GSM674346,train,non_smoker
GSE27272,1,1,GSM674347,train,non_smoker
GSE27272,1,1,GSM674348,train,non_smoker
GSE27272,1,1,GSM674349,train,non_smoker
GSE27272,1,1,GSM674350,train,non_smoker
GSE27272,1,1,GSM674351,train,smoker
GSE27272,1,1,GSM674352,train,smoker
GSE27272,1,1,GSM674353,train,non_smoker
GSE27272,1,1,GSM674354,train,non_smoker
GSE27272,1,1,GSM674355,train,non_smoker
GSE27272,1,1,GSM674356,train,non_smoker
GSE27272,1,1,GSM674358,train,non_smoker
GSE27272,1,1,GSM674360,train,smoker
GSE27272,1,1,GSM674361,train,non_smoker
GSE27272,1,1,GSM674362,train,smoker
GSE27272,1,1,GSM674363,train,non_smoker
GSE27272,1,1,GSM674364,train,non_smoker
GSE27272,1,1,GSM674365,train,non_smoker
GSE27272,1,1,GSM674366,train,non_smoker
GSE27272,1,1,GSM674367,train,non_smoker
GSE27272,1,1,GSM674368,train,non_smoker
GSE27272,1,1,GSM674369,train,smoker
GSE27272,1,1,GSM674370,train,non_smoker
GSE27272,1,1,GSM674371,train,non_smoker
GSE27272,1,1,GSM674372,train,smoker
GSE27272,1,1,GSM674374,train,smoker
GSE27272,1,1,GSM674375,train,non_smoker
GSE27272,1,1,GSM674376,train,smoker
GSE27272,1,1,GSM674377,train,smoker
GSE27272,1,1,GSM674378,train,smoker
GSE27272,1,1,GSM674379,train,non_smoker
GSE27272,1,1,GSM674380,train,non_smoker
GSE27272,1,1,GSM674381,train,non_smoker
GSE27272,1,1,GSM674382,train,non_smoker
GSE27272,1,1,GSM674383,train,smoker
GSE27272,1,1,GSM674384,train,non_smoker
GSE27272,1,1,GSM674386,train,smoker
GSE27272,1,1,GSM674387,train,smoker
GSE27272,1,1,GSM674388,train,non_smoker
GSE27272,1,1,GSM674389,train,non_smoker
GSE27272,1,1,GSM674390,train,non_smoker
GSE27272,1,1,GSM674391,train,non_smoker
GSE27272,1,1,GSM674392,train,smoker
GSE27272,1,1,GSM674393,train,non_smoker
GSE27272,1,1,GSM674394,train,non_smoker
GSE27272,1,1,GSM674395,train,non_smoker
GSE27272,1,1,GSM674396,train,smoker
GSE27272,1,1,GSM674398,train,non_smoker
GSE27272,1,1,GSM674399,train,smoker
GSE27272,1,1,GSM674400,train,non_smoker
GSE27272,1,1,GSM674401,train,non_smoker
GSE27272,1,1,GSM674402,train,non_smoker
GSE27272,1,1,GSM674403,train,non_smoker
GSE27272,1,1,GSM674404,train,smoker
GSE27272,1,1,GSM674406,train,non_smoker
GSE27272,1,1,GSM674407,train,non_smoker
GSE27272,1,1,GSM674201,test,non_smoker
GSE27272,1,1,GSM674207,test,smoker
GSE27272,1,1,GSM674211,test,smoker
GSE27272,1,1,GSM674228,test,smoker
GSE27272,1,1,GSM674236,test,non_smoker
GSE27272,1,1,GSM674283,test,smoker
GSE27272,1,1,GSM674288,test,non_smoker
GSE27272,1,1,GSM674290,test,non_smoker
GSE27272,1,1,GSM674291,test,non_smoker
GSE27272,1,1,GSM674293,test,smoker
GSE27272,1,1,GSM674331,test,non_smoker
GSE27272,1,1,GSM674334,test,non_smoker
GSE27272,1,1,GSM674344,test,non_smoker
GSE27272,1,1,GSM674357,test,non_smoker
GSE27272,1,1,GSM674359,test,smoker
GSE27272,1,1,GSM674373,test,non_smoker
GSE27272,1,1,GSM674385,test,non_smoker
GSE27272,1,1,GSM674397,test,non_smoker
GSE27272,1,1,GSM674405,test,non_smoker
GSE27272,1,2,GSM674182,train,smoker
GSE27272,1,2,GSM674183,train,non_smoker
GSE27272,1,2,GSM674184,train,non_smoker
GSE27272,1,2,GSM674185,train,non_smoker
GSE27272,1,2,GSM674186,train,non_smoker
GSE27272,1,2,GSM674187,train,non_smoker
GSE27272,1,2,GSM674188,train,smoker
GSE27272,1,2,GSM674190,train,non_smoker
GSE27272,1,2,GSM674191,train,non_smoker
GSE27272,1,2,GSM674193,train,non_smoker
GSE27272,1,2,GSM674195,train,non_smoker
GSE27272,1,2,GSM674196,train,smoker
GSE27272,1,2,GSM674197,train,smoker
GSE27272,1,2,GSM674198,train,non_smoker
GSE27272,1,2,GSM674200,train,non_smoker
GSE27272,1,2,GSM674201,train,non_smoker
GSE27272,1,2,GSM674202,train,non_smoker
GSE27272,1,2,GSM674203,train,non_smoker
GSE27272,1,2,GSM674204,train,non_smoker
GSE27272,1,2,GSM674205,train,non_smoker
GSE27272,1,2,GSM674207,train,smoker
GSE27272,1,2,GSM674208,train,non_smoker
GSE27272,1,2,GSM674209,train,non_smoker
GSE27272,1,2,GSM674210,train,non_smoker
GSE27272,1,2,GSM674211,train,smoker
GSE27272,1,2,GSM674212,train,non_smoker
GSE27272,1,2,GSM674213,train,smoker
GSE27272,1,2,GSM674214,train,non_smoker
GSE27272,1,2,GSM674215,train,smoker
GSE27272,1,2,GSM674216,train,smoker
GSE27272,1,2,GSM674217,train,smoker
GSE27272,1,2,GSM674218,train,non_smoker
GSE27272,1,2,GSM674219,train,non_smoker
GSE27272,1,2,GSM674220,train,non_smoker
GSE27272,1,2,GSM674221,train,non_smoker
GSE27272,1,2,GSM674222,train,smoker
GSE27272,1,2,GSM674223,train,non_smoker
GSE27272,1,2,GSM674224,train,smoker
GSE27272,1,2,GSM674226,train,non_smoker
GSE27272,1,2,GSM674227,train,smoker
GSE27272,1,2,GSM674228,train,smoker
GSE27272,1,2,GSM674229,train,non_smoker
GSE27272,1,2,GSM674230,train,non_smoker
GSE27272,1,2,GSM674231,train,non_smoker
GSE27272,1,2,GSM674232,train,non_smoker
GSE27272,1,2,GSM674233,train,smoker
GSE27272,1,2,GSM674234,train,non_smoker
GSE27272,1,2,GSM674235,train,non_smoker
GSE27272,1,2,GSM674236,train,non_smoker
GSE27272,1,2,GSM674237,train,non_smoker
GSE27272,1,2,GSM674238,train,smoker
GSE27272,1,2,GSM674239,train,non_smoker
GSE27272,1,2,GSM674240,train,non_smoker
GSE27272,1,2,GSM674241,train,smoker
GSE27272,1,2,GSM674243,train,non_smoker
GSE27272,1,2,GSM674244,train,non_smoker
GSE27272,1,2,GSM674245,train,non_smoker
GSE27272,1,2,GSM674282,train,non_smoker
GSE27272,1,2,GSM674283,train,smoker
GSE27272,1,2,GSM674284,train,non_smoker
GSE27272,1,2,GSM674285,train,non_smoker
GSE27272,1,2,GSM674287,train,non_smoker
GSE27272,1,2,GSM674288,train,non_smoker
GSE27272,1,2,GSM674289,train,non_smoker
GSE27272,1,2,GSM674290,train,non_smoker
GSE27272,1,2,GSM674291,train,non_smoker
GSE27272,1,2,GSM674293,train,smoker
GSE27272,1,2,GSM674294,train,smoker
GSE27272,1,2,GSM674295,train,non_smoker
GSE27272,1,2,GSM674296,train,smoker
GSE27272,1,2,GSM674297,train,non_smoker
GSE27272,1,2,GSM674298,train,non_smoker
GSE27272,1,2,GSM674299,train,non_smoker
GSE27272,1,2,GSM674300,train,non_smoker
GSE27272,1,2,GSM674301,train,non_smoker
GSE27272,1,2,GSM674302,train,non_smoker
GSE27272,1,2,GSM674303,train,smoker
GSE27272,1,2,GSM674304,train,non_smoker
GSE27272,1,2,GSM674305,train,non_smoker
GSE27272,1,2,GSM674306,train,non_smoker
GSE27272,1,2,GSM674307,train,smoker
GSE27272,1,2,GSM674308,train,non_smoker
GSE27272,1,2,GSM674309,train,non_smoker
GSE27272,1,2,GSM674310,train,smoker
GSE27272,1,2,GSM674311,train,smoker
GSE27272,1,2,GSM674312,train,smoker
GSE27272,1,2,GSM674313,train,non_smoker
GSE27272,1,2,GSM674315,train,non_smoker
GSE27272,1,2,GSM674316,train,non_smoker
GSE27272,1,2,GSM674317,train,smoker
GSE27272,1,2,GSM674318,train,non_smoker
GSE27272,1,2,GSM674320,train,non_smoker
GSE27272,1,2,GSM674321,train,smoker
GSE27272,1,2,GSM674322,train,smoker
GSE27272,1,2,GSM674324,train,non_smoker
GSE27272,1,2,GSM674325,train,non_smoker
GSE27272,1,2,GSM674326,train,smoker
GSE27272,1,2,GSM674327,train,non_smoker
GSE27272,1,2,GSM674328,train,non_smoker
GSE27272,1,2,GSM674329,train,smoker
GSE27272,1,2,GSM674330,train,non_smoker
GSE27272,1,2,GSM674331,train,non_smoker
GSE27272,1,2,GSM674332,train,non_smoker
GSE27272,1,2,GSM674333,train,smoker
GSE27272,1,2,GSM674334,train,non_smoker
GSE27272,1,2,GSM674335,train,non_smoker
GSE27272,1,2,GSM674344,train,non_smoker
GSE27272,1,2,GSM674345,train,smoker
GSE27272,1,2,GSM674346,train,non_smoker
GSE27272,1,2,GSM674347,train,non_smoker
GSE27272,1,2,GSM674348,train,non_smoker
GSE27272,1,2,GSM674349,train,non_smoker
GSE27272,1,2,GSM674350,train,non_smoker
GSE27272,1,2,GSM674351,train,smoker
GSE27272,1,2,GSM674352,train,smoker
GSE27272,1,2,GSM674353,train,non_smoker
GSE27272,1,2,GSM674354,train,non_smoker
GSE27272,1,2,GSM674357,train,non_smoker
GSE27272,1,2,GSM674358,train,non_smoker
GSE27272,1,2,GSM674359,train,smoker
GSE27272,1,2,GSM674360,train,smoker
GSE27272,1,2,GSM674361,train,non_smoker
GSE27272,1,2,GSM674362,train,smoker
GSE27272,1,2,GSM674363,train,non_smoker
GSE27272,1,2,GSM674364,train,non_smoker
GSE27272,1,2,GSM674365,train,non_smoker
GSE27272,1,2,GSM674366,train,non_smoker
GSE27272,1,2,GSM674367,train,non_smoker
GSE27272,1,2,GSM674368,train,non_smoker
GSE27272,1,2,GSM674369,train,smoker
GSE27272,1,2,GSM674370,train,non_smoker
GSE27272,1,2,GSM674371,train,non_smoker
GSE27272,1,2,GSM674373,train,non_smoker
GSE27272,1,2,GSM674375,train,non_smoker
GSE27272,1,2,GSM674376,train,smoker
GSE27272,1,2,GSM674377,train,smoker
GSE27272,1,2,GSM674378,train,smoker
GSE27272,1,2,GSM674379,train,non_smoker
GSE27272,1,2,GSM674381,train,non_smoker
GSE27272,1,2,GSM674383,train,smoker
GSE27272,1,2,GSM674384,train,non_smoker
GSE27272,1,2,GSM674385,train,non_smoker
GSE27272,1,2,GSM674386,train,smoker
GSE27272,1,2,GSM674387,train,smoker
GSE27272,1,2,GSM674388,train,non_smoker
GSE27272,1,2,GSM674389,train,non_smoker
GSE27272,1,2,GSM674390,train,non_smoker
GSE27272,1,2,GSM674391,train,non_smoker
GSE27272,1,2,GSM674392,train,smoker
GSE27272,1,2,GSM674393,train,non_smoker
GSE27272,1,2,GSM674394,train,non_smoker
GSE27272,1,2,GSM674395,train,non_smoker
GSE27272,1,2,GSM674396,train,smoker
GSE27272,1,2,GSM674397,train,non_smoker
GSE27272,1,2,GSM674398,train,non_smoker
GSE27272,1,2,GSM674399,train,smoker
GSE27272,1,2,GSM674400,train,non_smoker
GSE27272,1,2,GSM674401,train,non_smoker
GSE27272,1,2,GSM674402,train,non_smoker
GSE27272,1,2,GSM674403,train,non_smoker
GSE27272,1,2,GSM674404,train,smoker
GSE27272,1,2,GSM674405,train,non_smoker
GSE27272,1,2,GSM674406,train,non_smoker
GSE27272,1,2,GSM674407,train,non_smoker
GSE27272,1,2,GSM674181,test,non_smoker
GSE27272,1,2,GSM674189,test,smoker
GSE27272,1,2,GSM674192,test,non_smoker
GSE27272,1,2,GSM674194,test,non_smoker
GSE27272,1,2,GSM674199,test,smoker
GSE27272,1,2,GSM674206,test,non_smoker
GSE27272,1,2,GSM674225,test,non_smoker
GSE27272,1,2,GSM674242,test,non_smoker
GSE27272,1,2,GSM674286,test,smoker
GSE27272,1,2,GSM674292,test,non_smoker
GSE27272,1,2,GSM674314,test,non_smoker
GSE27272,1,2,GSM674319,test,smoker
GSE27272,1,2,GSM674323,test,non_smoker
GSE27272,1,2,GSM674355,test,non_smoker
GSE27272,1,2,GSM674356,test,non_smoker
GSE27272,1,2,GSM674372,test,smoker
GSE27272,1,2,GSM674374,test,smoker
GSE27272,1,2,GSM674380,test,non_smoker
GSE27272,1,2,GSM674382,test,non_smoker
GSE27272,1,3,GSM674181,train,non_smoker
GSE27272,1,3,GSM674182,train,smoker
GSE27272,1,3,GSM674183,train,non_smoker
GSE27272,1,3,GSM674184,train,non_smoker
GSE27272,1,3,GSM674185,train,non_smoker
GSE27272,1,3,GSM674186,train,non_smoker
GSE27272,1,3,GSM674187,train,non_smoker
GSE27272,1,3,GSM674188,train,smoker
GSE27272,1,3,GSM674189,train,smoker
GSE27272,1,3,GSM674191,train,non_smoker
GSE27272,1,3,GSM674192,train,non_smoker
GSE27272,1,3,GSM674193,train,non_smoker
GSE27272,1,3,GSM674194,train,non_smoker
GSE27272,1,3,GSM674196,train,smoker
GSE27272,1,3,GSM674197,train,smoker
GSE27272,1,3,GSM674199,train,smoker
GSE27272,1,3,GSM674200,train,non_smoker
GSE27272,1,3,GSM674201,train,non_smoker
GSE27272,1,3,GSM674202,train,non_smoker
GSE27272,1,3,GSM674203,train,non_smoker
GSE27272,1,3,GSM674204,train,non_smoker
GSE27272,1,3,GSM674205,train,non_smoker
GSE27272,1,3,GSM674206,train,non_smoker
GSE27272,1,3,GSM674207,train,smoker
GSE27272,1,3,GSM674208,train,non_smoker
GSE27272,1,3,GSM674210,train,non_smoker
GSE27272,1,3,GSM674211,train,smoker
GSE27272,1,3,GSM674212,train,non_smoker
GSE27272,1,3,GSM674214,train,non_smoker
GSE27272,1,3,GSM674215,train,smoker
GSE27272,1,3,GSM674216,train,smoker
GSE27272,1,3,GSM674218,train,non_smoker
GSE27272,1,3,GSM674219,train,non_smoker
GSE27272,1,3,GSM674220,train,non_smoker
GSE27272,1,3,GSM674221,train,non_smoker
GSE27272,1,3,GSM674222,train,smoker
GSE27272,1,3,GSM674223,train,non_smoker
GSE27272,1,3,GSM674224,train,smoker
GSE27272,1,3,GSM674225,train,non_smoker
GSE27272,1,3,GSM674226,train,non_smoker
GSE27272,1,3,GSM674228,train,smoker
GSE27272,1,3,GSM674230,train,non_smoker
GSE27272,1,3,GSM674232,train,non_smoker
GSE27272,1,3,GSM674233,train,smoker
GSE27272,1,3,GSM674235,train,non_smoker
GSE27272,1,3,GSM674236,train,non_smoker
GSE27272,1,3,GSM674237,train,non_smoker
GSE27272,1,3,GSM674238,train,smoker
GSE27272,1,3,GSM674239,train,non_smoker
GSE27272,1,3,GSM674240,train,non_smoker
GSE27272,1,3,GSM674242,train,non_smoker
GSE27272,1,3,GSM674243,train,non_smoker
GSE27272,1,3,GSM674244,train,non_smoker
GSE27272,1,3,GSM674245,train,non_smoker
GSE27272,1,3,GSM674282,train,non_smoker
GSE27272,1,3,GSM674283,train,smoker
GSE27272,1,3,GSM674284,train,non_smoker
GSE27272,1,3,GSM674285,train,non_smoker
GSE27272,1,3,GSM674286,train,smoker
GSE27272,1,3,GSM674287,train,non_smoker
GSE27272,1,3,GSM674288,train,non_smoker
GSE27272,1,3,GSM674289,train,non_smoker
GSE27272,1,3,GSM674290,train,non_smoker
GSE27272,1,3,GSM674291,train,non_smoker
GSE27272,1,3,GSM674292,train,non_smoker
GSE27272,1,3,GSM674293,train,smoker
GSE27272,1,3,GSM674294,train,smoker
GSE27272,1,3,GSM674295,train,non_smoker
GSE27272,1,3,GSM674296,train,smoker
GSE27272,1,3,GSM674297,train,non_smoker
GSE27272,1,3,GSM674298,train,non_smoker
GSE27272,1,3,GSM674299,train,non_smoker
GSE27272,1,3,GSM674300,train,non_smoker
GSE27272,1,3,GSM674301,train,non_smoker
GSE27272,1,3,GSM674302,train,non_smoker
GSE27272,1,3,GSM674303,train,smoker
GSE27272,1,3,GSM674304,train,non_smoker
GSE27272,1,3,GSM674305,train,non_smoker
GSE27272,1,3,GSM674306,train,non_smoker
GSE27272,1,3,GSM674307,train,smoker
GSE27272,1,3,GSM674308,train,non_smoker
GSE27272,1,3,GSM674309,train,non_smoker
GSE27272,1,3,GSM674310,train,smoker
GSE27272,1,3,GSM674311,train,smoker
GSE27272,1,3,GSM674312,train,smoker
GSE27272,1,3,GSM674313,train,non_smoker
GSE27272,1,3,GSM674314,train,non_smoker
GSE27272,1,3,GSM674315,train,non_smoker
GSE27272,1,3,GSM674317,train,smoker
GSE27272,1,3,GSM674318,train,non_smoker
GSE27272,1,3,GSM674319,train,smoker
GSE27272,1,3,GSM674320,train,non_smoker
GSE27272,1,3,GSM674321,train,smoker
GSE27272,1,3,GSM674322,train,smoker
GSE27272,1,3,GSM674323,train,non_smoker
GSE27272,1,3,GSM674324,train,non_smoker
GSE27272,1,3,GSM674325,train,non_smoker
GSE27272,1,3,GSM674326,train,smoker
GSE27272,1,3,GSM674327,train,non_smoker
GSE27272,1,3,GSM674328,train,non_smoker
GSE27272,1,3,GSM674329,train,smoker
GSE27272,1,3,GSM674330,train,non_smoker
GSE27272,1,3,GSM674331,train,non_smoker
GSE27272,1,3,GSM674332,train,non_smoker
GSE27272,1,3,GSM674333,train,smoker
GSE27272,1,3,GSM674334,train,non_smoker
GSE27272,1,3,GSM674335,train,non_smoker
GSE27272,1,3,GSM674344,train,non_smoker
GSE27272,1,3,GSM674345,train,smoker
GSE27272,1,3,GSM674347,train,non_smoker
GSE27272,1,3,GSM674348,train,non_smoker
GSE27272,1,3,GSM674349,train,non_smoker
GSE27272,1,3,GSM674350,train,non_smoker
GSE27272,1,3,GSM674351,train,smoker
GSE27272,1,3,GSM674352,train,smoker
GSE27272,1,3,GSM674353,train,non_smoker
GSE27272,1,3,GSM674354,train,non_smoker
GSE27272,1,3,GSM674355,train,non_smoker
GSE27272,1,3,GSM674356,train,non_smoker
GSE27272,1,3,GSM674357,train,non_smoker
GSE27272,1,3,GSM674358,train,non_smoker
GSE27272,1,3,GSM674359,train,smoker
GSE27272,1,3,GSM674360,train,smoker
GSE27272,1,3,GSM674361,train,non_smoker
GSE27272,1,3,GSM674362,train,smoker
GSE27272,1,3,GSM674363,train,non_smoker
GSE27272,1,3,GSM674364,train,non_smoker
GSE27272,1,3,GSM674365,train,non_smoker
GSE27272,1,3,GSM674366,train,non_smoker
GSE27272,1,3,GSM674367,train,non_smoker
GSE27272,1,3,GSM674368,train,non_smoker
GSE27272,1,3,GSM674370,train,non_smoker
GSE27272,1,3,GSM674371,train,non_smoker
GSE27272,1,3,GSM674372,train,smoker
GSE27272,1,3,GSM674373,train,non_smoker
GSE27272,1,3,GSM674374,train,smoker
GSE27272,1,3,GSM674375,train,non_smoker
GSE27272,1,3,GSM674376,train,smoker
GSE27272,1,3,GSM674377,train,smoker
GSE27272,1,3,GSM674378,train,smoker
GSE27272,1,3,GSM674379,train,non_smoker
GSE27272,1,3,GSM674380,train,non_smoker
GSE27272,1,3,GSM674381,train,non_smoker
GSE27272,1,3,GSM674382,train,non_smoker
GSE27272,1,3,GSM674384,train,non_smoker
GSE27272,1,3,GSM674385,train,non_smoker
GSE27272,1,3,GSM674386,train,smoker
GSE27272,1,3,GSM674387,train,smoker
GSE27272,1,3,GSM674388,train,non_smoker
GSE27272,1,3,GSM674391,train,non_smoker
GSE27272,1,3,GSM674392,train,smoker
GSE27272,1,3,GSM674394,train,non_smoker
GSE27272,1,3,GSM674395,train,non_smoker
GSE27272,1,3,GSM674396,train,smoker
GSE27272,1,3,GSM674397,train,non_smoker
GSE27272,1,3,GSM674398,train,non_smoker
GSE27272,1,3,GSM674399,train,smoker
GSE27272,1,3,GSM674400,train,non_smoker
GSE27272,1,3,GSM674401,train,non_smoker
GSE27272,1,3,GSM674402,train,non_smoker
GSE27272,1,3,GSM674403,train,non_smoker
GSE27272,1,3,GSM674404,train,smoker
GSE27272,1,3,GSM674405,train,non_smoker
GSE27272,1,3,GSM674407,train,non_smoker
GSE27272,1,3,GSM674190,test,non_smoker
GSE27272,1,3,GSM674195,test,non_smoker
GSE27272,1,3,GSM674198,test,non_smoker
GSE27272,1,3,GSM674209,test,non_smoker
GSE27272,1,3,GSM674213,test,smoker
GSE27272,1,3,GSM674217,test,smoker
GSE27272,1,3,GSM674227,test,smoker
GSE27272,1,3,GSM674229,test,non_smoker
GSE27272,1,3,GSM674231,test,non_smoker
GSE27272,1,3,GSM674234,test,non_smoker
GSE27272,1,3,GSM674241,test,smoker
GSE27272,1,3,GSM674316,test,non_smoker
GSE27272,1,3,GSM674346,test,non_smoker
GSE27272,1,3,GSM674369,test,smoker
GSE27272,1,3,GSM674383,test,smoker
GSE27272,1,3,GSM674389,test,non_smoker
GSE27272,1,3,GSM674390,test,non_smoker
GSE27272,1,3,GSM674393,test,non_smoker
GSE27272,1,3,GSM674406,test,non_smoker
GSE27272,1,4,GSM674181,train,non_smoker
GSE27272,1,4,GSM674182,train,smoker
GSE27272,1,4,GSM674183,train,non_smoker
GSE27272,1,4,GSM674184,train,non_smoker
GSE27272,1,4,GSM674185,train,non_smoker
GSE27272,1,4,GSM674186,train,non_smoker
GSE27272,1,4,GSM674187,train,non_smoker
GSE27272,1,4,GSM674188,train,smoker
GSE27272,1,4,GSM674189,train,smoker
GSE27272,1,4,GSM674190,train,non_smoker
GSE27272,1,4,GSM674191,train,non_smoker
GSE27272,1,4,GSM674192,train,non_smoker
GSE27272,1,4,GSM674193,train,non_smoker
GSE27272,1,4,GSM674194,train,non_smoker
GSE27272,1,4,GSM674195,train,non_smoker
GSE27272,1,4,GSM674196,train,smoker
GSE27272,1,4,GSM674197,train,smoker
GSE27272,1,4,GSM674198,train,non_smoker
GSE27272,1,4,GSM674199,train,smoker
GSE27272,1,4,GSM674200,train,non_smoker
GSE27272,1,4,GSM674201,train,non_smoker
GSE27272,1,4,GSM674203,train,non_smoker
GSE27272,1,4,GSM674204,train,non_smoker
GSE27272,1,4,GSM674206,train,non_smoker
GSE27272,1,4,GSM674207,train,smoker
GSE27272,1,4,GSM674208,train,non_smoker
GSE27272,1,4,GSM674209,train,non_smoker
GSE27272,1,4,GSM674210,train,non_smoker
GSE27272,1,4,GSM674211,train,smoker
GSE27272,1,4,GSM674212,train,non_smoker
GSE27272,1,4,GSM674213,train,smoker
GSE27272,1,4,GSM674214,train,non_smoker
GSE27272,1,4,GSM674215,train,smoker
GSE27272,1,4,GSM674216,train,smoker
GSE27272,1,4,GSM674217,train,smoker
GSE27272,1,4,GSM674218,train,non_smoker
GSE27272,1,4,GSM674219,train,non_smoker
GSE27272,1,4,GSM674220,train,non_smoker
GSE27272,1,4,GSM674221,train,non_smoker
GSE27272,1,4,GSM674222,train,smoker
GSE27272,1,4,GSM674223,train,non_smoker
GSE27272,1,4,GSM674224,train,smoker
GSE27272,1,4,GSM674225,train,non_smoker
GSE27272,1,4,GSM674226,train,non_smoker
GSE27272,1,4,GSM674227,train,smoker
GSE27272,1,4,GSM674228,train,smoker
GSE27272,1,4,GSM674229,train,non_smoker
GSE27272,1,4,GSM674230,train,non_smoker
GSE27272,1,4,GSM674231,train,non_smoker
GSE27272,1,4,GSM674232,train,non_smoker
GSE27272,1,4,GSM674233,train,smoker
GSE27272,1,4,GSM674234,train,non_smoker
GSE27272,1,4,GSM674235,train,non_smoker
GSE27272,1,4,GSM674236,train,non_smoker
GSE27272,1,4,GSM674237,train,non_smoker
GSE27272,1,4,GSM674239,train,non_smoker
GSE27272,1,4,GSM674241,train,smoker
GSE27272,1,4,GSM674242,train,non_smoker
GSE27272,1,4,GSM674244,train,non_smoker
GSE27272,1,4,GSM674245,train,non_smoker
GSE27272,1,4,GSM674282,train,non_smoker
GSE27272,1,4,GSM674283,train,smoker
GSE27272,1,4,GSM674284,train,non_smoker
GSE27272,1,4,GSM674285,train,non_smoker
GSE27272,1,4,GSM674286,train,smoker
GSE27272,1,4,GSM674288,train,non_smoker
GSE27272,1,4,GSM674290,train,non_smoker
GSE27272,1,4,GSM674291,train,non_smoker
GSE27272,1,4,GSM674292,train,non_smoker
GSE27272,1,4,GSM674293,train,smoker
GSE27272,1,4,GSM674294,train,smoker
GSE27272,1,4,GSM674295,train,non_smoker
GSE27272,1,4,GSM674296,train,smoker
GSE27272,1,4,GSM674297,train,non_smoker
GSE27272,1,4,GSM674298,train,non_smoker
GSE27272,1,4,GSM674299,train,non_smoker
GSE27272,1,4,GSM674301,train,non_smoker
GSE27272,1,4,GSM674302,train,non_smoker
GSE27272,1,4,GSM674304,train,non_smoker
GSE27272,1,4,GSM674306,train,non_smoker
GSE27272,1,4,GSM674307,train,smoker
GSE27272,1,4,GSM674308,train,non_smoker
GSE27272,1,4,GSM674309,train,non_smoker
GSE27272,1,4,GSM674311,train,smoker
GSE27272,1,4,GSM674312,train,smoker
GSE27272,1,4,GSM674313,train,non_smoker
GSE27272,1,4,GSM674314,train,non_smoker
GSE27272,1,4,GSM674315,train,non_smoker
GSE27272,1,4,GSM674316,train,non_smoker
GSE27272,1,4,GSM674317,train,smoker
GSE27272,1,4,GSM674318,train,non_smoker
GSE27272,1,4,GSM674319,train,smoker
GSE27272,1,4,GSM674320,train,non_smoker
GSE27272,1,4,GSM674321,train,smoker
GSE27272,1,4,GSM674323,train,non_smoker
GSE27272,1,4,GSM674324,train,non_smoker
GSE27272,1,4,GSM674325,train,non_smoker
GSE27272,1,4,GSM674326,train,smoker
GSE27272,1,4,GSM674327,train,non_smoker
GSE27272,1,4,GSM674328,train,non_smoker
GSE27272,1,4,GSM674329,train,smoker
GSE27272,1,4,GSM674331,train,non_smoker
GSE27272,1,4,GSM674332,train,non_smoker
GSE27272,1,4,GSM674333,train,smoker
GSE27272,1,4,GSM674334,train,non_smoker
GSE27272,1,4,GSM674335,train,non_smoker
GSE27272,1,4,GSM674344,train,non_smoker
GSE27272,1,4,GSM674345,train,smoker
GSE27272,1,4,GSM674346,train,non_smoker
GSE27272,1,4,GSM674347,train,non_smoker
GSE27272,1,4,GSM674348,train,non_smoker
GSE27272,1,4,GSM674349,train,non_smoker
GSE27272,1,4,GSM674350,train,non_smoker
GSE27272,1,4,GSM674351,train,smoker
GSE27272,1,4,GSM674352,train,smoker
GSE27272,1,4,GSM674353,train,non_smoker
GSE27272,1,4,GSM674354,train,non_smoker
GSE27272,1,4,GSM674355,train,non_smoker
GSE27272,1,4,GSM674356,train,non_smoker
GSE27272,1,4,GSM674357,train,non_smoker
GSE27272,1,4,GSM674358,train,non_smoker
GSE27272,1,4,GSM674359,train,smoker
GSE27272,1,4,GSM674360,train,smoker
GSE27272,1,4,GSM674361,train,non_smoker
GSE27272,1,4,GSM674362,train,smoker
GSE27272,1,4,GSM674363,train,non_smoker
GSE27272,1,4,GSM674364,train,non_smoker
GSE27272,1,4,GSM674365,train,non_smoker
GSE27272,1,4,GSM674366,train,non_smoker
GSE27272,1,4,GSM674367,train,non_smoker
GSE27272,1,4,GSM674369,train,smoker
GSE27272,1,4,GSM674371,train,non_smoker
GSE27272,1,4,GSM674372,train,smoker
GSE27272,1,4,GSM674373,train,non_smoker
GSE27272,1,4,GSM674374,train,smoker
GSE27272,1,4,GSM674375,train,non_smoker
GSE27272,1,4,GSM674376,train,smoker
GSE27272,1,4,GSM674377,train,smoker
GSE27272,1,4,GSM674378,train,smoker
GSE27272,1,4,GSM674380,train,non_smoker
GSE27272,1,4,GSM674382,train,non_smoker
GSE27272,1,4,GSM674383,train,smoker
GSE27272,1,4,GSM674384,train,non_smoker
GSE27272,1,4,GSM674385,train,non_smoker
GSE27272,1,4,GSM674387,train,smoker
GSE27272,1,4,GSM674388,train,non_smoker
GSE27272,1,4,GSM674389,train,non_smoker
GSE27272,1,4,GSM674390,train,non_smoker
GSE27272,1,4,GSM674391,train,non_smoker
GSE27272,1,4,GSM674392,train,smoker
GSE27272,1,4,GSM674393,train,non_smoker
GSE27272,1,4,GSM674394,train,non_smoker
GSE27272,1,4,GSM674395,train,non_smoker
GSE27272,1,4,GSM674396,train,smoker
GSE27272,1,4,GSM674397,train,non_smoker
GSE27272,1,4,GSM674398,train,non_smoker
GSE27272,1,4,GSM674399,train,smoker
GSE27272,1,4,GSM674400,train,non_smoker
GSE27272,1,4,GSM674401,train,non_smoker
GSE27272,1,4,GSM674402,train,non_smoker
GSE27272,1,4,GSM674403,train,non_smoker
GSE27272,1,4,GSM674405,train,non_smoker
GSE27272,1,4,GSM674406,train,non_smoker
GSE27272,1,4,GSM674407,train,non_smoker
GSE27272,1,4,GSM674202,test,non_smoker
GSE27272,1,4,GSM674205,test,non_smoker
GSE27272,1,4,GSM674238,test,smoker
GSE27272,1,4,GSM674240,test,non_smoker
GSE27272,1,4,GSM674243,test,non_smoker
GSE27272,1,4,GSM674287,test,non_smoker
GSE27272,1,4,GSM674289,test,non_smoker
GSE27272,1,4,GSM674300,test,non_smoker
GSE27272,1,4,GSM674303,test,smoker
GSE27272,1,4,GSM674305,test,non_smoker
GSE27272,1,4,GSM674310,test,smoker
GSE27272,1,4,GSM674322,test,smoker
GSE27272,1,4,GSM674330,test,non_smoker
GSE27272,1,4,GSM674368,test,non_smoker
GSE27272,1,4,GSM674370,test,non_smoker
GSE27272,1,4,GSM674379,test,non_smoker
GSE27272,1,4,GSM674381,test,non_smoker
GSE27272,1,4,GSM674386,test,smoker
GSE27272,1,4,GSM674404,test,smoker
GSE27272,1,5,GSM674181,train,non_smoker
GSE27272,1,5,GSM674182,train,smoker
GSE27272,1,5,GSM674183,train,non_smoker
GSE27272,1,5,GSM674184,train,non_smoker
GSE27272,1,5,GSM674185,train,non_smoker
GSE27272,1,5,GSM674186,train,non_smoker
GSE27272,1,5,GSM674187,train,non_smoker
GSE27272,1,5,GSM674188,train,smoker
GSE27272,1,5,GSM674189,train,smoker
GSE27272,1,5,GSM674190,train,non_smoker
GSE27272,1,5,GSM674191,train,non_smoker
GSE27272,1,5,GSM674192,train,non_smoker
GSE27272,1,5,GSM674193,train,non_smoker
GSE27272,1,5,GSM674194,train,non_smoker
GSE27272,1,5,GSM674195,train,non_smoker
GSE27272,1,5,GSM674196,train,smoker
GSE27272,1,5,GSM674197,train,smoker
GSE27272,1,5,GSM674198,train,non_smoker
GSE27272,1,5,GSM674199,train,smoker
GSE27272,1,5,GSM674200,train,non_smoker
GSE27272,1,5,GSM674201,train,non_smoker
GSE27272,1,5,GSM674202,train,non_smoker
GSE27272,1,5,GSM674203,train,non_smoker
GSE27272,1,5,GSM674204,train,non_smoker
GSE27272,1,5,GSM674205,train,non_smoker
GSE27272,1,5,GSM674206,train,non_smoker
GSE27272,1,5,GSM674207,train,smoker
GSE27272,1,5,GSM674208,train,non_smoker
GSE27272,1,5,GSM674209,train,non_smoker
GSE27272,1,5,GSM674211,train,smoker
GSE27272,1,5,GSM674212,train,non_smoker
GSE27272,1,5,GSM674213,train,smoker
GSE27272,1,5,GSM674214,train,non_smoker
GSE27272,1,5,GSM674215,train,smoker
GSE27272,1,5,GSM674216,train,smoker
GSE27272,1,5,GSM674217,train,smoker
GSE27272,1,5,GSM674220,train,non_smoker
GSE27272,1,5,GSM674221,train,non_smoker
GSE27272,1,5,GSM674222,train,smoker
GSE27272,1,5,GSM674223,train,non_smoker
GSE27272,1,5,GSM674224,train,smoker
GSE27272,1,5,GSM674225,train,non_smoker
GSE27272,1,5,GSM674226,train,non_smoker
GSE27272,1,5,GSM674227,train,smoker
GSE27272,1,5,GSM674228,train,smoker
GSE27272,1,5,GSM674229,train,non_smoker
GSE27272,1,5,GSM674230,train,non_smoker
GSE27272,1,5,GSM674231,train,non_smoker
GSE27272,1,5,GSM674232,train,non_smoker
GSE27272,1,5,GSM674233,train,smoker
GSE27272,1,5,GSM674234,train,non_smoker
GSE27272,1,5,GSM674235,train,non_smoker
GSE27272,1,5,GSM674236,train,non_smoker
GSE27272,1,5,GSM674237,train,non_smoker
GSE27272,1,5,GSM674238,train,smoker
GSE27272,1,5,GSM674240,train,non_smoker
GSE27272,1,5,GSM674241,train,smoker
GSE27272,1,5,GSM674242,train,non_smoker
GSE27272,1,5,GSM674243,train,non_smoker
GSE27272,1,5,GSM674244,train,non_smoker
GSE27272,1,5,GSM674283,train,smoker
GSE27272,1,5,GSM674284,train,non_smoker
GSE27272,1,5,GSM674285,train,non_smoker
GSE27272,1,5,GSM674286,train,smoker
GSE27272,1,5,GSM674287,train,non_smoker
GSE27272,1,5,GSM674288,train,non_smoker
GSE27272,1,5,GSM674289,train,non_smoker
GSE27272,1,5,GSM674290,train,non_smoker
GSE27272,1,5,GSM674291,train,non_smoker
GSE27272,1,5,GSM674292,train,non_smoker
GSE27272,1,5,GSM674293,train,smoker
GSE27272,1,5,GSM674295,train,non_smoker
GSE27272,1,5,GSM674297,train,non_smoker
GSE27272,1,5,GSM674298,train,non_smoker
GSE27272,1,5,GSM674299,train,non_smoker
GSE27272,1,5,GSM674300,train,non_smoker
GSE27272,1,5,GSM674301,train,non_smoker
GSE27272,1,5,GSM674303,train,smoker
GSE27272,1,5,GSM674304,train,non_smoker
GSE27272,1,5,GSM674305,train,non_smoker
GSE27272,1,5,GSM674307,train,smoker
GSE27272,1,5,GSM674308,train,non_smoker
GSE27272,1,5,GSM674309,train,non_smoker
GSE27272,1,5,GSM674310,train,smoker
GSE27272,1,5,GSM674311,train,smoker
GSE27272,1,5,GSM674312,train,smoker
GSE27272,1,5,GSM674313,train,non_smoker
GSE27272,1,5,GSM674314,train,non_smoker
GSE27272,1,5,GSM674315,train,non_smoker
GSE27272,1,5,GSM674316,train,non_smoker
GSE27272,1,5,GSM674317,train,smoker
GSE27272,1,5,GSM674318,train,non_smoker
GSE27272,1,5,GSM674319,train,smoker
GSE27272,1,5,GSM674320,train,non_smoker
GSE27272,1,5,GSM674321,train,smoker
GSE27272,1,5,GSM674322,train,smoker
GSE27272,1,5,GSM674323,train,non_smoker
GSE27272,1,5,GSM674324,train,non_smoker
GSE27272,1,5,GSM674325,train,non_smoker
GSE27272,1,5,GSM674326,train,smoker
GSE27272,1,5,GSM674327,train,non_smoker
GSE27272,1,5,GSM674328,train,non_smoker
GSE27272,1,5,GSM674330,train,non_smoker
GSE27272,1,5,GSM674331,train,non_smoker
GSE27272,1,5,GSM674332,train,non_smoker
GSE27272,1,5,GSM674333,train,smoker
GSE27272,1,5,GSM674334,train,non_smoker
GSE27272,1,5,GSM674344,train,non_smoker
GSE27272,1,5,GSM674345,train,smoker
GSE27272,1,5,GSM674346,train,non_smoker
GSE27272,1,5,GSM674347,train,non_smoker
GSE27272,1,5,GSM674348,train,non_smoker
GSE27272,1,5,GSM674349,train,non_smoker
GSE27272,1,5,GSM674351,train,smoker
GSE27272,1,5,GSM674353,train,non_smoker
GSE27272,1,5,GSM674354,train,non_smoker
GSE27272,1,5,GSM674355,train,non_smoker
GSE27272,1,5,GSM674356,train,non_smoker
GSE27272,1,5,GSM674357,train,non_smoker
GSE27272,1,5,GSM674358,train,non_smoker
GSE27272,1,5,GSM674359,train,smoker
GSE27272,1,5,GSM674360,train,smoker
GSE27272,1,5,GSM674361,train,non_smoker
GSE27272,1,5,GSM674362,train,smoker
GSE27272,1,5,GSM674363,train,non_smoker
GSE27272,1,5,GSM674364,train,non_smoker
GSE27272,1,5,GSM674365,train,non_smoker
GSE27272,1,5,GSM674366,train,non_smoker
GSE27272,1,5,GSM674367,train,non_smoker
GSE27272,1,5,GSM674368,train,non_smoker
GSE27272,1,5,GSM674369,train,smoker
GSE27272,1,5,GSM674370,train,non_smoker
GSE27272,1,5,GSM674371,train,non_smoker
GSE27272,1,5,GSM674372,train,smoker
GSE27272,1,5,GSM674373,train,non_smoker
GSE27272,1,5,GSM674374,train,smoker
GSE27272,1,5,GSM674376,train,smoker
GSE27272,1,5,GSM674377,train,smoker
GSE27272,1,5,GSM674379,train,non_smoker
GSE27272,1,5,GSM674380,train,non_smoker
GSE27272,1,5,GSM674381,train,non_smoker
GSE27272,1,5,GSM674382,train,non_smoker
GSE27272,1,5,GSM674383,train,smoker
GSE27272,1,5,GSM674384,train,non_smoker
GSE27272,1,5,GSM674385,train,non_smoker
GSE27272,1,5,GSM674386,train,smoker
GSE27272,1,5,GSM674387,train,smoker
GSE27272,1,5,GSM674388,train,non_smoker
GSE27272,1,5,GSM674389,train,non_smoker
GSE27272,1,5,GSM674390,train,non_smoker
GSE27272,1,5,GSM674391,train,non_smoker
GSE27272,1,5,GSM674392,train,smoker
GSE27272,1,5,GSM674393,train,non_smoker
GSE27272,1,5,GSM674394,train,non_smoker
GSE27272,1,5,GSM674396,train,smoker
GSE27272,1,5,GSM674397,train,non_smoker
GSE27272,1,5,GSM674398,train,non_smoker
GSE27272,1,5,GSM674400,train,non_smoker
GSE27272,1,5,GSM674401,train,non_smoker
GSE27272,1,5,GSM674402,train,non_smoker
GSE27272,1,5,GSM674404,train,smoker
GSE27272,1,5,GSM674405,train,non_smoker
GSE27272,1,5,GSM674406,train,non_smoker
GSE27272,1,5,GSM674407,train,non_smoker
GSE27272,1,5,GSM674210,test,non_smoker
GSE27272,1,5,GSM674218,test,non_smoker
GSE27272,1,5,GSM674219,test,non_smoker
GSE27272,1,5,GSM674239,test,non_smoker
GSE27272,1,5,GSM674245,test,non_smoker
GSE27272,1,5,GSM674282,test,non_smoker
GSE27272,1,5,GSM674294,test,smoker
GSE27272,1,5,GSM674296,test,smoker
GSE27272,1,5,GSM674302,test,non_smoker
GSE27272,1,5,GSM674306,test,non_smoker
GSE27272,1,5,GSM674329,test,smoker
GSE27272,1,5,GSM674335,test,non_smoker
GSE27272,1,5,GSM674350,test,non_smoker
GSE27272,1,5,GSM674352,test,smoker
GSE27272,1,5,GSM674375,test,non_smoker
GSE27272,1,5,GSM674378,test,smoker
GSE27272,1,5,GSM674395,test,non_smoker
GSE27272,1,5,GSM674399,test,smoker
GSE27272,1,5,GSM674403,test,non_smoker
GSE27272,1,6,GSM674181,train,non_smoker
GSE27272,1,6,GSM674182,train,smoker
GSE27272,1,6,GSM674183,train,non_smoker
GSE27272,1,6,GSM674184,train,non_smoker
GSE27272,1,6,GSM674185,train,non_smoker
GSE27272,1,6,GSM674186,train,non_smoker
GSE27272,1,6,GSM674187,train,non_smoker
GSE27272,1,6,GSM674188,train,smoker
GSE27272,1,6,GSM674189,train,smoker
GSE27272,1,6,GSM674190,train,non_smoker
GSE27272,1,6,GSM674191,train,non_smoker
GSE27272,1,6,GSM674192,train,non_smoker
GSE27272,1,6,GSM674193,train,non_smoker
GSE27272,1,6,GSM674194,train,non_smoker
GSE27272,1,6,GSM674195,train,non_smoker
GSE27272,1,6,GSM674196,train,smoker
GSE27272,1,6,GSM674198,train,non_smoker
GSE27272,1,6,GSM674199,train,smoker
GSE27272,1,6,GSM674200,train,non_smoker
GSE27272,1,6,GSM674201,train,non_smoker
GSE27272,1,6,GSM674202,train,non_smoker
GSE27272,1,6,GSM674204,train,non_smoker
GSE27272,1,6,GSM674205,train,non_smoker
GSE27272,1,6,GSM674206,train,non_smoker
GSE27272,1,6,GSM674207,train,smoker
GSE27272,1,6,GSM674208,train,non_smoker
GSE27272,1,6,GSM674209,train,non_smoker
GSE27272,1,6,GSM674210,train,non_smoker
GSE27272,1,6,GSM674211,train,smoker
GSE27272,1,6,GSM674212,train,non_smoker
GSE27272,1,6,GSM674213,train,smoker
GSE27272,1,6,GSM674214,train,non_smoker
GSE27272,1,6,GSM674215,train,smoker
GSE27272,1,6,GSM674216,train,smoker
GSE27272,1,6,GSM674217,train,smoker
GSE27272,1,6,GSM674218,train,non_smoker
GSE27272,1,6,GSM674219,train,non_smoker
GSE27272,1,6,GSM674220,train,non_smoker
GSE27272,1,6,GSM674223,train,non_smoker
GSE27272,1,6,GSM674224,train,smoker
GSE27272,1,6,GSM674225,train,non_smoker
GSE27272,1,6,GSM674226,train,non_smoker
GSE27272,1,6,GSM674227,train,smoker
GSE27272,1,6,GSM674228,train,smoker
GSE27272,1,6,GSM674229,train,non_smoker
GSE27272,1,6,GSM674230,train,non_smoker
GSE27272,1,6,GSM674231,train,non_smoker
GSE27272,1,6,GSM674233,train,smoker
GSE27272,1,6,GSM674234,train,non_smoker
GSE27272,1,6,GSM674236,train,non_smoker
GSE27272,1,6,GSM674237,train,non_smoker
GSE27272,1,6,GSM674238,train,smoker
GSE27272,1,6,GSM674239,train,non_smoker
GSE27272,1,6,GSM674240,train,non_smoker
GSE27272,1,6,GSM674241,train,smoker
GSE27272,1,6,GSM674242,train,non_smoker
GSE27272,1,6,GSM674243,train,non_smoker
GSE27272,1,6,GSM674244,train,non_smoker
GSE27272,1,6,GSM674245,train,non_smoker
GSE27272,1,6,GSM674282,train,non_smoker
GSE27272,1,6,GSM674283,train,smoker
GSE27272,1,6,GSM674284,train,non_smoker
GSE27272,1,6,GSM674285,train,non_smoker
GSE27272,1,6,GSM674286,train,smoker
GSE27272,1,6,GSM674287,train,non_smoker
GSE27272,1,6,GSM674288,train,non_smoker
GSE27272,1,6,GSM674289,train,non_smoker
GSE27272,1,6,GSM674290,train,non_smoker
GSE27272,1,6,GSM674291,train,non_smoker
GSE27272,1,6,GSM674292,train,non_smoker
GSE27272,1,6,GSM674293,train,smoker
GSE27272,1,6,GSM674294,train,smoker
GSE27272,1,6,GSM674296,train,smoker
GSE27272,1,6,GSM674297,train,non_smoker
GSE27272,1,6,GSM674298,train,non_smoker
GSE27272,1,6,GSM674299,train,non_smoker
GSE27272,1,6,GSM674300,train,non_smoker
GSE27272,1,6,GSM674301,train,non_smoker
GSE27272,1,6,GSM674302,train,non_smoker
GSE27272,1,6,GSM674303,train,smoker
GSE27272,1,6,GSM674304,train,non_smoker
GSE27272,1,6,GSM674305,train,non_smoker
GSE27272,1,6,GSM674306,train,non_smoker
GSE27272,1,6,GSM674307,train,smoker
GSE27272,1,6,GSM674308,train,non_smoker
GSE27272,1,6,GSM674310,train,smoker
GSE27272,1,6,GSM674311,train,smoker
GSE27272,1,6,GSM674312,train,smoker
GSE27272,1,6,GSM674313,train,non_smoker
GSE27272,1,6,GSM674314,train,non_smoker
GSE27272,1,6,GSM674315,train,non_smoker
GSE27272,1,6,GSM674316,train,non_smoker
GSE27272,1,6,GSM674317,train,smoker
GSE27272,1,6,GSM674318,train,non_smoker
GSE27272,1,6,GSM674319,train,smoker
GSE27272,1,6,GSM674320,train,non_smoker
GSE27272,1,6,GSM674321,train,smoker
GSE27272,1,6,GSM674322,train,smoker
GSE27272,1,6,GSM674323,train,non_smoker
GSE27272,1,6,GSM674324,train,non_smoker
GSE27272,1,6,GSM674325,train,non_smoker
GSE27272,1,6,GSM674326,train,smoker
GSE27272,1,6,GSM674327,train,non_smoker
GSE27272,1,6,GSM674328,train,non_smoker
GSE27272,1,6,GSM674329,train,smoker
GSE27272,1,6,GSM674330,train,non_smoker
GSE27272,1,6,GSM674331,train,non_smoker
GSE27272,1,6,GSM674332,train,non_smoker
GSE27272,1,6,GSM674333,train,smoker
GSE27272,1,6,GSM674334,train,non_smoker
GSE27272,1,6,GSM674335,train,non_smoker
GSE27272,1,6,GSM674344,train,non_smoker
GSE27272,1,6,GSM674345,train,smoker
GSE27272,1,6,GSM674346,train,non_smoker
GSE27272,1,6,GSM674347,train,non_smoker
GSE27272,1,6,GSM674349,train,non_smoker
GSE27272,1,6,GSM674350,train,non_smoker
GSE27272,1,6,GSM674351,train,smoker
GSE27272,1,6,GSM674352,train,smoker
GSE27272,1,6,GSM674353,train,non_smoker
GSE27272,1,6,GSM674355,train,non_smoker
GSE27272,1,6,GSM674356,train,non_smoker
GSE27272,1,6,GSM674357,train,non_smoker
GSE27272,1,6,GSM674359,train,smoker
GSE27272,1,6,GSM674360,train,smoker
GSE27272,1,6,GSM674365,train,non_smoker
GSE27272,1,6,GSM674366,train,non_smoker
GSE27272,1,6,GSM674367,train,non_smoker
GSE27272,1,6,GSM674368,train,non_smoker
GSE27272,1,6,GSM674369,train,smoker
GSE27272,1,6,GSM674370,train,non_smoker
GSE27272,1,6,GSM674371,train,non_smoker
GSE27272,1,6,GSM674372,train,smoker
GSE27272,1,6,GSM674373,train,non_smoker
GSE27272,1,6,GSM674374,train,smoker
GSE27272,1,6,GSM674375,train,non_smoker
GSE27272,1,6,GSM674376,train,smoker
GSE27272,1,6,GSM674378,train,smoker
GSE27272,1,6,GSM674379,train,non_smoker
GSE27272,1,6,GSM674380,train,non_smoker
GSE27272,1,6,GSM674381,train,non_smoker
GSE27272,1,6,GSM674382,train,non_smoker
GSE27272,1,6,GSM674383,train,smoker
GSE27272,1,6,GSM674384,train,non_smoker
GSE27272,1,6,GSM674385,train,non_smoker
GSE27272,1,6,GSM674386,train,smoker
GSE27272,1,6,GSM674387,train,smoker
GSE27272,1,6,GSM674389,train,non_smoker
GSE27272,1,6,GSM674390,train,non_smoker
GSE27272,1,6,GSM674391,train,non_smoker
GSE27272,1,6,GSM674392,train,smoker
GSE27272,1,6,GSM674393,train,non_smoker
GSE27272,1,6,GSM674394,train,non_smoker
GSE27272,1,6,GSM674395,train,non_smoker
GSE27272,1,6,GSM674397,train,non_smoker
GSE27272,1,6,GSM674398,train,non_smoker
GSE27272,1,6,GSM674399,train,smoker
GSE27272,1,6,GSM674400,train,non_smoker
GSE27272,1,6,GSM674401,train,non_smoker
GSE27272,1,6,GSM674402,train,non_smoker
GSE27272,1,6,GSM674403,train,non_smoker
GSE27272,1,6,GSM674404,train,smoker
GSE27272,1,6,GSM674405,train,non_smoker
GSE27272,1,6,GSM674406,train,non_smoker
GSE27272,1,6,GSM674407,train,non_smoker
GSE27272,1,6,GSM674197,test,smoker
GSE27272,1,6,GSM674203,test,non_smoker
GSE27272,1,6,GSM674221,test,non_smoker
GSE27272,1,6,GSM674222,test,smoker
GSE27272,1,6,GSM674232,test,non_smoker
GSE27272,1,6,GSM674235,test,non_smoker
GSE27272,1,6,GSM674295,test,non_smoker
GSE27272,1,6,GSM674309,test,non_smoker
GSE27272,1,6,GSM674348,test,non_smoker
GSE27272,1,6,GSM674354,test,non_smoker
GSE27272,1,6,GSM674358,test,non_smoker
GSE27272,1,6,GSM674361,test,non_smoker
GSE27272,1,6,GSM674362,test,smoker
GSE27272,1,6,GSM674363,test,non_smoker
GSE27272,1,6,GSM674364,test,non_smoker
GSE27272,1,6,GSM674377,test,smoker
GSE27272,1,6,GSM674388,test,non_smoker
GSE27272,1,6,GSM674396,test,smoker
GSE27272,1,7,GSM674181,train,non_smoker
GSE27272,1,7,GSM674184,train,non_smoker
GSE27272,1,7,GSM674185,train,non_smoker
GSE27272,1,7,GSM674187,train,non_smoker
GSE27272,1,7,GSM674189,train,smoker
GSE27272,1,7,GSM674190,train,non_smoker
GSE27272,1,7,GSM674192,train,non_smoker
GSE27272,1,7,GSM674194,train,non_smoker
GSE27272,1,7,GSM674195,train,non_smoker
GSE27272,1,7,GSM674196,train,smoker
GSE27272,1,7,GSM674197,train,smoker
GSE27272,1,7,GSM674198,train,non_smoker
GSE27272,1,7,GSM674199,train,smoker
GSE27272,1,7,GSM674200,train,non_smoker
GSE27272,1,7,GSM674201,train,non_smoker
GSE27272,1,7,GSM674202,train,non_smoker
GSE27272,1,7,GSM674203,train,non_smoker
GSE27272,1,7,GSM674204,train,non_smoker
GSE27272,1,7,GSM674205,train,non_smoker
GSE27272,1,7,GSM674206,train,non_smoker
GSE27272,1,7,GSM674207,train,smoker
GSE27272,1,7,GSM674208,train,non_smoker
GSE27272,1,7,GSM674209,train,non_smoker
GSE27272,1,7,GSM674210,train,non_smoker
GSE27272,1,7,GSM674211,train,smoker
GSE27272,1,7,GSM674212,train,non_smoker
GSE27272,1,7,GSM674213,train,smoker
GSE27272,1,7,GSM674214,train,non_smoker
GSE27272,1,7,GSM674215,train,smoker
GSE27272,1,7,GSM674216,train,smoker
GSE27272,1,7,GSM674217,train,smoker
GSE27272,1,7,GSM674218,train,non_smoker
GSE27272,1,7,GSM674219,train,non_smoker
GSE27272,1,7,GSM674220,train,non_smoker
GSE27272,1,7,GSM674221,train,non_smoker
GSE27272,1,7,GSM674222,train,smoker
GSE27272,1,7,GSM674223,train,non_smoker
GSE27272,1,7,GSM674225,train,non_smoker
GSE27272,1,7,GSM674227,train,smoker
GSE27272,1,7,GSM674228,train,smoker
GSE27272,1,7,GSM674229,train,non_smoker
GSE27272,1,7,GSM674231,train,non_smoker
GSE27272,1,7,GSM674232,train,non_smoker
GSE27272,1,7,GSM674233,train,smoker
GSE27272,1,7,GSM674234,train,non_smoker
GSE27272,1,7,GSM674235,train,non_smoker
GSE27272,1,7,GSM674236,train,non_smoker
GSE27272,1,7,GSM674237,train,non_smoker
GSE27272,1,7,GSM674238,train,smoker
GSE27272,1,7,GSM674239,train,non_smoker
GSE27272,1,7,GSM674240,train,non_smoker
GSE27272,1,7,GSM674241,train,smoker
GSE27272,1,7,GSM674242,train,non_smoker
GSE27272,1,7,GSM674243,train,non_smoker
GSE27272,1,7,GSM674244,train,non_smoker
GSE27272,1,7,GSM674245,train,non_smoker
GSE27272,1,7,GSM674282,train,non_smoker
GSE27272,1,7,GSM674283,train,smoker
GSE27272,1,7,GSM674284,train,non_smoker
GSE27272,1,7,GSM674286,train,smoker
GSE27272,1,7,GSM674287,train,non_smoker
GSE27272,1,7,GSM674288,train,non_smoker
GSE27272,1,7,GSM674289,train,non_smoker
GSE27272,1,7,GSM674290,train,non_smoker
GSE27272,1,7,GSM674291,train,non_smoker
GSE27272,1,7,GSM674292,train,non_smoker
GSE27272,1,7,GSM674293,train,smoker
GSE27272,1,7,GSM674294,train,smoker
GSE27272,1,7,GSM674295,train,non_smoker
GSE27272,1,7,GSM674296,train,smoker
GSE27272,1,7,GSM674300,train,non_smoker
GSE27272,1,7,GSM674301,train,non_smoker
GSE27272,1,7,GSM674302,train,non_smoker
GSE27272,1,7,GSM674303,train,smoker
GSE27272,1,7,GSM674304,train,non_smoker
GSE27272,1,7,GSM674305,train,non_smoker
GSE27272,1,7,GSM674306,train,non_smoker
GSE27272,1,7,GSM674307,train,smoker
GSE27272,1,7,GSM674308,train,non_smoker
GSE27272,1,7,GSM674309,train,non_smoker
GSE27272,1,7,GSM674310,train,smoker
GSE27272,1,7,GSM674311,train,smoker
GSE27272,1,7,GSM674312,train,smoker
GSE27272,1,7,GSM674313,train,non_smoker
GSE27272,1,7,GSM674314,train,non_smoker
GSE27272,1,7,GSM674315,train,non_smoker
GSE27272,1,7,GSM674316,train,non_smoker
GSE27272,1,7,GSM674317,train,smoker
GSE27272,1,7,GSM674318,train,non_smoker
GSE27272,1,7,GSM674319,train,smoker
GSE27272,1,7,GSM674321,train,smoker
GSE27272,1,7,GSM674322,train,smoker
GSE27272,1,7,GSM674323,train,non_smoker
GSE27272,1,7,GSM674324,train,non_smoker
GSE27272,1,7,GSM674327,train,non_smoker
GSE27272,1,7,GSM674328,train,non_smoker
GSE27272,1,7,GSM674329,train,smoker
GSE27272,1,7,GSM674330,train,non_smoker
GSE27272,1,7,GSM674331,train,non_smoker
GSE27272,1,7,GSM674332,train,non_smoker
GSE27272,1,7,GSM674334,train,non_smoker
GSE27272,1,7,GSM674335,train,non_smoker
GSE27272,1,7,GSM674344,train,non_smoker
GSE27272,1,7,GSM674345,train,smoker
GSE27272,1,7,GSM674346,train,non_smoker
GSE27272,1,7,GSM674347,train,non_smoker
GSE27272,1,7,GSM674348,train,non_smoker
GSE27272,1,7,GSM674349,train,non_smoker
GSE27272,1,7,GSM674350,train,non_smoker
GSE27272,1,7,GSM674351,train,smoker
GSE27272,1,7,GSM674352,train,smoker
GSE27272,1,7,GSM674354,train,non_smoker
GSE27272,1,7,GSM674355,train,non_smoker
GSE27272,1,7,GSM674356,train,non_smoker
GSE27272,1,7,GSM674357,train,non_smoker
GSE27272,1,7,GSM674358,train,non_smoker
GSE27272,1,7,GSM674359,train,smoker
GSE27272,1,7,GSM674360,train,smoker
GSE27272,1,7,GSM674361,train,non_smoker
GSE27272,1,7,GSM674362,train,smoker
GSE27272,1,7,GSM674363,train,non_smoker
GSE27272,1,7,GSM674364,train,non_smoker
GSE27272,1,7,GSM674365,train,non_smoker
GSE27272,1,7,GSM674366,train,non_smoker
GSE27272,1,7,GSM674367,train,non_smoker
GSE27272,1,7,GSM674368,train,non_smoker
GSE27272,1,7,GSM674369,train,smoker
GSE27272,1,7,GSM674370,train,non_smoker
GSE27272,1,7,GSM674371,train,non_smoker
GSE27272,1,7,GSM674372,train,smoker
GSE27272,1,7,GSM674373,train,non_smoker
GSE27272,1,7,GSM674374,train,smoker
GSE27272,1,7,GSM674375,train,non_smoker
GSE27272,1,7,GSM674376,train,smoker
GSE27272,1,7,GSM674377,train,smoker
GSE27272,1,7,GSM674378,train,smoker
GSE27272,1,7,GSM674379,train,non_smoker
GSE27272,1,7,GSM674380,train,non_smoker
GSE27272,1,7,GSM674381,train,non_smoker
GSE27272,1,7,GSM674382,train,non_smoker
GSE27272,1,7,GSM674383,train,smoker
GSE27272,1,7,GSM674384,train,non_smoker
GSE27272,1,7,GSM674385,train,non_smoker
GSE27272,1,7,GSM674386,train,smoker
GSE27272,1,7,GSM674387,train,smoker
GSE27272,1,7,GSM674388,train,non_smoker
GSE27272,1,7,GSM674389,train,non_smoker
GSE27272,1,7,GSM674390,train,non_smoker
GSE27272,1,7,GSM674391,train,non_smoker
GSE27272,1,7,GSM674392,train,smoker
GSE27272,1,7,GSM674393,train,non_smoker
GSE27272,1,7,GSM674394,train,non_smoker
GSE27272,1,7,GSM674395,train,non_smoker
GSE27272,1,7,GSM674396,train,smoker
GSE27272,1,7,GSM674397,train,non_smoker
GSE27272,1,7,GSM674398,train,non_smoker
GSE27272,1,7,GSM674399,train,smoker
GSE27272,1,7,GSM674400,train,non_smoker
GSE27272,1,7,GSM674401,train,non_smoker
GSE27272,1,7,GSM674402,train,non_smoker
GSE27272,1,7,GSM674403,train,non_smoker
GSE27272,1,7,GSM674404,train,smoker
GSE27272,1,7,GSM674405,train,non_smoker
GSE27272,1,7,GSM674406,train,non_smoker
GSE27272,1,7,GSM674407,train,non_smoker
GSE27272,1,7,GSM674182,test,smoker
GSE27272,1,7,GSM674183,test,non_smoker
GSE27272,1,7,GSM674186,test,non_smoker
GSE27272,1,7,GSM674188,test,smoker
GSE27272,1,7,GSM674191,test,non_smoker
GSE27272,1,7,GSM674193,test,non_smoker
GSE27272,1,7,GSM674224,test,smoker
GSE27272,1,7,GSM674226,test,non_smoker
GSE27272,1,7,GSM674230,test,non_smoker
GSE27272,1,7,GSM674285,test,non_smoker
GSE27272,1,7,GSM674297,test,non_smoker
GSE27272,1,7,GSM674298,test,non_smoker
GSE27272,1,7,GSM674299,test,non_smoker
GSE27272,1,7,GSM674320,test,non_smoker
GSE27272,1,7,GSM674325,test,non_smoker
GSE27272,1,7,GSM674326,test,smoker
GSE27272,1,7,GSM674333,test,smoker
GSE27272,1,7,GSM674353,test,non_smoker
GSE27272,1,8,GSM674181,train,non_smoker
GSE27272,1,8,GSM674182,train,smoker
GSE27272,1,8,GSM674183,train,non_smoker
GSE27272,1,8,GSM674186,train,non_smoker
GSE27272,1,8,GSM674187,train,non_smoker
GSE27272,1,8,GSM674188,train,smoker
GSE27272,1,8,GSM674189,train,smoker
GSE27272,1,8,GSM674190,train,non_smoker
GSE27272,1,8,GSM674191,train,non_smoker
GSE27272,1,8,GSM674192,train,non_smoker
GSE27272,1,8,GSM674193,train,non_smoker
GSE27272,1,8,GSM674194,train,non_smoker
GSE27272,1,8,GSM674195,train,non_smoker
GSE27272,1,8,GSM674196,train,smoker
GSE27272,1,8,GSM674197,train,smoker
GSE27272,1,8,GSM674198,train,non_smoker
GSE27272,1,8,GSM674199,train,smoker
GSE27272,1,8,GSM674201,train,non_smoker
GSE27272,1,8,GSM674202,train,non_smoker
GSE27272,1,8,GSM674203,train,non_smoker
GSE27272,1,8,GSM674204,train,non_smoker
GSE27272,1,8,GSM674205,train,non_smoker
GSE27272,1,8,GSM674206,train,non_smoker
GSE27272,1,8,GSM674207,train,smoker
GSE27272,1,8,GSM674209,train,non_smoker
GSE27272,1,8,GSM674210,train,non_smoker
GSE27272,1,8,GSM674211,train,smoker
GSE27272,1,8,GSM674213,train,smoker
GSE27272,1,8,GSM674215,train,smoker
GSE27272,1,8,GSM674216,train,smoker
GSE27272,1,8,GSM674217,train,smoker
GSE27272,1,8,GSM674218,train,non_smoker
GSE27272,1,8,GSM674219,train,non_smoker
GSE27272,1,8,GSM674221,train,non_smoker
GSE27272,1,8,GSM674222,train,smoker
GSE27272,1,8,GSM674223,train,non_smoker
GSE27272,1,8,GSM674224,train,smoker
GSE27272,1,8,GSM674225,train,non_smoker
GSE27272,1,8,GSM674226,train,non_smoker
GSE27272,1,8,GSM674227,train,smoker
GSE27272,1,8,GSM674228,train,smoker
GSE27272,1,8,GSM674229,train,non_smoker
GSE27272,1,8,GSM674230,train,non_smoker
GSE27272,1,8,GSM674231,train,non_smoker
GSE27272,1,8,GSM674232,train,non_smoker
GSE27272,1,8,GSM674233,train,smoker
GSE27272,1,8,GSM674234,train,non_smoker
GSE27272,1,8,GSM674235,train,non_smoker
GSE27272,1,8,GSM674236,train,non_smoker
GSE27272,1,8,GSM674238,train,smoker
GSE27272,1,8,GSM674239,train,non_smoker
GSE27272,1,8,GSM674240,train,non_smoker
GSE27272,1,8,GSM674241,train,smoker
GSE27272,1,8,GSM674242,train,non_smoker
GSE27272,1,8,GSM674243,train,non_smoker
GSE27272,1,8,GSM674244,train,non_smoker
GSE27272,1,8,GSM674245,train,non_smoker
GSE27272,1,8,GSM674282,train,non_smoker
GSE27272,1,8,GSM674283,train,smoker
GSE27272,1,8,GSM674284,train,non_smoker
GSE27272,1,8,GSM674285,train,non_smoker
GSE27272,1,8,GSM674286,train,smoker
GSE27272,1,8,GSM674287,train,non_smoker
GSE27272,1,8,GSM674288,train,non_smoker
GSE27272,1,8,GSM674289,train,non_smoker
GSE27272,1,8,GSM674290,train,non_smoker
GSE27272,1,8,GSM674291,train,non_smoker
GSE27272,1,8,GSM674292,train,non_smoker
GSE27272,1,8,GSM674293,train,smoker
GSE27272,1,8,GSM674294,train,smoker
GSE27272,1,8,GSM674295,train,non_smoker
GSE27272,1,8,GSM674296,train,smoker
GSE27272,1,8,GSM674297,train,non_smoker
GSE27272,1,8,GSM674298,train,non_smoker
GSE27272,1,8,GSM674299,train,non_smoker
GSE27272,1,8,GSM674300,train,non_smoker
GSE27272,1,8,GSM674301,train,non_smoker
GSE27272,1,8,GSM674302,train,non_smoker
GSE27272,1,8,GSM674303,train,smoker
GSE27272,1,8,GSM674304,train,non_smoker
GSE27272,1,8,GSM674305,train,non_smoker
GSE27272,1,8,GSM674306,train,non_smoker
GSE27272,1,8,GSM674308,train,non_smoker
GSE27272,1,8,GSM674309,train,non_smoker
GSE27272,1,8,GSM674310,train,smoker
GSE27272,1,8,GSM674311,train,smoker
GSE27272,1,8,GSM674312,train,smoker
GSE27272,1,8,GSM674313,train,non_smoker
GSE27272,1,8,GSM674314,train,non_smoker
GSE27272,1,8,GSM674315,train,non_smoker
GSE27272,1,8,GSM674316,train,non_smoker
GSE27272,1,8,GSM674318,train,non_smoker
GSE27272,1,8,GSM674319,train,smoker
GSE27272,1,8,GSM674320,train,non_smoker
GSE27272,1,8,GSM674322,train,smoker
GSE27272,1,8,GSM674323,train,non_smoker
GSE27272,1,8,GSM674324,train,non_smoker
GSE27272,1,8,GSM674325,train,non_smoker
GSE27272,1,8,GSM674326,train,smoker
GSE27272,1,8,GSM674327,train,non_smoker
GSE27272,1,8,GSM674328,train,non_smoker
GSE27272,1,8,GSM674329,train,smoker
GSE27272,1,8,GSM674330,train,non_smoker
GSE27272,1,8,GSM674331,train,non_smoker
GSE27272,1,8,GSM674332,train,non_smoker
GSE27272,1,8,GSM674333,train,smoker
GSE27272,1,8,GSM674334,train,non_smoker
GSE27272,1,8,GSM674335,train,non_smoker
GSE27272,1,8,GSM674344,train,non_smoker
GSE27272,1,8,GSM674345,train,smoker
GSE27272,1,8,GSM674346,train,non_smoker
GSE27272,1,8,GSM674347,train,non_smoker
GSE27272,1,8,GSM674348,train,non_smoker
GSE27272,1,8,GSM674349,train,non_smoker
GSE27272,1,8,GSM674350,train,non_smoker
GSE27272,1,8,GSM674352,train,smoker
GSE27272,1,8,GSM674353,train,non_smoker
GSE27272,1,8,GSM674354,train,non_smoker
GSE27272,1,8,GSM674355,train,non_smoker
GSE27272,1,8,GSM674356,train,non_smoker
GSE27272,1,8,GSM674357,train,non_smoker
GSE27272,1,8,GSM674358,train,non_smoker
GSE27272,1,8,GSM674359,train,smoker
GSE27272,1,8,GSM674361,train,non_smoker
GSE27272,1,8,GSM674362,train,smoker
GSE27272,1,8,GSM674363,train,non_smoker
GSE27272,1,8,GSM674364,train,non_smoker
GSE27272,1,8,GSM674366,train,non_smoker
GSE27272,1,8,GSM674367,train,non_smoker
GSE27272,1,8,GSM674368,train,non_smoker
GSE27272,1,8,GSM674369,train,smoker
GSE27272,1,8,GSM674370,train,non_smoker
GSE27272,1,8,GSM674371,train,non_smoker
GSE27272,1,8,GSM674372,train,smoker
GSE27272,1,8,GSM674373,train,non_smoker
GSE27272,1,8,GSM674374,train,smoker
GSE27272,1,8,GSM674375,train,non_smoker
GSE27272,1,8,GSM674376,train,smoker
GSE27272,1,8,GSM674377,train,smoker
GSE27272,1,8,GSM674378,train,smoker
GSE27272,1,8,GSM674379,train,non_smoker
GSE27272,1,8,GSM674380,train,non_smoker
GSE27272,1,8,GSM674381,train,non_smoker
GSE27272,1,8,GSM674382,train,non_smoker
GSE27272,1,8,GSM674383,train,smoker
GSE27272,1,8,GSM674385,train,non_smoker
GSE27272,1,8,GSM674386,train,smoker
GSE27272,1,8,GSM674387,train,smoker
GSE27272,1,8,GSM674388,train,non_smoker
GSE27272,1,8,GSM674389,train,non_smoker
GSE27272,1,8,GSM674390,train,non_smoker
GSE27272,1,8,GSM674391,train,non_smoker
GSE27272,1,8,GSM674392,train,smoker
GSE27272,1,8,GSM674393,train,non_smoker
GSE27272,1,8,GSM674394,train,non_smoker
GSE27272,1,8,GSM674395,train,non_smoker
GSE27272,1,8,GSM674396,train,smoker
GSE27272,1,8,GSM674397,train,non_smoker
GSE27272,1,8,GSM674399,train,smoker
GSE27272,1,8,GSM674402,train,non_smoker
GSE27272,1,8,GSM674403,train,non_smoker
GSE27272,1,8,GSM674404,train,smoker
GSE27272,1,8,GSM674405,train,non_smoker
GSE27272,1,8,GSM674406,train,non_smoker
GSE27272,1,8,GSM674407,train,non_smoker
GSE27272,1,8,GSM674184,test,non_smoker
GSE27272,1,8,GSM674185,test,non_smoker
GSE27272,1,8,GSM674200,test,non_smoker
GSE27272,1,8,GSM674208,test,non_smoker
GSE27272,1,8,GSM674212,test,non_smoker
GSE27272,1,8,GSM674214,test,non_smoker
GSE27272,1,8,GSM674220,test,non_smoker
GSE27272,1,8,GSM674237,test,non_smoker
GSE27272,1,8,GSM674307,test,smoker
GSE27272,1,8,GSM674317,test,smoker
GSE27272,1,8,GSM674321,test,smoker
GSE27272,1,8,GSM674351,test,smoker
GSE27272,1,8,GSM674360,test,smoker
GSE27272,1,8,GSM674365,test,non_smoker
GSE27272,1,8,GSM674384,test,non_smoker
GSE27272,1,8,GSM674398,test,non_smoker
GSE27272,1,8,GSM674400,test,non_smoker
GSE27272,1,8,GSM674401,test,non_smoker
GSE27272,1,9,GSM674181,train,non_smoker
GSE27272,1,9,GSM674182,train,smoker
GSE27272,1,9,GSM674183,train,non_smoker
GSE27272,1,9,GSM674184,train,non_smoker
GSE27272,1,9,GSM674185,train,non_smoker
GSE27272,1,9,GSM674186,train,non_smoker
GSE27272,1,9,GSM674188,train,smoker
GSE27272,1,9,GSM674189,train,smoker
GSE27272,1,9,GSM674190,train,non_smoker
GSE27272,1,9,GSM674191,train,non_smoker
GSE27272,1,9,GSM674192,train,non_smoker
GSE27272,1,9,GSM674193,train,non_smoker
GSE27272,1,9,GSM674194,train,non_smoker
GSE27272,1,9,GSM674195,train,non_smoker
GSE27272,1,9,GSM674197,train,smoker
GSE27272,1,9,GSM674198,train,non_smoker
GSE27272,1,9,GSM674199,train,smoker
GSE27272,1,9,GSM674200,train,non_smoker
GSE27272,1,9,GSM674201,train,non_smoker
GSE27272,1,9,GSM674202,train,non_smoker
GSE27272,1,9,GSM674203,train,non_smoker
GSE27272,1,9,GSM674204,train,non_smoker
GSE27272,1,9,GSM674205,train,non_smoker
GSE27272,1,9,GSM674206,train,non_smoker
GSE27272,1,9,GSM674207,train,smoker
GSE27272,1,9,GSM674208,train,non_smoker
GSE27272,1,9,GSM674209,train,non_smoker
GSE27272,1,9,GSM674210,train,non_smoker
GSE27272,1,9,GSM674211,train,smoker
GSE27272,1,9,GSM674212,train,non_smoker
GSE27272,1,9,GSM674213,train,smoker
GSE27272,1,9,GSM674214,train,non_smoker
GSE27272,1,9,GSM674217,train,smoker
GSE27272,1,9,GSM674218,train,non_smoker
GSE27272,1,9,GSM674219,train,non_smoker
GSE27272,1,9,GSM674220,train,non_smoker
GSE27272,1,9,GSM674221,train,non_smoker
GSE27272,1,9,GSM674222,train,smoker
GSE27272,1,9,GSM674224,train,smoker
GSE27272,1,9,GSM674225,train,non_smoker
GSE27272,1,9,GSM674226,train,non_smoker
GSE27272,1,9,GSM674227,train,smoker
GSE27272,1,9,GSM674228,train,smoker
GSE27272,1,9,GSM674229,train,non_smoker
GSE27272,1,9,GSM674230,train,non_smoker
GSE27272,1,9,GSM674231,train,non_smoker
GSE27272,1,9,GSM674232,train,non_smoker
GSE27272,1,9,GSM674233,train,smoker
GSE27272,1,9,GSM674234,train,non_smoker
GSE27272,1,9,GSM674235,train,non_smoker
GSE27272,1,9,GSM674236,train,non_smoker
GSE27272,1,9,GSM674237,train,non_smoker
GSE27272,1,9,GSM674238,train,smoker
GSE27272,1,9,GSM674239,train,non_smoker
GSE27272,1,9,GSM674240,train,non_smoker
GSE27272,1,9,GSM674241,train,smoker
GSE27272,1,9,GSM674242,train,non_smoker
GSE27272,1,9,GSM674243,train,non_smoker
GSE27272,1,9,GSM674244,train,non_smoker
GSE27272,1,9,GSM674245,train,non_smoker
GSE27272,1,9,GSM674282,train,non_smoker
GSE27272,1,9,GSM674283,train,smoker
GSE27272,1,9,GSM674285,train,non_smoker
GSE27272,1,9,GSM674286,train,smoker
GSE27272,1,9,GSM674287,train,non_smoker
GSE27272,1,9,GSM674288,train,non_smoker
GSE27272,1,9,GSM674289,train,non_smoker
GSE27272,1,9,GSM674290,train,non_smoker
GSE27272,1,9,GSM674291,train,non_smoker
GSE27272,1,9,GSM674292,train,non_smoker
GSE27272,1,9,GSM674293,train,smoker
GSE27272,1,9,GSM674294,train,smoker
GSE27272,1,9,GSM674295,train,non_smoker
GSE27272,1,9,GSM674296,train,smoker
GSE27272,1,9,GSM674297,train,non_smoker
GSE27272,1,9,GSM674298,train,non_smoker
GSE27272,1,9,GSM674299,train,non_smoker
GSE27272,1,9,GSM674300,train,non_smoker
GSE27272,1,9,GSM674302,train,non_smoker
GSE27272,1,9,GSM674303,train,smoker
GSE27272,1,9,GSM674305,train,non_smoker
GSE27272,1,9,GSM674306,train,non_smoker
GSE27272,1,9,GSM674307,train,smoker
GSE27272,1,9,GSM674308,train,non_smoker
GSE27272,1,9,GSM674309,train,non_smoker
GSE27272,1,9,GSM674310,train,smoker
GSE27272,1,9,GSM674311,train,smoker
GSE27272,1,9,GSM674312,train,smoker
GSE27272,1,9,GSM674314,train,non_smoker
GSE27272,1,9,GSM674315,train,non_smoker
GSE27272,1,9,GSM674316,train,non_smoker
GSE27272,1,9,GSM674317,train,smoker
GSE27272,1,9,GSM674318,train,non_smoker
GSE27272,1,9,GSM674319,train,smoker
GSE27272,1,9,GSM674320,train,non_smoker
GSE27272,1,9,GSM674321,train,smoker
GSE27272,1,9,GSM674322,train,smoker
GSE27272,1,9,GSM674323,train,non_smoker
GSE27272,1,9,GSM674325,train,non_smoker
GSE27272,1,9,GSM674326,train,smoker
GSE27272,1,9,GSM674327,train,non_smoker
GSE27272,1,9,GSM674328,train,non_smoker
GSE27272,1,9,GSM674329,train,smoker
GSE27272,1,9,GSM674330,train,non_smoker
GSE27272,1,9,GSM674331,train,non_smoker
GSE27272,1,9,GSM674333,train,smoker
GSE27272,1,9,GSM674334,train,non_smoker
GSE27272,1,9,GSM674335,train,non_smoker
GSE27272,1,9,GSM674344,train,non_smoker
GSE27272,1,9,GSM674346,train,non_smoker
GSE27272,1,9,GSM674347,train,non_smoker
GSE27272,1,9,GSM674348,train,non_smoker
GSE27272,1,9,GSM674349,train,non_smoker
GSE27272,1,9,GSM674350,train,non_smoker
GSE27272,1,9,GSM674351,train,smoker
GSE27272,1,9,GSM674352,train,smoker
GSE27272,1,9,GSM674353,train,non_smoker
GSE27272,1,9,GSM674354,train,non_smoker
GSE27272,1,9,GSM674355,train,non_smoker
GSE27272,1,9,GSM674356,train,non_smoker
GSE27272,1,9,GSM674357,train,non_smoker
GSE27272,1,9,GSM674358,train,non_smoker
GSE27272,1,9,GSM674359,train,smoker
GSE27272,1,9,GSM674360,train,smoker
GSE27272,1,9,GSM674361,train,non_smoker
GSE27272,1,9,GSM674362,train,smoker
GSE27272,1,9,GSM674363,train,non_smoker
GSE27272,1,9,GSM674364,train,non_smoker
GSE27272,1,9,GSM674365,train,non_smoker
GSE27272,1,9,GSM674366,train,non_smoker
GSE27272,1,9,GSM674368,train,non_smoker
GSE27272,1,9,GSM674369,train,smoker
GSE27272,1,9,GSM674370,train,non_smoker
GSE27272,1,9,GSM674372,train,smoker
GSE27272,1,9,GSM674373,train,non_smoker
GSE27272,1,9,GSM674374,train,smoker
GSE27272,1,9,GSM674375,train,non_smoker
GSE27272,1,9,GSM674376,train,smoker
GSE27272,1,9,GSM674377,train,smoker
GSE27272,1,9,GSM674378,train,smoker
GSE27272,1,9,GSM674379,train,non_smoker
GSE27272,1,9,GSM674380,train,non_smoker
GSE27272,1,9,GSM674381,train,non_smoker
GSE27272,1,9,GSM674382,train,non_smoker
GSE27272,1,9,GSM674383,train,smoker
GSE27272,1,9,GSM674384,train,non_smoker
GSE27272,1,9,GSM674385,train,non_smoker
GSE27272,1,9,GSM674386,train,smoker
GSE27272,1,9,GSM674387,train,smoker
GSE27272,1,9,GSM674388,train,non_smoker
GSE27272,1,9,GSM674389,train,non_smoker
GSE27272,1,9,GSM674390,train,non_smoker
GSE27272,1,9,GSM674393,train,non_smoker
GSE27272,1,9,GSM674395,train,non_smoker
GSE27272,1,9,GSM674396,train,smoker
GSE27272,1,9,GSM674397,train,non_smoker
GSE27272,1,9,GSM674398,train,non_smoker
GSE27272,1,9,GSM674399,train,smoker
GSE27272,1,9,GSM674400,train,non_smoker
GSE27272,1,9,GSM674401,train,non_smoker
GSE27272,1,9,GSM674402,train,non_smoker
GSE27272,1,9,GSM674403,train,non_smoker
GSE27272,1,9,GSM674404,train,smoker
GSE27272,1,9,GSM674405,train,non_smoker
GSE27272,1,9,GSM674406,train,non_smoker
GSE27272,1,9,GSM674407,train,non_smoker
GSE27272,1,9,GSM674187,test,non_smoker
GSE27272,1,9,GSM674196,test,smoker
GSE27272,1,9,GSM674215,test,smoker
GSE27272,1,9,GSM674216,test,smoker
GSE27272,1,9,GSM674223,test,non_smoker
GSE27272,1,9,GSM674284,test,non_smoker
GSE27272,1,9,GSM674301,test,non_smoker
GSE27272,1,9,GSM674304,test,non_smoker
GSE27272,1,9,GSM674313,test,non_smoker
GSE27272,1,9,GSM674324,test,non_smoker
GSE27272,1,9,GSM674332,test,non_smoker
GSE27272,1,9,GSM674345,test,smoker
GSE27272,1,9,GSM674367,test,non_smoker
GSE27272,1,9,GSM674371,test,non_smoker
GSE27272,1,9,GSM674391,test,non_smoker
GSE27272,1,9,GSM674392,test,smoker
GSE27272,1,9,GSM674394,test,non_smoker
GSE27272,1,10,GSM674181,train,non_smoker
GSE27272,1,10,GSM674182,train,smoker
GSE27272,1,10,GSM674183,train,non_smoker
GSE27272,1,10,GSM674184,train,non_smoker
GSE27272,1,10,GSM674185,train,non_smoker
GSE27272,1,10,GSM674186,train,non_smoker
GSE27272,1,10,GSM674187,train,non_smoker
GSE27272,1,10,GSM674188,train,smoker
GSE27272,1,10,GSM674189,train,smoker
GSE27272,1,10,GSM674190,train,non_smoker
GSE27272,1,10,GSM674191,train,non_smoker
GSE27272,1,10,GSM674192,train,non_smoker
GSE27272,1,10,GSM674193,train,non_smoker
GSE27272,1,10,GSM674194,train,non_smoker
GSE27272,1,10,GSM674195,train,non_smoker
GSE27272,1,10,GSM674196,train,smoker
GSE27272,1,10,GSM674197,train,smoker
GSE27272,1,10,GSM674198,train,non_smoker
GSE27272,1,10,GSM674199,train,smoker
GSE27272,1,10,GSM674200,train,non_smoker
GSE27272,1,10,GSM674201,train,non_smoker
GSE27272,1,10,GSM674202,train,non_smoker
GSE27272,1,10,GSM674203,train,non_smoker
GSE27272,1,10,GSM674205,train,non_smoker
GSE27272,1,10,GSM674206,train,non_smoker
GSE27272,1,10,GSM674207,train,smoker
GSE27272,1,10,GSM674208,train,non_smoker
GSE27272,1,10,GSM674209,train,non_smoker
GSE27272,1,10,GSM674210,train,non_smoker
GSE27272,1,10,GSM674211,train,smoker
GSE27272,1,10,GSM674212,train,non_smoker
GSE27272,1,10,GSM674213,train,smoker
GSE27272,1,10,GSM674214,train,non_smoker
GSE27272,1,10,GSM674215,train,smoker
GSE27272,1,10,GSM674216,train,smoker
GSE27272,1,10,GSM674217,train,smoker
GSE27272,1,10,GSM674218,train,non_smoker
GSE27272,1,10,GSM674219,train,non_smoker
GSE27272,1,10,GSM674220,train,non_smoker
GSE27272,1,10,GSM674221,train,non_smoker
GSE27272,1,10,GSM674222,train,smoker
GSE27272,1,10,GSM674223,train,non_smoker
GSE27272,1,10,GSM674224,train,smoker
GSE27272,1,10,GSM674225,train,non_smoker
GSE27272,1,10,GSM674226,train,non_smoker
GSE27272,1,10,GSM674227,train,smoker
GSE27272,1,10,GSM674228,train,smoker
GSE27272,1,10,GSM674229,train,non_smoker
GSE27272,1,10,GSM674230,train,non_smoker
GSE27272,1,10,GSM674231,train,non_smoker
GSE27272,1,10,GSM674232,train,non_smoker
GSE27272,1,10,GSM674234,train,non_smoker
GSE27272,1,10,GSM674235,train,non_smoker
GSE27272,1,10,GSM674236,train,non_smoker
GSE27272,1,10,GSM674237,train,non_smoker
GSE27272,1,10,GSM674238,train,smoker
GSE27272,1,10,GSM674239,train,non_smoker
GSE27272,1,10,GSM674240,train,non_smoker
GSE27272,1,10,GSM674241,train,smoker
GSE27272,1,10,GSM674242,train,non_smoker
GSE27272,1,10,GSM674243,train,non_smoker
GSE27272,1,10,GSM674245,train,non_smoker
GSE27272,1,10,GSM674282,train,non_smoker
GSE27272,1,10,GSM674283,train,smoker
GSE27272,1,10,GSM674284,train,non_smoker
GSE27272,1,10,GSM674285,train,non_smoker
GSE27272,1,10,GSM674286,train,smoker
GSE27272,1,10,GSM674287,train,non_smoker
GSE27272,1,10,GSM674288,train,non_smoker
GSE27272,1,10,GSM674289,train,non_smoker
GSE27272,1,10,GSM674290,train,non_smoker
GSE27272,1,10,GSM674291,train,non_smoker
GSE27272,1,10,GSM674292,train,non_smoker
GSE27272,1,10,GSM674293,train,smoker
GSE27272,1,10,GSM674294,train,smoker
GSE27272,1,10,GSM674295,train,non_smoker
GSE27272,1,10,GSM674296,train,smoker
GSE27272,1,10,GSM674297,train,non_smoker
GSE27272,1,10,GSM674298,train,non_smoker
GSE27272,1,10,GSM674299,train,non_smoker
GSE27272,1,10,GSM674300,train,non_smoker
GSE27272,1,10,GSM674301,train,non_smoker
GSE27272,1,10,GSM674302,train,non_smoker
GSE27272,1,10,GSM674303,train,smoker
GSE27272,1,10,GSM674304,train,non_smoker
GSE27272,1,10,GSM674305,train,non_smoker
GSE27272,1,10,GSM674306,train,non_smoker
GSE27272,1,10,GSM674307,train,smoker
GSE27272,1,10,GSM674309,train,non_smoker
GSE27272,1,10,GSM674310,train,smoker
GSE27272,1,10,GSM674313,train,non_smoker
GSE27272,1,10,GSM674314,train,non_smoker
GSE27272,1,10,GSM674316,train,non_smoker
GSE27272,1,10,GSM674317,train,smoker
GSE27272,1,10,GSM674319,train,smoker
GSE27272,1,10,GSM674320,train,non_smoker
GSE27272,1,10,GSM674321,train,smoker
GSE27272,1,10,GSM674322,train,smoker
GSE27272,1,10,GSM674323,train,non_smoker
GSE27272,1,10,GSM674324,train,non_smoker
GSE27272,1,10,GSM674325,train,non_smoker
GSE27272,1,10,GSM674326,train,smoker
GSE27272,1,10,GSM674329,train,smoker
GSE27272,1,10,GSM674330,train,non_smoker
GSE27272,1,10,GSM674331,train,non_smoker
GSE27272,1,10,GSM674332,train,non_smoker
GSE27272,1,10,GSM674333,train,smoker
GSE27272,1,10,GSM674334,train,non_smoker
GSE27272,1,10,GSM674335,train,non_smoker
GSE27272,1,10,GSM674344,train,non_smoker
GSE27272,1,10,GSM674345,train,smoker
GSE27272,1,10,GSM674346,train,non_smoker
GSE27272,1,10,GSM674348,train,non_smoker
GSE27272,1,10,GSM674350,train,non_smoker
GSE27272,1,10,GSM674351,train,smoker
GSE27272,1,10,GSM674352,train,smoker
GSE27272,1,10,GSM674353,train,non_smoker
GSE27272,1,10,GSM674354,train,non_smoker
GSE27272,1,10,GSM674355,train,non_smoker
GSE27272,1,10,GSM674356,train,non_smoker
GSE27272,1,10,GSM674357,train,non_smoker
GSE27272,1,10,GSM674358,train,non_smoker
GSE27272,1,10,GSM674359,train,smoker
GSE27272,1,10,GSM674360,train,smoker
GSE27272,1,10,GSM674361,train,non_smoker
GSE27272,1,10,GSM674362,train,smoker
GSE27272,1,10,GSM674363,train,non_smoker
GSE27272,1,10,GSM674364,train,non_smoker
GSE27272,1,10,GSM674365,train,non_smoker
GSE27272,1,10,GSM674367,train,non_smoker
GSE27272,1,10,GSM674368,train,non_smoker
GSE27272,1,10,GSM674369,train,smoker
GSE27272,1,10,GSM674370,train,non_smoker
GSE27272,1,10,GSM674371,train,non_smoker
GSE27272,1,10,GSM674372,train,smoker
GSE27272,1,10,GSM674373,train,non_smoker
GSE27272,1,10,GSM674374,train,smoker
GSE27272,1,10,GSM674375,train,non_smoker
GSE27272,1,10,GSM674377,train,smoker
GSE27272,1,10,GSM674378,train,smoker
GSE27272,1,10,GSM674379,train,non_smoker
GSE27272,1,10,GSM674380,train,non_smoker
GSE27272,1,10,GSM674381,train,non_smoker
GSE27272,1,10,GSM674382,train,non_smoker
GSE27272,1,10,GSM674383,train,smoker
GSE27272,1,10,GSM674384,train,non_smoker
GSE27272,1,10,GSM674385,train,non_smoker
GSE27272,1,10,GSM674386,train,smoker
GSE27272,1,10,GSM674388,train,non_smoker
GSE27272,1,10,GSM674389,train,non_smoker
GSE27272,1,10,GSM674390,train,non_smoker
GSE27272,1,10,GSM674391,train,non_smoker
GSE27272,1,10,GSM674392,train,smoker
GSE27272,1,10,GSM674393,train,non_smoker
GSE27272,1,10,GSM674394,train,non_smoker
GSE27272,1,10,GSM674395,train,non_smoker
GSE27272,1,10,GSM674396,train,smoker
GSE27272,1,10,GSM674397,train,non_smoker
GSE27272,1,10,GSM674398,train,non_smoker
GSE27272,1,10,GSM674399,train,smoker
GSE27272,1,10,GSM674400,train,non_smoker
GSE27272,1,10,GSM674401,train,non_smoker
GSE27272,1,10,GSM674403,train,non_smoker
GSE27272,1,10,GSM674404,train,smoker
GSE27272,1,10,GSM674405,train,non_smoker
GSE27272,1,10,GSM674406,train,non_smoker
GSE27272,1,10,GSM674204,test,non_smoker
GSE27272,1,10,GSM674233,test,smoker
GSE27272,1,10,GSM674244,test,non_smoker
GSE27272,1,10,GSM674308,test,non_smoker
GSE27272,1,10,GSM674311,test,smoker
GSE27272,1,10,GSM674312,test,smoker
GSE27272,1,10,GSM674315,test,non_smoker
GSE27272,1,10,GSM674318,test,non_smoker
GSE27272,1,10,GSM674327,test,non_smoker
GSE27272,1,10,GSM674328,test,non_smoker
GSE27272,1,10,GSM674347,test,non_smoker
GSE27272,1,10,GSM674349,test,non_smoker
GSE27272,1,10,GSM674366,test,non_smoker
GSE27272,1,10,GSM674376,test,smoker
GSE27272,1,10,GSM674387,test,smoker
GSE27272,1,10,GSM674402,test,non_smoker
GSE27272,1,10,GSM674407,test,non_smoker
GSE27272,2,1,GSM674181,train,non_smoker
GSE27272,2,1,GSM674183,train,non_smoker
GSE27272,2,1,GSM674184,train,non_smoker
GSE27272,2,1,GSM674185,train,non_smoker
GSE27272,2,1,GSM674187,train,non_smoker
GSE27272,2,1,GSM674188,train,smoker
GSE27272,2,1,GSM674189,train,smoker
GSE27272,2,1,GSM674190,train,non_smoker
GSE27272,2,1,GSM674191,train,non_smoker
GSE27272,2,1,GSM674192,train,non_smoker
GSE27272,2,1,GSM674193,train,non_smoker
GSE27272,2,1,GSM674194,train,non_smoker
GSE27272,2,1,GSM674195,train,non_smoker
GSE27272,2,1,GSM674197,train,smoker
GSE27272,2,1,GSM674198,train,non_smoker
GSE27272,2,1,GSM674199,train,smoker
GSE27272,2,1,GSM674200,train,non_smoker
GSE27272,2,1,GSM674201,train,non_smoker
GSE27272,2,1,GSM674202,train,non_smoker
GSE27272,2,1,GSM674203,train,non_smoker
GSE27272,2,1,GSM674204,train,non_smoker
GSE27272,2,1,GSM674205,train,non_smoker
GSE27272,2,1,GSM674206,train,non_smoker
GSE27272,2,1,GSM674207,train,smoker
GSE27272,2,1,GSM674208,train,non_smoker
GSE27272,2,1,GSM674209,train,non_smoker
GSE27272,2,1,GSM674210,train,non_smoker
GSE27272,2,1,GSM674211,train,smoker
GSE27272,2,1,GSM674212,train,non_smoker
GSE27272,2,1,GSM674213,train,smoker
GSE27272,2,1,GSM674214,train,non_smoker
GSE27272,2,1,GSM674215,train,smoker
GSE27272,2,1,GSM674216,train,smoker
GSE27272,2,1,GSM674217,train,smoker
GSE27272,2,1,GSM674218,train,non_smoker
GSE27272,2,1,GSM674219,train,non_smoker
GSE27272,2,1,GSM674221,train,non_smoker
GSE27272,2,1,GSM674222,train,smoker
GSE27272,2,1,GSM674223,train,non_smoker
GSE27272,2,1,GSM674224,train,smoker
GSE27272,2,1,GSM674227,train,smoker
GSE27272,2,1,GSM674228,train,smoker
GSE27272,2,1,GSM674229,train,non_smoker
GSE27272,2,1,GSM674230,train,non_smoker
GSE27272,2,1,GSM674232,train,non_smoker
GSE27272,2,1,GSM674233,train,smoker
GSE27272,2,1,GSM674234,train,non_smoker
GSE27272,2,1,GSM674235,train,non_smoker
GSE27272,2,1,GSM674236,train,non_smoker
GSE27272,2,1,GSM674237,train,non_smoker
GSE27272,2,1,GSM674238,train,smoker
GSE27272,2,1,GSM674239,train,non_smoker
GSE27272,2,1,GSM674241,train,smoker
GSE27272,2,1,GSM674242,train,non_smoker
GSE27272,2,1,GSM674243,train,non_smoker
GSE27272,2,1,GSM674244,train,non_smoker
GSE27272,2,1,GSM674245,train,non_smoker
GSE27272,2,1,GSM674282,train,non_smoker
GSE27272,2,1,GSM674283,train,smoker
GSE27272,2,1,GSM674285,train,non_smoker
GSE27272,2,1,GSM674286,train,smoker
GSE27272,2,1,GSM674287,train,non_smoker
GSE27272,2,1,GSM674288,train,non_smoker
GSE27272,2,1,GSM674289,train,non_smoker
GSE27272,2,1,GSM674290,train,non_smoker
GSE27272,2,1,GSM674291,train,non_smoker
GSE27272,2,1,GSM674292,train,non_smoker
GSE27272,2,1,GSM674293,train,smoker
GSE27272,2,1,GSM674294,train,smoker
GSE27272,2,1,GSM674295,train,non_smoker
GSE27272,2,1,GSM674296,train,smoker
GSE27272,2,1,GSM674297,train,non_smoker
GSE27272,2,1,GSM674298,train,non_smoker
GSE27272,2,1,GSM674299,train,non_smoker
GSE27272,2,1,GSM674300,train,non_smoker
GSE27272,2,1,GSM674301,train,non_smoker
GSE27272,2,1,GSM674302,train,non_smoker
GSE27272,2,1,GSM674303,train,smoker
GSE27272,2,1,GSM674304,train,non_smoker
GSE27272,2,1,GSM674305,train,non_smoker
GSE27272,2,1,GSM674306,train,non_smoker
GSE27272,2,1,GSM674307,train,smoker
GSE27272,2,1,GSM674308,train,non_smoker
GSE27272,2,1,GSM674309,train,non_smoker
GSE27272,2,1,GSM674310,train,smoker
GSE27272,2,1,GSM674311,train,smoker
GSE27272,2,1,GSM674312,train,smoker
GSE27272,2,1,GSM674313,train,non_smoker
GSE27272,2,1,GSM674314,train,non_smoker
GSE27272,2,1,GSM674315,train,non_smoker
GSE27272,2,1,GSM674316,train,non_smoker
GSE27272,2,1,GSM674317,train,smoker
GSE27272,2,1,GSM674318,train,non_smoker
GSE27272,2,1,GSM674319,train,smoker
GSE27272,2,1,GSM674320,train,non_smoker
GSE27272,2,1,GSM674321,train,smoker
GSE27272,2,1,GSM674322,train,smoker
GSE27272,2,1,GSM674323,train,non_smoker
GSE27272,2,1,GSM674324,train,non_smoker
GSE27272,2,1,GSM674325,train,non_smoker
GSE27272,2,1,GSM674326,train,smoker
GSE27272,2,1,GSM674327,train,non_smoker
GSE27272,2,1,GSM674328,train,non_smoker
GSE27272,2,1,GSM674329,train,smoker
GSE27272,2,1,GSM674330,train,non_smoker
GSE27272,2,1,GSM674331,train,non_smoker
GSE27272,2,1,GSM674332,train,non_smoker
GSE27272,2,1,GSM674333,train,smoker
GSE27272,2,1,GSM674334,train,non_smoker
GSE27272,2,1,GSM674335,train,non_smoker
GSE27272,2,1,GSM674344,train,non_smoker
GSE27272,2,1,GSM674345,train,smoker
GSE27272,2,1,GSM674346,train,non_smoker
GSE27272,2,1,GSM674347,train,non_smoker
GSE27272,2,1,GSM674348,train,non_smoker
GSE27272,2,1,GSM674349,train,non_smoker
GSE27272,2,1,GSM674350,train,non_smoker
GSE27272,2,1,GSM674351,train,smoker
GSE27272,2,1,GSM674352,train,smoker
GSE27272,2,1,GSM674353,train,non_smoker
GSE27272,2,1,GSM674354,train,non_smoker
GSE27272,2,1,GSM674355,train,non_smoker
GSE27272,2,1,GSM674356,train,non_smoker
GSE27272,2,1,GSM674357,train,non_smoker
GSE27272,2,1,GSM674358,train,non_smoker
GSE27272,2,1,GSM674359,train,smoker
GSE27272,2,1,GSM674360,train,smoker
GSE27272,2,1,GSM674363,train,non_smoker
GSE27272,2,1,GSM674364,train,non_smoker
GSE27272,2,1,GSM674366,train,non_smoker
GSE27272,2,1,GSM674367,train,non_smoker
GSE27272,2,1,GSM674368,train,non_smoker
GSE27272,2,1,GSM674372,train,smoker
GSE27272,2,1,GSM674373,train,non_smoker
GSE27272,2,1,GSM674374,train,smoker
GSE27272,2,1,GSM674375,train,non_smoker
GSE27272,2,1,GSM674376,train,smoker
GSE27272,2,1,GSM674377,train,smoker
GSE27272,2,1,GSM674378,train,smoker
GSE27272,2,1,GSM674379,train,non_smoker
GSE27272,2,1,GSM674381,train,non_smoker
GSE27272,2,1,GSM674382,train,non_smoker
GSE27272,2,1,GSM674383,train,smoker
GSE27272,2,1,GSM674384,train,non_smoker
GSE27272,2,1,GSM674385,train,non_smoker
GSE27272,2,1,GSM674387,train,smoker
GSE27272,2,1,GSM674388,train,non_smoker
GSE27272,2,1,GSM674389,train,non_smoker
GSE27272,2,1,GSM674390,train,non_smoker
GSE27272,2,1,GSM674391,train,non_smoker
GSE27272,2,1,GSM674392,train,smoker
GSE27272,2,1,GSM674393,train,non_smoker
GSE27272,2,1,GSM674394,train,non_smoker
GSE27272,2,1,GSM674395,train,non_smoker
GSE27272,2,1,GSM674396,train,smoker
GSE27272,2,1,GSM674397,train,non_smoker
GSE27272,2,1,GSM674398,train,non_smoker
GSE27272,2,1,GSM674400,train,non_smoker
GSE27272,2,1,GSM674401,train,non_smoker
GSE27272,2,1,GSM674402,train,non_smoker
GSE27272,2,1,GSM674403,train,non_smoker
GSE27272,2,1,GSM674404,train,smoker
GSE27272,2,1,GSM674405,train,non_smoker
GSE27272,2,1,GSM674407,train,non_smoker
GSE27272,2,1,GSM674182,test,smoker
GSE27272,2,1,GSM674186,test,non_smoker
GSE27272,2,1,GSM674196,test,smoker
GSE27272,2,1,GSM674220,test,non_smoker
GSE27272,2,1,GSM674225,test,non_smoker
GSE27272,2,1,GSM674226,test,non_smoker
GSE27272,2,1,GSM674231,test,non_smoker
GSE27272,2,1,GSM674240,test,non_smoker
GSE27272,2,1,GSM674284,test,non_smoker
GSE27272,2,1,GSM674361,test,non_smoker
GSE27272,2,1,GSM674362,test,smoker
GSE27272,2,1,GSM674365,test,non_smoker
GSE27272,2,1,GSM674369,test,smoker
GSE27272,2,1,GSM674370,test,non_smoker
GSE27272,2,1,GSM674371,test,non_smoker
GSE27272,2,1,GSM674380,test,non_smoker
GSE27272,2,1,GSM674386,test,smoker
GSE27272,2,1,GSM674399,test,smoker
GSE27272,2,1,GSM674406,test,non_smoker
GSE27272,2,2,GSM674181,train,non_smoker
GSE27272,2,2,GSM674182,train,smoker
GSE27272,2,2,GSM674183,train,non_smoker
GSE27272,2,2,GSM674184,train,non_smoker
GSE27272,2,2,GSM674185,train,non_smoker
GSE27272,2,2,GSM674186,train,non_smoker
GSE27272,2,2,GSM674187,train,non_smoker
GSE27272,2,2,GSM674188,train,smoker
GSE27272,2,2,GSM674190,train,non_smoker
GSE27272,2,2,GSM674191,train,non_smoker
GSE27272,2,2,GSM674192,train,non_smoker
GSE27272,2,2,GSM674193,train,non_smoker
GSE27272,2,2,GSM674194,train,non_smoker
GSE27272,2,2,GSM674195,train,non_smoker
GSE27272,2,2,GSM674196,train,smoker
GSE27272,2,2,GSM674197,train,smoker
GSE27272,2,2,GSM674198,train,non_smoker
GSE27272,2,2,GSM674199,train,smoker
GSE27272,2,2,GSM674200,train,non_smoker
GSE27272,2,2,GSM674201,train,non_smoker
GSE27272,2,2,GSM674202,train,non_smoker
GSE27272,2,2,GSM674204,train,non_smoker
GSE27272,2,2,GSM674205,train,non_smoker
GSE27272,2,2,GSM674206,train,non_smoker
GSE27272,2,2,GSM674208,train,non_smoker
GSE27272,2,2,GSM674209,train,non_smoker
GSE27272,2,2,GSM674210,train,non_smoker
GSE27272,2,2,GSM674211,train,smoker
GSE27272,2,2,GSM674212,train,non_smoker
GSE27272,2,2,GSM674213,train,smoker
GSE27272,2,2,GSM674214,train,non_smoker
GSE27272,2,2,GSM674215,train,smoker
GSE27272,2,2,GSM674216,train,smoker
GSE27272,2,2,GSM674218,train,non_smoker
GSE27272,2,2,GSM674219,train,non_smoker
GSE27272,2,2,GSM674220,train,non_smoker
GSE27272,2,2,GSM674221,train,non_smoker
GSE27272,2,2,GSM674223,train,non_smoker
GSE27272,2,2,GSM674224,train,smoker
GSE27272,2,2,GSM674225,train,non_smoker
GSE27272,2,2,GSM674226,train,non_smoker
GSE27272,2,2,GSM674227,train,smoker
GSE27272,2,2,GSM674228,train,smoker
GSE27272,2,2,GSM674230,train,non_smoker
GSE27272,2,2,GSM674231,train,non_smoker
GSE27272,2,2,GSM674232,train,non_smoker
GSE27272,2,2,GSM674233,train,smoker
GSE27272,2,2,GSM674234,train,non_smoker
GSE27272,2,2,GSM674235,train,non_smoker
GSE27272,2,2,GSM674236,train,non_smoker
GSE27272,2,2,GSM674237,train,non_smoker
GSE27272,2,2,GSM674238,train,smoker
GSE27272,2,2,GSM674239,train,non_smoker
GSE27272,2,2,GSM674240,train,non_smoker
GSE27272,2,2,GSM674241,train,smoker
GSE27272,2,2,GSM674242,train,non_smoker
GSE27272,2,2,GSM674243,train,non_smoker
GSE27272,2,2,GSM674245,train,non_smoker
GSE27272,2,2,GSM674282,train,non_smoker
GSE27272,2,2,GSM674283,train,smoker
GSE27272,2,2,GSM674284,train,non_smoker
GSE27272,2,2,GSM674285,train,non_smoker
GSE27272,2,2,GSM674286,train,smoker
GSE27272,2,2,GSM674288,train,non_smoker
GSE27272,2,2,GSM674290,train,non_smoker
GSE27272,2,2,GSM674291,train,non_smoker
GSE27272,2,2,GSM674292,train,non_smoker
GSE27272,2,2,GSM674293,train,smoker
GSE27272,2,2,GSM674294,train,smoker
GSE27272,2,2,GSM674295,train,non_smoker
GSE27272,2,2,GSM674296,train,smoker
GSE27272,2,2,GSM674298,train,non_smoker
GSE27272,2,2,GSM674299,train,non_smoker
GSE27272,2,2,GSM674300,train,non_smoker
GSE27272,2,2,GSM674301,train,non_smoker
GSE27272,2,2,GSM674302,train,non_smoker
GSE27272,2,2,GSM674303,train,smoker
GSE27272,2,2,GSM674304,train,non_smoker
GSE27272,2,2,GSM674305,train,non_smoker
GSE27272,2,2,GSM674306,train,non_smoker
GSE27272,2,2,GSM674308,train,non_smoker
GSE27272,2,2,GSM674309,train,non_smoker
GSE27272,2,2,GSM674310,train,smoker
GSE27272,2,2,GSM674311,train,smoker
GSE27272,2,2,GSM674312,train,smoker
GSE27272,2,2,GSM674313,train,non_smoker
GSE27272,2,2,GSM674314,train,non_smoker
GSE27272,2,2,GSM674317,train,smoker
GSE27272,2,2,GSM674318,train,non_smoker
GSE27272,2,2,GSM674319,train,smoker
GSE27272,2,2,GSM674321,train,smoker
GSE27272,2,2,GSM674322,train,smoker
GSE27272,2,2,GSM674323,train,non_smoker
GSE27272,2,2,GSM674324,train,non_smoker
GSE27272,2,2,GSM674325,train,non_smoker
GSE27272,2,2,GSM674326,train,smoker
GSE27272,2,2,GSM674327,train,non_smoker
GSE27272,2,2,GSM674328,train,non_smoker
GSE27272,2,2,GSM674329,train,smoker
GSE27272,2,2,GSM674331,train,non_smoker
GSE27272,2,2,GSM674332,train,non_smoker
GSE27272,2,2,GSM674333,train,smoker
GSE27272,2,2,GSM674334,train,non_smoker
GSE27272,2,2,GSM674335,train,non_smoker
GSE27272,2,2,GSM674344,train,non_smoker
GSE27272,2,2,GSM674345,train,smoker
GSE27272,2,2,GSM674347,train,non_smoker
GSE27272,2,2,GSM674348,train,non_smoker
GSE27272,2,2,GSM674349,train,non_smoker
GSE27272,2,2,GSM674350,train,non_smoker
GSE27272,2,2,GSM674351,train,smoker
GSE27272,2,2,GSM674352,train,smoker
GSE27272,2,2,GSM674353,train,non_smoker
GSE27272,2,2,GSM674354,train,non_smoker
GSE27272,2,2,GSM674355,train,non_smoker
GSE27272,2,2,GSM674356,train,non_smoker
GSE27272,2,2,GSM674357,train,non_smoker
GSE27272,2,2,GSM674358,train,non_smoker
GSE27272,2,2,GSM674359,train,smoker
GSE27272,2,2,GSM674360,train,smoker
GSE27272,2,2,GSM674361,train,non_smoker
GSE27272,2,2,GSM674362,train,smoker
GSE27272,2,2,GSM674363,train,non_smoker
GSE27272,2,2,GSM674365,train,non_smoker
GSE27272,2,2,GSM674366,train,non_smoker
GSE27272,2,2,GSM674367,train,non_smoker
GSE27272,2,2,GSM674368,train,non_smoker
GSE27272,2,2,GSM674369,train,smoker
GSE27272,2,2,GSM674370,train,non_smoker
GSE27272,2,2,GSM674371,train,non_smoker
GSE27272,2,2,GSM674372,train,smoker
GSE27272,2,2,GSM674374,train,smoker
GSE27272,2,2,GSM674375,train,non_smoker
GSE27272,2,2,GSM674376,train,smoker
GSE27272,2,2,GSM674377,train,smoker
GSE27272,2,2,GSM674378,train,smoker
GSE27272,2,2,GSM674379,train,non_smoker
GSE27272,2,2,GSM674380,train,non_smoker
GSE27272,2,2,GSM674381,train,non_smoker
GSE27272,2,2,GSM674382,train,non_smoker
GSE27272,2,2,GSM674383,train,smoker
GSE27272,2,2,GSM674384,train,non_smoker
GSE27272,2,2,GSM674385,train,non_smoker
GSE27272,2,2,GSM674386,train,smoker
GSE27272,2,2,GSM674387,train,smoker
GSE27272,2,2,GSM674388,train,non_smoker
GSE27272,2,2,GSM674389,train,non_smoker
GSE27272,2,2,GSM674390,train,non_smoker
GSE27272,2,2,GSM674391,train,non_smoker
GSE27272,2,2,GSM674392,train,smoker
GSE27272,2,2,GSM674393,train,non_smoker
GSE27272,2,2,GSM674394,train,non_smoker
GSE27272,2,2,GSM674395,train,non_smoker
GSE27272,2,2,GSM674397,train,non_smoker
GSE27272,2,2,GSM674398,train,non_smoker
GSE27272,2,2,GSM674399,train,smoker
GSE27272,2,2,GSM674400,train,non_smoker
GSE27272,2,2,GSM674401,train,non_smoker
GSE27272,2,2,GSM674402,train,non_smoker
GSE27272,2,2,GSM674403,train,non_smoker
GSE27272,2,2,GSM674404,train,smoker
GSE27272,2,2,GSM674405,train,non_smoker
GSE27272,2,2,GSM674406,train,non_smoker
GSE27272,2,2,GSM674407,train,non_smoker
GSE27272,2,2,GSM674189,test,smoker
GSE27272,2,2,GSM674203,test,non_smoker
GSE27272,2,2,GSM674207,test,smoker
GSE27272,2,2,GSM674217,test,smoker
GSE27272,2,2,GSM674222,test,smoker
GSE27272,2,2,GSM674229,test,non_smoker
GSE27272,2,2,GSM674244,test,non_smoker
GSE27272,2,2,GSM674287,test,non_smoker
GSE27272,2,2,GSM674289,test,non_smoker
GSE27272,2,2,GSM674297,test,non_smoker
GSE27272,2,2,GSM674307,test,smoker
GSE27272,2,2,GSM674315,test,non_smoker
GSE27272,2,2,GSM674316,test,non_smoker
GSE27272,2,2,GSM674320,test,non_smoker
GSE27272,2,2,GSM674330,test,non_smoker
GSE27272,2,2,GSM674346,test,non_smoker
GSE27272,2,2,GSM674364,test,non_smoker
GSE27272,2,2,GSM674373,test,non_smoker
GSE27272,2,2,GSM674396,test,smoker
GSE27272,2,3,GSM674181,train,non_smoker
GSE27272,2,3,GSM674182,train,smoker
GSE27272,2,3,GSM674183,train,non_smoker
GSE27272,2,3,GSM674184,train,non_smoker
GSE27272,2,3,GSM674186,train,non_smoker
GSE27272,2,3,GSM674187,train,non_smoker
GSE27272,2,3,GSM674188,train,smoker
GSE27272,2,3,GSM674189,train,smoker
GSE27272,2,3,GSM674190,train,non_smoker
GSE27272,2,3,GSM674191,train,non_smoker
GSE27272,2,3,GSM674193,train,non_smoker
GSE27272,2,3,GSM674194,train,non_smoker
GSE27272,2,3,GSM674195,train,non_smoker
GSE27272,2,3,GSM674196,train,smoker
GSE27272,2,3,GSM674197,train,smoker
GSE27272,2,3,GSM674198,train,non_smoker
GSE27272,2,3,GSM674199,train,smoker
GSE27272,2,3,GSM674200,train,non_smoker
GSE27272,2,3,GSM674201,train,non_smoker
GSE27272,2,3,GSM674203,train,non_smoker
GSE27272,2,3,GSM674204,train,non_smoker
GSE27272,2,3,GSM674205,train,non_smoker
GSE27272,2,3,GSM674207,train,smoker
GSE27272,2,3,GSM674208,train,non_smoker
GSE27272,2,3,GSM674209,train,non_smoker
GSE27272,2,3,GSM674210,train,non_smoker
GSE27272,2,3,GSM674211,train,smoker
GSE27272,2,3,GSM674212,train,non_smoker
GSE27272,2,3,GSM674213,train,smoker
GSE27272,2,3,GSM674214,train,non_smoker
GSE27272,2,3,GSM674215,train,smoker
GSE27272,2,3,GSM674216,train,smoker
GSE27272,2,3,GSM674217,train,smoker
GSE27272,2,3,GSM674218,train,non_smoker
GSE27272,2,3,GSM674219,train,non_smoker
GSE27272,2,3,GSM674220,train,non_smoker
GSE27272,2,3,GSM674221,train,non_smoker
GSE27272,2,3,GSM674222,train,smoker
GSE27272,2,3,GSM674223,train,non_smoker
GSE27272,2,3,GSM674224,train,smoker
GSE27272,2,3,GSM674225,train,non_smoker
GSE27272,2,3,GSM674226,train,non_smoker
GSE27272,2,3,GSM674227,train,smoker
GSE27272,2,3,GSM674228,train,smoker
GSE27272,2,3,GSM674229,train,non_smoker
GSE27272,2,3,GSM674230,train,non_smoker
GSE27272,2,3,GSM674231,train,non_smoker
GSE27272,2,3,GSM674232,train,non_smoker
GSE27272,2,3,GSM674233,train,smoker
GSE27272,2,3,GSM674234,train,non_smoker
GSE27272,2,3,GSM674235,train,non_smoker
GSE27272,2,3,GSM674236,train,non_smoker
GSE27272,2,3,GSM674237,train,non_smoker
GSE27272,2,3,GSM674240,train,non_smoker
GSE27272,2,3,GSM674241,train,smoker
GSE27272,2,3,GSM674242,train,non_smoker
GSE27272,2,3,GSM674243,train,non_smoker
GSE27272,2,3,GSM674244,train,non_smoker
GSE27272,2,3,GSM674245,train,non_smoker
GSE27272,2,3,GSM674282,train,non_smoker
GSE27272,2,3,GSM674283,train,smoker
GSE27272,2,3,GSM674284,train,non_smoker
GSE27272,2,3,GSM674285,train,non_smoker
GSE27272,2,3,GSM674286,train,smoker
GSE27272,2,3,GSM674287,train,non_smoker
GSE27272,2,3,GSM674288,train,non_smoker
GSE27272,2,3,GSM674289,train,non_smoker
GSE27272,2,3,GSM674290,train,non_smoker
GSE27272,2,3,GSM674291,train,non_smoker
GSE27272,2,3,GSM674292,train,non_smoker
GSE27272,2,3,GSM674293,train,smoker
GSE27272,2,3,GSM674294,train,smoker
GSE27272,2,3,GSM674295,train,non_smoker
GSE27272,2,3,GSM674296,train,smoker
GSE27272,2,3,GSM674297,train,non_smoker
GSE27272,2,3,GSM674298,train,non_smoker
GSE27272,2,3,GSM674299,train,non_smoker
GSE27272,2,3,GSM674300,train,non_smoker
GSE27272,2,3,GSM674302,train,non_smoker
GSE27272,2,3,GSM674303,train,smoker
GSE27272,2,3,GSM674304,train,non_smoker
GSE27272,2,3,GSM674305,train,non_smoker
GSE27272,2,3,GSM674306,train,non_smoker
GSE27272,2,3,GSM674307,train,smoker
GSE27272,2,3,GSM674309,train,non_smoker
GSE27272,2,3,GSM674310,train,smoker
GSE27272,2,3,GSM674311,train,smoker
GSE27272,2,3,GSM674313,train,non_smoker
GSE27272,2,3,GSM674315,train,non_smoker
GSE27272,2,3,GSM674316,train,non_smoker
GSE27272,2,3,GSM674317,train,smoker
GSE27272,2,3,GSM674318,train,non_smoker
GSE27272,2,3,GSM674319,train,smoker
GSE27272,2,3,GSM674320,train,non_smoker
GSE27272,2,3,GSM674321,train,smoker
GSE27272,2,3,GSM674322,train,smoker
GSE27272,2,3,GSM674323,train,non_smoker
GSE27272,2,3,GSM674324,train,non_smoker
GSE27272,2,3,GSM674326,train,smoker
GSE27272,2,3,GSM674328,train,non_smoker
GSE27272,2,3,GSM674329,train,smoker
GSE27272,2,3,GSM674330,train,non_smoker
GSE27272,2,3,GSM674331,train,non_smoker
GSE27272,2,3,GSM674332,train,non_smoker
GSE27272,2,3,GSM674333,train,smoker
GSE27272,2,3,GSM674334,train,non_smoker
GSE27272,2,3,GSM674335,train,non_smoker
GSE27272,2,3,GSM674344,train,non_smoker
GSE27272,2,3,GSM674345,train,smoker
GSE27272,2,3,GSM674346,train,non_smoker
GSE27272,2,3,GSM674347,train,non_smoker
GSE27272,2,3,GSM674348,train,non_smoker
GSE27272,2,3,GSM674350,train,non_smoker
GSE27272,2,3,GSM674351,train,smoker
GSE27272,2,3,GSM674354,train,non_smoker
GSE27272,2,3,GSM674355,train,non_smoker
GSE27272,2,3,GSM674356,train,non_smoker
GSE27272,2,3,GSM674357,train,non_smoker
GSE27272,2,3,GSM674358,train,non_smoker
GSE27272,2,3,GSM674359,train,smoker
GSE27272,2,3,GSM674361,train,non_smoker
GSE27272,2,3,GSM674362,train,smoker
GSE27272,2,3,GSM674363,train,non_smoker
GSE27272,2,3,GSM674364,train,non_smoker
GSE27272,2,3,GSM674365,train,non_smoker
GSE27272,2,3,GSM674366,train,non_smoker
GSE27272,2,3,GSM674367,train,non_smoker
GSE27272,2,3,GSM674368,train,non_smoker
GSE27272,2,3,GSM674369,train,smoker
GSE27272,2,3,GSM674370,train,non_smoker
GSE27272,2,3,GSM674371,train,non_smoker
GSE27272,2,3,GSM674372,train,smoker
GSE27272,2,3,GSM674373,train,non_smoker
GSE27272,2,3,GSM674374,train,smoker
GSE27272,2,3,GSM674375,train,non_smoker
GSE27272,2,3,GSM674376,train,smoker
GSE27272,2,3,GSM674378,train,smoker
GSE27272,2,3,GSM674379,train,non_smoker
GSE27272,2,3,GSM674380,train,non_smoker
GSE27272,2,3,GSM674381,train,non_smoker
GSE27272,2,3,GSM674382,train,non_smoker
GSE27272,2,3,GSM674383,train,smoker
GSE27272,2,3,GSM674384,train,non_smoker
GSE27272,2,3,GSM674385,train,non_smoker
GSE27272,2,3,GSM674386,train,smoker
GSE27272,2,3,GSM674387,train,smoker
GSE27272,2,3,GSM674388,train,non_smoker
GSE27272,2,3,GSM674389,train,non_smoker
GSE27272,2,3,GSM674390,train,non_smoker
GSE27272,2,3,GSM674391,train,non_smoker
GSE27272,2,3,GSM674394,train,non_smoker
GSE27272,2,3,GSM674395,train,non_smoker
GSE27272,2,3,GSM674396,train,smoker
GSE27272,2,3,GSM674397,train,non_smoker
GSE27272,2,3,GSM674398,train,non_smoker
GSE27272,2,3,GSM674399,train,smoker
GSE27272,2,3,GSM674400,train,non_smoker
GSE27272,2,3,GSM674401,train,non_smoker
GSE27272,2,3,GSM674402,train,non_smoker
GSE27272,2,3,GSM674403,train,non_smoker
GSE27272,2,3,GSM674404,train,smoker
GSE27272,2,3,GSM674405,train,non_smoker
GSE27272,2,3,GSM674406,train,non_smoker
GSE27272,2,3,GSM674407,train,non_smoker
GSE27272,2,3,GSM674185,test,non_smoker
GSE27272,2,3,GSM674192,test,non_smoker
GSE27272,2,3,GSM674202,test,non_smoker
GSE27272,2,3,GSM674206,test,non_smoker
GSE27272,2,3,GSM674238,test,smoker
GSE27272,2,3,GSM674239,test,non_smoker
GSE27272,2,3,GSM674301,test,non_smoker
GSE27272,2,3,GSM674308,test,non_smoker
GSE27272,2,3,GSM674312,test,smoker
GSE27272,2,3,GSM674314,test,non_smoker
GSE27272,2,3,GSM674325,test,non_smoker
GSE27272,2,3,GSM674327,test,non_smoker
GSE27272,2,3,GSM674349,test,non_smoker
GSE27272,2,3,GSM674352,test,smoker
GSE27272,2,3,GSM674353,test,non_smoker
GSE27272,2,3,GSM674360,test,smoker
GSE27272,2,3,GSM674377,test,smoker
GSE27272,2,3,GSM674392,test,smoker
GSE27272,2,3,GSM674393,test,non_smoker
GSE27272,2,4,GSM674181,train,non_smoker
GSE27272,2,4,GSM674182,train,smoker
GSE27272,2,4,GSM674183,train,non_smoker
GSE27272,2,4,GSM674184,train,non_smoker
GSE27272,2,4,GSM674185,train,non_smoker
GSE27272,2,4,GSM674186,train,non_smoker
GSE27272,2,4,GSM674187,train,non_smoker
GSE27272,2,4,GSM674188,train,smoker
GSE27272,2,4,GSM674189,train,smoker
GSE27272,2,4,GSM674190,train,non_smoker
GSE27272,2,4,GSM674191,train,non_smoker
GSE27272,2,4,GSM674192,train,non_smoker
GSE27272,2,4,GSM674193,train,non_smoker
GSE27272,2,4,GSM674194,train,non_smoker
GSE27272,2,4,GSM674195,train,non_smoker
GSE27272,2,4,GSM674196,train,smoker
GSE27272,2,4,GSM674198,train,non_smoker
GSE27272,2,4,GSM674199,train,smoker
GSE27272,2,4,GSM674200,train,non_smoker
GSE27272,2,4,GSM674201,train,non_smoker
GSE27272,2,4,GSM674202,train,non_smoker
GSE27272,2,4,GSM674203,train,non_smoker
GSE27272,2,4,GSM674204,train,non_smoker
GSE27272,2,4,GSM674205,train,non_smoker
GSE27272,2,4,GSM674206,train,non_smoker
GSE27272,2,4,GSM674207,train,smoker
GSE27272,2,4,GSM674208,train,non_smoker
GSE27272,2,4,GSM674209,train,non_smoker
GSE27272,2,4,GSM674210,train,non_smoker
GSE27272,2,4,GSM674211,train,smoker
GSE27272,2,4,GSM674213,train,smoker
GSE27272,2,4,GSM674214,train,non_smoker
GSE27272,2,4,GSM674215,train,smoker
GSE27272,2,4,GSM674217,train,smoker
GSE27272,2,4,GSM674218,train,non_smoker
GSE27272,2,4,GSM674219,train,non_smoker
GSE27272,2,4,GSM674220,train,non_smoker
GSE27272,2,4,GSM674221,train,non_smoker
GSE27272,2,4,GSM674222,train,smoker
GSE27272,2,4,GSM674223,train,non_smoker
GSE27272,2,4,GSM674224,train,smoker
GSE27272,2,4,GSM674225,train,non_smoker
GSE27272,2,4,GSM674226,train,non_smoker
GSE27272,2,4,GSM674227,train,smoker
GSE27272,2,4,GSM674229,train,non_smoker
GSE27272,2,4,GSM674230,train,non_smoker
GSE27272,2,4,GSM674231,train,non_smoker
GSE27272,2,4,GSM674232,train,non_smoker
GSE27272,2,4,GSM674233,train,smoker
GSE27272,2,4,GSM674234,train,non_smoker
GSE27272,2,4,GSM674236,train,non_smoker
GSE27272,2,4,GSM674237,train,non_smoker
GSE27272,2,4,GSM674238,train,smoker
GSE27272,2,4,GSM674239,train,non_smoker
GSE27272,2,4,GSM674240,train,non_smoker
GSE27272,2,4,GSM674241,train,smoker
GSE27272,2,4,GSM674242,train,non_smoker
GSE27272,2,4,GSM674243,train,non_smoker
GSE27272,2,4,GSM674244,train,non_smoker
GSE27272,2,4,GSM674245,train,non_smoker
GSE27272,2,4,GSM674282,train,non_smoker
GSE27272,2,4,GSM674283,train,smoker
GSE27272,2,4,GSM674284,train,non_smoker
GSE27272,2,4,GSM674286,train,smoker
GSE27272,2,4,GSM674287,train,non_smoker
GSE27272,2,4,GSM674289,train,non_smoker
GSE27272,2,4,GSM674290,train,non_smoker
GSE27272,2,4,GSM674291,train,non_smoker
GSE27272,2,4,GSM674292,train,non_smoker
GSE27272,2,4,GSM674293,train,smoker
GSE27272,2,4,GSM674294,train,smoker
GSE27272,2,4,GSM674295,train,non_smoker
GSE27272,2,4,GSM674296,train,smoker
GSE27272,2,4,GSM674297,train,non_smoker
GSE27272,2,4,GSM674298,train,non_smoker
GSE27272,2,4,GSM674299,train,non_smoker
GSE27272,2,4,GSM674301,train,non_smoker
GSE27272,2,4,GSM674302,train,non_smoker
GSE27272,2,4,GSM674304,train,non_smoker
GSE27272,2,4,GSM674305,train,non_smoker
GSE27272,2,4,GSM674306,train,non_smoker
GSE27272,2,4,GSM674307,train,smoker
GSE27272,2,4,GSM674308,train,non_smoker
GSE27272,2,4,GSM674309,train,non_smoker
GSE27272,2,4,GSM674310,train,smoker
GSE27272,2,4,GSM674311,train,smoker
GSE27272,2,4,GSM674312,train,smoker
GSE27272,2,4,GSM674313,train,non_smoker
GSE27272,2,4,GSM674314,train,non_smoker
GSE27272,2,4,GSM674315,train,non_smoker
GSE27272,2,4,GSM674316,train,non_smoker
GSE27272,2,4,GSM674317,train,smoker
GSE27272,2,4,GSM674318,train,non_smoker
GSE27272,2,4,GSM674319,train,smoker
GSE27272,2,4,GSM674320,train,non_smoker
GSE27272,2,4,GSM674321,train,smoker
GSE27272,2,4,GSM674322,train,smoker
GSE27272,2,4,GSM674323,train,non_smoker
GSE27272,2,4,GSM674325,train,non_smoker
GSE27272,2,4,GSM674326,train,smoker
GSE27272,2,4,GSM674327,train,non_smoker
GSE27272,2,4,GSM674328,train,non_smoker
GSE27272,2,4,GSM674329,train,smoker
GSE27272,2,4,GSM674330,train,non_smoker
GSE27272,2,4,GSM674331,train,non_smoker
GSE27272,2,4,GSM674332,train,non_smoker
GSE27272,2,4,GSM674333,train,smoker
GSE27272,2,4,GSM674335,train,non_smoker
GSE27272,2,4,GSM674344,train,non_smoker
GSE27272,2,4,GSM674346,train,non_smoker
GSE27272,2,4,GSM674347,train,non_smoker
GSE27272,2,4,GSM674348,train,non_smoker
GSE27272,2,4,GSM674349,train,non_smoker
GSE27272,2,4,GSM674350,train,non_smoker
GSE27272,2,4,GSM674351,train,smoker
GSE27272,2,4,GSM674352,train,smoker
GSE27272,2,4,GSM674353,train,non_smoker
GSE27272,2,4,GSM674355,train,non_smoker
GSE27272,2,4,GSM674356,train,non_smoker
GSE27272,2,4,GSM674357,train,non_smoker
GSE27272,2,4,GSM674359,train,smoker
GSE27272,2,4,GSM674360,train,smoker
GSE27272,2,4,GSM674361,train,non_smoker
GSE27272,2,4,GSM674362,train,smoker
GSE27272,2,4,GSM674364,train,non_smoker
GSE27272,2,4,GSM674365,train,non_smoker
GSE27272,2,4,GSM674366,train,non_smoker
GSE27272,2,4,GSM674367,train,non_smoker
GSE27272,2,4,GSM674368,train,non_smoker
GSE27272,2,4,GSM674369,train,smoker
GSE27272,2,4,GSM674370,train,non_smoker
GSE27272,2,4,GSM674371,train,non_smoker
GSE27272,2,4,GSM674372,train,smoker
GSE27272,2,4,GSM674373,train,non_smoker
GSE27272,2,4,GSM674374,train,smoker
GSE27272,2,4,GSM674375,train,non_smoker
GSE27272,2,4,GSM674376,train,smoker
GSE27272,2,4,GSM674377,train,smoker
GSE27272,2,4,GSM674378,train,smoker
GSE27272,2,4,GSM674379,train,non_smoker
GSE27272,2,4,GSM674380,train,non_smoker
GSE27272,2,4,GSM674381,train,non_smoker
GSE27272,2,4,GSM674382,train,non_smoker
GSE27272,2,4,GSM674383,train,smoker
GSE27272,2,4,GSM674385,train,non_smoker
GSE27272,2,4,GSM674386,train,smoker
GSE27272,2,4,GSM674387,train,smoker
GSE27272,2,4,GSM674388,train,non_smoker
GSE27272,2,4,GSM674390,train,non_smoker
GSE27272,2,4,GSM674391,train,non_smoker
GSE27272,2,4,GSM674392,train,smoker
GSE27272,2,4,GSM674393,train,non_smoker
GSE27272,2,4,GSM674394,train,non_smoker
GSE27272,2,4,GSM674395,train,non_smoker
GSE27272,2,4,GSM674396,train,smoker
GSE27272,2,4,GSM674397,train,non_smoker
GSE27272,2,4,GSM674398,train,non_smoker
GSE27272,2,4,GSM674399,train,smoker
GSE27272,2,4,GSM674400,train,non_smoker
GSE27272,2,4,GSM674402,train,non_smoker
GSE27272,2,4,GSM674403,train,non_smoker
GSE27272,2,4,GSM674405,train,non_smoker
GSE27272,2,4,GSM674406,train,non_smoker
GSE27272,2,4,GSM674407,train,non_smoker
GSE27272,2,4,GSM674197,test,smoker
GSE27272,2,4,GSM674212,test,non_smoker
GSE27272,2,4,GSM674216,test,smoker
GSE27272,2,4,GSM674228,test,smoker
GSE27272,2,4,GSM674235,test,non_smoker
GSE27272,2,4,GSM674285,test,non_smoker
GSE27272,2,4,GSM674288,test,non_smoker
GSE27272,2,4,GSM674300,test,non_smoker
GSE27272,2,4,GSM674303,test,smoker
GSE27272,2,4,GSM674324,test,non_smoker
GSE27272,2,4,GSM674334,test,non_smoker
GSE27272,2,4,GSM674345,test,smoker
GSE27272,2,4,GSM674354,test,non_smoker
GSE27272,2,4,GSM674358,test,non_smoker
GSE27272,2,4,GSM674363,test,non_smoker
GSE27272,2,4,GSM674384,test,non_smoker
GSE27272,2,4,GSM674389,test,non_smoker
GSE27272,2,4,GSM674401,test,non_smoker
GSE27272,2,4,GSM674404,test,smoker
GSE27272,2,5,GSM674182,train,smoker
GSE27272,2,5,GSM674183,train,non_smoker
GSE27272,2,5,GSM674184,train,non_smoker
GSE27272,2,5,GSM674185,train,non_smoker
GSE27272,2,5,GSM674186,train,non_smoker
GSE27272,2,5,GSM674187,train,non_smoker
GSE27272,2,5,GSM674188,train,smoker
GSE27272,2,5,GSM674189,train,smoker
GSE27272,2,5,GSM674190,train,non_smoker
GSE27272,2,5,GSM674191,train,non_smoker
GSE27272,2,5,GSM674192,train,non_smoker
GSE27272,2,5,GSM674193,train,non_smoker
GSE27272,2,5,GSM674194,train,non_smoker
GSE27272,2,5,GSM674195,train,non_smoker
GSE27272,2,5,GSM674196,train,smoker
GSE27272,2,5,GSM674197,train,smoker
GSE27272,2,5,GSM674200,train,non_smoker
GSE27272,2,5,GSM674202,train,non_smoker
GSE27272,2,5,GSM674203,train,non_smoker
GSE27272,2,5,GSM674204,train,non_smoker
GSE27272,2,5,GSM674205,train,non_smoker
GSE27272,2,5,GSM674206,train,non_smoker
GSE27272,2,5,GSM674207,train,smoker
GSE27272,2,5,GSM674208,train,non_smoker
GSE27272,2,5,GSM674209,train,non_smoker
GSE27272,2,5,GSM674210,train,non_smoker
GSE27272,2,5,GSM674211,train,smoker
GSE27272,2,5,GSM674212,train,non_smoker
GSE27272,2,5,GSM674214,train,non_smoker
GSE27272,2,5,GSM674215,train,smoker
GSE27272,2,5,GSM674216,train,smoker
GSE27272,2,5,GSM674217,train,smoker
GSE27272,2,5,GSM674218,train,non_smoker
GSE27272,2,5,GSM674219,train,non_smoker
GSE27272,2,5,GSM674220,train,non_smoker
GSE27272,2,5,GSM674221,train,non_smoker
GSE27272,2,5,GSM674222,train,smoker
GSE27272,2,5,GSM674223,train,non_smoker
GSE27272,2,5,GSM674224,train,smoker
GSE27272,2,5,GSM674225,train,non_smoker
GSE27272,2,5,GSM674226,train,non_smoker
GSE27272,2,5,GSM674227,train,smoker
GSE27272,2,5,GSM674228,train,smoker
GSE27272,2,5,GSM674229,train,non_smoker
GSE27272,2,5,GSM674231,train,non_smoker
GSE27272,2,5,GSM674232,train,non_smoker
GSE27272,2,5,GSM674233,train,smoker
GSE27272,2,5,GSM674234,train,non_smoker
GSE27272,2,5,GSM674235,train,non_smoker
GSE27272,2,5,GSM674236,train,non_smoker
GSE27272,2,5,GSM674237,train,non_smoker
GSE27272,2,5,GSM674238,train,smoker
GSE27272,2,5,GSM674239,train,non_smoker
GSE27272,2,5,GSM674240,train,non_smoker
GSE27272,2,5,GSM674241,train,smoker
GSE27272,2,5,GSM674242,train,non_smoker
GSE27272,2,5,GSM674243,train,non_smoker
GSE27272,2,5,GSM674244,train,non_smoker
GSE27272,2,5,GSM674282,train,non_smoker
GSE27272,2,5,GSM674284,train,non_smoker
GSE27272,2,5,GSM674285,train,non_smoker
GSE27272,2,5,GSM674286,train,smoker
GSE27272,2,5,GSM674287,train,non_smoker
GSE27272,2,5,GSM674288,train,non_smoker
GSE27272,2,5,GSM674289,train,non_smoker
GSE27272,2,5,GSM674290,train,non_smoker
GSE27272,2,5,GSM674291,train,non_smoker
GSE27272,2,5,GSM674292,train,non_smoker
GSE27272,2,5,GSM674293,train,smoker
GSE27272,2,5,GSM674294,train,smoker
GSE27272,2,5,GSM674295,train,non_smoker
GSE27272,2,5,GSM674296,train,smoker
GSE27272,2,5,GSM674297,train,non_smoker
GSE27272,2,5,GSM674298,train,non_smoker
GSE27272,2,5,GSM674299,train,non_smoker
GSE27272,2,5,GSM674300,train,non_smoker
GSE27272,2,5,GSM674301,train,non_smoker
GSE27272,2,5,GSM674302,train,non_smoker
GSE27272,2,5,GSM674303,train,smoker
GSE27272,2,5,GSM674305,train,non_smoker
GSE27272,2,5,GSM674306,train,non_smoker
GSE27272,2,5,GSM674307,train,smoker
GSE27272,2,5,GSM674308,train,non_smoker
GSE27272,2,5,GSM674309,train,non_smoker
GSE27272,2,5,GSM674310,train,smoker
GSE27272,2,5,GSM674312,train,smoker
GSE27272,2,5,GSM674313,train,non_smoker
GSE27272,2,5,GSM674314,train,non_smoker
GSE27272,2,5,GSM674315,train,non_smoker
GSE27272,2,5,GSM674316,train,non_smoker
GSE27272,2,5,GSM674317,train,smoker
GSE27272,2,5,GSM674319,train,smoker
GSE27272,2,5,GSM674320,train,non_smoker
GSE27272,2,5,GSM674321,train,smoker
GSE27272,2,5,GSM674322,train,smoker
GSE27272,2,5,GSM674323,train,non_smoker
GSE27272,2,5,GSM674324,train,non_smoker
GSE27272,2,5,GSM674325,train,non_smoker
GSE27272,2,5,GSM674326,train,smoker
GSE27272,2,5,GSM674327,train,non_smoker
GSE27272,2,5,GSM674328,train,non_smoker
GSE27272,2,5,GSM674329,train,smoker
GSE27272,2,5,GSM674330,train,non_smoker
GSE27272,2,5,GSM674331,train,non_smoker
GSE27272,2,5,GSM674333,train,smoker
GSE27272,2,5,GSM674334,train,non_smoker
GSE27272,2,5,GSM674335,train,non_smoker
GSE27272,2,5,GSM674345,train,smoker
GSE27272,2,5,GSM674346,train,non_smoker
GSE27272,2,5,GSM674347,train,non_smoker
GSE27272,2,5,GSM674348,train,non_smoker
GSE27272,2,5,GSM674349,train,non_smoker
GSE27272,2,5,GSM674350,train,non_smoker
GSE27272,2,5,GSM674351,train,smoker
GSE27272,2,5,GSM674352,train,smoker
GSE27272,2,5,GSM674353,train,non_smoker
GSE27272,2,5,GSM674354,train,non_smoker
GSE27272,2,5,GSM674355,train,non_smoker
GSE27272,2,5,GSM674356,train,non_smoker
GSE27272,2,5,GSM674357,train,non_smoker
GSE27272,2,5,GSM674358,train,non_smoker
GSE27272,2,5,GSM674359,train,smoker
GSE27272,2,5,GSM674360,train,smoker
GSE27272,2,5,GSM674361,train,non_smoker
GSE27272,2,5,GSM674362,train,smoker
GSE27272,2,5,GSM674363,train,non_smoker
GSE27272,2,5,GSM674364,train,non_smoker
GSE27272,2,5,GSM674365,train,non_smoker
GSE27272,2,5,GSM674366,train,non_smoker
GSE27272,2,5,GSM674367,train,non_smoker
GSE27272,2,5,GSM674368,train,non_smoker
GSE27272,2,5,GSM674369,train,smoker
GSE27272,2,5,GSM674370,train,non_smoker
GSE27272,2,5,GSM674371,train,non_smoker
GSE27272,2,5,GSM674372,train,smoker
GSE27272,2,5,GSM674373,train,non_smoker
GSE27272,2,5,GSM674377,train,smoker
GSE27272,2,5,GSM674378,train,smoker
GSE27272,2,5,GSM674379,train,non_smoker
GSE27272,2,5,GSM674380,train,non_smoker
GSE27272,2,5,GSM674381,train,non_smoker
GSE27272,2,5,GSM674383,train,smoker
GSE27272,2,5,GSM674384,train,non_smoker
GSE27272,2,5,GSM674385,train,non_smoker
GSE27272,2,5,GSM674386,train,smoker
GSE27272,2,5,GSM674387,train,smoker
GSE27272,2,5,GSM674388,train,non_smoker
GSE27272,2,5,GSM674389,train,non_smoker
GSE27272,2,5,GSM674391,train,non_smoker
GSE27272,2,5,GSM674392,train,smoker
GSE27272,2,5,GSM674393,train,non_smoker
GSE27272,2,5,GSM674395,train,non_smoker
GSE27272,2,5,GSM674396,train,smoker
GSE27272,2,5,GSM674397,train,non_smoker
GSE27272,2,5,GSM674398,train,non_smoker
GSE27272,2,5,GSM674399,train,smoker
GSE27272,2,5,GSM674400,train,non_smoker
GSE27272,2,5,GSM674401,train,non_smoker
GSE27272,2,5,GSM674402,train,non_smoker
GSE27272,2,5,GSM674403,train,non_smoker
GSE27272,2,5,GSM674404,train,smoker
GSE27272,2,5,GSM674405,train,non_smoker
GSE27272,2,5,GSM674406,train,non_smoker
GSE27272,2,5,GSM674407,train,non_smoker
GSE27272,2,5,GSM674181,test,non_smoker
GSE27272,2,5,GSM674198,test,non_smoker
GSE27272,2,5,GSM674199,test,smoker
GSE27272,2,5,GSM674201,test,non_smoker
GSE27272,2,5,GSM674213,test,smoker
GSE27272,2,5,GSM674230,test,non_smoker
GSE27272,2,5,GSM674245,test,non_smoker
GSE27272,2,5,GSM674283,test,smoker
GSE27272,2,5,GSM674304,test,non_smoker
GSE27272,2,5,GSM674311,test,smoker
GSE27272,2,5,GSM674318,test,non_smoker
GSE27272,2,5,GSM674332,test,non_smoker
GSE27272,2,5,GSM674344,test,non_smoker
GSE27272,2,5,GSM674374,test,smoker
GSE27272,2,5,GSM674375,test,non_smoker
GSE27272,2,5,GSM674376,test,smoker
GSE27272,2,5,GSM674382,test,non_smoker
GSE27272,2,5,GSM674390,test,non_smoker
GSE27272,2,5,GSM674394,test,non_smoker
GSE27272,2,6,GSM674181,train,non_smoker
GSE27272,2,6,GSM674182,train,smoker
GSE27272,2,6,GSM674183,train,non_smoker
GSE27272,2,6,GSM674185,train,non_smoker
GSE27272,2,6,GSM674186,train,non_smoker
GSE27272,2,6,GSM674187,train,non_smoker
GSE27272,2,6,GSM674188,train,smoker
GSE27272,2,6,GSM674189,train,smoker
GSE27272,2,6,GSM674190,train,non_smoker
GSE27272,2,6,GSM674191,train,non_smoker
GSE27272,2,6,GSM674192,train,non_smoker
GSE27272,2,6,GSM674195,train,non_smoker
GSE27272,2,6,GSM674196,train,smoker
GSE27272,2,6,GSM674197,train,smoker
GSE27272,2,6,GSM674198,train,non_smoker
GSE27272,2,6,GSM674199,train,smoker
GSE27272,2,6,GSM674200,train,non_smoker
GSE27272,2,6,GSM674201,train,non_smoker
GSE27272,2,6,GSM674202,train,non_smoker
GSE27272,2,6,GSM674203,train,non_smoker
GSE27272,2,6,GSM674204,train,non_smoker
GSE27272,2,6,GSM674205,train,non_smoker
GSE27272,2,6,GSM674206,train,non_smoker
GSE27272,2,6,GSM674207,train,smoker
GSE27272,2,6,GSM674208,train,non_smoker
GSE27272,2,6,GSM674210,train,non_smoker
GSE27272,2,6,GSM674211,train,smoker
GSE27272,2,6,GSM674212,train,non_smoker
GSE27272,2,6,GSM674213,train,smoker
GSE27272,2,6,GSM674214,train,non_smoker
GSE27272,2,6,GSM674215,train,smoker
GSE27272,2,6,GSM674216,train,smoker
GSE27272,2,6,GSM674217,train,smoker
GSE27272,2,6,GSM674219,train,non_smoker
GSE27272,2,6,GSM674220,train,non_smoker
GSE27272,2,6,GSM674222,train,smoker
GSE27272,2,6,GSM674223,train,non_smoker
GSE27272,2,6,GSM674225,train,non_smoker
GSE27272,2,6,GSM674226,train,non_smoker
GSE27272,2,6,GSM674228,train,smoker
GSE27272,2,6,GSM674229,train,non_smoker
GSE27272,2,6,GSM674230,train,non_smoker
GSE27272,2,6,GSM674231,train,non_smoker
GSE27272,2,6,GSM674233,train,smoker
GSE27272,2,6,GSM674234,train,non_smoker
GSE27272,2,6,GSM674235,train,non_smoker
GSE27272,2,6,GSM674237,train,non_smoker
GSE27272,2,6,GSM674238,train,smoker
GSE27272,2,6,GSM674239,train,non_smoker
GSE27272,2,6,GSM674240,train,non_smoker
GSE27272,2,6,GSM674241,train,smoker
GSE27272,2,6,GSM674242,train,non_smoker
GSE27272,2,6,GSM674243,train,non_smoker
GSE27272,2,6,GSM674244,train,non_smoker
GSE27272,2,6,GSM674245,train,non_smoker
GSE27272,2,6,GSM674282,train,non_smoker
GSE27272,2,6,GSM674283,train,smoker
GSE27272,2,6,GSM674284,train,non_smoker
GSE27272,2,6,GSM674285,train,non_smoker
GSE27272,2,6,GSM674286,train,smoker
GSE27272,2,6,GSM674287,train,non_smoker
GSE27272,2,6,GSM674288,train,non_smoker
GSE27272,2,6,GSM674289,train,non_smoker
GSE27272,2,6,GSM674290,train,non_smoker
GSE27272,2,6,GSM674291,train,non_smoker
GSE27272,2,6,GSM674292,train,non_smoker
GSE27272,2,6,GSM674293,train,smoker
GSE27272,2,6,GSM674294,train,smoker
GSE27272,2,6,GSM674295,train,non_smoker
GSE27272,2,6,GSM674296,train,smoker
GSE27272,2,6,GSM674297,train,non_smoker
GSE27272,2,6,GSM674298,train,non_smoker
GSE27272,2,6,GSM674299,train,non_smoker
GSE27272,2,6,GSM674300,train,non_smoker
GSE27272,2,6,GSM674301,train,non_smoker
GSE27272,2,6,GSM674302,train,non_smoker
GSE27272,2,6,GSM674303,train,smoker
GSE27272,2,6,GSM674304,train,non_smoker
GSE27272,2,6,GSM674305,train,non_smoker
GSE27272,2,6,GSM674307,train,smoker
GSE27272,2,6,GSM674308,train,non_smoker
GSE27272,2,6,GSM674309,train,non_smoker
GSE27272,2,6,GSM674310,train,smoker
GSE27272,2,6,GSM674311,train,smoker
GSE27272,2,6,GSM674312,train,smoker
GSE27272,2,6,GSM674313,train,non_smoker
GSE27272,2,6,GSM674314,train,non_smoker
GSE27272,2,6,GSM674315,train,non_smoker
GSE27272,2,6,GSM674316,train,non_smoker
GSE27272,2,6,GSM674317,train,smoker
GSE27272,2,6,GSM674318,train,non_smoker
GSE27272,2,6,GSM674320,train,non_smoker
GSE27272,2,6,GSM674321,train,smoker
GSE27272,2,6,GSM674322,train,smoker
GSE27272,2,6,GSM674323,train,non_smoker
GSE27272,2,6,GSM674324,train,non_smoker
GSE27272,2,6,GSM674325,train,non_smoker
GSE27272,2,6,GSM674326,train,smoker
GSE27272,2,6,GSM674327,train,non_smoker
GSE27272,2,6,GSM674328,train,non_smoker
GSE27272,2,6,GSM674329,train,smoker
GSE27272,2,6,GSM674330,train,non_smoker
GSE27272,2,6,GSM674332,train,non_smoker
GSE27272,2,6,GSM674334,train,non_smoker
GSE27272,2,6,GSM674335,train,non_smoker
GSE27272,2,6,GSM674344,train,non_smoker
GSE27272,2,6,GSM674345,train,smoker
GSE27272,2,6,GSM674346,train,non_smoker
GSE27272,2,6,GSM674347,train,non_smoker
GSE27272,2,6,GSM674348,train,non_smoker
GSE27272,2,6,GSM674349,train,non_smoker
GSE27272,2,6,GSM674350,train,non_smoker
GSE27272,2,6,GSM674351,train,smoker
GSE27272,2,6,GSM674352,train,smoker
GSE27272,2,6,GSM674353,train,non_smoker
GSE27272,2,6,GSM674354,train,non_smoker
GSE27272,2,6,GSM674356,train,non_smoker
GSE27272,2,6,GSM674357,train,non_smoker
GSE27272,2,6,GSM674358,train,non_smoker
GSE27272,2,6,GSM674360,train,smoker
GSE27272,2,6,GSM674361,train,non_smoker
GSE27272,2,6,GSM674362,train,smoker
GSE27272,2,6,GSM674363,train,non_smoker
GSE27272,2,6,GSM674364,train,non_smoker
GSE27272,2,6,GSM674365,train,non_smoker
GSE27272,2,6,GSM674366,train,non_smoker
GSE27272,2,6,GSM674367,train,non_smoker
GSE27272,2,6,GSM674369,train,smoker
GSE27272,2,6,GSM674370,train,non_smoker
GSE27272,2,6,GSM674371,train,non_smoker
GSE27272,2,6,GSM674372,train,smoker
GSE27272,2,6,GSM674373,train,non_smoker
GSE27272,2,6,GSM674374,train,smoker
GSE27272,2,6,GSM674375,train,non_smoker
GSE27272,2,6,GSM674376,train,smoker
GSE27272,2,6,GSM674377,train,smoker
GSE27272,2,6,GSM674378,train,smoker
GSE27272,2,6,GSM674380,train,non_smoker
GSE27272,2,6,GSM674381,train,non_smoker
GSE27272,2,6,GSM674382,train,non_smoker
GSE27272,2,6,GSM674383,train,smoker
GSE27272,2,6,GSM674384,train,non_smoker
GSE27272,2,6,GSM674385,train,non_smoker
GSE27272,2,6,GSM674386,train,smoker
GSE27272,2,6,GSM674387,train,smoker
GSE27272,2,6,GSM674388,train,non_smoker
GSE27272,2,6,GSM674389,train,non_smoker
GSE27272,2,6,GSM674390,train,non_smoker
GSE27272,2,6,GSM674391,train,non_smoker
GSE27272,2,6,GSM674392,train,smoker
GSE27272,2,6,GSM674393,train,non_smoker
GSE27272,2,6,GSM674394,train,non_smoker
GSE27272,2,6,GSM674395,train,non_smoker
GSE27272,2,6,GSM674396,train,smoker
GSE27272,2,6,GSM674397,train,non_smoker
GSE27272,2,6,GSM674398,train,non_smoker
GSE27272,2,6,GSM674399,train,smoker
GSE27272,2,6,GSM674400,train,non_smoker
GSE27272,2,6,GSM674401,train,non_smoker
GSE27272,2,6,GSM674402,train,non_smoker
GSE27272,2,6,GSM674403,train,non_smoker
GSE27272,2,6,GSM674404,train,smoker
GSE27272,2,6,GSM674405,train,non_smoker
GSE27272,2,6,GSM674406,train,non_smoker
GSE27272,2,6,GSM674407,train,non_smoker
GSE27272,2,6,GSM674184,test,non_smoker
GSE27272,2,6,GSM674193,test,non_smoker
GSE27272,2,6,GSM674194,test,non_smoker
GSE27272,2,6,GSM674209,test,non_smoker
GSE27272,2,6,GSM674218,test,non_smoker
GSE27272,2,6,GSM674221,test,non_smoker
GSE27272,2,6,GSM674224,test,smoker
GSE27272,2,6,GSM674227,test,smoker
GSE27272,2,6,GSM674232,test,non_smoker
GSE27272,2,6,GSM674236,test,non_smoker
GSE27272,2,6,GSM674306,test,non_smoker
GSE27272,2,6,GSM674319,test,smoker
GSE27272,2,6,GSM674331,test,non_smoker
GSE27272,2,6,GSM674333,test,smoker
GSE27272,2,6,GSM674355,test,non_smoker
GSE27272,2,6,GSM674359,test,smoker
GSE27272,2,6,GSM674368,test,non_smoker
GSE27272,2,6,GSM674379,test,non_smoker
GSE27272,2,7,GSM674181,train,non_smoker
GSE27272,2,7,GSM674182,train,smoker
GSE27272,2,7,GSM674183,train,non_smoker
GSE27272,2,7,GSM674184,train,non_smoker
GSE27272,2,7,GSM674185,train,non_smoker
GSE27272,2,7,GSM674186,train,non_smoker
GSE27272,2,7,GSM674187,train,non_smoker
GSE27272,2,7,GSM674188,train,smoker
GSE27272,2,7,GSM674189,train,smoker
GSE27272,2,7,GSM674190,train,non_smoker
GSE27272,2,7,GSM674191,train,non_smoker
GSE27272,2,7,GSM674192,train,non_smoker
GSE27272,2,7,GSM674193,train,non_smoker
GSE27272,2,7,GSM674194,train,non_smoker
GSE27272,2,7,GSM674195,train,non_smoker
GSE27272,2,7,GSM674196,train,smoker
GSE27272,2,7,GSM674197,train,smoker
GSE27272,2,7,GSM674198,train,non_smoker
GSE27272,2,7,GSM674199,train,smoker
GSE27272,2,7,GSM674200,train,non_smoker
GSE27272,2,7,GSM674201,train,non_smoker
GSE27272,2,7,GSM674202,train,non_smoker
GSE27272,2,7,GSM674203,train,non_smoker
GSE27272,2,7,GSM674204,train,non_smoker
GSE27272,2,7,GSM674205,train,non_smoker
GSE27272,2,7,GSM674206,train,non_smoker
GSE27272,2,7,GSM674207,train,smoker
GSE27272,2,7,GSM674208,train,non_smoker
GSE27272,2,7,GSM674209,train,non_smoker
GSE27272,2,7,GSM674211,train,smoker
GSE27272,2,7,GSM674212,train,non_smoker
GSE27272,2,7,GSM674213,train,smoker
GSE27272,2,7,GSM674214,train,non_smoker
GSE27272,2,7,GSM674215,train,smoker
GSE27272,2,7,GSM674216,train,smoker
GSE27272,2,7,GSM674217,train,smoker
GSE27272,2,7,GSM674218,train,non_smoker
GSE27272,2,7,GSM674219,train,non_smoker
GSE27272,2,7,GSM674220,train,non_smoker
GSE27272,2,7,GSM674221,train,non_smoker
GSE27272,2,7,GSM674222,train,smoker
GSE27272,2,7,GSM674224,train,smoker
GSE27272,2,7,GSM674225,train,non_smoker
GSE27272,2,7,GSM674226,train,non_smoker
GSE27272,2,7,GSM674227,train,smoker
GSE27272,2,7,GSM674228,train,smoker
GSE27272,2,7,GSM674229,train,non_smoker
GSE27272,2,7,GSM674230,train,non_smoker
GSE27272,2,7,GSM674231,train,non_smoker
GSE27272,2,7,GSM674232,train,non_smoker
GSE27272,2,7,GSM674234,train,non_smoker
GSE27272,2,7,GSM674235,train,non_smoker
GSE27272,2,7,GSM674236,train,non_smoker
GSE27272,2,7,GSM674237,train,non_smoker
GSE27272,2,7,GSM674238,train,smoker
GSE27272,2,7,GSM674239,train,non_smoker
GSE27272,2,7,GSM674240,train,non_smoker
GSE27272,2,7,GSM674241,train,smoker
GSE27272,2,7,GSM674242,train,non_smoker
GSE27272,2,7,GSM674244,train,non_smoker
GSE27272,2,7,GSM674245,train,non_smoker
GSE27272,2,7,GSM674283,train,smoker
GSE27272,2,7,GSM674284,train,non_smoker
GSE27272,2,7,GSM674285,train,non_smoker
GSE27272,2,7,GSM674286,train,smoker
GSE27272,2,7,GSM674287,train,non_smoker
GSE27272,2,7,GSM674288,train,non_smoker
GSE27272,2,7,GSM674289,train,non_smoker
GSE27272,2,7,GSM674290,train,non_smoker
GSE27272,2,7,GSM674291,train,non_smoker
GSE27272,2,7,GSM674292,train,non_smoker
GSE27272,2,7,GSM674294,train,smoker
GSE27272,2,7,GSM674295,train,non_smoker
GSE27272,2,7,GSM674297,train,non_smoker
GSE27272,2,7,GSM674299,train,non_smoker
GSE27272,2,7,GSM674300,train,non_smoker
GSE27272,2,7,GSM674301,train,non_smoker
GSE27272,2,7,GSM674302,train,non_smoker
GSE27272,2,7,GSM674303,train,smoker
GSE27272,2,7,GSM674304,train,non_smoker
GSE27272,2,7,GSM674305,train,non_smoker
GSE27272,2,7,GSM674306,train,non_smoker
GSE27272,2,7,GSM674307,train,smoker
GSE27272,2,7,GSM674308,train,non_smoker
GSE27272,2,7,GSM674309,train,non_smoker
GSE27272,2,7,GSM674310,train,smoker
GSE27272,2,7,GSM674311,train,smoker
GSE27272,2,7,GSM674312,train,smoker
GSE27272,2,7,GSM674313,train,non_smoker
GSE27272,2,7,GSM674314,train,non_smoker
GSE27272,2,7,GSM674315,train,non_smoker
GSE27272,2,7,GSM674316,train,non_smoker
GSE27272,2,7,GSM674317,train,smoker
GSE27272,2,7,GSM674318,train,non_smoker
GSE27272,2,7,GSM674319,train,smoker
GSE27272,2,7,GSM674320,train,non_smoker
GSE27272,2,7,GSM674322,train,smoker
GSE27272,2,7,GSM674324,train,non_smoker
GSE27272,2,7,GSM674325,train,non_smoker
GSE27272,2,7,GSM674326,train,smoker
GSE27272,2,7,GSM674327,train,non_smoker
GSE27272,2,7,GSM674328,train,non_smoker
GSE27272,2,7,GSM674329,train,smoker
GSE27272,2,7,GSM674330,train,non_smoker
GSE27272,2,7,GSM674331,train,non_smoker
GSE27272,2,7,GSM674332,train,non_smoker
GSE27272,2,7,GSM674333,train,smoker
GSE27272,2,7,GSM674334,train,non_smoker
GSE27272,2,7,GSM674335,train,non_smoker
GSE27272,2,7,GSM674344,train,non_smoker
GSE27272,2,7,GSM674345,train,smoker
GSE27272,2,7,GSM674346,train,non_smoker
GSE27272,2,7,GSM674347,train,non_smoker
GSE27272,2,7,GSM674348,train,non_smoker
GSE27272,2,7,GSM674349,train,non_smoker
GSE27272,2,7,GSM674350,train,non_smoker
GSE27272,2,7,GSM674351,train,smoker
GSE27272,2,7,GSM674352,train,smoker
GSE27272,2,7,GSM674353,train,non_smoker
GSE27272,2,7,GSM674354,train,non_smoker
GSE27272,2,7,GSM674355,train,non_smoker
GSE27272,2,7,GSM674357,train,non_smoker
GSE27272,2,7,GSM674358,train,non_smoker
GSE27272,2,7,GSM674359,train,smoker
GSE27272,2,7,GSM674360,train,smoker
GSE27272,2,7,GSM674361,train,non_smoker
GSE27272,2,7,GSM674362,train,smoker
GSE27272,2,7,GSM674363,train,non_smoker
GSE27272,2,7,GSM674364,train,non_smoker
GSE27272,2,7,GSM674365,train,non_smoker
GSE27272,2,7,GSM674368,train,non_smoker
GSE27272,2,7,GSM674369,train,smoker
GSE27272,2,7,GSM674370,train,non_smoker
GSE27272,2,7,GSM674371,train,non_smoker
GSE27272,2,7,GSM674372,train,smoker
GSE27272,2,7,GSM674373,train,non_smoker
GSE27272,2,7,GSM674374,train,smoker
GSE27272,2,7,GSM674375,train,non_smoker
GSE27272,2,7,GSM674376,train,smoker
GSE27272,2,7,GSM674377,train,smoker
GSE27272,2,7,GSM674378,train,smoker
GSE27272,2,7,GSM674379,train,non_smoker
GSE27272,2,7,GSM674380,train,non_smoker
GSE27272,2,7,GSM674381,train,non_smoker
GSE27272,2,7,GSM674382,train,non_smoker
GSE27272,2,7,GSM674383,train,smoker
GSE27272,2,7,GSM674384,train,non_smoker
GSE27272,2,7,GSM674386,train,smoker
GSE27272,2,7,GSM674388,train,non_smoker
GSE27272,2,7,GSM674389,train,non_smoker
GSE27272,2,7,GSM674390,train,non_smoker
GSE27272,2,7,GSM674391,train,non_smoker
GSE27272,2,7,GSM674392,train,smoker
GSE27272,2,7,GSM674393,train,non_smoker
GSE27272,2,7,GSM674394,train,non_smoker
GSE27272,2,7,GSM674395,train,non_smoker
GSE27272,2,7,GSM674396,train,smoker
GSE27272,2,7,GSM674397,train,non_smoker
GSE27272,2,7,GSM674398,train,non_smoker
GSE27272,2,7,GSM674399,train,smoker
GSE27272,2,7,GSM674400,train,non_smoker
GSE27272,2,7,GSM674401,train,non_smoker
GSE27272,2,7,GSM674404,train,smoker
GSE27272,2,7,GSM674406,train,non_smoker
GSE27272,2,7,GSM674407,train,non_smoker
GSE27272,2,7,GSM674210,test,non_smoker
GSE27272,2,7,GSM674223,test,non_smoker
GSE27272,2,7,GSM674233,test,smoker
GSE27272,2,7,GSM674243,test,non_smoker
GSE27272,2,7,GSM674282,test,non_smoker
GSE27272,2,7,GSM674293,test,smoker
GSE27272,2,7,GSM674296,test,smoker
GSE27272,2,7,GSM674298,test,non_smoker
GSE27272,2,7,GSM674321,test,smoker
GSE27272,2,7,GSM674323,test,non_smoker
GSE27272,2,7,GSM674356,test,non_smoker
GSE27272,2,7,GSM674366,test,non_smoker
GSE27272,2,7,GSM674367,test,non_smoker
GSE27272,2,7,GSM674385,test,non_smoker
GSE27272,2,7,GSM674387,test,smoker
GSE27272,2,7,GSM674402,test,non_smoker
GSE27272,2,7,GSM674403,test,non_smoker
GSE27272,2,7,GSM674405,test,non_smoker
GSE27272,2,8,GSM674181,train,non_smoker
GSE27272,2,8,GSM674182,train,smoker
GSE27272,2,8,GSM674184,train,non_smoker
GSE27272,2,8,GSM674185,train,non_smoker
GSE27272,2,8,GSM674186,train,non_smoker
GSE27272,2,8,GSM674188,train,smoker
GSE27272,2,8,GSM674189,train,smoker
GSE27272,2,8,GSM674190,train,non_smoker
GSE27272,2,8,GSM674192,train,non_smoker
GSE27272,2,8,GSM674193,train,non_smoker
GSE27272,2,8,GSM674194,train,non_smoker
GSE27272,2,8,GSM674196,train,smoker
GSE27272,2,8,GSM674197,train,smoker
GSE27272,2,8,GSM674198,train,non_smoker
GSE27272,2,8,GSM674199,train,smoker
GSE27272,2,8,GSM674200,train,non_smoker
GSE27272,2,8,GSM674201,train,non_smoker
GSE27272,2,8,GSM674202,train,non_smoker
GSE27272,2,8,GSM674203,train,non_smoker
GSE27272,2,8,GSM674204,train,non_smoker
GSE27272,2,8,GSM674206,train,non_smoker
GSE27272,2,8,GSM674207,train,smoker
GSE27272,2,8,GSM674209,train,non_smoker
GSE27272,2,8,GSM674210,train,non_smoker
GSE27272,2,8,GSM674212,train,non_smoker
GSE27272,2,8,GSM674213,train,smoker
GSE27272,2,8,GSM674216,train,smoker
GSE27272,2,8,GSM674217,train,smoker
GSE27272,2,8,GSM674218,train,non_smoker
GSE27272,2,8,GSM674219,train,non_smoker
GSE27272,2,8,GSM674220,train,non_smoker
GSE27272,2,8,GSM674221,train,non_smoker
GSE27272,2,8,GSM674222,train,smoker
GSE27272,2,8,GSM674223,train,non_smoker
GSE27272,2,8,GSM674224,train,smoker
GSE27272,2,8,GSM674225,train,non_smoker
GSE27272,2,8,GSM674226,train,non_smoker
GSE27272,2,8,GSM674227,train,smoker
GSE27272,2,8,GSM674228,train,smoker
GSE27272,2,8,GSM674229,train,non_smoker
GSE27272,2,8,GSM674230,train,non_smoker
GSE27272,2,8,GSM674231,train,non_smoker
GSE27272,2,8,GSM674232,train,non_smoker
GSE27272,2,8,GSM674233,train,smoker
GSE27272,2,8,GSM674234,train,non_smoker
GSE27272,2,8,GSM674235,train,non_smoker
GSE27272,2,8,GSM674236,train,non_smoker
GSE27272,2,8,GSM674238,train,smoker
GSE27272,2,8,GSM674239,train,non_smoker
GSE27272,2,8,GSM674240,train,non_smoker
GSE27272,2,8,GSM674241,train,smoker
GSE27272,2,8,GSM674243,train,non_smoker
GSE27272,2,8,GSM674244,train,non_smoker
GSE27272,2,8,GSM674245,train,non_smoker
GSE27272,2,8,GSM674282,train,non_smoker
GSE27272,2,8,GSM674283,train,smoker
GSE27272,2,8,GSM674284,train,non_smoker
GSE27272,2,8,GSM674285,train,non_smoker
GSE27272,2,8,GSM674286,train,smoker
GSE27272,2,8,GSM674287,train,non_smoker
GSE27272,2,8,GSM674288,train,non_smoker
GSE27272,2,8,GSM674289,train,non_smoker
GSE27272,2,8,GSM674290,train,non_smoker
GSE27272,2,8,GSM674291,train,non_smoker
GSE27272,2,8,GSM674292,train,non_smoker
GSE27272,2,8,GSM674293,train,smoker
GSE27272,2,8,GSM674294,train,smoker
GSE27272,2,8,GSM674295,train,non_smoker
GSE27272,2,8,GSM674296,train,smoker
GSE27272,2,8,GSM674297,train,non_smoker
GSE27272,2,8,GSM674298,train,non_smoker
GSE27272,2,8,GSM674299,train,non_smoker
GSE27272,2,8,GSM674300,train,non_smoker
GSE27272,2,8,GSM674301,train,non_smoker
GSE27272,2,8,GSM674302,train,non_smoker
GSE27272,2,8,GSM674303,train,smoker
GSE27272,2,8,GSM674304,train,non_smoker
GSE27272,2,8,GSM674305,train,non_smoker
GSE27272,2,8,GSM674306,train,non_smoker
GSE27272,2,8,GSM674307,train,smoker
GSE27272,2,8,GSM674308,train,non_smoker
GSE27272,2,8,GSM674309,train,non_smoker
GSE27272,2,8,GSM674310,train,smoker
GSE27272,2,8,GSM674311,train,smoker
GSE27272,2,8,GSM674312,train,smoker
GSE27272,2,8,GSM674313,train,non_smoker
GSE27272,2,8,GSM674314,train,non_smoker
GSE27272,2,8,GSM674315,train,non_smoker
GSE27272,2,8,GSM674316,train,non_smoker
GSE27272,2,8,GSM674317,train,smoker
GSE27272,2,8,GSM674318,train,non_smoker
GSE27272,2,8,GSM674319,train,smoker
GSE27272,2,8,GSM674320,train,non_smoker
GSE27272,2,8,GSM674321,train,smoker
GSE27272,2,8,GSM674322,train,smoker
GSE27272,2,8,GSM674323,train,non_smoker
GSE27272,2,8,GSM674324,train,non_smoker
GSE27272,2,8,GSM674325,train,non_smoker
GSE27272,2,8,GSM674327,train,non_smoker
GSE27272,2,8,GSM674328,train,non_smoker
GSE27272,2,8,GSM674330,train,non_smoker
GSE27272,2,8,GSM674331,train,non_smoker
GSE27272,2,8,GSM674332,train,non_smoker
GSE27272,2,8,GSM674333,train,smoker
GSE27272,2,8,GSM674334,train,non_smoker
GSE27272,2,8,GSM674335,train,non_smoker
GSE27272,2,8,GSM674344,train,non_smoker
GSE27272,2,8,GSM674345,train,smoker
GSE27272,2,8,GSM674346,train,non_smoker
GSE27272,2,8,GSM674347,train,non_smoker
GSE27272,2,8,GSM674348,train,non_smoker
GSE27272,2,8,GSM674349,train,non_smoker
GSE27272,2,8,GSM674351,train,smoker
GSE27272,2,8,GSM674352,train,smoker
GSE27272,2,8,GSM674353,train,non_smoker
GSE27272,2,8,GSM674354,train,non_smoker
GSE27272,2,8,GSM674355,train,non_smoker
GSE27272,2,8,GSM674356,train,non_smoker
GSE27272,2,8,GSM674357,train,non_smoker
GSE27272,2,8,GSM674358,train,non_smoker
GSE27272,2,8,GSM674359,train,smoker
GSE27272,2,8,GSM674360,train,smoker
GSE27272,2,8,GSM674361,train,non_smoker
GSE27272,2,8,GSM674362,train,smoker
GSE27272,2,8,GSM674363,train,non_smoker
GSE27272,2,8,GSM674364,train,non_smoker
GSE27272,2,8,GSM674365,train,non_smoker
GSE27272,2,8,GSM674366,train,non_smoker
GSE27272,2,8,GSM674367,train,non_smoker
GSE27272,2,8,GSM674368,train,non_smoker
GSE27272,2,8,GSM674369,train,smoker
GSE27272,2,8,GSM674370,train,non_smoker
GSE27272,2,8,GSM674371,train,non_smoker
GSE27272,2,8,GSM674372,train,smoker
GSE27272,2,8,GSM674373,train,non_smoker
GSE27272,2,8,GSM674374,train,smoker
GSE27272,2,8,GSM674375,train,non_smoker
GSE27272,2,8,GSM674376,train,smoker
GSE27272,2,8,GSM674377,train,smoker
GSE27272,2,8,GSM674379,train,non_smoker
GSE27272,2,8,GSM674380,train,non_smoker
GSE27272,2,8,GSM674382,train,non_smoker
GSE27272,2,8,GSM674383,train,smoker
GSE27272,2,8,GSM674384,train,non_smoker
GSE27272,2,8,GSM674385,train,non_smoker
GSE27272,2,8,GSM674386,train,smoker
GSE27272,2,8,GSM674387,train,smoker
GSE27272,2,8,GSM674388,train,non_smoker
GSE27272,2,8,GSM674389,train,non_smoker
GSE27272,2,8,GSM674390,train,non_smoker
GSE27272,2,8,GSM674391,train,non_smoker
GSE27272,2,8,GSM674392,train,smoker
GSE27272,2,8,GSM674393,train,non_smoker
GSE27272,2,8,GSM674394,train,non_smoker
GSE27272,2,8,GSM674395,train,non_smoker
GSE27272,2,8,GSM674396,train,smoker
GSE27272,2,8,GSM674398,train,non_smoker
GSE27272,2,8,GSM674399,train,smoker
GSE27272,2,8,GSM674400,train,non_smoker
GSE27272,2,8,GSM674401,train,non_smoker
GSE27272,2,8,GSM674402,train,non_smoker
GSE27272,2,8,GSM674403,train,non_smoker
GSE27272,2,8,GSM674404,train,smoker
GSE27272,2,8,GSM674405,train,non_smoker
GSE27272,2,8,GSM674406,train,non_smoker
GSE27272,2,8,GSM674183,test,non_smoker
GSE27272,2,8,GSM674187,test,non_smoker
GSE27272,2,8,GSM674191,test,non_smoker
GSE27272,2,8,GSM674195,test,non_smoker
GSE27272,2,8,GSM674205,test,non_smoker
GSE27272,2,8,GSM674208,test,non_smoker
GSE27272,2,8,GSM674211,test,smoker
GSE27272,2,8,GSM674214,test,non_smoker
GSE27272,2,8,GSM674215,test,smoker
GSE27272,2,8,GSM674237,test,non_smoker
GSE27272,2,8,GSM674242,test,non_smoker
GSE27272,2,8,GSM674326,test,smoker
GSE27272,2,8,GSM674329,test,smoker
GSE27272,2,8,GSM674350,test,non_smoker
GSE27272,2,8,GSM674378,test,smoker
GSE27272,2,8,GSM674381,test,non_smoker
GSE27272,2,8,GSM674397,test,non_smoker
GSE27272,2,8,GSM674407,test,non_smoker
GSE27272,2,9,GSM674181,train,non_smoker
GSE27272,2,9,GSM674182,train,smoker
GSE27272,2,9,GSM674183,train,non_smoker
GSE27272,2,9,GSM674184,train,non_smoker
GSE27272,2,9,GSM674185,train,non_smoker
GSE27272,2,9,GSM674186,train,non_smoker
GSE27272,2,9,GSM674187,train,non_smoker
GSE27272,2,9,GSM674189,train,smoker
GSE27272,2,9,GSM674191,train,non_smoker
GSE27272,2,9,GSM674192,train,non_smoker
GSE27272,2,9,GSM674193,train,non_smoker
GSE27272,2,9,GSM674194,train,non_smoker
GSE27272,2,9,GSM674195,train,non_smoker
GSE27272,2,9,GSM674196,train,smoker
GSE27272,2,9,GSM674197,train,smoker
GSE27272,2,9,GSM674198,train,non_smoker
GSE27272,2,9,GSM674199,train,smoker
GSE27272,2,9,GSM674200,train,non_smoker
GSE27272,2,9,GSM674201,train,non_smoker
GSE27272,2,9,GSM674202,train,non_smoker
GSE27272,2,9,GSM674203,train,non_smoker
GSE27272,2,9,GSM674205,train,non_smoker
GSE27272,2,9,GSM674206,train,non_smoker
GSE27272,2,9,GSM674207,train,smoker
GSE27272,2,9,GSM674208,train,non_smoker
GSE27272,2,9,GSM674209,train,non_smoker
GSE27272,2,9,GSM674210,train,non_smoker
GSE27272,2,9,GSM674211,train,smoker
GSE27272,2,9,GSM674212,train,non_smoker
GSE27272,2,9,GSM674213,train,smoker
GSE27272,2,9,GSM674214,train,non_smoker
GSE27272,2,9,GSM674215,train,smoker
GSE27272,2,9,GSM674216,train,smoker
GSE27272,2,9,GSM674217,train,smoker
GSE27272,2,9,GSM674218,train,non_smoker
GSE27272,2,9,GSM674220,train,non_smoker
GSE27272,2,9,GSM674221,train,non_smoker
GSE27272,2,9,GSM674222,train,smoker
GSE27272,2,9,GSM674223,train,non_smoker
GSE27272,2,9,GSM674224,train,smoker
GSE27272,2,9,GSM674225,train,non_smoker
GSE27272,2,9,GSM674226,train,non_smoker
GSE27272,2,9,GSM674227,train,smoker
GSE27272,2,9,GSM674228,train,smoker
GSE27272,2,9,GSM674229,train,non_smoker
GSE27272,2,9,GSM674230,train,non_smoker
GSE27272,2,9,GSM674231,train,non_smoker
GSE27272,2,9,GSM674232,train,non_smoker
GSE27272,2,9,GSM674233,train,smoker
GSE27272,2,9,GSM674235,train,non_smoker
GSE27272,2,9,GSM674236,train,non_smoker
GSE27272,2,9,GSM674237,train,non_smoker
GSE27272,2,9,GSM674238,train,smoker
GSE27272,2,9,GSM674239,train,non_smoker
GSE27272,2,9,GSM674240,train,non_smoker
GSE27272,2,9,GSM674241,train,smoker
GSE27272,2,9,GSM674242,train,non_smoker
GSE27272,2,9,GSM674243,train,non_smoker
GSE27272,2,9,GSM674244,train,non_smoker
GSE27272,2,9,GSM674245,train,non_smoker
GSE27272,2,9,GSM674282,train,non_smoker
GSE27272,2,9,GSM674283,train,smoker
GSE27272,2,9,GSM674284,train,non_smoker
GSE27272,2,9,GSM674285,train,non_smoker
GSE27272,2,9,GSM674287,train,non_smoker
GSE27272,2,9,GSM674288,train,non_smoker
GSE27272,2,9,GSM674289,train,non_smoker
GSE27272,2,9,GSM674290,train,non_smoker
GSE27272,2,9,GSM674293,train,smoker
GSE27272,2,9,GSM674294,train,smoker
GSE27272,2,9,GSM674296,train,smoker
GSE27272,2,9,GSM674297,train,non_smoker
GSE27272,2,9,GSM674298,train,non_smoker
GSE27272,2,9,GSM674299,train,non_smoker
GSE27272,2,9,GSM674300,train,non_smoker
GSE27272,2,9,GSM674301,train,non_smoker
GSE27272,2,9,GSM674303,train,smoker
GSE27272,2,9,GSM674304,train,non_smoker
GSE27272,2,9,GSM674305,train,non_smoker
GSE27272,2,9,GSM674306,train,non_smoker
GSE27272,2,9,GSM674307,train,smoker
GSE27272,2,9,GSM674308,train,non_smoker
GSE27272,2,9,GSM674309,train,non_smoker
GSE27272,2,9,GSM674310,train,smoker
GSE27272,2,9,GSM674311,train,smoker
GSE27272,2,9,GSM674312,train,smoker
GSE27272,2,9,GSM674314,train,non_smoker
GSE27272,2,9,GSM674315,train,non_smoker
GSE27272,2,9,GSM674316,train,non_smoker
GSE27272,2,9,GSM674317,train,smoker
GSE27272,2,9,GSM674318,train,non_smoker
GSE27272,2,9,GSM674319,train,smoker
GSE27272,2,9,GSM674320,train,non_smoker
GSE27272,2,9,GSM674321,train,smoker
GSE27272,2,9,GSM674322,train,smoker
GSE27272,2,9,GSM674323,train,non_smoker
GSE27272,2,9,GSM674324,train,non_smoker
GSE27272,2,9,GSM674325,train,non_smoker
GSE27272,2,9,GSM674326,train,smoker
GSE27272,2,9,GSM674327,train,non_smoker
GSE27272,2,9,GSM674328,train,non_smoker
GSE27272,2,9,GSM674329,train,smoker
GSE27272,2,9,GSM674330,train,non_smoker
GSE27272,2,9,GSM674331,train,non_smoker
GSE27272,2,9,GSM674332,train,non_smoker
GSE27272,2,9,GSM674333,train,smoker
GSE27272,2,9,GSM674334,train,non_smoker
GSE27272,2,9,GSM674335,train,non_smoker
GSE27272,2,9,GSM674344,train,non_smoker
GSE27272,2,9,GSM674345,train,smoker
GSE27272,2,9,GSM674346,train,non_smoker
GSE27272,2,9,GSM674347,train,non_smoker
GSE27272,2,9,GSM674348,train,non_smoker
GSE27272,2,9,GSM674349,train,non_smoker
GSE27272,2,9,GSM674350,train,non_smoker
GSE27272,2,9,GSM674352,train,smoker
GSE27272,2,9,GSM674353,train,non_smoker
GSE27272,2,9,GSM674354,train,non_smoker
GSE27272,2,9,GSM674355,train,non_smoker
GSE27272,2,9,GSM674356,train,non_smoker
GSE27272,2,9,GSM674358,train,non_smoker
GSE27272,2,9,GSM674359,train,smoker
GSE27272,2,9,GSM674360,train,smoker
GSE27272,2,9,GSM674361,train,non_smoker
GSE27272,2,9,GSM674362,train,smoker
GSE27272,2,9,GSM674363,train,non_smoker
GSE27272,2,9,GSM674364,train,non_smoker
GSE27272,2,9,GSM674365,train,non_smoker
GSE27272,2,9,GSM674366,train,non_smoker
GSE27272,2,9,GSM674367,train,non_smoker
GSE27272,2,9,GSM674368,train,non_smoker
GSE27272,2,9,GSM674369,train,smoker
GSE27272,2,9,GSM674370,train,non_smoker
GSE27272,2,9,GSM674371,train,non_smoker
GSE27272,2,9,GSM674373,train,non_smoker
GSE27272,2,9,GSM674374,train,smoker
GSE27272,2,9,GSM674375,train,non_smoker
GSE27272,2,9,GSM674376,train,smoker
GSE27272,2,9,GSM674377,train,smoker
GSE27272,2,9,GSM674378,train,smoker
GSE27272,2,9,GSM674379,train,non_smoker
GSE27272,2,9,GSM674380,train,non_smoker
GSE27272,2,9,GSM674381,train,non_smoker
GSE27272,2,9,GSM674382,train,non_smoker
GSE27272,2,9,GSM674384,train,non_smoker
GSE27272,2,9,GSM674385,train,non_smoker
GSE27272,2,9,GSM674386,train,smoker
GSE27272,2,9,GSM674387,train,smoker
GSE27272,2,9,GSM674389,train,non_smoker
GSE27272,2,9,GSM674390,train,non_smoker
GSE27272,2,9,GSM674391,train,non_smoker
GSE27272,2,9,GSM674392,train,smoker
GSE27272,2,9,GSM674393,train,non_smoker
GSE27272,2,9,GSM674394,train,non_smoker
GSE27272,2,9,GSM674395,train,non_smoker
GSE27272,2,9,GSM674396,train,smoker
GSE27272,2,9,GSM674397,train,non_smoker
GSE27272,2,9,GSM674399,train,smoker
GSE27272,2,9,GSM674400,train,non_smoker
GSE27272,2,9,GSM674401,train,non_smoker
GSE27272,2,9,GSM674402,train,non_smoker
GSE27272,2,9,GSM674403,train,non_smoker
GSE27272,2,9,GSM674404,train,smoker
GSE27272,2,9,GSM674405,train,non_smoker
GSE27272,2,9,GSM674406,train,non_smoker
GSE27272,2,9,GSM674407,train,non_smoker
GSE27272,2,9,GSM674188,test,smoker
GSE27272,2,9,GSM674190,test,non_smoker
GSE27272,2,9,GSM674204,test,non_smoker
GSE27272,2,9,GSM674219,test,non_smoker
GSE27272,2,9,GSM674234,test,non_smoker
GSE27272,2,9,GSM674286,test,smoker
GSE27272,2,9,GSM674291,test,non_smoker
GSE27272,2,9,GSM674292,test,non_smoker
GSE27272,2,9,GSM674295,test,non_smoker
GSE27272,2,9,GSM674302,test,non_smoker
GSE27272,2,9,GSM674313,test,non_smoker
GSE27272,2,9,GSM674351,test,smoker
GSE27272,2,9,GSM674357,test,non_smoker
GSE27272,2,9,GSM674372,test,smoker
GSE27272,2,9,GSM674383,test,smoker
GSE27272,2,9,GSM674388,test,non_smoker
GSE27272,2,9,GSM674398,test,non_smoker
GSE27272,2,10,GSM674181,train,non_smoker
GSE27272,2,10,GSM674182,train,smoker
GSE27272,2,10,GSM674183,train,non_smoker
GSE27272,2,10,GSM674184,train,non_smoker
GSE27272,2,10,GSM674185,train,non_smoker
GSE27272,2,10,GSM674186,train,non_smoker
GSE27272,2,10,GSM674187,train,non_smoker
GSE27272,2,10,GSM674188,train,smoker
GSE27272,2,10,GSM674189,train,smoker
GSE27272,2,10,GSM674190,train,non_smoker
GSE27272,2,10,GSM674191,train,non_smoker
GSE27272,2,10,GSM674192,train,non_smoker
GSE27272,2,10,GSM674193,train,non_smoker
GSE27272,2,10,GSM674194,train,non_smoker
GSE27272,2,10,GSM674195,train,non_smoker
GSE27272,2,10,GSM674196,train,smoker
GSE27272,2,10,GSM674197,train,smoker
GSE27272,2,10,GSM674198,train,non_smoker
GSE27272,2,10,GSM674199,train,smoker
GSE27272,2,10,GSM674201,train,non_smoker
GSE27272,2,10,GSM674202,train,non_smoker
GSE27272,2,10,GSM674203,train,non_smoker
GSE27272,2,10,GSM674204,train,non_smoker
GSE27272,2,10,GSM674205,train,non_smoker
GSE27272,2,10,GSM674206,train,non_smoker
GSE27272,2,10,GSM674207,train,smoker
GSE27272,2,10,GSM674208,train,non_smoker
GSE27272,2,10,GSM674209,train,non_smoker
GSE27272,2,10,GSM674210,train,non_smoker
GSE27272,2,10,GSM674211,train,smoker
GSE27272,2,10,GSM674212,train,non_smoker
GSE27272,2,10,GSM674213,train,smoker
GSE27272,2,10,GSM674214,train,non_smoker
GSE27272,2,10,GSM674215,train,smoker
GSE27272,2,10,GSM674216,train,smoker
GSE27272,2,10,GSM674217,train,smoker
GSE27272,2,10,GSM674218,train,non_smoker
GSE27272,2,10,GSM674219,train,non_smoker
GSE27272,2,10,GSM674220,train,non_smoker
GSE27272,2,10,GSM674221,train,non_smoker
GSE27272,2,10,GSM674222,train,smoker
GSE27272,2,10,GSM674223,train,non_smoker
GSE27272,2,10,GSM674224,train,smoker
GSE27272,2,10,GSM674225,train,non_smoker
GSE27272,2,10,GSM674226,train,non_smoker
GSE27272,2,10,GSM674227,train,smoker
GSE27272,2,10,GSM674228,train,smoker
GSE27272,2,10,GSM674229,train,non_smoker
GSE27272,2,10,GSM674230,train,non_smoker
GSE27272,2,10,GSM674231,train,non_smoker
GSE27272,2,10,GSM674232,train,non_smoker
GSE27272,2,10,GSM674233,train,smoker
GSE27272,2,10,GSM674234,train,non_smoker
GSE27272,2,10,GSM674235,train,non_smoker
GSE27272,2,10,GSM674236,train,non_smoker
GSE27272,2,10,GSM674237,train,non_smoker
GSE27272,2,10,GSM674238,train,smoker
GSE27272,2,10,GSM674239,train,non_smoker
GSE27272,2,10,GSM674240,train,non_smoker
GSE27272,2,10,GSM674242,train,non_smoker
GSE27272,2,10,GSM674243,train,non_smoker
GSE27272,2,10,GSM674244,train,non_smoker
GSE27272,2,10,GSM674245,train,non_smoker
GSE27272,2,10,GSM674282,train,non_smoker
GSE27272,2,10,GSM674283,train,smoker
GSE27272,2,10,GSM674284,train,non_smoker
GSE27272,2,10,GSM674285,train,non_smoker
GSE27272,2,10,GSM674286,train,smoker
GSE27272,2,10,GSM674287,train,non_smoker
GSE27272,2,10,GSM674288,train,non_smoker
GSE27272,2,10,GSM674289,train,non_smoker
GSE27272,2,10,GSM674291,train,non_smoker
GSE27272,2,10,GSM674292,train,non_smoker
GSE27272,2,10,GSM674293,train,smoker
GSE27272,2,10,GSM674295,train,non_smoker
GSE27272,2,10,GSM674296,train,smoker
GSE27272,2,10,GSM674297,train,non_smoker
GSE27272,2,10,GSM674298,train,non_smoker
GSE27272,2,10,GSM674300,train,non_smoker
GSE27272,2,10,GSM674301,train,non_smoker
GSE27272,2,10,GSM674302,train,non_smoker
GSE27272,2,10,GSM674303,train,smoker
GSE27272,2,10,GSM674304,train,non_smoker
GSE27272,2,10,GSM674306,train,non_smoker
GSE27272,2,10,GSM674307,train,smoker
GSE27272,2,10,GSM674308,train,non_smoker
GSE27272,2,10,GSM674311,train,smoker
GSE27272,2,10,GSM674312,train,smoker
GSE27272,2,10,GSM674313,train,non_smoker
GSE27272,2,10,GSM674314,train,non_smoker
GSE27272,2,10,GSM674315,train,non_smoker
GSE27272,2,10,GSM674316,train,non_smoker
GSE27272,2,10,GSM674318,train,non_smoker
GSE27272,2,10,GSM674319,train,smoker
GSE27272,2,10,GSM674320,train,non_smoker
GSE27272,2,10,GSM674321,train,smoker
GSE27272,2,10,GSM674323,train,non_smoker
GSE27272,2,10,GSM674324,train,non_smoker
GSE27272,2,10,GSM674325,train,non_smoker
GSE27272,2,10,GSM674326,train,smoker
GSE27272,2,10,GSM674327,train,non_smoker
GSE27272,2,10,GSM674329,train,smoker
GSE27272,2,10,GSM674330,train,non_smoker
GSE27272,2,10,GSM674331,train,non_smoker
GSE27272,2,10,GSM674332,train,non_smoker
GSE27272,2,10,GSM674333,train,smoker
GSE27272,2,10,GSM674334,train,non_smoker
GSE27272,2,10,GSM674344,train,non_smoker
GSE27272,2,10,GSM674345,train,smoker
GSE27272,2,10,GSM674346,train,non_smoker
GSE27272,2,10,GSM674349,train,non_smoker
GSE27272,2,10,GSM674350,train,non_smoker
GSE27272,2,10,GSM674351,train,smoker
GSE27272,2,10,GSM674352,train,smoker
GSE27272,2,10,GSM674353,train,non_smoker
GSE27272,2,10,GSM674354,train,non_smoker
GSE27272,2,10,GSM674355,train,non_smoker
GSE27272,2,10,GSM674356,train,non_smoker
GSE27272,2,10,GSM674357,train,non_smoker
GSE27272,2,10,GSM674358,train,non_smoker
GSE27272,2,10,GSM674359,train,smoker
GSE27272,2,10,GSM674360,train,smoker
GSE27272,2,10,GSM674361,train,non_smoker
GSE27272,2,10,GSM674362,train,smoker
GSE27272,2,10,GSM674363,train,non_smoker
GSE27272,2,10,GSM674364,train,non_smoker
GSE27272,2,10,GSM674365,train,non_smoker
GSE27272,2,10,GSM674366,train,non_smoker
GSE27272,2,10,GSM674367,train,non_smoker
GSE27272,2,10,GSM674368,train,non_smoker
GSE27272,2,10,GSM674369,train,smoker
GSE27272,2,10,GSM674370,train,non_smoker
GSE27272,2,10,GSM674371,train,non_smoker
GSE27272,2,10,GSM674372,train,smoker
GSE27272,2,10,GSM674373,train,non_smoker
GSE27272,2,10,GSM674374,train,smoker
GSE27272,2,10,GSM674375,train,non_smoker
GSE27272,2,10,GSM674376,train,smoker
GSE27272,2,10,GSM674377,train,smoker
GSE27272,2,10,GSM674378,train,smoker
GSE27272,2,10,GSM674379,train,non_smoker
GSE27272,2,10,GSM674380,train,non_smoker
GSE27272,2,10,GSM674381,train,non_smoker
GSE27272,2,10,GSM674382,train,non_smoker
GSE27272,2,10,GSM674383,train,smoker
GSE27272,2,10,GSM674384,train,non_smoker
GSE27272,2,10,GSM674385,train,non_smoker
GSE27272,2,10,GSM674386,train,smoker
GSE27272,2,10,GSM674387,train,smoker
GSE27272,2,10,GSM674388,train,non_smoker
GSE27272,2,10,GSM674389,train,non_smoker
GSE27272,2,10,GSM674390,train,non_smoker
GSE27272,2,10,GSM674392,train,smoker
GSE27272,2,10,GSM674393,train,non_smoker
GSE27272,2,10,GSM674394,train,non_smoker
GSE27272,2,10,GSM674396,train,smoker
GSE27272,2,10,GSM674397,train,non_smoker
GSE27272,2,10,GSM674398,train,non_smoker
GSE27272,2,10,GSM674399,train,smoker
GSE27272,2,10,GSM674401,train,non_smoker
GSE27272,2,10,GSM674402,train,non_smoker
GSE27272,2,10,GSM674403,train,non_smoker
GSE27272,2,10,GSM674404,train,smoker
GSE27272,2,10,GSM674405,train,non_smoker
GSE27272,2,10,GSM674406,train,non_smoker
GSE27272,2,10,GSM674407,train,non_smoker
GSE27272,2,10,GSM674200,test,non_smoker
GSE27272,2,10,GSM674241,test,smoker
GSE27272,2,10,GSM674290,test,non_smoker
GSE27272,2,10,GSM674294,test,smoker
GSE27272,2,10,GSM674299,test,non_smoker
GSE27272,2,10,GSM674305,test,non_smoker
GSE27272,2,10,GSM674309,test,non_smoker
GSE27272,2,10,GSM674310,test,smoker
GSE27272,2,10,GSM674317,test,smoker
GSE27272,2,10,GSM674322,test,smoker
GSE27272,2,10,GSM674328,test,non_smoker
GSE27272,2,10,GSM674335,test,non_smoker
GSE27272,2,10,GSM674347,test,non_smoker
GSE27272,2,10,GSM674348,test,non_smoker
GSE27272,2,10,GSM674391,test,non_smoker
GSE27272,2,10,GSM674395,test,non_smoker
GSE27272,2,10,GSM674400,test,non_smoker
GSE27272,3,1,GSM674181,train,non_smoker
GSE27272,3,1,GSM674182,train,smoker
GSE27272,3,1,GSM674183,train,non_smoker
GSE27272,3,1,GSM674184,train,non_smoker
GSE27272,3,1,GSM674185,train,non_smoker
GSE27272,3,1,GSM674187,train,non_smoker
GSE27272,3,1,GSM674188,train,smoker
GSE27272,3,1,GSM674189,train,smoker
GSE27272,3,1,GSM674190,train,non_smoker
GSE27272,3,1,GSM674191,train,non_smoker
GSE27272,3,1,GSM674192,train,non_smoker
GSE27272,3,1,GSM674193,train,non_smoker
GSE27272,3,1,GSM674194,train,non_smoker
GSE27272,3,1,GSM674195,train,non_smoker
GSE27272,3,1,GSM674196,train,smoker
GSE27272,3,1,GSM674197,train,smoker
GSE27272,3,1,GSM674198,train,non_smoker
GSE27272,3,1,GSM674199,train,smoker
GSE27272,3,1,GSM674200,train,non_smoker
GSE27272,3,1,GSM674201,train,non_smoker
GSE27272,3,1,GSM674203,train,non_smoker
GSE27272,3,1,GSM674204,train,non_smoker
GSE27272,3,1,GSM674205,train,non_smoker
GSE27272,3,1,GSM674206,train,non_smoker
GSE27272,3,1,GSM674207,train,smoker
GSE27272,3,1,GSM674208,train,non_smoker
GSE27272,3,1,GSM674209,train,non_smoker
GSE27272,3,1,GSM674210,train,non_smoker
GSE27272,3,1,GSM674211,train,smoker
GSE27272,3,1,GSM674212,train,non_smoker
GSE27272,3,1,GSM674213,train,smoker
GSE27272,3,1,GSM674214,train,non_smoker
GSE27272,3,1,GSM674215,train,smoker
GSE27272,3,1,GSM674217,train,smoker
GSE27272,3,1,GSM674219,train,non_smoker
GSE27272,3,1,GSM674220,train,non_smoker
GSE27272,3,1,GSM674221,train,non_smoker
GSE27272,3,1,GSM674222,train,smoker
GSE27272,3,1,GSM674223,train,non_smoker
GSE27272,3,1,GSM674224,train,smoker
GSE27272,3,1,GSM674225,train,non_smoker
GSE27272,3,1,GSM674227,train,smoker
GSE27272,3,1,GSM674228,train,smoker
GSE27272,3,1,GSM674229,train,non_smoker
GSE27272,3,1,GSM674230,train,non_smoker
GSE27272,3,1,GSM674232,train,non_smoker
GSE27272,3,1,GSM674234,train,non_smoker
GSE27272,3,1,GSM674235,train,non_smoker
GSE27272,3,1,GSM674236,train,non_smoker
GSE27272,3,1,GSM674238,train,smoker
GSE27272,3,1,GSM674239,train,non_smoker
GSE27272,3,1,GSM674240,train,non_smoker
GSE27272,3,1,GSM674241,train,smoker
GSE27272,3,1,GSM674242,train,non_smoker
GSE27272,3,1,GSM674243,train,non_smoker
GSE27272,3,1,GSM674244,train,non_smoker
GSE27272,3,1,GSM674245,train,non_smoker
GSE27272,3,1,GSM674282,train,non_smoker
GSE27272,3,1,GSM674284,train,non_smoker
GSE27272,3,1,GSM674285,train,non_smoker
GSE27272,3,1,GSM674286,train,smoker
GSE27272,3,1,GSM674287,train,non_smoker
GSE27272,3,1,GSM674288,train,non_smoker
GSE27272,3,1,GSM674289,train,non_smoker
GSE27272,3,1,GSM674291,train,non_smoker
GSE27272,3,1,GSM674292,train,non_smoker
GSE27272,3,1,GSM674295,train,non_smoker
GSE27272,3,1,GSM674297,train,non_smoker
GSE27272,3,1,GSM674298,train,non_smoker
GSE27272,3,1,GSM674299,train,non_smoker
GSE27272,3,1,GSM674300,train,non_smoker
GSE27272,3,1,GSM674301,train,non_smoker
GSE27272,3,1,GSM674302,train,non_smoker
GSE27272,3,1,GSM674303,train,smoker
GSE27272,3,1,GSM674304,train,non_smoker
GSE27272,3,1,GSM674305,train,non_smoker
GSE27272,3,1,GSM674306,train,non_smoker
GSE27272,3,1,GSM674307,train,smoker
GSE27272,3,1,GSM674308,train,non_smoker
GSE27272,3,1,GSM674309,train,non_smoker
GSE27272,3,1,GSM674310,train,smoker
GSE27272,3,1,GSM674311,train,smoker
GSE27272,3,1,GSM674312,train,smoker
GSE27272,3,1,GSM674313,train,non_smoker
GSE27272,3,1,GSM674315,train,non_smoker
GSE27272,3,1,GSM674316,train,non_smoker
GSE27272,3,1,GSM674317,train,smoker
GSE27272,3,1,GSM674318,train,non_smoker
GSE27272,3,1,GSM674319,train,smoker
GSE27272,3,1,GSM674320,train,non_smoker
GSE27272,3,1,GSM674321,train,smoker
GSE27272,3,1,GSM674322,train,smoker
GSE27272,3,1,GSM674323,train,non_smoker
GSE27272,3,1,GSM674324,train,non_smoker
GSE27272,3,1,GSM674325,train,non_smoker
GSE27272,3,1,GSM674326,train,smoker
GSE27272,3,1,GSM674327,train,non_smoker
GSE27272,3,1,GSM674328,train,non_smoker
GSE27272,3,1,GSM674329,train,smoker
GSE27272,3,1,GSM674331,train,non_smoker
GSE27272,3,1,GSM674332,train,non_smoker
GSE27272,3,1,GSM674333,train,smoker
GSE27272,3,1,GSM674334,train,non_smoker
GSE27272,3,1,GSM674335,train,non_smoker
GSE27272,3,1,GSM674344,train,non_smoker
GSE27272,3,1,GSM674345,train,smoker
GSE27272,3,1,GSM674346,train,non_smoker
GSE27272,3,1,GSM674347,train,non_smoker
GSE27272,3,1,GSM674348,train,non_smoker
GSE27272,3,1,GSM674350,train,non_smoker
GSE27272,3,1,GSM674351,train,smoker
GSE27272,3,1,GSM674352,train,smoker
GSE27272,3,1,GSM674353,train,non_smoker
GSE27272,3,1,GSM674354,train,non_smoker
GSE27272,3,1,GSM674355,train,non_smoker
GSE27272,3,1,GSM674356,train,non_smoker
GSE27272,3,1,GSM674357,train,non_smoker
GSE27272,3,1,GSM674358,train,non_smoker
GSE27272,3,1,GSM674359,train,smoker
GSE27272,3,1,GSM674360,train,smoker
GSE27272,3,1,GSM674361,train,non_smoker
GSE27272,3,1,GSM674362,train,smoker
GSE27272,3,1,GSM674363,train,non_smoker
GSE27272,3,1,GSM674364,train,non_smoker
GSE27272,3,1,GSM674365,train,non_smoker
GSE27272,3,1,GSM674366,train,non_smoker
GSE27272,3,1,GSM674367,train,non_smoker
GSE27272,3,1,GSM674368,train,non_smoker
GSE27272,3,1,GSM674369,train,smoker
GSE27272,3,1,GSM674370,train,non_smoker
GSE27272,3,1,GSM674371,train,non_smoker
GSE27272,3,1,GSM674372,train,smoker
GSE27272,3,1,GSM674373,train,non_smoker
GSE27272,3,1,GSM674374,train,smoker
GSE27272,3,1,GSM674375,train,non_smoker
GSE27272,3,1,GSM674376,train,smoker
GSE27272,3,1,GSM674377,train,smoker
GSE27272,3,1,GSM674378,train,smoker
GSE27272,3,1,GSM674379,train,non_smoker
GSE27272,3,1,GSM674380,train,non_smoker
GSE27272,3,1,GSM674382,train,non_smoker
GSE27272,3,1,GSM674383,train,smoker
GSE27272,3,1,GSM674384,train,non_smoker
GSE27272,3,1,GSM674385,train,non_smoker
GSE27272,3,1,GSM674386,train,smoker
GSE27272,3,1,GSM674387,train,smoker
GSE27272,3,1,GSM674388,train,non_smoker
GSE27272,3,1,GSM674390,train,non_smoker
GSE27272,3,1,GSM674391,train,non_smoker
GSE27272,3,1,GSM674392,train,smoker
GSE27272,3,1,GSM674393,train,non_smoker
GSE27272,3,1,GSM674394,train,non_smoker
GSE27272,3,1,GSM674395,train,non_smoker
GSE27272,3,1,GSM674396,train,smoker
GSE27272,3,1,GSM674397,train,non_smoker
GSE27272,3,1,GSM674398,train,non_smoker
GSE27272,3,1,GSM674399,train,smoker
GSE27272,3,1,GSM674400,train,non_smoker
GSE27272,3,1,GSM674402,train,non_smoker
GSE27272,3,1,GSM674403,train,non_smoker
GSE27272,3,1,GSM674404,train,smoker
GSE27272,3,1,GSM674405,train,non_smoker
GSE27272,3,1,GSM674406,train,non_smoker
GSE27272,3,1,GSM674407,train,non_smoker
GSE27272,3,1,GSM674186,test,non_smoker
GSE27272,3,1,GSM674202,test,non_smoker
GSE27272,3,1,GSM674216,test,smoker
GSE27272,3,1,GSM674218,test,non_smoker
GSE27272,3,1,GSM674226,test,non_smoker
GSE27272,3,1,GSM674231,test,non_smoker
GSE27272,3,1,GSM674233,test,smoker
GSE27272,3,1,GSM674237,test,non_smoker
GSE27272,3,1,GSM674283,test,smoker
GSE27272,3,1,GSM674290,test,non_smoker
GSE27272,3,1,GSM674293,test,smoker
GSE27272,3,1,GSM674294,test,smoker
GSE27272,3,1,GSM674296,test,smoker
GSE27272,3,1,GSM674314,test,non_smoker
GSE27272,3,1,GSM674330,test,non_smoker
GSE27272,3,1,GSM674349,test,non_smoker
GSE27272,3,1,GSM674381,test,non_smoker
GSE27272,3,1,GSM674389,test,non_smoker
GSE27272,3,1,GSM674401,test,non_smoker
GSE27272,3,2,GSM674181,train,non_smoker
GSE27272,3,2,GSM674182,train,smoker
GSE27272,3,2,GSM674183,train,non_smoker
GSE27272,3,2,GSM674184,train,non_smoker
GSE27272,3,2,GSM674185,train,non_smoker
GSE27272,3,2,GSM674186,train,non_smoker
GSE27272,3,2,GSM674187,train,non_smoker
GSE27272,3,2,GSM674188,train,smoker
GSE27272,3,2,GSM674189,train,smoker
GSE27272,3,2,GSM674191,train,non_smoker
GSE27272,3,2,GSM674192,train,non_smoker
GSE27272,3,2,GSM674193,train,non_smoker
GSE27272,3,2,GSM674194,train,non_smoker
GSE27272,3,2,GSM674195,train,non_smoker
GSE27272,3,2,GSM674196,train,smoker
GSE27272,3,2,GSM674197,train,smoker
GSE27272,3,2,GSM674198,train,non_smoker
GSE27272,3,2,GSM674199,train,smoker
GSE27272,3,2,GSM674200,train,non_smoker
GSE27272,3,2,GSM674201,train,non_smoker
GSE27272,3,2,GSM674202,train,non_smoker
GSE27272,3,2,GSM674203,train,non_smoker
GSE27272,3,2,GSM674204,train,non_smoker
GSE27272,3,2,GSM674205,train,non_smoker
GSE27272,3,2,GSM674206,train,non_smoker
GSE27272,3,2,GSM674207,train,smoker
GSE27272,3,2,GSM674208,train,non_smoker
GSE27272,3,2,GSM674210,train,non_smoker
GSE27272,3,2,GSM674211,train,smoker
GSE27272,3,2,GSM674213,train,smoker
GSE27272,3,2,GSM674214,train,non_smoker
GSE27272,3,2,GSM674215,train,smoker
GSE27272,3,2,GSM674216,train,smoker
GSE27272,3,2,GSM674217,train,smoker
GSE27272,3,2,GSM674218,train,non_smoker
GSE27272,3,2,GSM674219,train,non_smoker
GSE27272,3,2,GSM674220,train,non_smoker
GSE27272,3,2,GSM674221,train,non_smoker
GSE27272,3,2,GSM674223,train,non_smoker
GSE27272,3,2,GSM674224,train,smoker
GSE27272,3,2,GSM674225,train,non_smoker
GSE27272,3,2,GSM674226,train,non_smoker
GSE27272,3,2,GSM674227,train,smoker
GSE27272,3,2,GSM674228,train,smoker
GSE27272,3,2,GSM674230,train,non_smoker
GSE27272,3,2,GSM674231,train,non_smoker
GSE27272,3,2,GSM674232,train,non_smoker
GSE27272,3,2,GSM674233,train,smoker
GSE27272,3,2,GSM674234,train,non_smoker
GSE27272,3,2,GSM674235,train,non_smoker
GSE27272,3,2,GSM674237,train,non_smoker
GSE27272,3,2,GSM674238,train,smoker
GSE27272,3,2,GSM674239,train,non_smoker
GSE27272,3,2,GSM674240,train,non_smoker
GSE27272,3,2,GSM674241,train,smoker
GSE27272,3,2,GSM674242,train,non_smoker
GSE27272,3,2,GSM674243,train,non_smoker
GSE27272,3,2,GSM674244,train,non_smoker
GSE27272,3,2,GSM674245,train,non_smoker
GSE27272,3,2,GSM674282,train,non_smoker
GSE27272,3,2,GSM674283,train,smoker
GSE27272,3,2,GSM674284,train,non_smoker
GSE27272,3,2,GSM674285,train,non_smoker
GSE27272,3,2,GSM674286,train,smoker
GSE27272,3,2,GSM674287,train,non_smoker
GSE27272,3,2,GSM674288,train,non_smoker
GSE27272,3,2,GSM674289,train,non_smoker
GSE27272,3,2,GSM674290,train,non_smoker
GSE27272,3,2,GSM674291,train,non_smoker
GSE27272,3,2,GSM674292,train,non_smoker
GSE27272,3,2,GSM674293,train,smoker
GSE27272,3,2,GSM674294,train,smoker
GSE27272,3,2,GSM674295,train,non_smoker
GSE27272,3,2,GSM674296,train,smoker
GSE27272,3,2,GSM674297,train,non_smoker
GSE27272,3,2,GSM674298,train,non_smoker
GSE27272,3,2,GSM674299,train,non_smoker
GSE27272,3,2,GSM674301,train,non_smoker
GSE27272,3,2,GSM674302,train,non_smoker
GSE27272,3,2,GSM674303,train,smoker
GSE27272,3,2,GSM674304,train,non_smoker
GSE27272,3,2,GSM674306,train,non_smoker
GSE27272,3,2,GSM674307,train,smoker
GSE27272,3,2,GSM674308,train,non_smoker
GSE27272,3,2,GSM674309,train,non_smoker
GSE27272,3,2,GSM674310,train,smoker
GSE27272,3,2,GSM674311,train,smoker
GSE27272,3,2,GSM674312,train,smoker
GSE27272,3,2,GSM674313,train,non_smoker
GSE27272,3,2,GSM674314,train,non_smoker
GSE27272,3,2,GSM674315,train,non_smoker
GSE27272,3,2,GSM674316,train,non_smoker
GSE27272,3,2,GSM674319,train,smoker
GSE27272,3,2,GSM674320,train,non_smoker
GSE27272,3,2,GSM674321,train,smoker
GSE27272,3,2,GSM674322,train,smoker
GSE27272,3,2,GSM674323,train,non_smoker
GSE27272,3,2,GSM674324,train,non_smoker
GSE27272,3,2,GSM674325,train,non_smoker
GSE27272,3,2,GSM674327,train,non_smoker
GSE27272,3,2,GSM674328,train,non_smoker
GSE27272,3,2,GSM674329,train,smoker
GSE27272,3,2,GSM674330,train,non_smoker
GSE27272,3,2,GSM674331,train,non_smoker
GSE27272,3,2,GSM674332,train,non_smoker
GSE27272,3,2,GSM674333,train,smoker
GSE27272,3,2,GSM674334,train,non_smoker
GSE27272,3,2,GSM674335,train,non_smoker
GSE27272,3,2,GSM674345,train,smoker
GSE27272,3,2,GSM674346,train,non_smoker
GSE27272,3,2,GSM674347,train,non_smoker
GSE27272,3,2,GSM674349,train,non_smoker
GSE27272,3,2,GSM674350,train,non_smoker
GSE27272,3,2,GSM674351,train,smoker
GSE27272,3,2,GSM674352,train,smoker
GSE27272,3,2,GSM674353,train,non_smoker
GSE27272,3,2,GSM674354,train,non_smoker
GSE27272,3,2,GSM674355,train,non_smoker
GSE27272,3,2,GSM674356,train,non_smoker
GSE27272,3,2,GSM674357,train,non_smoker
GSE27272,3,2,GSM674358,train,non_smoker
GSE27272,3,2,GSM674359,train,smoker
GSE27272,3,2,GSM674362,train,smoker
GSE27272,3,2,GSM674363,train,non_smoker
GSE27272,3,2,GSM674364,train,non_smoker
GSE27272,3,2,GSM674365,train,non_smoker
GSE27272,3,2,GSM674366,train,non_smoker
GSE27272,3,2,GSM674367,train,non_smoker
GSE27272,3,2,GSM674368,train,non_smoker
GSE27272,3,2,GSM674369,train,smoker
GSE27272,3,2,GSM674370,train,non_smoker
GSE27272,3,2,GSM674372,train,smoker
GSE27272,3,2,GSM674373,train,non_smoker
GSE27272,3,2,GSM674374,train,smoker
GSE27272,3,2,GSM674375,train,non_smoker
GSE27272,3,2,GSM674377,train,smoker
GSE27272,3,2,GSM674378,train,smoker
GSE27272,3,2,GSM674379,train,non_smoker
GSE27272,3,2,GSM674380,train,non_smoker
GSE27272,3,2,GSM674381,train,non_smoker
GSE27272,3,2,GSM674382,train,non_smoker
GSE27272,3,2,GSM674383,train,smoker
GSE27272,3,2,GSM674384,train,non_smoker
GSE27272,3,2,GSM674385,train,non_smoker
GSE27272,3,2,GSM674387,train,smoker
GSE27272,3,2,GSM674388,train,non_smoker
GSE27272,3,2,GSM674389,train,non_smoker
GSE27272,3,2,GSM674390,train,non_smoker
GSE27272,3,2,GSM674391,train,non_smoker
GSE27272,3,2,GSM674392,train,smoker
GSE27272,3,2,GSM674393,train,non_smoker
GSE27272,3,2,GSM674394,train,non_smoker
GSE27272,3,2,GSM674395,train,non_smoker
GSE27272,3,2,GSM674396,train,smoker
GSE27272,3,2,GSM674397,train,non_smoker
GSE27272,3,2,GSM674398,train,non_smoker
GSE27272,3,2,GSM674399,train,smoker
GSE27272,3,2,GSM674400,train,non_smoker
GSE27272,3,2,GSM674401,train,non_smoker
GSE27272,3,2,GSM674402,train,non_smoker
GSE27272,3,2,GSM674403,train,non_smoker
GSE27272,3,2,GSM674404,train,smoker
GSE27272,3,2,GSM674405,train,non_smoker
GSE27272,3,2,GSM674406,train,non_smoker
GSE27272,3,2,GSM674190,test,non_smoker
GSE27272,3,2,GSM674209,test,non_smoker
GSE27272,3,2,GSM674212,test,non_smoker
GSE27272,3,2,GSM674222,test,smoker
GSE27272,3,2,GSM674229,test,non_smoker
GSE27272,3,2,GSM674236,test,non_smoker
GSE27272,3,2,GSM674300,test,non_smoker
GSE27272,3,2,GSM674305,test,non_smoker
GSE27272,3,2,GSM674317,test,smoker
GSE27272,3,2,GSM674318,test,non_smoker
GSE27272,3,2,GSM674326,test,smoker
GSE27272,3,2,GSM674344,test,non_smoker
GSE27272,3,2,GSM674348,test,non_smoker
GSE27272,3,2,GSM674360,test,smoker
GSE27272,3,2,GSM674361,test,non_smoker
GSE27272,3,2,GSM674371,test,non_smoker
GSE27272,3,2,GSM674376,test,smoker
GSE27272,3,2,GSM674386,test,smoker
GSE27272,3,2,GSM674407,test,non_smoker
GSE27272,3,3,GSM674181,train,non_smoker
GSE27272,3,3,GSM674182,train,smoker
GSE27272,3,3,GSM674183,train,non_smoker
GSE27272,3,3,GSM674185,train,non_smoker
GSE27272,3,3,GSM674186,train,non_smoker
GSE27272,3,3,GSM674187,train,non_smoker
GSE27272,3,3,GSM674188,train,smoker
GSE27272,3,3,GSM674189,train,smoker
GSE27272,3,3,GSM674190,train,non_smoker
GSE27272,3,3,GSM674191,train,non_smoker
GSE27272,3,3,GSM674192,train,non_smoker
GSE27272,3,3,GSM674193,train,non_smoker
GSE27272,3,3,GSM674194,train,non_smoker
GSE27272,3,3,GSM674196,train,smoker
GSE27272,3,3,GSM674197,train,smoker
GSE27272,3,3,GSM674198,train,non_smoker
GSE27272,3,3,GSM674199,train,smoker
GSE27272,3,3,GSM674201,train,non_smoker
GSE27272,3,3,GSM674202,train,non_smoker
GSE27272,3,3,GSM674203,train,non_smoker
GSE27272,3,3,GSM674204,train,non_smoker
GSE27272,3,3,GSM674205,train,non_smoker
GSE27272,3,3,GSM674206,train,non_smoker
GSE27272,3,3,GSM674207,train,smoker
GSE27272,3,3,GSM674208,train,non_smoker
GSE27272,3,3,GSM674209,train,non_smoker
GSE27272,3,3,GSM674210,train,non_smoker
GSE27272,3,3,GSM674211,train,smoker
GSE27272,3,3,GSM674212,train,non_smoker
GSE27272,3,3,GSM674213,train,smoker
GSE27272,3,3,GSM674214,train,non_smoker
GSE27272,3,3,GSM674215,train,smoker
GSE27272,3,3,GSM674216,train,smoker
GSE27272,3,3,GSM674217,train,smoker
GSE27272,3,3,GSM674218,train,non_smoker
GSE27272,3,3,GSM674220,train,non_smoker
GSE27272,3,3,GSM674221,train,non_smoker
GSE27272,3,3,GSM674222,train,smoker
GSE27272,3,3,GSM674223,train,non_smoker
GSE27272,3,3,GSM674225,train,non_smoker
GSE27272,3,3,GSM674226,train,non_smoker
GSE27272,3,3,GSM674227,train,smoker
GSE27272,3,3,GSM674228,train,smoker
GSE27272,3,3,GSM674229,train,non_smoker
GSE27272,3,3,GSM674231,train,non_smoker
GSE27272,3,3,GSM674232,train,non_smoker
GSE27272,3,3,GSM674233,train,smoker
GSE27272,3,3,GSM674234,train,non_smoker
GSE27272,3,3,GSM674236,train,non_smoker
GSE27272,3,3,GSM674237,train,non_smoker
GSE27272,3,3,GSM674238,train,smoker
GSE27272,3,3,GSM674239,train,non_smoker
GSE27272,3,3,GSM674240,train,non_smoker
GSE27272,3,3,GSM674241,train,smoker
GSE27272,3,3,GSM674243,train,non_smoker
GSE27272,3,3,GSM674244,train,non_smoker
GSE27272,3,3,GSM674245,train,non_smoker
GSE27272,3,3,GSM674282,train,non_smoker
GSE27272,3,3,GSM674283,train,smoker
GSE27272,3,3,GSM674284,train,non_smoker
GSE27272,3,3,GSM674285,train,non_smoker
GSE27272,3,3,GSM674286,train,smoker
GSE27272,3,3,GSM674287,train,non_smoker
GSE27272,3,3,GSM674288,train,non_smoker
GSE27272,3,3,GSM674289,train,non_smoker
GSE27272,3,3,GSM674290,train,non_smoker
GSE27272,3,3,GSM674291,train,non_smoker
GSE27272,3,3,GSM674292,train,non_smoker
GSE27272,3,3,GSM674293,train,smoker
GSE27272,3,3,GSM674294,train,smoker
GSE27272,3,3,GSM674295,train,non_smoker
GSE27272,3,3,GSM674296,train,smoker
GSE27272,3,3,GSM674297,train,non_smoker
GSE27272,3,3,GSM674298,train,non_smoker
GSE27272,3,3,GSM674299,train,non_smoker
GSE27272,3,3,GSM674300,train,non_smoker
GSE27272,3,3,GSM674301,train,non_smoker
GSE27272,3,3,GSM674302,train,non_smoker
GSE27272,3,3,GSM674304,train,non_smoker
GSE27272,3,3,GSM674305,train,non_smoker
GSE27272,3,3,GSM674306,train,non_smoker
GSE27272,3,3,GSM674307,train,smoker
GSE27272,3,3,GSM674308,train,non_smoker
GSE27272,3,3,GSM674309,train,non_smoker
GSE27272,3,3,GSM674310,train,smoker
GSE27272,3,3,GSM674311,train,smoker
GSE27272,3,3,GSM674312,train,smoker
GSE27272,3,3,GSM674313,train,non_smoker
GSE27272,3,3,GSM674314,train,non_smoker
GSE27272,3,3,GSM674315,train,non_smoker
GSE27272,3,3,GSM674316,train,non_smoker
GSE27272,3,3,GSM674317,train,smoker
GSE27272,3,3,GSM674318,train,non_smoker
GSE27272,3,3,GSM674319,train,smoker
GSE27272,3,3,GSM674320,train,non_smoker
GSE27272,3,3,GSM674321,train,smoker
GSE27272,3,3,GSM674322,train,smoker
GSE27272,3,3,GSM674323,train,non_smoker
GSE27272,3,3,GSM674324,train,non_smoker
GSE27272,3,3,GSM674326,train,smoker
GSE27272,3,3,GSM674327,train,non_smoker
GSE27272,3,3,GSM674328,train,non_smoker
GSE27272,3,3,GSM674330,train,non_smoker
GSE27272,3,3,GSM674331,train,non_smoker
GSE27272,3,3,GSM674332,train,non_smoker
GSE27272,3,3,GSM674333,train,smoker
GSE27272,3,3,GSM674334,train,non_smoker
GSE27272,3,3,GSM674335,train,non_smoker
GSE27272,3,3,GSM674344,train,non_smoker
GSE27272,3,3,GSM674347,train,non_smoker
GSE27272,3,3,GSM674348,train,non_smoker
GSE27272,3,3,GSM674349,train,non_smoker
GSE27272,3,3,GSM674350,train,non_smoker
GSE27272,3,3,GSM674351,train,smoker
GSE27272,3,3,GSM674353,train,non_smoker
GSE27272,3,3,GSM674354,train,non_smoker
GSE27272,3,3,GSM674355,train,non_smoker
GSE27272,3,3,GSM674357,train,non_smoker
GSE27272,3,3,GSM674358,train,non_smoker
GSE27272,3,3,GSM674359,train,smoker
GSE27272,3,3,GSM674360,train,smoker
GSE27272,3,3,GSM674361,train,non_smoker
GSE27272,3,3,GSM674362,train,smoker
GSE27272,3,3,GSM674363,train,non_smoker
GSE27272,3,3,GSM674364,train,non_smoker
GSE27272,3,3,GSM674365,train,non_smoker
GSE27272,3,3,GSM674366,train,non_smoker
GSE27272,3,3,GSM674367,train,non_smoker
GSE27272,3,3,GSM674368,train,non_smoker
GSE27272,3,3,GSM674369,train,smoker
GSE27272,3,3,GSM674370,train,non_smoker
GSE27272,3,3,GSM674371,train,non_smoker
GSE27272,3,3,GSM674372,train,smoker
GSE27272,3,3,GSM674374,train,smoker
GSE27272,3,3,GSM674375,train,non_smoker
GSE27272,3,3,GSM674376,train,smoker
GSE27272,3,3,GSM674377,train,smoker
GSE27272,3,3,GSM674378,train,smoker
GSE27272,3,3,GSM674379,train,non_smoker
GSE27272,3,3,GSM674380,train,non_smoker
GSE27272,3,3,GSM674381,train,non_smoker
GSE27272,3,3,GSM674382,train,non_smoker
GSE27272,3,3,GSM674383,train,smoker
GSE27272,3,3,GSM674384,train,non_smoker
GSE27272,3,3,GSM674386,train,smoker
GSE27272,3,3,GSM674387,train,smoker
GSE27272,3,3,GSM674388,train,non_smoker
GSE27272,3,3,GSM674389,train,non_smoker
GSE27272,3,3,GSM674390,train,non_smoker
GSE27272,3,3,GSM674391,train,non_smoker
GSE27272,3,3,GSM674392,train,smoker
GSE27272,3,3,GSM674393,train,non_smoker
GSE27272,3,3,GSM674394,train,non_smoker
GSE27272,3,3,GSM674395,train,non_smoker
GSE27272,3,3,GSM674396,train,smoker
GSE27272,3,3,GSM674397,train,non_smoker
GSE27272,3,3,GSM674398,train,non_smoker
GSE27272,3,3,GSM674400,train,non_smoker
GSE27272,3,3,GSM674401,train,non_smoker
GSE27272,3,3,GSM674402,train,non_smoker
GSE27272,3,3,GSM674404,train,smoker
GSE27272,3,3,GSM674405,train,non_smoker
GSE27272,3,3,GSM674406,train,non_smoker
GSE27272,3,3,GSM674407,train,non_smoker
GSE27272,3,3,GSM674184,test,non_smoker
GSE27272,3,3,GSM674195,test,non_smoker
GSE27272,3,3,GSM674200,test,non_smoker
GSE27272,3,3,GSM674219,test,non_smoker
GSE27272,3,3,GSM674224,test,smoker
GSE27272,3,3,GSM674230,test,non_smoker
GSE27272,3,3,GSM674235,test,non_smoker
GSE27272,3,3,GSM674242,test,non_smoker
GSE27272,3,3,GSM674303,test,smoker
GSE27272,3,3,GSM674325,test,non_smoker
GSE27272,3,3,GSM674329,test,smoker
GSE27272,3,3,GSM674345,test,smoker
GSE27272,3,3,GSM674346,test,non_smoker
GSE27272,3,3,GSM674352,test,smoker
GSE27272,3,3,GSM674356,test,non_smoker
GSE27272,3,3,GSM674373,test,non_smoker
GSE27272,3,3,GSM674385,test,non_smoker
GSE27272,3,3,GSM674399,test,smoker
GSE27272,3,3,GSM674403,test,non_smoker
GSE27272,3,4,GSM674181,train,non_smoker
GSE27272,3,4,GSM674183,train,non_smoker
GSE27272,3,4,GSM674184,train,non_smoker
GSE27272,3,4,GSM674186,train,non_smoker
GSE27272,3,4,GSM674188,train,smoker
GSE27272,3,4,GSM674189,train,smoker
GSE27272,3,4,GSM674190,train,non_smoker
GSE27272,3,4,GSM674191,train,non_smoker
GSE27272,3,4,GSM674192,train,non_smoker
GSE27272,3,4,GSM674193,train,non_smoker
GSE27272,3,4,GSM674194,train,non_smoker
GSE27272,3,4,GSM674195,train,non_smoker
GSE27272,3,4,GSM674196,train,smoker
GSE27272,3,4,GSM674197,train,smoker
GSE27272,3,4,GSM674198,train,non_smoker
GSE27272,3,4,GSM674199,train,smoker
GSE27272,3,4,GSM674200,train,non_smoker
GSE27272,3,4,GSM674201,train,non_smoker
GSE27272,3,4,GSM674202,train,non_smoker
GSE27272,3,4,GSM674203,train,non_smoker
GSE27272,3,4,GSM674204,train,non_smoker
GSE27272,3,4,GSM674205,train,non_smoker
GSE27272,3,4,GSM674206,train,non_smoker
GSE27272,3,4,GSM674207,train,smoker
GSE27272,3,4,GSM674208,train,non_smoker
GSE27272,3,4,GSM674209,train,non_smoker
GSE27272,3,4,GSM674210,train,non_smoker
GSE27272,3,4,GSM674211,train,smoker
GSE27272,3,4,GSM674212,train,non_smoker
GSE27272,3,4,GSM674214,train,non_smoker
GSE27272,3,4,GSM674215,train,smoker
GSE27272,3,4,GSM674216,train,smoker
GSE27272,3,4,GSM674217,train,smoker
GSE27272,3,4,GSM674218,train,non_smoker
GSE27272,3,4,GSM674219,train,non_smoker
GSE27272,3,4,GSM674221,train,non_smoker
GSE27272,3,4,GSM674222,train,smoker
GSE27272,3,4,GSM674223,train,non_smoker
GSE27272,3,4,GSM674224,train,smoker
GSE27272,3,4,GSM674225,train,non_smoker
GSE27272,3,4,GSM674226,train,non_smoker
GSE27272,3,4,GSM674227,train,smoker
GSE27272,3,4,GSM674228,train,smoker
GSE27272,3,4,GSM674229,train,non_smoker
GSE27272,3,4,GSM674230,train,non_smoker
GSE27272,3,4,GSM674231,train,non_smoker
GSE27272,3,4,GSM674232,train,non_smoker
GSE27272,3,4,GSM674233,train,smoker
GSE27272,3,4,GSM674235,train,non_smoker
GSE27272,3,4,GSM674236,train,non_smoker
GSE27272,3,4,GSM674237,train,non_smoker
GSE27272,3,4,GSM674238,train,smoker
GSE27272,3,4,GSM674239,train,non_smoker
GSE27272,3,4,GSM674240,train,non_smoker
GSE27272,3,4,GSM674241,train,smoker
GSE27272,3,4,GSM674242,train,non_smoker
GSE27272,3,4,GSM674243,train,non_smoker
GSE27272,3,4,GSM674245,train,non_smoker
GSE27272,3,4,GSM674282,train,non_smoker
GSE27272,3,4,GSM674283,train,smoker
GSE27272,3,4,GSM674284,train,non_smoker
GSE27272,3,4,GSM674285,train,non_smoker
GSE27272,3,4,GSM674286,train,smoker
GSE27272,3,4,GSM674287,train,non_smoker
GSE27272,3,4,GSM674290,train,non_smoker
GSE27272,3,4,GSM674292,train,non_smoker
GSE27272,3,4,GSM674293,train,smoker
GSE27272,3,4,GSM674294,train,smoker
GSE27272,3,4,GSM674295,train,non_smoker
GSE27272,3,4,GSM674296,train,smoker
GSE27272,3,4,GSM674297,train,non_smoker
GSE27272,3,4,GSM674298,train,non_smoker
GSE27272,3,4,GSM674300,train,non_smoker
GSE27272,3,4,GSM674301,train,non_smoker
GSE27272,3,4,GSM674302,train,non_smoker
GSE27272,3,4,GSM674303,train,smoker
GSE27272,3,4,GSM674304,train,non_smoker
GSE27272,3,4,GSM674305,train,non_smoker
GSE27272,3,4,GSM674306,train,non_smoker
GSE27272,3,4,GSM674307,train,smoker
GSE27272,3,4,GSM674308,train,non_smoker
GSE27272,3,4,GSM674309,train,non_smoker
GSE27272,3,4,GSM674310,train,smoker
GSE27272,3,4,GSM674312,train,smoker
GSE27272,3,4,GSM674313,train,non_smoker
GSE27272,3,4,GSM674314,train,non_smoker
GSE27272,3,4,GSM674315,train,non_smoker
GSE27272,3,4,GSM674317,train,smoker
GSE27272,3,4,GSM674318,train,non_smoker
GSE27272,3,4,GSM674319,train,smoker
GSE27272,3,4,GSM674320,train,non_smoker
GSE27272,3,4,GSM674321,train,smoker
GSE27272,3,4,GSM674322,train,smoker
GSE27272,3,4,GSM674323,train,non_smoker
GSE27272,3,4,GSM674324,train,non_smoker
GSE27272,3,4,GSM674325,train,non_smoker
GSE27272,3,4,GSM674326,train,smoker
GSE27272,3,4,GSM674328,train,non_smoker
GSE27272,3,4,GSM674329,train,smoker
GSE27272,3,4,GSM674330,train,non_smoker
GSE27272,3,4,GSM674331,train,non_smoker
GSE27272,3,4,GSM674332,train,non_smoker
GSE27272,3,4,GSM674333,train,smoker
GSE27272,3,4,GSM674334,train,non_smoker
GSE27272,3,4,GSM674335,train,non_smoker
GSE27272,3,4,GSM674344,train,non_smoker
GSE27272,3,4,GSM674345,train,smoker
GSE27272,3,4,GSM674346,train,non_smoker
GSE27272,3,4,GSM674347,train,non_smoker
GSE27272,3,4,GSM674348,train,non_smoker
GSE27272,3,4,GSM674349,train,non_smoker
GSE27272,3,4,GSM674352,train,smoker
GSE27272,3,4,GSM674353,train,non_smoker
GSE27272,3,4,GSM674354,train,non_smoker
GSE27272,3,4,GSM674355,train,non_smoker
GSE27272,3,4,GSM674356,train,non_smoker
GSE27272,3,4,GSM674357,train,non_smoker
GSE27272,3,4,GSM674358,train,non_smoker
GSE27272,3,4,GSM674360,train,smoker
GSE27272,3,4,GSM674361,train,non_smoker
GSE27272,3,4,GSM674362,train,smoker
GSE27272,3,4,GSM674364,train,non_smoker
GSE27272,3,4,GSM674365,train,non_smoker
GSE27272,3,4,GSM674366,train,non_smoker
GSE27272,3,4,GSM674367,train,non_smoker
GSE27272,3,4,GSM674368,train,non_smoker
GSE27272,3,4,GSM674369,train,smoker
GSE27272,3,4,GSM674370,train,non_smoker
GSE27272,3,4,GSM674371,train,non_smoker
GSE27272,3,4,GSM674372,train,smoker
GSE27272,3,4,GSM674373,train,non_smoker
GSE27272,3,4,GSM674374,train,smoker
GSE27272,3,4,GSM674375,train,non_smoker
GSE27272,3,4,GSM674376,train,smoker
GSE27272,3,4,GSM674378,train,smoker
GSE27272,3,4,GSM674379,train,non_smoker
GSE27272,3,4,GSM674380,train,non_smoker
GSE27272,3,4,GSM674381,train,non_smoker
GSE27272,3,4,GSM674382,train,non_smoker
GSE27272,3,4,GSM674383,train,smoker
GSE27272,3,4,GSM674384,train,non_smoker
GSE27272,3,4,GSM674385,train,non_smoker
GSE27272,3,4,GSM674386,train,smoker
GSE27272,3,4,GSM674387,train,smoker
GSE27272,3,4,GSM674388,train,non_smoker
GSE27272,3,4,GSM674389,train,non_smoker
GSE27272,3,4,GSM674390,train,non_smoker
GSE27272,3,4,GSM674391,train,non_smoker
GSE27272,3,4,GSM674392,train,smoker
GSE27272,3,4,GSM674393,train,non_smoker
GSE27272,3,4,GSM674394,train,non_smoker
GSE27272,3,4,GSM674395,train,non_smoker
GSE27272,3,4,GSM674396,train,smoker
GSE27272,3,4,GSM674397,train,non_smoker
GSE27272,3,4,GSM674398,train,non_smoker
GSE27272,3,4,GSM674399,train,smoker
GSE27272,3,4,GSM674400,train,non_smoker
GSE27272,3,4,GSM674401,train,non_smoker
GSE27272,3,4,GSM674402,train,non_smoker
GSE27272,3,4,GSM674403,train,non_smoker
GSE27272,3,4,GSM674404,train,smoker
GSE27272,3,4,GSM674405,train,non_smoker
GSE27272,3,4,GSM674406,train,non_smoker
GSE27272,3,4,GSM674407,train,non_smoker
GSE27272,3,4,GSM674182,test,smoker
GSE27272,3,4,GSM674185,test,non_smoker
GSE27272,3,4,GSM674187,test,non_smoker
GSE27272,3,4,GSM674213,test,smoker
GSE27272,3,4,GSM674220,test,non_smoker
GSE27272,3,4,GSM674234,test,non_smoker
GSE27272,3,4,GSM674244,test,non_smoker
GSE27272,3,4,GSM674288,test,non_smoker
GSE27272,3,4,GSM674289,test,non_smoker
GSE27272,3,4,GSM674291,test,non_smoker
GSE27272,3,4,GSM674299,test,non_smoker
GSE27272,3,4,GSM674311,test,smoker
GSE27272,3,4,GSM674316,test,non_smoker
GSE27272,3,4,GSM674327,test,non_smoker
GSE27272,3,4,GSM674350,test,non_smoker
GSE27272,3,4,GSM674351,test,smoker
GSE27272,3,4,GSM674359,test,smoker
GSE27272,3,4,GSM674363,test,non_smoker
GSE27272,3,4,GSM674377,test,smoker
GSE27272,3,5,GSM674181,train,non_smoker
GSE27272,3,5,GSM674182,train,smoker
GSE27272,3,5,GSM674184,train,non_smoker
GSE27272,3,5,GSM674185,train,non_smoker
GSE27272,3,5,GSM674186,train,non_smoker
GSE27272,3,5,GSM674187,train,non_smoker
GSE27272,3,5,GSM674188,train,smoker
GSE27272,3,5,GSM674189,train,smoker
GSE27272,3,5,GSM674190,train,non_smoker
GSE27272,3,5,GSM674192,train,non_smoker
GSE27272,3,5,GSM674193,train,non_smoker
GSE27272,3,5,GSM674194,train,non_smoker
GSE27272,3,5,GSM674195,train,non_smoker
GSE27272,3,5,GSM674196,train,smoker
GSE27272,3,5,GSM674197,train,smoker
GSE27272,3,5,GSM674198,train,non_smoker
GSE27272,3,5,GSM674199,train,smoker
GSE27272,3,5,GSM674200,train,non_smoker
GSE27272,3,5,GSM674201,train,non_smoker
GSE27272,3,5,GSM674202,train,non_smoker
GSE27272,3,5,GSM674205,train,non_smoker
GSE27272,3,5,GSM674206,train,non_smoker
GSE27272,3,5,GSM674207,train,smoker
GSE27272,3,5,GSM674208,train,non_smoker
GSE27272,3,5,GSM674209,train,non_smoker
GSE27272,3,5,GSM674210,train,non_smoker
GSE27272,3,5,GSM674211,train,smoker
GSE27272,3,5,GSM674212,train,non_smoker
GSE27272,3,5,GSM674213,train,smoker
GSE27272,3,5,GSM674214,train,non_smoker
GSE27272,3,5,GSM674215,train,smoker
GSE27272,3,5,GSM674216,train,smoker
GSE27272,3,5,GSM674218,train,non_smoker
GSE27272,3,5,GSM674219,train,non_smoker
GSE27272,3,5,GSM674220,train,non_smoker
GSE27272,3,5,GSM674221,train,non_smoker
GSE27272,3,5,GSM674222,train,smoker
GSE27272,3,5,GSM674223,train,non_smoker
GSE27272,3,5,GSM674224,train,smoker
GSE27272,3,5,GSM674225,train,non_smoker
GSE27272,3,5,GSM674226,train,non_smoker
GSE27272,3,5,GSM674228,train,smoker
GSE27272,3,5,GSM674229,train,non_smoker
GSE27272,3,5,GSM674230,train,non_smoker
GSE27272,3,5,GSM674231,train,non_smoker
GSE27272,3,5,GSM674232,train,non_smoker
GSE27272,3,5,GSM674233,train,smoker
GSE27272,3,5,GSM674234,train,non_smoker
GSE27272,3,5,GSM674235,train,non_smoker
GSE27272,3,5,GSM674236,train,non_smoker
GSE27272,3,5,GSM674237,train,non_smoker
GSE27272,3,5,GSM674239,train,non_smoker
GSE27272,3,5,GSM674240,train,non_smoker
GSE27272,3,5,GSM674241,train,smoker
GSE27272,3,5,GSM674242,train,non_smoker
GSE27272,3,5,GSM674243,train,non_smoker
GSE27272,3,5,GSM674244,train,non_smoker
GSE27272,3,5,GSM674282,train,non_smoker
GSE27272,3,5,GSM674283,train,smoker
GSE27272,3,5,GSM674284,train,non_smoker
GSE27272,3,5,GSM674285,train,non_smoker
GSE27272,3,5,GSM674287,train,non_smoker
GSE27272,3,5,GSM674288,train,non_smoker
GSE27272,3,5,GSM674289,train,non_smoker
GSE27272,3,5,GSM674290,train,non_smoker
GSE27272,3,5,GSM674291,train,non_smoker
GSE27272,3,5,GSM674292,train,non_smoker
GSE27272,3,5,GSM674293,train,smoker
GSE27272,3,5,GSM674294,train,smoker
GSE27272,3,5,GSM674295,train,non_smoker
GSE27272,3,5,GSM674296,train,smoker
GSE27272,3,5,GSM674297,train,non_smoker
GSE27272,3,5,GSM674299,train,non_smoker
GSE27272,3,5,GSM674300,train,non_smoker
GSE27272,3,5,GSM674301,train,non_smoker
GSE27272,3,5,GSM674302,train,non_smoker
GSE27272,3,5,GSM674303,train,smoker
GSE27272,3,5,GSM674304,train,non_smoker
GSE27272,3,5,GSM674305,train,non_smoker
GSE27272,3,5,GSM674306,train,non_smoker
GSE27272,3,5,GSM674307,train,smoker
GSE27272,3,5,GSM674308,train,non_smoker
GSE27272,3,5,GSM674309,train,non_smoker
GSE27272,3,5,GSM674310,train,smoker
GSE27272,3,5,GSM674311,train,smoker
GSE27272,3,5,GSM674313,train,non_smoker
GSE27272,3,5,GSM674314,train,non_smoker
GSE27272,3,5,GSM674315,train,non_smoker
GSE27272,3,5,GSM674316,train,non_smoker
GSE27272,3,5,GSM674317,train,smoker
GSE27272,3,5,GSM674318,train,non_smoker
GSE27272,3,5,GSM674319,train,smoker
GSE27272,3,5,GSM674320,train,non_smoker
GSE27272,3,5,GSM674321,train,smoker
GSE27272,3,5,GSM674322,train,smoker
GSE27272,3,5,GSM674323,train,non_smoker
GSE27272,3,5,GSM674325,train,non_smoker
GSE27272,3,5,GSM674326,train,smoker
GSE27272,3,5,GSM674327,train,non_smoker
GSE27272,3,5,GSM674328,train,non_smoker
GSE27272,3,5,GSM674329,train,smoker
GSE27272,3,5,GSM674330,train,non_smoker
GSE27272,3,5,GSM674331,train,non_smoker
GSE27272,3,5,GSM674332,train,non_smoker
GSE27272,3,5,GSM674333,train,smoker
GSE27272,3,5,GSM674334,train,non_smoker
GSE27272,3,5,GSM674335,train,non_smoker
GSE27272,3,5,GSM674344,train,non_smoker
GSE27272,3,5,GSM674345,train,smoker
GSE27272,3,5,GSM674346,train,non_smoker
GSE27272,3,5,GSM674347,train,non_smoker
GSE27272,3,5,GSM674348,train,non_smoker
GSE27272,3,5,GSM674349,train,non_smoker
GSE27272,3,5,GSM674350,train,non_smoker
GSE27272,3,5,GSM674351,train,smoker
GSE27272,3,5,GSM674352,train,smoker
GSE27272,3,5,GSM674353,train,non_smoker
GSE27272,3,5,GSM674354,train,non_smoker
GSE27272,3,5,GSM674356,train,non_smoker
GSE27272,3,5,GSM674357,train,non_smoker
GSE27272,3,5,GSM674358,train,non_smoker
GSE27272,3,5,GSM674359,train,smoker
GSE27272,3,5,GSM674360,train,smoker
GSE27272,3,5,GSM674361,train,non_smoker
GSE27272,3,5,GSM674362,train,smoker
GSE27272,3,5,GSM674363,train,non_smoker
GSE27272,3,5,GSM674365,train,non_smoker
GSE27272,3,5,GSM674368,train,non_smoker
GSE27272,3,5,GSM674369,train,smoker
GSE27272,3,5,GSM674370,train,non_smoker
GSE27272,3,5,GSM674371,train,non_smoker
GSE27272,3,5,GSM674372,train,smoker
GSE27272,3,5,GSM674373,train,non_smoker
GSE27272,3,5,GSM674374,train,smoker
GSE27272,3,5,GSM674376,train,smoker
GSE27272,3,5,GSM674377,train,smoker
GSE27272,3,5,GSM674378,train,smoker
GSE27272,3,5,GSM674379,train,non_smoker
GSE27272,3,5,GSM674380,train,non_smoker
GSE27272,3,5,GSM674381,train,non_smoker
GSE27272,3,5,GSM674382,train,non_smoker
GSE27272,3,5,GSM674383,train,smoker
GSE27272,3,5,GSM674384,train,non_smoker
GSE27272,3,5,GSM674385,train,non_smoker
GSE27272,3,5,GSM674386,train,smoker
GSE27272,3,5,GSM674387,train,smoker
GSE27272,3,5,GSM674388,train,non_smoker
GSE27272,3,5,GSM674389,train,non_smoker
GSE27272,3,5,GSM674390,train,non_smoker
GSE27272,3,5,GSM674391,train,non_smoker
GSE27272,3,5,GSM674392,train,smoker
GSE27272,3,5,GSM674393,train,non_smoker
GSE27272,3,5,GSM674394,train,non_smoker
GSE27272,3,5,GSM674395,train,non_smoker
GSE27272,3,5,GSM674397,train,non_smoker
GSE27272,3,5,GSM674398,train,non_smoker
GSE27272,3,5,GSM674399,train,smoker
GSE27272,3,5,GSM674400,train,non_smoker
GSE27272,3,5,GSM674401,train,non_smoker
GSE27272,3,5,GSM674403,train,non_smoker
GSE27272,3,5,GSM674404,train,smoker
GSE27272,3,5,GSM674405,train,non_smoker
GSE27272,3,5,GSM674406,train,non_smoker
GSE27272,3,5,GSM674407,train,non_smoker
GSE27272,3,5,GSM674183,test,non_smoker
GSE27272,3,5,GSM674191,test,non_smoker
GSE27272,3,5,GSM674203,test,non_smoker
GSE27272,3,5,GSM674204,test,non_smoker
GSE27272,3,5,GSM674217,test,smoker
GSE27272,3,5,GSM674227,test,smoker
GSE27272,3,5,GSM674238,test,smoker
GSE27272,3,5,GSM674245,test,non_smoker
GSE27272,3,5,GSM674286,test,smoker
GSE27272,3,5,GSM674298,test,non_smoker
GSE27272,3,5,GSM674312,test,smoker
GSE27272,3,5,GSM674324,test,non_smoker
GSE27272,3,5,GSM674355,test,non_smoker
GSE27272,3,5,GSM674364,test,non_smoker
GSE27272,3,5,GSM674366,test,non_smoker
GSE27272,3,5,GSM674367,test,non_smoker
GSE27272,3,5,GSM674375,test,non_smoker
GSE27272,3,5,GSM674396,test,smoker
GSE27272,3,5,GSM674402,test,non_smoker
GSE27272,3,6,GSM674181,train,non_smoker
GSE27272,3,6,GSM674182,train,smoker
GSE27272,3,6,GSM674183,train,non_smoker
GSE27272,3,6,GSM674184,train,non_smoker
GSE27272,3,6,GSM674185,train,non_smoker
GSE27272,3,6,GSM674186,train,non_smoker
GSE27272,3,6,GSM674187,train,non_smoker
GSE27272,3,6,GSM674189,train,smoker
GSE27272,3,6,GSM674190,train,non_smoker
GSE27272,3,6,GSM674191,train,non_smoker
GSE27272,3,6,GSM674192,train,non_smoker
GSE27272,3,6,GSM674193,train,non_smoker
GSE27272,3,6,GSM674194,train,non_smoker
GSE27272,3,6,GSM674195,train,non_smoker
GSE27272,3,6,GSM674196,train,smoker
GSE27272,3,6,GSM674197,train,smoker
GSE27272,3,6,GSM674198,train,non_smoker
GSE27272,3,6,GSM674199,train,smoker
GSE27272,3,6,GSM674200,train,non_smoker
GSE27272,3,6,GSM674201,train,non_smoker
GSE27272,3,6,GSM674202,train,non_smoker
GSE27272,3,6,GSM674203,train,non_smoker
GSE27272,3,6,GSM674204,train,non_smoker
GSE27272,3,6,GSM674205,train,non_smoker
GSE27272,3,6,GSM674206,train,non_smoker
GSE27272,3,6,GSM674207,train,smoker
GSE27272,3,6,GSM674208,train,non_smoker
GSE27272,3,6,GSM674209,train,non_smoker
GSE27272,3,6,GSM674210,train,non_smoker
GSE27272,3,6,GSM674211,train,smoker
GSE27272,3,6,GSM674212,train,non_smoker
GSE27272,3,6,GSM674213,train,smoker
GSE27272,3,6,GSM674215,train,smoker
GSE27272,3,6,GSM674216,train,smoker
GSE27272,3,6,GSM674217,train,smoker
GSE27272,3,6,GSM674218,train,non_smoker
GSE27272,3,6,GSM674219,train,non_smoker
GSE27272,3,6,GSM674220,train,non_smoker
GSE27272,3,6,GSM674222,train,smoker
GSE27272,3,6,GSM674223,train,non_smoker
GSE27272,3,6,GSM674224,train,smoker
GSE27272,3,6,GSM674225,train,non_smoker
GSE27272,3,6,GSM674226,train,non_smoker
GSE27272,3,6,GSM674227,train,smoker
GSE27272,3,6,GSM674229,train,non_smoker
GSE27272,3,6,GSM674230,train,non_smoker
GSE27272,3,6,GSM674231,train,non_smoker
GSE27272,3,6,GSM674232,train,non_smoker
GSE27272,3,6,GSM674233,train,smoker
GSE27272,3,6,GSM674234,train,non_smoker
GSE27272,3,6,GSM674235,train,non_smoker
GSE27272,3,6,GSM674236,train,non_smoker
GSE27272,3,6,GSM674237,train,non_smoker
GSE27272,3,6,GSM674238,train,smoker
GSE27272,3,6,GSM674239,train,non_smoker
GSE27272,3,6,GSM674240,train,non_smoker
GSE27272,3,6,GSM674241,train,smoker
GSE27272,3,6,GSM674242,train,non_smoker
GSE27272,3,6,GSM674243,train,non_smoker
GSE27272,3,6,GSM674244,train,non_smoker
GSE27272,3,6,GSM674245,train,non_smoker
GSE27272,3,6,GSM674282,train,non_smoker
GSE27272,3,6,GSM674283,train,smoker
GSE27272,3,6,GSM674284,train,non_smoker
GSE27272,3,6,GSM674285,train,non_smoker
GSE27272,3,6,GSM674286,train,smoker
GSE27272,3,6,GSM674287,train,non_smoker
GSE27272,3,6,GSM674288,train,non_smoker
GSE27272,3,6,GSM674289,train,non_smoker
GSE27272,3,6,GSM674290,train,non_smoker
GSE27272,3,6,GSM674291,train,non_smoker
GSE27272,3,6,GSM674292,train,non_smoker
GSE27272,3,6,GSM674293,train,smoker
GSE27272,3,6,GSM674294,train,smoker
GSE27272,3,6,GSM674296,train,smoker
GSE27272,3,6,GSM674297,train,non_smoker
GSE27272,3,6,GSM674298,train,non_smoker
GSE27272,3,6,GSM674299,train,non_smoker
GSE27272,3,6,GSM674300,train,non_smoker
GSE27272,3,6,GSM674301,train,non_smoker
GSE27272,3,6,GSM674303,train,smoker
GSE27272,3,6,GSM674305,train,non_smoker
GSE27272,3,6,GSM674306,train,non_smoker
GSE27272,3,6,GSM674307,train,smoker
GSE27272,3,6,GSM674308,train,non_smoker
GSE27272,3,6,GSM674309,train,non_smoker
GSE27272,3,6,GSM674310,train,smoker
GSE27272,3,6,GSM674311,train,smoker
GSE27272,3,6,GSM674312,train,smoker
GSE27272,3,6,GSM674314,train,non_smoker
GSE27272,3,6,GSM674315,train,non_smoker
GSE27272,3,6,GSM674316,train,non_smoker
GSE27272,3,6,GSM674317,train,smoker
GSE27272,3,6,GSM674318,train,non_smoker
GSE27272,3,6,GSM674320,train,non_smoker
GSE27272,3,6,GSM674321,train,smoker
GSE27272,3,6,GSM674322,train,smoker
GSE27272,3,6,GSM674323,train,non_smoker
GSE27272,3,6,GSM674324,train,non_smoker
GSE27272,3,6,GSM674325,train,non_smoker
GSE27272,3,6,GSM674326,train,smoker
GSE27272,3,6,GSM674327,train,non_smoker
GSE27272,3,6,GSM674328,train,non_smoker
GSE27272,3,6,GSM674329,train,smoker
GSE27272,3,6,GSM674330,train,non_smoker
GSE27272,3,6,GSM674332,train,non_smoker
GSE27272,3,6,GSM674333,train,smoker
GSE27272,3,6,GSM674334,train,non_smoker
GSE27272,3,6,GSM674344,train,non_smoker
GSE27272,3,6,GSM674345,train,smoker
GSE27272,3,6,GSM674346,train,non_smoker
GSE27272,3,6,GSM674347,train,non_smoker
GSE27272,3,6,GSM674348,train,non_smoker
GSE27272,3,6,GSM674349,train,non_smoker
GSE27272,3,6,GSM674350,train,non_smoker
GSE27272,3,6,GSM674351,train,smoker
GSE27272,3,6,GSM674352,train,smoker
GSE27272,3,6,GSM674353,train,non_smoker
GSE27272,3,6,GSM674355,train,non_smoker
GSE27272,3,6,GSM674356,train,non_smoker
GSE27272,3,6,GSM674357,train,non_smoker
GSE27272,3,6,GSM674358,train,non_smoker
GSE27272,3,6,GSM674359,train,smoker
GSE27272,3,6,GSM674360,train,smoker
GSE27272,3,6,GSM674361,train,non_smoker
GSE27272,3,6,GSM674362,train,smoker
GSE27272,3,6,GSM674363,train,non_smoker
GSE27272,3,6,GSM674364,train,non_smoker
GSE27272,3,6,GSM674365,train,non_smoker
GSE27272,3,6,GSM674366,train,non_smoker
GSE27272,3,6,GSM674367,train,non_smoker
GSE27272,3,6,GSM674368,train,non_smoker
GSE27272,3,6,GSM674369,train,smoker
GSE27272,3,6,GSM674370,train,non_smoker
GSE27272,3,6,GSM674371,train,non_smoker
GSE27272,3,6,GSM674372,train,smoker
GSE27272,3,6,GSM674373,train,non_smoker
GSE27272,3,6,GSM674374,train,smoker
GSE27272,3,6,GSM674375,train,non_smoker
GSE27272,3,6,GSM674376,train,smoker
GSE27272,3,6,GSM674377,train,smoker
GSE27272,3,6,GSM674378,train,smoker
GSE27272,3,6,GSM674381,train,non_smoker
GSE27272,3,6,GSM674382,train,non_smoker
GSE27272,3,6,GSM674383,train,smoker
GSE27272,3,6,GSM674384,train,non_smoker
GSE27272,3,6,GSM674385,train,non_smoker
GSE27272,3,6,GSM674386,train,smoker
GSE27272,3,6,GSM674388,train,non_smoker
GSE27272,3,6,GSM674389,train,non_smoker
GSE27272,3,6,GSM674390,train,non_smoker
GSE27272,3,6,GSM674391,train,non_smoker
GSE27272,3,6,GSM674392,train,smoker
GSE27272,3,6,GSM674393,train,non_smoker
GSE27272,3,6,GSM674395,train,non_smoker
GSE27272,3,6,GSM674396,train,smoker
GSE27272,3,6,GSM674397,train,non_smoker
GSE27272,3,6,GSM674399,train,smoker
GSE27272,3,6,GSM674400,train,non_smoker
GSE27272,3,6,GSM674401,train,non_smoker
GSE27272,3,6,GSM674402,train,non_smoker
GSE27272,3,6,GSM674403,train,non_smoker
GSE27272,3,6,GSM674405,train,non_smoker
GSE27272,3,6,GSM674406,train,non_smoker
GSE27272,3,6,GSM674407,train,non_smoker
GSE27272,3,6,GSM674188,test,smoker
GSE27272,3,6,GSM674214,test,non_smoker
GSE27272,3,6,GSM674221,test,non_smoker
GSE27272,3,6,GSM674228,test,smoker
GSE27272,3,6,GSM674295,test,non_smoker
GSE27272,3,6,GSM674302,test,non_smoker
GSE27272,3,6,GSM674304,test,non_smoker
GSE27272,3,6,GSM674313,test,non_smoker
GSE27272,3,6,GSM674319,test,smoker
GSE27272,3,6,GSM674331,test,non_smoker
GSE27272,3,6,GSM674335,test,non_smoker
GSE27272,3,6,GSM674354,test,non_smoker
GSE27272,3,6,GSM674379,test,non_smoker
GSE27272,3,6,GSM674380,test,non_smoker
GSE27272,3,6,GSM674387,test,smoker
GSE27272,3,6,GSM674394,test,non_smoker
GSE27272,3,6,GSM674398,test,non_smoker
GSE27272,3,6,GSM674404,test,smoker
GSE27272,3,7,GSM674181,train,non_smoker
GSE27272,3,7,GSM674182,train,smoker
GSE27272,3,7,GSM674183,train,non_smoker
GSE27272,3,7,GSM674184,train,non_smoker
GSE27272,3,7,GSM674185,train,non_smoker
GSE27272,3,7,GSM674186,train,non_smoker
GSE27272,3,7,GSM674187,train,non_smoker
GSE27272,3,7,GSM674188,train,smoker
GSE27272,3,7,GSM674189,train,smoker
GSE27272,3,7,GSM674190,train,non_smoker
GSE27272,3,7,GSM674191,train,non_smoker
GSE27272,3,7,GSM674194,train,non_smoker
GSE27272,3,7,GSM674195,train,non_smoker
GSE27272,3,7,GSM674196,train,smoker
GSE27272,3,7,GSM674197,train,smoker
GSE27272,3,7,GSM674198,train,non_smoker
GSE27272,3,7,GSM674199,train,smoker
GSE27272,3,7,GSM674200,train,non_smoker
GSE27272,3,7,GSM674201,train,non_smoker
GSE27272,3,7,GSM674202,train,non_smoker
GSE27272,3,7,GSM674203,train,non_smoker
GSE27272,3,7,GSM674204,train,non_smoker
GSE27272,3,7,GSM674205,train,non_smoker
GSE27272,3,7,GSM674206,train,non_smoker
GSE27272,3,7,GSM674207,train,smoker
GSE27272,3,7,GSM674208,train,non_smoker
GSE27272,3,7,GSM674209,train,non_smoker
GSE27272,3,7,GSM674210,train,non_smoker
GSE27272,3,7,GSM674211,train,smoker
GSE27272,3,7,GSM674212,train,non_smoker
GSE27272,3,7,GSM674213,train,smoker
GSE27272,3,7,GSM674214,train,non_smoker
GSE27272,3,7,GSM674215,train,smoker
GSE27272,3,7,GSM674216,train,smoker
GSE27272,3,7,GSM674217,train,smoker
GSE27272,3,7,GSM674218,train,non_smoker
GSE27272,3,7,GSM674219,train,non_smoker
GSE27272,3,7,GSM674220,train,non_smoker
GSE27272,3,7,GSM674221,train,non_smoker
GSE27272,3,7,GSM674222,train,smoker
GSE27272,3,7,GSM674223,train,non_smoker
GSE27272,3,7,GSM674224,train,smoker
GSE27272,3,7,GSM674225,train,non_smoker
GSE27272,3,7,GSM674226,train,non_smoker
GSE27272,3,7,GSM674227,train,smoker
GSE27272,3,7,GSM674228,train,smoker
GSE27272,3,7,GSM674229,train,non_smoker
GSE27272,3,7,GSM674230,train,non_smoker
GSE27272,3,7,GSM674231,train,non_smoker
GSE27272,3,7,GSM674232,train,non_smoker
GSE27272,3,7,GSM674233,train,smoker
GSE27272,3,7,GSM674234,train,non_smoker
GSE27272,3,7,GSM674235,train,non_smoker
GSE27272,3,7,GSM674236,train,non_smoker
GSE27272,3,7,GSM674237,train,non_smoker
GSE27272,3,7,GSM674238,train,smoker
GSE27272,3,7,GSM674239,train,non_smoker
GSE27272,3,7,GSM674242,train,non_smoker
GSE27272,3,7,GSM674243,train,non_smoker
GSE27272,3,7,GSM674244,train,non_smoker
GSE27272,3,7,GSM674245,train,non_smoker
GSE27272,3,7,GSM674282,train,non_smoker
GSE27272,3,7,GSM674283,train,smoker
GSE27272,3,7,GSM674284,train,non_smoker
GSE27272,3,7,GSM674285,train,non_smoker
GSE27272,3,7,GSM674286,train,smoker
GSE27272,3,7,GSM674288,train,non_smoker
GSE27272,3,7,GSM674289,train,non_smoker
GSE27272,3,7,GSM674290,train,non_smoker
GSE27272,3,7,GSM674291,train,non_smoker
GSE27272,3,7,GSM674293,train,smoker
GSE27272,3,7,GSM674294,train,smoker
GSE27272,3,7,GSM674295,train,non_smoker
GSE27272,3,7,GSM674296,train,smoker
GSE27272,3,7,GSM674297,train,non_smoker
GSE27272,3,7,GSM674298,train,non_smoker
GSE27272,3,7,GSM674299,train,non_smoker
GSE27272,3,7,GSM674300,train,non_smoker
GSE27272,3,7,GSM674302,train,non_smoker
GSE27272,3,7,GSM674303,train,smoker
GSE27272,3,7,GSM674304,train,non_smoker
GSE27272,3,7,GSM674305,train,non_smoker
GSE27272,3,7,GSM674307,train,smoker
GSE27272,3,7,GSM674308,train,non_smoker
GSE27272,3,7,GSM674309,train,non_smoker
GSE27272,3,7,GSM674310,train,smoker
GSE27272,3,7,GSM674311,train,smoker
GSE27272,3,7,GSM674312,train,smoker
GSE27272,3,7,GSM674313,train,non_smoker
GSE27272,3,7,GSM674314,train,non_smoker
GSE27272,3,7,GSM674316,train,non_smoker
GSE27272,3,7,GSM674317,train,smoker
GSE27272,3,7,GSM674318,train,non_smoker
GSE27272,3,7,GSM674319,train,smoker
GSE27272,3,7,GSM674320,train,non_smoker
GSE27272,3,7,GSM674321,train,smoker
GSE27272,3,7,GSM674322,train,smoker
GSE27272,3,7,GSM674323,train,non_smoker
GSE27272,3,7,GSM674324,train,non_smoker
GSE27272,3,7,GSM674325,train,non_smoker
GSE27272,3,7,GSM674326,train,smoker
GSE27272,3,7,GSM674327,train,non_smoker
GSE27272,3,7,GSM674328,train,non_smoker
GSE27272,3,7,GSM674329,train,smoker
GSE27272,3,7,GSM674330,train,non_smoker
GSE27272,3,7,GSM674331,train,non_smoker
GSE27272,3,7,GSM674332,train,non_smoker
GSE27272,3,7,GSM674333,train,smoker
GSE27272,3,7,GSM674334,train,non_smoker
GSE27272,3,7,GSM674335,train,non_smoker
GSE27272,3,7,GSM674344,train,non_smoker
GSE27272,3,7,GSM674345,train,smoker
GSE27272,3,7,GSM674346,train,non_smoker
GSE27272,3,7,GSM674347,train,non_smoker
GSE27272,3,7,GSM674348,train,non_smoker
GSE27272,3,7,GSM674349,train,non_smoker
GSE27272,3,7,GSM674350,train,non_smoker
GSE27272,3,7,GSM674351,train,smoker
GSE27272,3,7,GSM674352,train,smoker
GSE27272,3,7,GSM674353,train,non_smoker
GSE27272,3,7,GSM674354,train,non_smoker
GSE27272,3,7,GSM674355,train,non_smoker
GSE27272,3,7,GSM674356,train,non_smoker
GSE27272,3,7,GSM674359,train,smoker
GSE27272,3,7,GSM674360,train,smoker
GSE27272,3,7,GSM674361,train,non_smoker
GSE27272,3,7,GSM674363,train,non_smoker
GSE27272,3,7,GSM674364,train,non_smoker
GSE27272,3,7,GSM674365,train,non_smoker
GSE27272,3,7,GSM674366,train,non_smoker
GSE27272,3,7,GSM674367,train,non_smoker
GSE27272,3,7,GSM674368,train,non_smoker
GSE27272,3,7,GSM674370,train,non_smoker
GSE27272,3,7,GSM674371,train,non_smoker
GSE27272,3,7,GSM674373,train,non_smoker
GSE27272,3,7,GSM674374,train,smoker
GSE27272,3,7,GSM674375,train,non_smoker
GSE27272,3,7,GSM674376,train,smoker
GSE27272,3,7,GSM674377,train,smoker
GSE27272,3,7,GSM674378,train,smoker
GSE27272,3,7,GSM674379,train,non_smoker
GSE27272,3,7,GSM674380,train,non_smoker
GSE27272,3,7,GSM674381,train,non_smoker
GSE27272,3,7,GSM674382,train,non_smoker
GSE27272,3,7,GSM674384,train,non_smoker
GSE27272,3,7,GSM674385,train,non_smoker
GSE27272,3,7,GSM674386,train,smoker
GSE27272,3,7,GSM674387,train,smoker
GSE27272,3,7,GSM674388,train,non_smoker
GSE27272,3,7,GSM674389,train,non_smoker
GSE27272,3,7,GSM674390,train,non_smoker
GSE27272,3,7,GSM674392,train,smoker
GSE27272,3,7,GSM674393,train,non_smoker
GSE27272,3,7,GSM674394,train,non_smoker
GSE27272,3,7,GSM674396,train,smoker
GSE27272,3,7,GSM674397,train,non_smoker
GSE27272,3,7,GSM674398,train,non_smoker
GSE27272,3,7,GSM674399,train,smoker
GSE27272,3,7,GSM674400,train,non_smoker
GSE27272,3,7,GSM674401,train,non_smoker
GSE27272,3,7,GSM674402,train,non_smoker
GSE27272,3,7,GSM674403,train,non_smoker
GSE27272,3,7,GSM674404,train,smoker
GSE27272,3,7,GSM674405,train,non_smoker
GSE27272,3,7,GSM674407,train,non_smoker
GSE27272,3,7,GSM674192,test,non_smoker
GSE27272,3,7,GSM674193,test,non_smoker
GSE27272,3,7,GSM674240,test,non_smoker
GSE27272,3,7,GSM674241,test,smoker
GSE27272,3,7,GSM674287,test,non_smoker
GSE27272,3,7,GSM674292,test,non_smoker
GSE27272,3,7,GSM674301,test,non_smoker
GSE27272,3,7,GSM674306,test,non_smoker
GSE27272,3,7,GSM674315,test,non_smoker
GSE27272,3,7,GSM674357,test,non_smoker
GSE27272,3,7,GSM674358,test,non_smoker
GSE27272,3,7,GSM674362,test,smoker
GSE27272,3,7,GSM674369,test,smoker
GSE27272,3,7,GSM674372,test,smoker
GSE27272,3,7,GSM674383,test,smoker
GSE27272,3,7,GSM674391,test,non_smoker
GSE27272,3,7,GSM674395,test,non_smoker
GSE27272,3,7,GSM674406,test,non_smoker
GSE27272,3,8,GSM674181,train,non_smoker
GSE27272,3,8,GSM674182,train,smoker
GSE27272,3,8,GSM674183,train,non_smoker
GSE27272,3,8,GSM674184,train,non_smoker
GSE27272,3,8,GSM674185,train,non_smoker
GSE27272,3,8,GSM674186,train,non_smoker
GSE27272,3,8,GSM674187,train,non_smoker
GSE27272,3,8,GSM674188,train,smoker
GSE27272,3,8,GSM674189,train,smoker
GSE27272,3,8,GSM674190,train,non_smoker
GSE27272,3,8,GSM674191,train,non_smoker
GSE27272,3,8,GSM674192,train,non_smoker
GSE27272,3,8,GSM674193,train,non_smoker
GSE27272,3,8,GSM674195,train,non_smoker
GSE27272,3,8,GSM674196,train,smoker
GSE27272,3,8,GSM674198,train,non_smoker
GSE27272,3,8,GSM674199,train,smoker
GSE27272,3,8,GSM674200,train,non_smoker
GSE27272,3,8,GSM674202,train,non_smoker
GSE27272,3,8,GSM674203,train,non_smoker
GSE27272,3,8,GSM674204,train,non_smoker
GSE27272,3,8,GSM674205,train,non_smoker
GSE27272,3,8,GSM674207,train,smoker
GSE27272,3,8,GSM674208,train,non_smoker
GSE27272,3,8,GSM674209,train,non_smoker
GSE27272,3,8,GSM674211,train,smoker
GSE27272,3,8,GSM674212,train,non_smoker
GSE27272,3,8,GSM674213,train,smoker
GSE27272,3,8,GSM674214,train,non_smoker
GSE27272,3,8,GSM674216,train,smoker
GSE27272,3,8,GSM674217,train,smoker
GSE27272,3,8,GSM674218,train,non_smoker
GSE27272,3,8,GSM674219,train,non_smoker
GSE27272,3,8,GSM674220,train,non_smoker
GSE27272,3,8,GSM674221,train,non_smoker
GSE27272,3,8,GSM674222,train,smoker
GSE27272,3,8,GSM674224,train,smoker
GSE27272,3,8,GSM674225,train,non_smoker
GSE27272,3,8,GSM674226,train,non_smoker
GSE27272,3,8,GSM674227,train,smoker
GSE27272,3,8,GSM674228,train,smoker
GSE27272,3,8,GSM674229,train,non_smoker
GSE27272,3,8,GSM674230,train,non_smoker
GSE27272,3,8,GSM674231,train,non_smoker
GSE27272,3,8,GSM674232,train,non_smoker
GSE27272,3,8,GSM674233,train,smoker
GSE27272,3,8,GSM674234,train,non_smoker
GSE27272,3,8,GSM674235,train,non_smoker
GSE27272,3,8,GSM674236,train,non_smoker
GSE27272,3,8,GSM674237,train,non_smoker
GSE27272,3,8,GSM674238,train,smoker
GSE27272,3,8,GSM674240,train,non_smoker
GSE27272,3,8,GSM674241,train,smoker
GSE27272,3,8,GSM674242,train,non_smoker
GSE27272,3,8,GSM674243,train,non_smoker
GSE27272,3,8,GSM674244,train,non_smoker
GSE27272,3,8,GSM674245,train,non_smoker
GSE27272,3,8,GSM674283,train,smoker
GSE27272,3,8,GSM674285,train,non_smoker
GSE27272,3,8,GSM674286,train,smoker
GSE27272,3,8,GSM674287,train,non_smoker
GSE27272,3,8,GSM674288,train,non_smoker
GSE27272,3,8,GSM674289,train,non_smoker
GSE27272,3,8,GSM674290,train,non_smoker
GSE27272,3,8,GSM674291,train,non_smoker
GSE27272,3,8,GSM674292,train,non_smoker
GSE27272,3,8,GSM674293,train,smoker
GSE27272,3,8,GSM674294,train,smoker
GSE27272,3,8,GSM674295,train,non_smoker
GSE27272,3,8,GSM674296,train,smoker
GSE27272,3,8,GSM674297,train,non_smoker
GSE27272,3,8,GSM674298,train,non_smoker
GSE27272,3,8,GSM674299,train,non_smoker
GSE27272,3,8,GSM674300,train,non_smoker
GSE27272,3,8,GSM674301,train,non_smoker
GSE27272,3,8,GSM674302,train,non_smoker
GSE27272,3,8,GSM674303,train,smoker
GSE27272,3,8,GSM674304,train,non_smoker
GSE27272,3,8,GSM674305,train,non_smoker
GSE27272,3,8,GSM674306,train,non_smoker
GSE27272,3,8,GSM674307,train,smoker
GSE27272,3,8,GSM674309,train,non_smoker
GSE27272,3,8,GSM674310,train,smoker
GSE27272,3,8,GSM674311,train,smoker
GSE27272,3,8,GSM674312,train,smoker
GSE27272,3,8,GSM674313,train,non_smoker
GSE27272,3,8,GSM674314,train,non_smoker
GSE27272,3,8,GSM674315,train,non_smoker
GSE27272,3,8,GSM674316,train,non_smoker
GSE27272,3,8,GSM674317,train,smoker
GSE27272,3,8,GSM674318,train,non_smoker
GSE27272,3,8,GSM674319,train,smoker
GSE27272,3,8,GSM674320,train,non_smoker
GSE27272,3,8,GSM674321,train,smoker
GSE27272,3,8,GSM674323,train,non_smoker
GSE27272,3,8,GSM674324,train,non_smoker
GSE27272,3,8,GSM674325,train,non_smoker
GSE27272,3,8,GSM674326,train,smoker
GSE27272,3,8,GSM674327,train,non_smoker
GSE27272,3,8,GSM674328,train,non_smoker
GSE27272,3,8,GSM674329,train,smoker
GSE27272,3,8,GSM674330,train,non_smoker
GSE27272,3,8,GSM674331,train,non_smoker
GSE27272,3,8,GSM674332,train,non_smoker
GSE27272,3,8,GSM674334,train,non_smoker
GSE27272,3,8,GSM674335,train,non_smoker
GSE27272,3,8,GSM674344,train,non_smoker
GSE27272,3,8,GSM674345,train,smoker
GSE27272,3,8,GSM674346,train,non_smoker
GSE27272,3,8,GSM674347,train,non_smoker
GSE27272,3,8,GSM674348,train,non_smoker
GSE27272,3,8,GSM674349,train,non_smoker
GSE27272,3,8,GSM674350,train,non_smoker
GSE27272,3,8,GSM674351,train,smoker
GSE27272,3,8,GSM674352,train,smoker
GSE27272,3,8,GSM674353,train,non_smoker
GSE27272,3,8,GSM674354,train,non_smoker
GSE27272,3,8,GSM674355,train,non_smoker
GSE27272,3,8,GSM674356,train,non_smoker
GSE27272,3,8,GSM674357,train,non_smoker
GSE27272,3,8,GSM674358,train,non_smoker
GSE27272,3,8,GSM674359,train,smoker
GSE27272,3,8,GSM674360,train,smoker
GSE27272,3,8,GSM674361,train,non_smoker
GSE27272,3,8,GSM674362,train,smoker
GSE27272,3,8,GSM674363,train,non_smoker
GSE27272,3,8,GSM674364,train,non_smoker
GSE27272,3,8,GSM674365,train,non_smoker
GSE27272,3,8,GSM674366,train,non_smoker
GSE27272,3,8,GSM674367,train,non_smoker
GSE27272,3,8,GSM674369,train,smoker
GSE27272,3,8,GSM674370,train,non_smoker
GSE27272,3,8,GSM674371,train,non_smoker
GSE27272,3,8,GSM674372,train,smoker
GSE27272,3,8,GSM674373,train,non_smoker
GSE27272,3,8,GSM674374,train,smoker
GSE27272,3,8,GSM674375,train,non_smoker
GSE27272,3,8,GSM674376,train,smoker
GSE27272,3,8,GSM674377,train,smoker
GSE27272,3,8,GSM674379,train,non_smoker
GSE27272,3,8,GSM674380,train,non_smoker
GSE27272,3,8,GSM674381,train,non_smoker
GSE27272,3,8,GSM674382,train,non_smoker
GSE27272,3,8,GSM674383,train,smoker
GSE27272,3,8,GSM674384,train,non_smoker
GSE27272,3,8,GSM674385,train,non_smoker
GSE27272,3,8,GSM674386,train,smoker
GSE27272,3,8,GSM674387,train,smoker
GSE27272,3,8,GSM674389,train,non_smoker
GSE27272,3,8,GSM674391,train,non_smoker
GSE27272,3,8,GSM674392,train,smoker
GSE27272,3,8,GSM674394,train,non_smoker
GSE27272,3,8,GSM674395,train,non_smoker
GSE27272,3,8,GSM674396,train,smoker
GSE27272,3,8,GSM674397,train,non_smoker
GSE27272,3,8,GSM674398,train,non_smoker
GSE27272,3,8,GSM674399,train,smoker
GSE27272,3,8,GSM674400,train,non_smoker
GSE27272,3,8,GSM674401,train,non_smoker
GSE27272,3,8,GSM674402,train,non_smoker
GSE27272,3,8,GSM674403,train,non_smoker
GSE27272,3,8,GSM674404,train,smoker
GSE27272,3,8,GSM674405,train,non_smoker
GSE27272,3,8,GSM674406,train,non_smoker
GSE27272,3,8,GSM674407,train,non_smoker
GSE27272,3,8,GSM674194,test,non_smoker
GSE27272,3,8,GSM674197,test,smoker
GSE27272,3,8,GSM674201,test,non_smoker
GSE27272,3,8,GSM674206,test,non_smoker
GSE27272,3,8,GSM674210,test,non_smoker
GSE27272,3,8,GSM674215,test,smoker
GSE27272,3,8,GSM674223,test,non_smoker
GSE27272,3,8,GSM674239,test,non_smoker
GSE27272,3,8,GSM674282,test,non_smoker
GSE27272,3,8,GSM674284,test,non_smoker
GSE27272,3,8,GSM674308,test,non_smoker
GSE27272,3,8,GSM674322,test,smoker
GSE27272,3,8,GSM674333,test,smoker
GSE27272,3,8,GSM674368,test,non_smoker
GSE27272,3,8,GSM674378,test,smoker
GSE27272,3,8,GSM674388,test,non_smoker
GSE27272,3,8,GSM674390,test,non_smoker
GSE27272,3,8,GSM674393,test,non_smoker
GSE27272,3,9,GSM674181,train,non_smoker
GSE27272,3,9,GSM674182,train,smoker
GSE27272,3,9,GSM674183,train,non_smoker
GSE27272,3,9,GSM674184,train,non_smoker
GSE27272,3,9,GSM674185,train,non_smoker
GSE27272,3,9,GSM674186,train,non_smoker
GSE27272,3,9,GSM674187,train,non_smoker
GSE27272,3,9,GSM674188,train,smoker
GSE27272,3,9,GSM674189,train,smoker
GSE27272,3,9,GSM674190,train,non_smoker
GSE27272,3,9,GSM674191,train,non_smoker
GSE27272,3,9,GSM674192,train,non_smoker
GSE27272,3,9,GSM674193,train,non_smoker
GSE27272,3,9,GSM674194,train,non_smoker
GSE27272,3,9,GSM674195,train,non_smoker
GSE27272,3,9,GSM674196,train,smoker
GSE27272,3,9,GSM674197,train,smoker
GSE27272,3,9,GSM674198,train,non_smoker
GSE27272,3,9,GSM674200,train,non_smoker
GSE27272,3,9,GSM674201,train,non_smoker
GSE27272,3,9,GSM674202,train,non_smoker
GSE27272,3,9,GSM674203,train,non_smoker
GSE27272,3,9,GSM674204,train,non_smoker
GSE27272,3,9,GSM674206,train,non_smoker
GSE27272,3,9,GSM674208,train,non_smoker
GSE27272,3,9,GSM674209,train,non_smoker
GSE27272,3,9,GSM674210,train,non_smoker
GSE27272,3,9,GSM674212,train,non_smoker
GSE27272,3,9,GSM674213,train,smoker
GSE27272,3,9,GSM674214,train,non_smoker
GSE27272,3,9,GSM674215,train,smoker
GSE27272,3,9,GSM674216,train,smoker
GSE27272,3,9,GSM674217,train,smoker
GSE27272,3,9,GSM674218,train,non_smoker
GSE27272,3,9,GSM674219,train,non_smoker
GSE27272,3,9,GSM674220,train,non_smoker
GSE27272,3,9,GSM674221,train,non_smoker
GSE27272,3,9,GSM674222,train,smoker
GSE27272,3,9,GSM674223,train,non_smoker
GSE27272,3,9,GSM674224,train,smoker
GSE27272,3,9,GSM674225,train,non_smoker
GSE27272,3,9,GSM674226,train,non_smoker
GSE27272,3,9,GSM674227,train,smoker
GSE27272,3,9,GSM674228,train,smoker
GSE27272,3,9,GSM674229,train,non_smoker
GSE27272,3,9,GSM674230,train,non_smoker
GSE27272,3,9,GSM674231,train,non_smoker
GSE27272,3,9,GSM674233,train,smoker
GSE27272,3,9,GSM674234,train,non_smoker
GSE27272,3,9,GSM674235,train,non_smoker
GSE27272,3,9,GSM674236,train,non_smoker
GSE27272,3,9,GSM674237,train,non_smoker
GSE27272,3,9,GSM674238,train,smoker
GSE27272,3,9,GSM674239,train,non_smoker
GSE27272,3,9,GSM674240,train,non_smoker
GSE27272,3,9,GSM674241,train,smoker
GSE27272,3,9,GSM674242,train,non_smoker
GSE27272,3,9,GSM674244,train,non_smoker
GSE27272,3,9,GSM674245,train,non_smoker
GSE27272,3,9,GSM674282,train,non_smoker
GSE27272,3,9,GSM674283,train,smoker
GSE27272,3,9,GSM674284,train,non_smoker
GSE27272,3,9,GSM674286,train,smoker
GSE27272,3,9,GSM674287,train,non_smoker
GSE27272,3,9,GSM674288,train,non_smoker
GSE27272,3,9,GSM674289,train,non_smoker
GSE27272,3,9,GSM674290,train,non_smoker
GSE27272,3,9,GSM674291,train,non_smoker
GSE27272,3,9,GSM674292,train,non_smoker
GSE27272,3,9,GSM674293,train,smoker
GSE27272,3,9,GSM674294,train,smoker
GSE27272,3,9,GSM674295,train,non_smoker
GSE27272,3,9,GSM674296,train,smoker
GSE27272,3,9,GSM674298,train,non_smoker
GSE27272,3,9,GSM674299,train,non_smoker
GSE27272,3,9,GSM674300,train,non_smoker
GSE27272,3,9,GSM674301,train,non_smoker
GSE27272,3,9,GSM674302,train,non_smoker
GSE27272,3,9,GSM674303,train,smoker
GSE27272,3,9,GSM674304,train,non_smoker
GSE27272,3,9,GSM674305,train,non_smoker
GSE27272,3,9,GSM674306,train,non_smoker
GSE27272,3,9,GSM674307,train,smoker
GSE27272,3,9,GSM674308,train,non_smoker
GSE27272,3,9,GSM674309,train,non_smoker
GSE27272,3,9,GSM674310,train,smoker
GSE27272,3,9,GSM674311,train,smoker
GSE27272,3,9,GSM674312,train,smoker
GSE27272,3,9,GSM674313,train,non_smoker
GSE27272,3,9,GSM674314,train,non_smoker
GSE27272,3,9,GSM674315,train,non_smoker
GSE27272,3,9,GSM674316,train,non_smoker
GSE27272,3,9,GSM674317,train,smoker
GSE27272,3,9,GSM674318,train,non_smoker
GSE27272,3,9,GSM674319,train,smoker
GSE27272,3,9,GSM674321,train,smoker
GSE27272,3,9,GSM674322,train,smoker
GSE27272,3,9,GSM674323,train,non_smoker
GSE27272,3,9,GSM674324,train,non_smoker
GSE27272,3,9,GSM674325,train,non_smoker
GSE27272,3,9,GSM674326,train,smoker
GSE27272,3,9,GSM674327,train,non_smoker
GSE27272,3,9,GSM674329,train,smoker
GSE27272,3,9,GSM674330,train,non_smoker
GSE27272,3,9,GSM674331,train,non_smoker
GSE27272,3,9,GSM674332,train,non_smoker
GSE27272,3,9,GSM674333,train,smoker
GSE27272,3,9,GSM674335,train,non_smoker
GSE27272,3,9,GSM674344,train,non_smoker
GSE27272,3,9,GSM674345,train,smoker
GSE27272,3,9,GSM674346,train,non_smoker
GSE27272,3,9,GSM674347,train,non_smoker
GSE27272,3,9,GSM674348,train,non_smoker
GSE27272,3,9,GSM674349,train,non_smoker
GSE27272,3,9,GSM674350,train,non_smoker
GSE27272,3,9,GSM674351,train,smoker
GSE27272,3,9,GSM674352,train,smoker
GSE27272,3,9,GSM674354,train,non_smoker
GSE27272,3,9,GSM674355,train,non_smoker
GSE27272,3,9,GSM674356,train,non_smoker
GSE27272,3,9,GSM674357,train,non_smoker
GSE27272,3,9,GSM674358,train,non_smoker
GSE27272,3,9,GSM674359,train,smoker
GSE27272,3,9,GSM674360,train,smoker
GSE27272,3,9,GSM674361,train,non_smoker
GSE27272,3,9,GSM674362,train,smoker
GSE27272,3,9,GSM674363,train,non_smoker
GSE27272,3,9,GSM674364,train,non_smoker
GSE27272,3,9,GSM674366,train,non_smoker
GSE27272,3,9,GSM674367,train,non_smoker
GSE27272,3,9,GSM674368,train,non_smoker
GSE27272,3,9,GSM674369,train,smoker
GSE27272,3,9,GSM674371,train,non_smoker
GSE27272,3,9,GSM674372,train,smoker
GSE27272,3,9,GSM674373,train,non_smoker
GSE27272,3,9,GSM674375,train,non_smoker
GSE27272,3,9,GSM674376,train,smoker
GSE27272,3,9,GSM674377,train,smoker
GSE27272,3,9,GSM674378,train,smoker
GSE27272,3,9,GSM674379,train,non_smoker
GSE27272,3,9,GSM674380,train,non_smoker
GSE27272,3,9,GSM674381,train,non_smoker
GSE27272,3,9,GSM674383,train,smoker
GSE27272,3,9,GSM674384,train,non_smoker
GSE27272,3,9,GSM674385,train,non_smoker
GSE27272,3,9,GSM674386,train,smoker
GSE27272,3,9,GSM674387,train,smoker
GSE27272,3,9,GSM674388,train,non_smoker
GSE27272,3,9,GSM674389,train,non_smoker
GSE27272,3,9,GSM674390,train,non_smoker
GSE27272,3,9,GSM674391,train,non_smoker
GSE27272,3,9,GSM674393,train,non_smoker
GSE27272,3,9,GSM674394,train,non_smoker
GSE27272,3,9,GSM674395,train,non_smoker
GSE27272,3,9,GSM674396,train,smoker
GSE27272,3,9,GSM674397,train,non_smoker
GSE27272,3,9,GSM674398,train,non_smoker
GSE27272,3,9,GSM674399,train,smoker
GSE27272,3,9,GSM674400,train,non_smoker
GSE27272,3,9,GSM674401,train,non_smoker
GSE27272,3,9,GSM674402,train,non_smoker
GSE27272,3,9,GSM674403,train,non_smoker
GSE27272,3,9,GSM674404,train,smoker
GSE27272,3,9,GSM674405,train,non_smoker
GSE27272,3,9,GSM674406,train,non_smoker
GSE27272,3,9,GSM674407,train,non_smoker
GSE27272,3,9,GSM674199,test,smoker
GSE27272,3,9,GSM674205,test,non_smoker
GSE27272,3,9,GSM674207,test,smoker
GSE27272,3,9,GSM674211,test,smoker
GSE27272,3,9,GSM674232,test,non_smoker
GSE27272,3,9,GSM674243,test,non_smoker
GSE27272,3,9,GSM674285,test,non_smoker
GSE27272,3,9,GSM674297,test,non_smoker
GSE27272,3,9,GSM674320,test,non_smoker
GSE27272,3,9,GSM674328,test,non_smoker
GSE27272,3,9,GSM674334,test,non_smoker
GSE27272,3,9,GSM674353,test,non_smoker
GSE27272,3,9,GSM674365,test,non_smoker
GSE27272,3,9,GSM674370,test,non_smoker
GSE27272,3,9,GSM674374,test,smoker
GSE27272,3,9,GSM674382,test,non_smoker
GSE27272,3,9,GSM674392,test,smoker
GSE27272,3,10,GSM674182,train,smoker
GSE27272,3,10,GSM674183,train,non_smoker
GSE27272,3,10,GSM674184,train,non_smoker
GSE27272,3,10,GSM674185,train,non_smoker
GSE27272,3,10,GSM674186,train,non_smoker
GSE27272,3,10,GSM674187,train,non_smoker
GSE27272,3,10,GSM674188,train,smoker
GSE27272,3,10,GSM674190,train,non_smoker
GSE27272,3,10,GSM674191,train,non_smoker
GSE27272,3,10,GSM674192,train,non_smoker
GSE27272,3,10,GSM674193,train,non_smoker
GSE27272,3,10,GSM674194,train,non_smoker
GSE27272,3,10,GSM674195,train,non_smoker
GSE27272,3,10,GSM674197,train,smoker
GSE27272,3,10,GSM674199,train,smoker
GSE27272,3,10,GSM674200,train,non_smoker
GSE27272,3,10,GSM674201,train,non_smoker
GSE27272,3,10,GSM674202,train,non_smoker
GSE27272,3,10,GSM674203,train,non_smoker
GSE27272,3,10,GSM674204,train,non_smoker
GSE27272,3,10,GSM674205,train,non_smoker
GSE27272,3,10,GSM674206,train,non_smoker
GSE27272,3,10,GSM674207,train,smoker
GSE27272,3,10,GSM674209,train,non_smoker
GSE27272,3,10,GSM674210,train,non_smoker
GSE27272,3,10,GSM674211,train,smoker
GSE27272,3,10,GSM674212,train,non_smoker
GSE27272,3,10,GSM674213,train,smoker
GSE27272,3,10,GSM674214,train,non_smoker
GSE27272,3,10,GSM674215,train,smoker
GSE27272,3,10,GSM674216,train,smoker
GSE27272,3,10,GSM674217,train,smoker
GSE27272,3,10,GSM674218,train,non_smoker
GSE27272,3,10,GSM674219,train,non_smoker
GSE27272,3,10,GSM674220,train,non_smoker
GSE27272,3,10,GSM674221,train,non_smoker
GSE27272,3,10,GSM674222,train,smoker
GSE27272,3,10,GSM674223,train,non_smoker
GSE27272,3,10,GSM674224,train,smoker
GSE27272,3,10,GSM674226,train,non_smoker
GSE27272,3,10,GSM674227,train,smoker
GSE27272,3,10,GSM674228,train,smoker
GSE27272,3,10,GSM674229,train,non_smoker
GSE27272,3,10,GSM674230,train,non_smoker
GSE27272,3,10,GSM674231,train,non_smoker
GSE27272,3,10,GSM674232,train,non_smoker
GSE27272,3,10,GSM674233,train,smoker
GSE27272,3,10,GSM674234,train,non_smoker
GSE27272,3,10,GSM674235,train,non_smoker
GSE27272,3,10,GSM674236,train,non_smoker
GSE27272,3,10,GSM674237,train,non_smoker
GSE27272,3,10,GSM674238,train,smoker
GSE27272,3,10,GSM674239,train,non_smoker
GSE27272,3,10,GSM674240,train,non_smoker
GSE27272,3,10,GSM674241,train,smoker
GSE27272,3,10,GSM674242,train,non_smoker
GSE27272,3,10,GSM674243,train,non_smoker
GSE27272,3,10,GSM674244,train,non_smoker
GSE27272,3,10,GSM674245,train,non_smoker
GSE27272,3,10,GSM674282,train,non_smoker
GSE27272,3,10,GSM674283,train,smoker
GSE27272,3,10,GSM674284,train,non_smoker
GSE27272,3,10,GSM674285,train,non_smoker
GSE27272,3,10,GSM674286,train,smoker
GSE27272,3,10,GSM674287,train,non_smoker
GSE27272,3,10,GSM674288,train,non_smoker
GSE27272,3,10,GSM674289,train,non_smoker
GSE27272,3,10,GSM674290,train,non_smoker
GSE27272,3,10,GSM674291,train,non_smoker
GSE27272,3,10,GSM674292,train,non_smoker
GSE27272,3,10,GSM674293,train,smoker
GSE27272,3,10,GSM674294,train,smoker
GSE27272,3,10,GSM674295,train,non_smoker
GSE27272,3,10,GSM674296,train,smoker
GSE27272,3,10,GSM674297,train,non_smoker
GSE27272,3,10,GSM674298,train,non_smoker
GSE27272,3,10,GSM674299,train,non_smoker
GSE27272,3,10,GSM674300,train,non_smoker
GSE27272,3,10,GSM674301,train,non_smoker
GSE27272,3,10,GSM674302,train,non_smoker
GSE27272,3,10,GSM674303,train,smoker
GSE27272,3,10,GSM674304,train,non_smoker
GSE27272,3,10,GSM674305,train,non_smoker
GSE27272,3,10,GSM674306,train,non_smoker
GSE27272,3,10,GSM674308,train,non_smoker
GSE27272,3,10,GSM674311,train,smoker
GSE27272,3,10,GSM674312,train,smoker
GSE27272,3,10,GSM674313,train,non_smoker
GSE27272,3,10,GSM674314,train,non_smoker
GSE27272,3,10,GSM674315,train,non_smoker
GSE27272,3,10,GSM674316,train,non_smoker
GSE27272,3,10,GSM674317,train,smoker
GSE27272,3,10,GSM674318,train,non_smoker
GSE27272,3,10,GSM674319,train,smoker
GSE27272,3,10,GSM674320,train,non_smoker
GSE27272,3,10,GSM674322,train,smoker
GSE27272,3,10,GSM674324,train,non_smoker
GSE27272,3,10,GSM674325,train,non_smoker
GSE27272,3,10,GSM674326,train,smoker
GSE27272,3,10,GSM674327,train,non_smoker
GSE27272,3,10,GSM674328,train,non_smoker
GSE27272,3,10,GSM674329,train,smoker
GSE27272,3,10,GSM674330,train,non_smoker
GSE27272,3,10,GSM674331,train,non_smoker
GSE27272,3,10,GSM674333,train,smoker
GSE27272,3,10,GSM674334,train,non_smoker
GSE27272,3,10,GSM674335,train,non_smoker
GSE27272,3,10,GSM674344,train,non_smoker
GSE27272,3,10,GSM674345,train,smoker
GSE27272,3,10,GSM674346,train,non_smoker
GSE27272,3,10,GSM674348,train,non_smoker
GSE27272,3,10,GSM674349,train,non_smoker
GSE27272,3,10,GSM674350,train,non_smoker
GSE27272,3,10,GSM674351,train,smoker
GSE27272,3,10,GSM674352,train,smoker
GSE27272,3,10,GSM674353,train,non_smoker
GSE27272,3,10,GSM674354,train,non_smoker
GSE27272,3,10,GSM674355,train,non_smoker
GSE27272,3,10,GSM674356,train,non_smoker
GSE27272,3,10,GSM674357,train,non_smoker
GSE27272,3,10,GSM674358,train,non_smoker
GSE27272,3,10,GSM674359,train,smoker
GSE27272,3,10,GSM674360,train,smoker
GSE27272,3,10,GSM674361,train,non_smoker
GSE27272,3,10,GSM674362,train,smoker
GSE27272,3,10,GSM674363,train,non_smoker
GSE27272,3,10,GSM674364,train,non_smoker
GSE27272,3,10,GSM674365,train,non_smoker
GSE27272,3,10,GSM674366,train,non_smoker
GSE27272,3,10,GSM674367,train,non_smoker
GSE27272,3,10,GSM674368,train,non_smoker
GSE27272,3,10,GSM674369,train,smoker
GSE27272,3,10,GSM674370,train,non_smoker
GSE27272,3,10,GSM674371,train,non_smoker
GSE27272,3,10,GSM674372,train,smoker
GSE27272,3,10,GSM674373,train,non_smoker
GSE27272,3,10,GSM674374,train,smoker
GSE27272,3,10,GSM674375,train,non_smoker
GSE27272,3,10,GSM674376,train,smoker
GSE27272,3,10,GSM674377,train,smoker
GSE27272,3,10,GSM674378,train,smoker
GSE27272,3,10,GSM674379,train,non_smoker
GSE27272,3,10,GSM674380,train,non_smoker
GSE27272,3,10,GSM674381,train,non_smoker
GSE27272,3,10,GSM674382,train,non_smoker
GSE27272,3,10,GSM674383,train,smoker
GSE27272,3,10,GSM674385,train,non_smoker
GSE27272,3,10,GSM674386,train,smoker
GSE27272,3,10,GSM674387,train,smoker
GSE27272,3,10,GSM674388,train,non_smoker
GSE27272,3,10,GSM674389,train,non_smoker
GSE27272,3,10,GSM674390,train,non_smoker
GSE27272,3,10,GSM674391,train,non_smoker
GSE27272,3,10,GSM674392,train,smoker
GSE27272,3,10,GSM674393,train,non_smoker
GSE27272,3,10,GSM674394,train,non_smoker
GSE27272,3,10,GSM674395,train,non_smoker
GSE27272,3,10,GSM674396,train,smoker
GSE27272,3,10,GSM674398,train,non_smoker
GSE27272,3,10,GSM674399,train,smoker
GSE27272,3,10,GSM674401,train,non_smoker
GSE27272,3,10,GSM674402,train,non_smoker
GSE27272,3,10,GSM674403,train,non_smoker
GSE27272,3,10,GSM674404,train,smoker
GSE27272,3,10,GSM674406,train,non_smoker
GSE27272,3,10,GSM674407,train,non_smoker
GSE27272,3,10,GSM674181,test,non_smoker
GSE27272,3,10,GSM674189,test,smoker
GSE27272,3,10,GSM674196,test,smoker
GSE27272,3,10,GSM674198,test,non_smoker
GSE27272,3,10,GSM674208,test,non_smoker
GSE27272,3,10,GSM674225,test,non_smoker
GSE27272,3,10,GSM674307,test,smoker
GSE27272,3,10,GSM674309,test,non_smoker
GSE27272,3,10,GSM674310,test,smoker
GSE27272,3,10,GSM674321,test,smoker
GSE27272,3,10,GSM674323,test,non_smoker
GSE27272,3,10,GSM674332,test,non_smoker
GSE27272,3,10,GSM674347,test,non_smoker
GSE27272,3,10,GSM674384,test,non_smoker
GSE27272,3,10,GSM674397,test,non_smoker
GSE27272,3,10,GSM674400,test,non_smoker
GSE27272,3,10,GSM674405,test,non_smoker
GSE27272,4,1,GSM674181,train,non_smoker
GSE27272,4,1,GSM674182,train,smoker
GSE27272,4,1,GSM674183,train,non_smoker
GSE27272,4,1,GSM674184,train,non_smoker
GSE27272,4,1,GSM674185,train,non_smoker
GSE27272,4,1,GSM674186,train,non_smoker
GSE27272,4,1,GSM674187,train,non_smoker
GSE27272,4,1,GSM674188,train,smoker
GSE27272,4,1,GSM674189,train,smoker
GSE27272,4,1,GSM674190,train,non_smoker
GSE27272,4,1,GSM674191,train,non_smoker
GSE27272,4,1,GSM674193,train,non_smoker
GSE27272,4,1,GSM674195,train,non_smoker
GSE27272,4,1,GSM674196,train,smoker
GSE27272,4,1,GSM674197,train,smoker
GSE27272,4,1,GSM674199,train,smoker
GSE27272,4,1,GSM674200,train,non_smoker
GSE27272,4,1,GSM674201,train,non_smoker
GSE27272,4,1,GSM674202,train,non_smoker
GSE27272,4,1,GSM674203,train,non_smoker
GSE27272,4,1,GSM674204,train,non_smoker
GSE27272,4,1,GSM674205,train,non_smoker
GSE27272,4,1,GSM674206,train,non_smoker
GSE27272,4,1,GSM674207,train,smoker
GSE27272,4,1,GSM674208,train,non_smoker
GSE27272,4,1,GSM674209,train,non_smoker
GSE27272,4,1,GSM674210,train,non_smoker
GSE27272,4,1,GSM674211,train,smoker
GSE27272,4,1,GSM674212,train,non_smoker
GSE27272,4,1,GSM674213,train,smoker
GSE27272,4,1,GSM674214,train,non_smoker
GSE27272,4,1,GSM674215,train,smoker
GSE27272,4,1,GSM674216,train,smoker
GSE27272,4,1,GSM674218,train,non_smoker
GSE27272,4,1,GSM674219,train,non_smoker
GSE27272,4,1,GSM674220,train,non_smoker
GSE27272,4,1,GSM674221,train,non_smoker
GSE27272,4,1,GSM674222,train,smoker
GSE27272,4,1,GSM674223,train,non_smoker
GSE27272,4,1,GSM674224,train,smoker
GSE27272,4,1,GSM674225,train,non_smoker
GSE27272,4,1,GSM674226,train,non_smoker
GSE27272,4,1,GSM674227,train,smoker
GSE27272,4,1,GSM674228,train,smoker
GSE27272,4,1,GSM674229,train,non_smoker
GSE27272,4,1,GSM674230,train,non_smoker
GSE27272,4,1,GSM674231,train,non_smoker
GSE27272,4,1,GSM674232,train,non_smoker
GSE27272,4,1,GSM674233,train,smoker
GSE27272,4,1,GSM674234,train,non_smoker
GSE27272,4,1,GSM674235,train,non_smoker
GSE27272,4,1,GSM674236,train,non_smoker
GSE27272,4,1,GSM674237,train,non_smoker
GSE27272,4,1,GSM674239,train,non_smoker
GSE27272,4,1,GSM674240,train,non_smoker
GSE27272,4,1,GSM674241,train,smoker
GSE27272,4,1,GSM674242,train,non_smoker
GSE27272,4,1,GSM674243,train,non_smoker
GSE27272,4,1,GSM674244,train,non_smoker
GSE27272,4,1,GSM674245,train,non_smoker
GSE27272,4,1,GSM674282,train,non_smoker
GSE27272,4,1,GSM674284,train,non_smoker
GSE27272,4,1,GSM674285,train,non_smoker
GSE27272,4,1,GSM674286,train,smoker
GSE27272,4,1,GSM674287,train,non_smoker
GSE27272,4,1,GSM674288,train,non_smoker
GSE27272,4,1,GSM674290,train,non_smoker
GSE27272,4,1,GSM674291,train,non_smoker
GSE27272,4,1,GSM674292,train,non_smoker
GSE27272,4,1,GSM674293,train,smoker
GSE27272,4,1,GSM674294,train,smoker
GSE27272,4,1,GSM674295,train,non_smoker
GSE27272,4,1,GSM674296,train,smoker
GSE27272,4,1,GSM674297,train,non_smoker
GSE27272,4,1,GSM674298,train,non_smoker
GSE27272,4,1,GSM674299,train,non_smoker
GSE27272,4,1,GSM674300,train,non_smoker
GSE27272,4,1,GSM674301,train,non_smoker
GSE27272,4,1,GSM674302,train,non_smoker
GSE27272,4,1,GSM674303,train,smoker
GSE27272,4,1,GSM674304,train,non_smoker
GSE27272,4,1,GSM674305,train,non_smoker
GSE27272,4,1,GSM674307,train,smoker
GSE27272,4,1,GSM674308,train,non_smoker
GSE27272,4,1,GSM674309,train,non_smoker
GSE27272,4,1,GSM674310,train,smoker
GSE27272,4,1,GSM674311,train,smoker
GSE27272,4,1,GSM674312,train,smoker
GSE27272,4,1,GSM674313,train,non_smoker
GSE27272,4,1,GSM674314,train,non_smoker
GSE27272,4,1,GSM674315,train,non_smoker
GSE27272,4,1,GSM674318,train,non_smoker
GSE27272,4,1,GSM674320,train,non_smoker
GSE27272,4,1,GSM674321,train,smoker
GSE27272,4,1,GSM674322,train,smoker
GSE27272,4,1,GSM674323,train,non_smoker
GSE27272,4,1,GSM674324,train,non_smoker
GSE27272,4,1,GSM674325,train,non_smoker
GSE27272,4,1,GSM674326,train,smoker
GSE27272,4,1,GSM674327,train,non_smoker
GSE27272,4,1,GSM674328,train,non_smoker
GSE27272,4,1,GSM674329,train,smoker
GSE27272,4,1,GSM674330,train,non_smoker
GSE27272,4,1,GSM674333,train,smoker
GSE27272,4,1,GSM674334,train,non_smoker
GSE27272,4,1,GSM674335,train,non_smoker
GSE27272,4,1,GSM674344,train,non_smoker
GSE27272,4,1,GSM674345,train,smoker
GSE27272,4,1,GSM674346,train,non_smoker
GSE27272,4,1,GSM674347,train,non_smoker
GSE27272,4,1,GSM674348,train,non_smoker
GSE27272,4,1,GSM674350,train,non_smoker
GSE27272,4,1,GSM674351,train,smoker
GSE27272,4,1,GSM674352,train,smoker
GSE27272,4,1,GSM674353,train,non_smoker
GSE27272,4,1,GSM674354,train,non_smoker
GSE27272,4,1,GSM674355,train,non_smoker
GSE27272,4,1,GSM674356,train,non_smoker
GSE27272,4,1,GSM674357,train,non_smoker
GSE27272,4,1,GSM674358,train,non_smoker
GSE27272,4,1,GSM674359,train,smoker
GSE27272,4,1,GSM674361,train,non_smoker
GSE27272,4,1,GSM674362,train,smoker
GSE27272,4,1,GSM674363,train,non_smoker
GSE27272,4,1,GSM674364,train,non_smoker
GSE27272,4,1,GSM674366,train,non_smoker
GSE27272,4,1,GSM674367,train,non_smoker
GSE27272,4,1,GSM674368,train,non_smoker
GSE27272,4,1,GSM674369,train,smoker
GSE27272,4,1,GSM674370,train,non_smoker
GSE27272,4,1,GSM674371,train,non_smoker
GSE27272,4,1,GSM674372,train,smoker
GSE27272,4,1,GSM674373,train,non_smoker
GSE27272,4,1,GSM674374,train,smoker
GSE27272,4,1,GSM674375,train,non_smoker
GSE27272,4,1,GSM674376,train,smoker
GSE27272,4,1,GSM674377,train,smoker
GSE27272,4,1,GSM674378,train,smoker
GSE27272,4,1,GSM674379,train,non_smoker
GSE27272,4,1,GSM674380,train,non_smoker
GSE27272,4,1,GSM674381,train,non_smoker
GSE27272,4,1,GSM674382,train,non_smoker
GSE27272,4,1,GSM674383,train,smoker
GSE27272,4,1,GSM674384,train,non_smoker
GSE27272,4,1,GSM674385,train,non_smoker
GSE27272,4,1,GSM674386,train,smoker
GSE27272,4,1,GSM674387,train,smoker
GSE27272,4,1,GSM674388,train,non_smoker
GSE27272,4,1,GSM674389,train,non_smoker
GSE27272,4,1,GSM674390,train,non_smoker
GSE27272,4,1,GSM674392,train,smoker
GSE27272,4,1,GSM674393,train,non_smoker
GSE27272,4,1,GSM674394,train,non_smoker
GSE27272,4,1,GSM674395,train,non_smoker
GSE27272,4,1,GSM674396,train,smoker
GSE27272,4,1,GSM674397,train,non_smoker
GSE27272,4,1,GSM674399,train,smoker
GSE27272,4,1,GSM674400,train,non_smoker
GSE27272,4,1,GSM674401,train,non_smoker
GSE27272,4,1,GSM674403,train,non_smoker
GSE27272,4,1,GSM674404,train,smoker
GSE27272,4,1,GSM674405,train,non_smoker
GSE27272,4,1,GSM674406,train,non_smoker
GSE27272,4,1,GSM674407,train,non_smoker
GSE27272,4,1,GSM674192,test,non_smoker
GSE27272,4,1,GSM674194,test,non_smoker
GSE27272,4,1,GSM674198,test,non_smoker
GSE27272,4,1,GSM674217,test,smoker
GSE27272,4,1,GSM674238,test,smoker
GSE27272,4,1,GSM674283,test,smoker
GSE27272,4,1,GSM674289,test,non_smoker
GSE27272,4,1,GSM674306,test,non_smoker
GSE27272,4,1,GSM674316,test,non_smoker
GSE27272,4,1,GSM674317,test,smoker
GSE27272,4,1,GSM674319,test,smoker
GSE27272,4,1,GSM674331,test,non_smoker
GSE27272,4,1,GSM674332,test,non_smoker
GSE27272,4,1,GSM674349,test,non_smoker
GSE27272,4,1,GSM674360,test,smoker
GSE27272,4,1,GSM674365,test,non_smoker
GSE27272,4,1,GSM674391,test,non_smoker
GSE27272,4,1,GSM674398,test,non_smoker
GSE27272,4,1,GSM674402,test,non_smoker
GSE27272,4,2,GSM674181,train,non_smoker
GSE27272,4,2,GSM674182,train,smoker
GSE27272,4,2,GSM674183,train,non_smoker
GSE27272,4,2,GSM674184,train,non_smoker
GSE27272,4,2,GSM674186,train,non_smoker
GSE27272,4,2,GSM674187,train,non_smoker
GSE27272,4,2,GSM674188,train,smoker
GSE27272,4,2,GSM674191,train,non_smoker
GSE27272,4,2,GSM674192,train,non_smoker
GSE27272,4,2,GSM674193,train,non_smoker
GSE27272,4,2,GSM674194,train,non_smoker
GSE27272,4,2,GSM674195,train,non_smoker
GSE27272,4,2,GSM674196,train,smoker
GSE27272,4,2,GSM674197,train,smoker
GSE27272,4,2,GSM674198,train,non_smoker
GSE27272,4,2,GSM674199,train,smoker
GSE27272,4,2,GSM674201,train,non_smoker
GSE27272,4,2,GSM674202,train,non_smoker
GSE27272,4,2,GSM674204,train,non_smoker
GSE27272,4,2,GSM674205,train,non_smoker
GSE27272,4,2,GSM674206,train,non_smoker
GSE27272,4,2,GSM674207,train,smoker
GSE27272,4,2,GSM674208,train,non_smoker
GSE27272,4,2,GSM674210,train,non_smoker
GSE27272,4,2,GSM674211,train,smoker
GSE27272,4,2,GSM674212,train,non_smoker
GSE27272,4,2,GSM674213,train,smoker
GSE27272,4,2,GSM674214,train,non_smoker
GSE27272,4,2,GSM674215,train,smoker
GSE27272,4,2,GSM674216,train,smoker
GSE27272,4,2,GSM674217,train,smoker
GSE27272,4,2,GSM674218,train,non_smoker
GSE27272,4,2,GSM674219,train,non_smoker
GSE27272,4,2,GSM674220,train,non_smoker
GSE27272,4,2,GSM674221,train,non_smoker
GSE27272,4,2,GSM674222,train,smoker
GSE27272,4,2,GSM674223,train,non_smoker
GSE27272,4,2,GSM674224,train,smoker
GSE27272,4,2,GSM674225,train,non_smoker
GSE27272,4,2,GSM674226,train,non_smoker
GSE27272,4,2,GSM674227,train,smoker
GSE27272,4,2,GSM674228,train,smoker
GSE27272,4,2,GSM674229,train,non_smoker
GSE27272,4,2,GSM674230,train,non_smoker
GSE27272,4,2,GSM674231,train,non_smoker
GSE27272,4,2,GSM674232,train,non_smoker
GSE27272,4,2,GSM674234,train,non_smoker
GSE27272,4,2,GSM674236,train,non_smoker
GSE27272,4,2,GSM674237,train,non_smoker
GSE27272,4,2,GSM674238,train,smoker
GSE27272,4,2,GSM674239,train,non_smoker
GSE27272,4,2,GSM674240,train,non_smoker
GSE27272,4,2,GSM674241,train,smoker
GSE27272,4,2,GSM674242,train,non_smoker
GSE27272,4,2,GSM674243,train,non_smoker
GSE27272,4,2,GSM674244,train,non_smoker
GSE27272,4,2,GSM674245,train,non_smoker
GSE27272,4,2,GSM674282,train,non_smoker
GSE27272,4,2,GSM674283,train,smoker
GSE27272,4,2,GSM674284,train,non_smoker
GSE27272,4,2,GSM674285,train,non_smoker
GSE27272,4,2,GSM674286,train,smoker
GSE27272,4,2,GSM674287,train,non_smoker
GSE27272,4,2,GSM674289,train,non_smoker
GSE27272,4,2,GSM674290,train,non_smoker
GSE27272,4,2,GSM674291,train,non_smoker
GSE27272,4,2,GSM674292,train,non_smoker
GSE27272,4,2,GSM674293,train,smoker
GSE27272,4,2,GSM674294,train,smoker
GSE27272,4,2,GSM674295,train,non_smoker
GSE27272,4,2,GSM674296,train,smoker
GSE27272,4,2,GSM674298,train,non_smoker
GSE27272,4,2,GSM674299,train,non_smoker
GSE27272,4,2,GSM674300,train,non_smoker
GSE27272,4,2,GSM674301,train,non_smoker
GSE27272,4,2,GSM674302,train,non_smoker
GSE27272,4,2,GSM674303,train,smoker
GSE27272,4,2,GSM674304,train,non_smoker
GSE27272,4,2,GSM674305,train,non_smoker
GSE27272,4,2,GSM674306,train,non_smoker
GSE27272,4,2,GSM674307,train,smoker
GSE27272,4,2,GSM674308,train,non_smoker
GSE27272,4,2,GSM674309,train,non_smoker
GSE27272,4,2,GSM674310,train,smoker
GSE27272,4,2,GSM674311,train,smoker
GSE27272,4,2,GSM674312,train,smoker
GSE27272,4,2,GSM674313,train,non_smoker
GSE27272,4,2,GSM674315,train,non_smoker
GSE27272,4,2,GSM674316,train,non_smoker
GSE27272,4,2,GSM674317,train,smoker
GSE27272,4,2,GSM674318,train,non_smoker
GSE27272,4,2,GSM674319,train,smoker
GSE27272,4,2,GSM674320,train,non_smoker
GSE27272,4,2,GSM674322,train,smoker
GSE27272,4,2,GSM674323,train,non_smoker
GSE27272,4,2,GSM674324,train,non_smoker
GSE27272,4,2,GSM674325,train,non_smoker
GSE27272,4,2,GSM674326,train,smoker
GSE27272,4,2,GSM674328,train,non_smoker
GSE27272,4,2,GSM674329,train,smoker
GSE27272,4,2,GSM674330,train,non_smoker
GSE27272,4,2,GSM674331,train,non_smoker
GSE27272,4,2,GSM674332,train,non_smoker
GSE27272,4,2,GSM674333,train,smoker
GSE27272,4,2,GSM674334,train,non_smoker
GSE27272,4,2,GSM674335,train,non_smoker
GSE27272,4,2,GSM674344,train,non_smoker
GSE27272,4,2,GSM674345,train,smoker
GSE27272,4,2,GSM674346,train,non_smoker
GSE27272,4,2,GSM674347,train,non_smoker
GSE27272,4,2,GSM674348,train,non_smoker
GSE27272,4,2,GSM674349,train,non_smoker
GSE27272,4,2,GSM674350,train,non_smoker
GSE27272,4,2,GSM674351,train,smoker
GSE27272,4,2,GSM674352,train,smoker
GSE27272,4,2,GSM674353,train,non_smoker
GSE27272,4,2,GSM674354,train,non_smoker
GSE27272,4,2,GSM674355,train,non_smoker
GSE27272,4,2,GSM674356,train,non_smoker
GSE27272,4,2,GSM674357,train,non_smoker
GSE27272,4,2,GSM674358,train,non_smoker
GSE27272,4,2,GSM674359,train,smoker
GSE27272,4,2,GSM674360,train,smoker
GSE27272,4,2,GSM674361,train,non_smoker
GSE27272,4,2,GSM674362,train,smoker
GSE27272,4,2,GSM674364,train,non_smoker
GSE27272,4,2,GSM674365,train,non_smoker
GSE27272,4,2,GSM674366,train,non_smoker
GSE27272,4,2,GSM674367,train,non_smoker
GSE27272,4,2,GSM674368,train,non_smoker
GSE27272,4,2,GSM674369,train,smoker
GSE27272,4,2,GSM674370,train,non_smoker
GSE27272,4,2,GSM674371,train,non_smoker
GSE27272,4,2,GSM674372,train,smoker
GSE27272,4,2,GSM674373,train,non_smoker
GSE27272,4,2,GSM674374,train,smoker
GSE27272,4,2,GSM674375,train,non_smoker
GSE27272,4,2,GSM674376,train,smoker
GSE27272,4,2,GSM674379,train,non_smoker
GSE27272,4,2,GSM674380,train,non_smoker
GSE27272,4,2,GSM674381,train,non_smoker
GSE27272,4,2,GSM674382,train,non_smoker
GSE27272,4,2,GSM674383,train,smoker
GSE27272,4,2,GSM674384,train,non_smoker
GSE27272,4,2,GSM674385,train,non_smoker
GSE27272,4,2,GSM674386,train,smoker
GSE27272,4,2,GSM674387,train,smoker
GSE27272,4,2,GSM674388,train,non_smoker
GSE27272,4,2,GSM674389,train,non_smoker
GSE27272,4,2,GSM674391,train,non_smoker
GSE27272,4,2,GSM674393,train,non_smoker
GSE27272,4,2,GSM674394,train,non_smoker
GSE27272,4,2,GSM674395,train,non_smoker
GSE27272,4,2,GSM674396,train,smoker
GSE27272,4,2,GSM674397,train,non_smoker
GSE27272,4,2,GSM674398,train,non_smoker
GSE27272,4,2,GSM674399,train,smoker
GSE27272,4,2,GSM674401,train,non_smoker
GSE27272,4,2,GSM674402,train,non_smoker
GSE27272,4,2,GSM674403,train,non_smoker
GSE27272,4,2,GSM674404,train,smoker
GSE27272,4,2,GSM674405,train,non_smoker
GSE27272,4,2,GSM674406,train,non_smoker
GSE27272,4,2,GSM674407,train,non_smoker
GSE27272,4,2,GSM674185,test,non_smoker
GSE27272,4,2,GSM674189,test,smoker
GSE27272,4,2,GSM674190,test,non_smoker
GSE27272,4,2,GSM674200,test,non_smoker
GSE27272,4,2,GSM674203,test,non_smoker
GSE27272,4,2,GSM674209,test,non_smoker
GSE27272,4,2,GSM674233,test,smoker
GSE27272,4,2,GSM674235,test,non_smoker
GSE27272,4,2,GSM674288,test,non_smoker
GSE27272,4,2,GSM674297,test,non_smoker
GSE27272,4,2,GSM674314,test,non_smoker
GSE27272,4,2,GSM674321,test,smoker
GSE27272,4,2,GSM674327,test,non_smoker
GSE27272,4,2,GSM674363,test,non_smoker
GSE27272,4,2,GSM674377,test,smoker
GSE27272,4,2,GSM674378,test,smoker
GSE27272,4,2,GSM674390,test,non_smoker
GSE27272,4,2,GSM674392,test,smoker
GSE27272,4,2,GSM674400,test,non_smoker
GSE27272,4,3,GSM674181,train,non_smoker
GSE27272,4,3,GSM674182,train,smoker
GSE27272,4,3,GSM674183,train,non_smoker
GSE27272,4,3,GSM674184,train,non_smoker
GSE27272,4,3,GSM674185,train,non_smoker
GSE27272,4,3,GSM674186,train,non_smoker
GSE27272,4,3,GSM674187,train,non_smoker
GSE27272,4,3,GSM674189,train,smoker
GSE27272,4,3,GSM674190,train,non_smoker
GSE27272,4,3,GSM674191,train,non_smoker
GSE27272,4,3,GSM674192,train,non_smoker
GSE27272,4,3,GSM674193,train,non_smoker
GSE27272,4,3,GSM674194,train,non_smoker
GSE27272,4,3,GSM674195,train,non_smoker
GSE27272,4,3,GSM674197,train,smoker
GSE27272,4,3,GSM674198,train,non_smoker
GSE27272,4,3,GSM674199,train,smoker
GSE27272,4,3,GSM674200,train,non_smoker
GSE27272,4,3,GSM674201,train,non_smoker
GSE27272,4,3,GSM674202,train,non_smoker
GSE27272,4,3,GSM674203,train,non_smoker
GSE27272,4,3,GSM674204,train,non_smoker
GSE27272,4,3,GSM674205,train,non_smoker
GSE27272,4,3,GSM674206,train,non_smoker
GSE27272,4,3,GSM674208,train,non_smoker
GSE27272,4,3,GSM674209,train,non_smoker
GSE27272,4,3,GSM674211,train,smoker
GSE27272,4,3,GSM674212,train,non_smoker
GSE27272,4,3,GSM674213,train,smoker
GSE27272,4,3,GSM674214,train,non_smoker
GSE27272,4,3,GSM674215,train,smoker
GSE27272,4,3,GSM674216,train,smoker
GSE27272,4,3,GSM674217,train,smoker
GSE27272,4,3,GSM674218,train,non_smoker
GSE27272,4,3,GSM674219,train,non_smoker
GSE27272,4,3,GSM674220,train,non_smoker
GSE27272,4,3,GSM674221,train,non_smoker
GSE27272,4,3,GSM674222,train,smoker
GSE27272,4,3,GSM674223,train,non_smoker
GSE27272,4,3,GSM674224,train,smoker
GSE27272,4,3,GSM674225,train,non_smoker
GSE27272,4,3,GSM674226,train,non_smoker
GSE27272,4,3,GSM674227,train,smoker
GSE27272,4,3,GSM674228,train,smoker
GSE27272,4,3,GSM674229,train,non_smoker
GSE27272,4,3,GSM674230,train,non_smoker
GSE27272,4,3,GSM674231,train,non_smoker
GSE27272,4,3,GSM674232,train,non_smoker
GSE27272,4,3,GSM674233,train,smoker
GSE27272,4,3,GSM674234,train,non_smoker
GSE27272,4,3,GSM674235,train,non_smoker
GSE27272,4,3,GSM674236,train,non_smoker
GSE27272,4,3,GSM674237,train,non_smoker
GSE27272,4,3,GSM674238,train,smoker
GSE27272,4,3,GSM674239,train,non_smoker
GSE27272,4,3,GSM674240,train,non_smoker
GSE27272,4,3,GSM674241,train,smoker
GSE27272,4,3,GSM674242,train,non_smoker
GSE27272,4,3,GSM674243,train,non_smoker
GSE27272,4,3,GSM674244,train,non_smoker
GSE27272,4,3,GSM674245,train,non_smoker
GSE27272,4,3,GSM674283,train,smoker
GSE27272,4,3,GSM674284,train,non_smoker
GSE27272,4,3,GSM674285,train,non_smoker
GSE27272,4,3,GSM674286,train,smoker
GSE27272,4,3,GSM674287,train,non_smoker
GSE27272,4,3,GSM674288,train,non_smoker
GSE27272,4,3,GSM674289,train,non_smoker
GSE27272,4,3,GSM674290,train,non_smoker
GSE27272,4,3,GSM674291,train,non_smoker
GSE27272,4,3,GSM674292,train,non_smoker
GSE27272,4,3,GSM674294,train,smoker
GSE27272,4,3,GSM674295,train,non_smoker
GSE27272,4,3,GSM674296,train,smoker
GSE27272,4,3,GSM674297,train,non_smoker
GSE27272,4,3,GSM674298,train,non_smoker
GSE27272,4,3,GSM674299,train,non_smoker
GSE27272,4,3,GSM674300,train,non_smoker
GSE27272,4,3,GSM674301,train,non_smoker
GSE27272,4,3,GSM674302,train,non_smoker
GSE27272,4,3,GSM674303,train,smoker
GSE27272,4,3,GSM674304,train,non_smoker
GSE27272,4,3,GSM674305,train,non_smoker
GSE27272,4,3,GSM674306,train,non_smoker
GSE27272,4,3,GSM674307,train,smoker
GSE27272,4,3,GSM674308,train,non_smoker
GSE27272,4,3,GSM674309,train,non_smoker
GSE27272,4,3,GSM674310,train,smoker
GSE27272,4,3,GSM674311,train,smoker
GSE27272,4,3,GSM674312,train,smoker
GSE27272,4,3,GSM674313,train,non_smoker
GSE27272,4,3,GSM674314,train,non_smoker
GSE27272,4,3,GSM674315,train,non_smoker
GSE27272,4,3,GSM674316,train,non_smoker
GSE27272,4,3,GSM674317,train,smoker
GSE27272,4,3,GSM674319,train,smoker
GSE27272,4,3,GSM674320,train,non_smoker
GSE27272,4,3,GSM674321,train,smoker
GSE27272,4,3,GSM674322,train,smoker
GSE27272,4,3,GSM674323,train,non_smoker
GSE27272,4,3,GSM674324,train,non_smoker
GSE27272,4,3,GSM674326,train,smoker
GSE27272,4,3,GSM674327,train,non_smoker
GSE27272,4,3,GSM674328,train,non_smoker
GSE27272,4,3,GSM674329,train,smoker
GSE27272,4,3,GSM674331,train,non_smoker
GSE27272,4,3,GSM674332,train,non_smoker
GSE27272,4,3,GSM674333,train,smoker
GSE27272,4,3,GSM674334,train,non_smoker
GSE27272,4,3,GSM674335,train,non_smoker
GSE27272,4,3,GSM674344,train,non_smoker
GSE27272,4,3,GSM674346,train,non_smoker
GSE27272,4,3,GSM674347,train,non_smoker
GSE27272,4,3,GSM674348,train,non_smoker
GSE27272,4,3,GSM674349,train,non_smoker
GSE27272,4,3,GSM674350,train,non_smoker
GSE27272,4,3,GSM674351,train,smoker
GSE27272,4,3,GSM674352,train,smoker
GSE27272,4,3,GSM674354,train,non_smoker
GSE27272,4,3,GSM674355,train,non_smoker
GSE27272,4,3,GSM674356,train,non_smoker
GSE27272,4,3,GSM674357,train,non_smoker
GSE27272,4,3,GSM674358,train,non_smoker
GSE27272,4,3,GSM674360,train,smoker
GSE27272,4,3,GSM674361,train,non_smoker
GSE27272,4,3,GSM674362,train,smoker
GSE27272,4,3,GSM674363,train,non_smoker
GSE27272,4,3,GSM674364,train,non_smoker
GSE27272,4,3,GSM674365,train,non_smoker
GSE27272,4,3,GSM674368,train,non_smoker
GSE27272,4,3,GSM674369,train,smoker
GSE27272,4,3,GSM674370,train,non_smoker
GSE27272,4,3,GSM674371,train,non_smoker
GSE27272,4,3,GSM674372,train,smoker
GSE27272,4,3,GSM674373,train,non_smoker
GSE27272,4,3,GSM674374,train,smoker
GSE27272,4,3,GSM674376,train,smoker
GSE27272,4,3,GSM674377,train,smoker
GSE27272,4,3,GSM674378,train,smoker
GSE27272,4,3,GSM674380,train,non_smoker
GSE27272,4,3,GSM674381,train,non_smoker
GSE27272,4,3,GSM674383,train,smoker
GSE27272,4,3,GSM674384,train,non_smoker
GSE27272,4,3,GSM674385,train,non_smoker
GSE27272,4,3,GSM674386,train,smoker
GSE27272,4,3,GSM674387,train,smoker
GSE27272,4,3,GSM674388,train,non_smoker
GSE27272,4,3,GSM674389,train,non_smoker
GSE27272,4,3,GSM674390,train,non_smoker
GSE27272,4,3,GSM674391,train,non_smoker
GSE27272,4,3,GSM674392,train,smoker
GSE27272,4,3,GSM674393,train,non_smoker
GSE27272,4,3,GSM674395,train,non_smoker
GSE27272,4,3,GSM674396,train,smoker
GSE27272,4,3,GSM674397,train,non_smoker
GSE27272,4,3,GSM674398,train,non_smoker
GSE27272,4,3,GSM674399,train,smoker
GSE27272,4,3,GSM674400,train,non_smoker
GSE27272,4,3,GSM674401,train,non_smoker
GSE27272,4,3,GSM674402,train,non_smoker
GSE27272,4,3,GSM674403,train,non_smoker
GSE27272,4,3,GSM674404,train,smoker
GSE27272,4,3,GSM674405,train,non_smoker
GSE27272,4,3,GSM674406,train,non_smoker
GSE27272,4,3,GSM674188,test,smoker
GSE27272,4,3,GSM674196,test,smoker
GSE27272,4,3,GSM674207,test,smoker
GSE27272,4,3,GSM674210,test,non_smoker
GSE27272,4,3,GSM674282,test,non_smoker
GSE27272,4,3,GSM674293,test,smoker
GSE27272,4,3,GSM674318,test,non_smoker
GSE27272,4,3,GSM674325,test,non_smoker
GSE27272,4,3,GSM674330,test,non_smoker
GSE27272,4,3,GSM674345,test,smoker
GSE27272,4,3,GSM674353,test,non_smoker
GSE27272,4,3,GSM674359,test,smoker
GSE27272,4,3,GSM674366,test,non_smoker
GSE27272,4,3,GSM674367,test,non_smoker
GSE27272,4,3,GSM674375,test,non_smoker
GSE27272,4,3,GSM674379,test,non_smoker
GSE27272,4,3,GSM674382,test,non_smoker
GSE27272,4,3,GSM674394,test,non_smoker
GSE27272,4,3,GSM674407,test,non_smoker
GSE27272,4,4,GSM674182,train,smoker
GSE27272,4,4,GSM674183,train,non_smoker
GSE27272,4,4,GSM674185,train,non_smoker
GSE27272,4,4,GSM674186,train,non_smoker
GSE27272,4,4,GSM674187,train,non_smoker
GSE27272,4,4,GSM674188,train,smoker
GSE27272,4,4,GSM674189,train,smoker
GSE27272,4,4,GSM674190,train,non_smoker
GSE27272,4,4,GSM674191,train,non_smoker
GSE27272,4,4,GSM674192,train,non_smoker
GSE27272,4,4,GSM674193,train,non_smoker
GSE27272,4,4,GSM674194,train,non_smoker
GSE27272,4,4,GSM674195,train,non_smoker
GSE27272,4,4,GSM674196,train,smoker
GSE27272,4,4,GSM674198,train,non_smoker
GSE27272,4,4,GSM674199,train,smoker
GSE27272,4,4,GSM674200,train,non_smoker
GSE27272,4,4,GSM674201,train,non_smoker
GSE27272,4,4,GSM674202,train,non_smoker
GSE27272,4,4,GSM674203,train,non_smoker
GSE27272,4,4,GSM674204,train,non_smoker
GSE27272,4,4,GSM674205,train,non_smoker
GSE27272,4,4,GSM674206,train,non_smoker
GSE27272,4,4,GSM674207,train,smoker
GSE27272,4,4,GSM674208,train,non_smoker
GSE27272,4,4,GSM674209,train,non_smoker
GSE27272,4,4,GSM674210,train,non_smoker
GSE27272,4,4,GSM674211,train,smoker
GSE27272,4,4,GSM674212,train,non_smoker
GSE27272,4,4,GSM674213,train,smoker
GSE27272,4,4,GSM674214,train,non_smoker
GSE27272,4,4,GSM674215,train,smoker
GSE27272,4,4,GSM674216,train,smoker
GSE27272,4,4,GSM674217,train,smoker
GSE27272,4,4,GSM674218,train,non_smoker
GSE27272,4,4,GSM674219,train,non_smoker
GSE27272,4,4,GSM674220,train,non_smoker
GSE27272,4,4,GSM674221,train,non_smoker
GSE27272,4,4,GSM674222,train,smoker
GSE27272,4,4,GSM674223,train,non_smoker
GSE27272,4,4,GSM674226,train,non_smoker
GSE27272,4,4,GSM674227,train,smoker
GSE27272,4,4,GSM674228,train,smoker
GSE27272,4,4,GSM674229,train,non_smoker
GSE27272,4,4,GSM674230,train,non_smoker
GSE27272,4,4,GSM674231,train,non_smoker
GSE27272,4,4,GSM674232,train,non_smoker
GSE27272,4,4,GSM674233,train,smoker
GSE27272,4,4,GSM674235,train,non_smoker
GSE27272,4,4,GSM674237,train,non_smoker
GSE27272,4,4,GSM674238,train,smoker
GSE27272,4,4,GSM674239,train,non_smoker
GSE27272,4,4,GSM674241,train,smoker
GSE27272,4,4,GSM674242,train,non_smoker
GSE27272,4,4,GSM674243,train,non_smoker
GSE27272,4,4,GSM674244,train,non_smoker
GSE27272,4,4,GSM674245,train,non_smoker
GSE27272,4,4,GSM674282,train,non_smoker
GSE27272,4,4,GSM674283,train,smoker
GSE27272,4,4,GSM674284,train,non_smoker
GSE27272,4,4,GSM674285,train,non_smoker
GSE27272,4,4,GSM674286,train,smoker
GSE27272,4,4,GSM674288,train,non_smoker
GSE27272,4,4,GSM674289,train,non_smoker
GSE27272,4,4,GSM674291,train,non_smoker
GSE27272,4,4,GSM674292,train,non_smoker
GSE27272,4,4,GSM674293,train,smoker
GSE27272,4,4,GSM674294,train,smoker
GSE27272,4,4,GSM674295,train,non_smoker
GSE27272,4,4,GSM674297,train,non_smoker
GSE27272,4,4,GSM674298,train,non_smoker
GSE27272,4,4,GSM674299,train,non_smoker
GSE27272,4,4,GSM674300,train,non_smoker
GSE27272,4,4,GSM674301,train,non_smoker
GSE27272,4,4,GSM674302,train,non_smoker
GSE27272,4,4,GSM674303,train,smoker
GSE27272,4,4,GSM674304,train,non_smoker
GSE27272,4,4,GSM674305,train,non_smoker
GSE27272,4,4,GSM674306,train,non_smoker
GSE27272,4,4,GSM674307,train,smoker
GSE27272,4,4,GSM674308,train,non_smoker
GSE27272,4,4,GSM674309,train,non_smoker
GSE27272,4,4,GSM674310,train,smoker
GSE27272,4,4,GSM674311,train,smoker
GSE27272,4,4,GSM674312,train,smoker
GSE27272,4,4,GSM674314,train,non_smoker
GSE27272,4,4,GSM674315,train,non_smoker
GSE27272,4,4,GSM674316,train,non_smoker
GSE27272,4,4,GSM674317,train,smoker
GSE27272,4,4,GSM674318,train,non_smoker
GSE27272,4,4,GSM674319,train,smoker
GSE27272,4,4,GSM674320,train,non_smoker
GSE27272,4,4,GSM674321,train,smoker
GSE27272,4,4,GSM674322,train,smoker
GSE27272,4,4,GSM674323,train,non_smoker
GSE27272,4,4,GSM674324,train,non_smoker
GSE27272,4,4,GSM674325,train,non_smoker
GSE27272,4,4,GSM674327,train,non_smoker
GSE27272,4,4,GSM674328,train,non_smoker
GSE27272,4,4,GSM674329,train,smoker
GSE27272,4,4,GSM674330,train,non_smoker
GSE27272,4,4,GSM674331,train,non_smoker
GSE27272,4,4,GSM674332,train,non_smoker
GSE27272,4,4,GSM674334,train,non_smoker
GSE27272,4,4,GSM674335,train,non_smoker
GSE27272,4,4,GSM674345,train,smoker
GSE27272,4,4,GSM674346,train,non_smoker
GSE27272,4,4,GSM674347,train,non_smoker
GSE27272,4,4,GSM674348,train,non_smoker
GSE27272,4,4,GSM674349,train,non_smoker
GSE27272,4,4,GSM674350,train,non_smoker
GSE27272,4,4,GSM674351,train,smoker
GSE27272,4,4,GSM674352,train,smoker
GSE27272,4,4,GSM674353,train,non_smoker
GSE27272,4,4,GSM674354,train,non_smoker
GSE27272,4,4,GSM674355,train,non_smoker
GSE27272,4,4,GSM674356,train,non_smoker
GSE27272,4,4,GSM674357,train,non_smoker
GSE27272,4,4,GSM674358,train,non_smoker
GSE27272,4,4,GSM674359,train,smoker
GSE27272,4,4,GSM674360,train,smoker
GSE27272,4,4,GSM674361,train,non_smoker
GSE27272,4,4,GSM674362,train,smoker
GSE27272,4,4,GSM674363,train,non_smoker
GSE27272,4,4,GSM674364,train,non_smoker
GSE27272,4,4,GSM674365,train,non_smoker
GSE27272,4,4,GSM674366,train,non_smoker
GSE27272,4,4,GSM674367,train,non_smoker
GSE27272,4,4,GSM674368,train,non_smoker
GSE27272,4,4,GSM674369,train,smoker
GSE27272,4,4,GSM674370,train,non_smoker
GSE27272,4,4,GSM674372,train,smoker
GSE27272,4,4,GSM674373,train,non_smoker
GSE27272,4,4,GSM674374,train,smoker
GSE27272,4,4,GSM674375,train,non_smoker
GSE27272,4,4,GSM674376,train,smoker
GSE27272,4,4,GSM674377,train,smoker
GSE27272,4,4,GSM674378,train,smoker
GSE27272,4,4,GSM674379,train,non_smoker
GSE27272,4,4,GSM674380,train,non_smoker
GSE27272,4,4,GSM674381,train,non_smoker
GSE27272,4,4,GSM674382,train,non_smoker
GSE27272,4,4,GSM674384,train,non_smoker
GSE27272,4,4,GSM674385,train,non_smoker
GSE27272,4,4,GSM674386,train,smoker
GSE27272,4,4,GSM674387,train,smoker
GSE27272,4,4,GSM674388,train,non_smoker
GSE27272,4,4,GSM674390,train,non_smoker
GSE27272,4,4,GSM674391,train,non_smoker
GSE27272,4,4,GSM674392,train,smoker
GSE27272,4,4,GSM674393,train,non_smoker
GSE27272,4,4,GSM674394,train,non_smoker
GSE27272,4,4,GSM674395,train,non_smoker
GSE27272,4,4,GSM674396,train,smoker
GSE27272,4,4,GSM674397,train,non_smoker
GSE27272,4,4,GSM674398,train,non_smoker
GSE27272,4,4,GSM674399,train,smoker
GSE27272,4,4,GSM674400,train,non_smoker
GSE27272,4,4,GSM674401,train,non_smoker
GSE27272,4,4,GSM674402,train,non_smoker
GSE27272,4,4,GSM674403,train,non_smoker
GSE27272,4,4,GSM674404,train,smoker
GSE27272,4,4,GSM674406,train,non_smoker
GSE27272,4,4,GSM674407,train,non_smoker
GSE27272,4,4,GSM674181,test,non_smoker
GSE27272,4,4,GSM674184,test,non_smoker
GSE27272,4,4,GSM674197,test,smoker
GSE27272,4,4,GSM674224,test,smoker
GSE27272,4,4,GSM674225,test,non_smoker
GSE27272,4,4,GSM674234,test,non_smoker
GSE27272,4,4,GSM674236,test,non_smoker
GSE27272,4,4,GSM674240,test,non_smoker
GSE27272,4,4,GSM674287,test,non_smoker
GSE27272,4,4,GSM674290,test,non_smoker
GSE27272,4,4,GSM674296,test,smoker
GSE27272,4,4,GSM674313,test,non_smoker
GSE27272,4,4,GSM674326,test,smoker
GSE27272,4,4,GSM674333,test,smoker
GSE27272,4,4,GSM674344,test,non_smoker
GSE27272,4,4,GSM674371,test,non_smoker
GSE27272,4,4,GSM674383,test,smoker
GSE27272,4,4,GSM674389,test,non_smoker
GSE27272,4,4,GSM674405,test,non_smoker
GSE27272,4,5,GSM674181,train,non_smoker
GSE27272,4,5,GSM674183,train,non_smoker
GSE27272,4,5,GSM674184,train,non_smoker
GSE27272,4,5,GSM674185,train,non_smoker
GSE27272,4,5,GSM674186,train,non_smoker
GSE27272,4,5,GSM674187,train,non_smoker
GSE27272,4,5,GSM674188,train,smoker
GSE27272,4,5,GSM674189,train,smoker
GSE27272,4,5,GSM674190,train,non_smoker
GSE27272,4,5,GSM674191,train,non_smoker
GSE27272,4,5,GSM674192,train,non_smoker
GSE27272,4,5,GSM674193,train,non_smoker
GSE27272,4,5,GSM674194,train,non_smoker
GSE27272,4,5,GSM674195,train,non_smoker
GSE27272,4,5,GSM674196,train,smoker
GSE27272,4,5,GSM674197,train,smoker
GSE27272,4,5,GSM674198,train,non_smoker
GSE27272,4,5,GSM674199,train,smoker
GSE27272,4,5,GSM674200,train,non_smoker
GSE27272,4,5,GSM674201,train,non_smoker
GSE27272,4,5,GSM674202,train,non_smoker
GSE27272,4,5,GSM674203,train,non_smoker
GSE27272,4,5,GSM674205,train,non_smoker
GSE27272,4,5,GSM674206,train,non_smoker
GSE27272,4,5,GSM674207,train,smoker
GSE27272,4,5,GSM674208,train,non_smoker
GSE27272,4,5,GSM674209,train,non_smoker
GSE27272,4,5,GSM674210,train,non_smoker
GSE27272,4,5,GSM674211,train,smoker
GSE27272,4,5,GSM674212,train,non_smoker
GSE27272,4,5,GSM674213,train,smoker
GSE27272,4,5,GSM674215,train,smoker
GSE27272,4,5,GSM674216,train,smoker
GSE27272,4,5,GSM674217,train,smoker
GSE27272,4,5,GSM674218,train,non_smoker
GSE27272,4,5,GSM674220,train,non_smoker
GSE27272,4,5,GSM674221,train,non_smoker
GSE27272,4,5,GSM674222,train,smoker
GSE27272,4,5,GSM674223,train,non_smoker
GSE27272,4,5,GSM674224,train,smoker
GSE27272,4,5,GSM674225,train,non_smoker
GSE27272,4,5,GSM674226,train,non_smoker
GSE27272,4,5,GSM674227,train,smoker
GSE27272,4,5,GSM674228,train,smoker
GSE27272,4,5,GSM674229,train,non_smoker
GSE27272,4,5,GSM674230,train,non_smoker
GSE27272,4,5,GSM674231,train,non_smoker
GSE27272,4,5,GSM674232,train,non_smoker
GSE27272,4,5,GSM674233,train,smoker
GSE27272,4,5,GSM674234,train,non_smoker
GSE27272,4,5,GSM674235,train,non_smoker
GSE27272,4,5,GSM674236,train,non_smoker
GSE27272,4,5,GSM674237,train,non_smoker
GSE27272,4,5,GSM674238,train,smoker
GSE27272,4,5,GSM674239,train,non_smoker
GSE27272,4,5,GSM674240,train,non_smoker
GSE27272,4,5,GSM674241,train,smoker
GSE27272,4,5,GSM674242,train,non_smoker
GSE27272,4,5,GSM674243,train,non_smoker
GSE27272,4,5,GSM674245,train,non_smoker
GSE27272,4,5,GSM674282,train,non_smoker
GSE27272,4,5,GSM674283,train,smoker
GSE27272,4,5,GSM674285,train,non_smoker
GSE27272,4,5,GSM674287,train,non_smoker
GSE27272,4,5,GSM674288,train,non_smoker
GSE27272,4,5,GSM674289,train,non_smoker
GSE27272,4,5,GSM674290,train,non_smoker
GSE27272,4,5,GSM674291,train,non_smoker
GSE27272,4,5,GSM674293,train,smoker
GSE27272,4,5,GSM674295,train,non_smoker
GSE27272,4,5,GSM674296,train,smoker
GSE27272,4,5,GSM674297,train,non_smoker
GSE27272,4,5,GSM674299,train,non_smoker
GSE27272,4,5,GSM674300,train,non_smoker
GSE27272,4,5,GSM674301,train,non_smoker
GSE27272,4,5,GSM674302,train,non_smoker
GSE27272,4,5,GSM674303,train,smoker
GSE27272,4,5,GSM674304,train,non_smoker
GSE27272,4,5,GSM674305,train,non_smoker
GSE27272,4,5,GSM674306,train,non_smoker
GSE27272,4,5,GSM674307,train,smoker
GSE27272,4,5,GSM674308,train,non_smoker
GSE27272,4,5,GSM674309,train,non_smoker
GSE27272,4,5,GSM674310,train,smoker
GSE27272,4,5,GSM674312,train,smoker
GSE27272,4,5,GSM674313,train,non_smoker
GSE27272,4,5,GSM674314,train,non_smoker
GSE27272,4,5,GSM674315,train,non_smoker
GSE27272,4,5,GSM674316,train,non_smoker
GSE27272,4,5,GSM674317,train,smoker
GSE27272,4,5,GSM674318,train,non_smoker
GSE27272,4,5,GSM674319,train,smoker
GSE27272,4,5,GSM674321,train,smoker
GSE27272,4,5,GSM674322,train,smoker
GSE27272,4,5,GSM674325,train,non_smoker
GSE27272,4,5,GSM674326,train,smoker
GSE27272,4,5,GSM674327,train,non_smoker
GSE27272,4,5,GSM674328,train,non_smoker
GSE27272,4,5,GSM674329,train,smoker
GSE27272,4,5,GSM674330,train,non_smoker
GSE27272,4,5,GSM674331,train,non_smoker
GSE27272,4,5,GSM674332,train,non_smoker
GSE27272,4,5,GSM674333,train,smoker
GSE27272,4,5,GSM674334,train,non_smoker
GSE27272,4,5,GSM674335,train,non_smoker
GSE27272,4,5,GSM674344,train,non_smoker
GSE27272,4,5,GSM674345,train,smoker
GSE27272,4,5,GSM674347,train,non_smoker
GSE27272,4,5,GSM674348,train,non_smoker
GSE27272,4,5,GSM674349,train,non_smoker
GSE27272,4,5,GSM674351,train,smoker
GSE27272,4,5,GSM674352,train,smoker
GSE27272,4,5,GSM674353,train,non_smoker
GSE27272,4,5,GSM674354,train,non_smoker
GSE27272,4,5,GSM674356,train,non_smoker
GSE27272,4,5,GSM674357,train,non_smoker
GSE27272,4,5,GSM674358,train,non_smoker
GSE27272,4,5,GSM674359,train,smoker
GSE27272,4,5,GSM674360,train,smoker
GSE27272,4,5,GSM674361,train,non_smoker
GSE27272,4,5,GSM674362,train,smoker
GSE27272,4,5,GSM674363,train,non_smoker
GSE27272,4,5,GSM674364,train,non_smoker
GSE27272,4,5,GSM674365,train,non_smoker
GSE27272,4,5,GSM674366,train,non_smoker
GSE27272,4,5,GSM674367,train,non_smoker
GSE27272,4,5,GSM674368,train,non_smoker
GSE27272,4,5,GSM674369,train,smoker
GSE27272,4,5,GSM674370,train,non_smoker
GSE27272,4,5,GSM674371,train,non_smoker
GSE27272,4,5,GSM674372,train,smoker
GSE27272,4,5,GSM674373,train,non_smoker
GSE27272,4,5,GSM674374,train,smoker
GSE27272,4,5,GSM674375,train,non_smoker
GSE27272,4,5,GSM674376,train,smoker
GSE27272,4,5,GSM674377,train,smoker
GSE27272,4,5,GSM674378,train,smoker
GSE27272,4,5,GSM674379,train,non_smoker
GSE27272,4,5,GSM674380,train,non_smoker
GSE27272,4,5,GSM674381,train,non_smoker
GSE27272,4,5,GSM674382,train,non_smoker
GSE27272,4,5,GSM674383,train,smoker
GSE27272,4,5,GSM674384,train,non_smoker
GSE27272,4,5,GSM674385,train,non_smoker
GSE27272,4,5,GSM674386,train,smoker
GSE27272,4,5,GSM674387,train,smoker
GSE27272,4,5,GSM674388,train,non_smoker
GSE27272,4,5,GSM674389,train,non_smoker
GSE27272,4,5,GSM674390,train,non_smoker
GSE27272,4,5,GSM674391,train,non_smoker
GSE27272,4,5,GSM674392,train,smoker
GSE27272,4,5,GSM674393,train,non_smoker
GSE27272,4,5,GSM674394,train,non_smoker
GSE27272,4,5,GSM674395,train,non_smoker
GSE27272,4,5,GSM674396,train,smoker
GSE27272,4,5,GSM674397,train,non_smoker
GSE27272,4,5,GSM674398,train,non_smoker
GSE27272,4,5,GSM674400,train,non_smoker
GSE27272,4,5,GSM674401,train,non_smoker
GSE27272,4,5,GSM674402,train,non_smoker
GSE27272,4,5,GSM674403,train,non_smoker
GSE27272,4,5,GSM674405,train,non_smoker
GSE27272,4,5,GSM674406,train,non_smoker
GSE27272,4,5,GSM674407,train,non_smoker
GSE27272,4,5,GSM674182,test,smoker
GSE27272,4,5,GSM674204,test,non_smoker
GSE27272,4,5,GSM674214,test,non_smoker
GSE27272,4,5,GSM674219,test,non_smoker
GSE27272,4,5,GSM674244,test,non_smoker
GSE27272,4,5,GSM674284,test,non_smoker
GSE27272,4,5,GSM674286,test,smoker
GSE27272,4,5,GSM674292,test,non_smoker
GSE27272,4,5,GSM674294,test,smoker
GSE27272,4,5,GSM674298,test,non_smoker
GSE27272,4,5,GSM674311,test,smoker
GSE27272,4,5,GSM674320,test,non_smoker
GSE27272,4,5,GSM674323,test,non_smoker
GSE27272,4,5,GSM674324,test,non_smoker
GSE27272,4,5,GSM674346,test,non_smoker
GSE27272,4,5,GSM674350,test,non_smoker
GSE27272,4,5,GSM674355,test,non_smoker
GSE27272,4,5,GSM674399,test,smoker
GSE27272,4,5,GSM674404,test,smoker
GSE27272,4,6,GSM674181,train,non_smoker
GSE27272,4,6,GSM674182,train,smoker
GSE27272,4,6,GSM674183,train,non_smoker
GSE27272,4,6,GSM674184,train,non_smoker
GSE27272,4,6,GSM674185,train,non_smoker
GSE27272,4,6,GSM674186,train,non_smoker
GSE27272,4,6,GSM674187,train,non_smoker
GSE27272,4,6,GSM674188,train,smoker
GSE27272,4,6,GSM674189,train,smoker
GSE27272,4,6,GSM674190,train,non_smoker
GSE27272,4,6,GSM674191,train,non_smoker
GSE27272,4,6,GSM674192,train,non_smoker
GSE27272,4,6,GSM674193,train,non_smoker
GSE27272,4,6,GSM674194,train,non_smoker
GSE27272,4,6,GSM674195,train,non_smoker
GSE27272,4,6,GSM674196,train,smoker
GSE27272,4,6,GSM674197,train,smoker
GSE27272,4,6,GSM674198,train,non_smoker
GSE27272,4,6,GSM674199,train,smoker
GSE27272,4,6,GSM674200,train,non_smoker
GSE27272,4,6,GSM674201,train,non_smoker
GSE27272,4,6,GSM674202,train,non_smoker
GSE27272,4,6,GSM674203,train,non_smoker
GSE27272,4,6,GSM674204,train,non_smoker
GSE27272,4,6,GSM674205,train,non_smoker
GSE27272,4,6,GSM674207,train,smoker
GSE27272,4,6,GSM674208,train,non_smoker
GSE27272,4,6,GSM674209,train,non_smoker
GSE27272,4,6,GSM674210,train,non_smoker
GSE27272,4,6,GSM674212,train,non_smoker
GSE27272,4,6,GSM674213,train,smoker
GSE27272,4,6,GSM674214,train,non_smoker
GSE27272,4,6,GSM674215,train,smoker
GSE27272,4,6,GSM674216,train,smoker
GSE27272,4,6,GSM674217,train,smoker
GSE27272,4,6,GSM674219,train,non_smoker
GSE27272,4,6,GSM674220,train,non_smoker
GSE27272,4,6,GSM674221,train,non_smoker
GSE27272,4,6,GSM674222,train,smoker
GSE27272,4,6,GSM674223,train,non_smoker
GSE27272,4,6,GSM674224,train,smoker
GSE27272,4,6,GSM674225,train,non_smoker
GSE27272,4,6,GSM674226,train,non_smoker
GSE27272,4,6,GSM674227,train,smoker
GSE27272,4,6,GSM674228,train,smoker
GSE27272,4,6,GSM674229,train,non_smoker
GSE27272,4,6,GSM674231,train,non_smoker
GSE27272,4,6,GSM674232,train,non_smoker
GSE27272,4,6,GSM674233,train,smoker
GSE27272,4,6,GSM674234,train,non_smoker
GSE27272,4,6,GSM674235,train,non_smoker
GSE27272,4,6,GSM674236,train,non_smoker
GSE27272,4,6,GSM674237,train,non_smoker
GSE27272,4,6,GSM674238,train,smoker
GSE27272,4,6,GSM674240,train,non_smoker
GSE27272,4,6,GSM674241,train,smoker
GSE27272,4,6,GSM674242,train,non_smoker
GSE27272,4,6,GSM674243,train,non_smoker
GSE27272,4,6,GSM674244,train,non_smoker
GSE27272,4,6,GSM674282,train,non_smoker
GSE27272,4,6,GSM674283,train,smoker
GSE27272,4,6,GSM674284,train,non_smoker
GSE27272,4,6,GSM674285,train,non_smoker
GSE27272,4,6,GSM674286,train,smoker
GSE27272,4,6,GSM674287,train,non_smoker
GSE27272,4,6,GSM674288,train,non_smoker
GSE27272,4,6,GSM674289,train,non_smoker
GSE27272,4,6,GSM674290,train,non_smoker
GSE27272,4,6,GSM674291,train,non_smoker
GSE27272,4,6,GSM674292,train,non_smoker
GSE27272,4,6,GSM674293,train,smoker
GSE27272,4,6,GSM674294,train,smoker
GSE27272,4,6,GSM674295,train,non_smoker
GSE27272,4,6,GSM674296,train,smoker
GSE27272,4,6,GSM674297,train,non_smoker
GSE27272,4,6,GSM674298,train,non_smoker
GSE27272,4,6,GSM674299,train,non_smoker
GSE27272,4,6,GSM674300,train,non_smoker
GSE27272,4,6,GSM674301,train,non_smoker
GSE27272,4,6,GSM674302,train,non_smoker
GSE27272,4,6,GSM674304,train,non_smoker
GSE27272,4,6,GSM674305,train,non_smoker
GSE27272,4,6,GSM674306,train,non_smoker
GSE27272,4,6,GSM674307,train,smoker
GSE27272,4,6,GSM674310,train,smoker
GSE27272,4,6,GSM674311,train,smoker
GSE27272,4,6,GSM674312,train,smoker
GSE27272,4,6,GSM674313,train,non_smoker
GSE27272,4,6,GSM674314,train,non_smoker
GSE27272,4,6,GSM674316,train,non_smoker
GSE27272,4,6,GSM674317,train,smoker
GSE27272,4,6,GSM674318,train,non_smoker
GSE27272,4,6,GSM674319,train,smoker
GSE27272,4,6,GSM674320,train,non_smoker
GSE27272,4,6,GSM674321,train,smoker
GSE27272,4,6,GSM674322,train,smoker
GSE27272,4,6,GSM674323,train,non_smoker
GSE27272,4,6,GSM674324,train,non_smoker
GSE27272,4,6,GSM674325,train,non_smoker
GSE27272,4,6,GSM674326,train,smoker
GSE27272,4,6,GSM674327,train,non_smoker
GSE27272,4,6,GSM674328,train,non_smoker
GSE27272,4,6,GSM674329,train,smoker
GSE27272,4,6,GSM674330,train,non_smoker
GSE27272,4,6,GSM674331,train,non_smoker
GSE27272,4,6,GSM674332,train,non_smoker
GSE27272,4,6,GSM674333,train,smoker
GSE27272,4,6,GSM674334,train,non_smoker
GSE27272,4,6,GSM674335,train,non_smoker
GSE27272,4,6,GSM674344,train,non_smoker
GSE27272,4,6,GSM674345,train,smoker
GSE27272,4,6,GSM674346,train,non_smoker
GSE27272,4,6,GSM674347,train,non_smoker
GSE27272,4,6,GSM674348,train,non_smoker
GSE27272,4,6,GSM674349,train,non_smoker
GSE27272,4,6,GSM674350,train,non_smoker
GSE27272,4,6,GSM674352,train,smoker
GSE27272,4,6,GSM674353,train,non_smoker
GSE27272,4,6,GSM674354,train,non_smoker
GSE27272,4,6,GSM674355,train,non_smoker
GSE27272,4,6,GSM674356,train,non_smoker
GSE27272,4,6,GSM674357,train,non_smoker
GSE27272,4,6,GSM674358,train,non_smoker
GSE27272,4,6,GSM674359,train,smoker
GSE27272,4,6,GSM674360,train,smoker
GSE27272,4,6,GSM674361,train,non_smoker
GSE27272,4,6,GSM674363,train,non_smoker
GSE27272,4,6,GSM674365,train,non_smoker
GSE27272,4,6,GSM674366,train,non_smoker
GSE27272,4,6,GSM674367,train,non_smoker
GSE27272,4,6,GSM674368,train,non_smoker
GSE27272,4,6,GSM674369,train,smoker
GSE27272,4,6,GSM674370,train,non_smoker
GSE27272,4,6,GSM674371,train,non_smoker
GSE27272,4,6,GSM674372,train,smoker
GSE27272,4,6,GSM674373,train,non_smoker
GSE27272,4,6,GSM674374,train,smoker
GSE27272,4,6,GSM674375,train,non_smoker
GSE27272,4,6,GSM674376,train,smoker
GSE27272,4,6,GSM674377,train,smoker
GSE27272,4,6,GSM674378,train,smoker
GSE27272,4,6,GSM674379,train,non_smoker
GSE27272,4,6,GSM674380,train,non_smoker
GSE27272,4,6,GSM674382,train,non_smoker
GSE27272,4,6,GSM674383,train,smoker
GSE27272,4,6,GSM674385,train,non_smoker
GSE27272,4,6,GSM674386,train,smoker
GSE27272,4,6,GSM674389,train,non_smoker
GSE27272,4,6,GSM674390,train,non_smoker
GSE27272,4,6,GSM674391,train,non_smoker
GSE27272,4,6,GSM674392,train,smoker
GSE27272,4,6,GSM674393,train,non_smoker
GSE27272,4,6,GSM674394,train,non_smoker
GSE27272,4,6,GSM674395,train,non_smoker
GSE27272,4,6,GSM674396,train,smoker
GSE27272,4,6,GSM674398,train,non_smoker
GSE27272,4,6,GSM674399,train,smoker
GSE27272,4,6,GSM674400,train,non_smoker
GSE27272,4,6,GSM674401,train,non_smoker
GSE27272,4,6,GSM674402,train,non_smoker
GSE27272,4,6,GSM674403,train,non_smoker
GSE27272,4,6,GSM674404,train,smoker
GSE27272,4,6,GSM674405,train,non_smoker
GSE27272,4,6,GSM674406,train,non_smoker
GSE27272,4,6,GSM674407,train,non_smoker
GSE27272,4,6,GSM674206,test,non_smoker
GSE27272,4,6,GSM674211,test,smoker
GSE27272,4,6,GSM674218,test,non_smoker
GSE27272,4,6,GSM674230,test,non_smoker
GSE27272,4,6,GSM674239,test,non_smoker
GSE27272,4,6,GSM674245,test,non_smoker
GSE27272,4,6,GSM674303,test,smoker
GSE27272,4,6,GSM674308,test,non_smoker
GSE27272,4,6,GSM674309,test,non_smoker
GSE27272,4,6,GSM674315,test,non_smoker
GSE27272,4,6,GSM674351,test,smoker
GSE27272,4,6,GSM674362,test,smoker
GSE27272,4,6,GSM674364,test,non_smoker
GSE27272,4,6,GSM674381,test,non_smoker
GSE27272,4,6,GSM674384,test,non_smoker
GSE27272,4,6,GSM674387,test,smoker
GSE27272,4,6,GSM674388,test,non_smoker
GSE27272,4,6,GSM674397,test,non_smoker
GSE27272,4,7,GSM674181,train,non_smoker
GSE27272,4,7,GSM674182,train,smoker
GSE27272,4,7,GSM674183,train,non_smoker
GSE27272,4,7,GSM674184,train,non_smoker
GSE27272,4,7,GSM674185,train,non_smoker
GSE27272,4,7,GSM674186,train,non_smoker
GSE27272,4,7,GSM674188,train,smoker
GSE27272,4,7,GSM674189,train,smoker
GSE27272,4,7,GSM674190,train,non_smoker
GSE27272,4,7,GSM674192,train,non_smoker
GSE27272,4,7,GSM674193,train,non_smoker
GSE27272,4,7,GSM674194,train,non_smoker
GSE27272,4,7,GSM674195,train,non_smoker
GSE27272,4,7,GSM674196,train,smoker
GSE27272,4,7,GSM674197,train,smoker
GSE27272,4,7,GSM674198,train,non_smoker
GSE27272,4,7,GSM674199,train,smoker
GSE27272,4,7,GSM674200,train,non_smoker
GSE27272,4,7,GSM674201,train,non_smoker
GSE27272,4,7,GSM674202,train,non_smoker
GSE27272,4,7,GSM674203,train,non_smoker
GSE27272,4,7,GSM674204,train,non_smoker
GSE27272,4,7,GSM674205,train,non_smoker
GSE27272,4,7,GSM674206,train,non_smoker
GSE27272,4,7,GSM674207,train,smoker
GSE27272,4,7,GSM674208,train,non_smoker
GSE27272,4,7,GSM674209,train,non_smoker
GSE27272,4,7,GSM674210,train,non_smoker
GSE27272,4,7,GSM674211,train,smoker
GSE27272,4,7,GSM674212,train,non_smoker
GSE27272,4,7,GSM674213,train,smoker
GSE27272,4,7,GSM674214,train,non_smoker
GSE27272,4,7,GSM674216,train,smoker
GSE27272,4,7,GSM674217,train,smoker
GSE27272,4,7,GSM674218,train,non_smoker
GSE27272,4,7,GSM674219,train,non_smoker
GSE27272,4,7,GSM674221,train,non_smoker
GSE27272,4,7,GSM674222,train,smoker
GSE27272,4,7,GSM674223,train,non_smoker
GSE27272,4,7,GSM674224,train,smoker
GSE27272,4,7,GSM674225,train,non_smoker
GSE27272,4,7,GSM674227,train,smoker
GSE27272,4,7,GSM674229,train,non_smoker
GSE27272,4,7,GSM674230,train,non_smoker
GSE27272,4,7,GSM674231,train,non_smoker
GSE27272,4,7,GSM674232,train,non_smoker
GSE27272,4,7,GSM674233,train,smoker
GSE27272,4,7,GSM674234,train,non_smoker
GSE27272,4,7,GSM674235,train,non_smoker
GSE27272,4,7,GSM674236,train,non_smoker
GSE27272,4,7,GSM674237,train,non_smoker
GSE27272,4,7,GSM674238,train,smoker
GSE27272,4,7,GSM674239,train,non_smoker
GSE27272,4,7,GSM674240,train,non_smoker
GSE27272,4,7,GSM674241,train,smoker
GSE27272,4,7,GSM674242,train,non_smoker
GSE27272,4,7,GSM674244,train,non_smoker
GSE27272,4,7,GSM674245,train,non_smoker
GSE27272,4,7,GSM674282,train,non_smoker
GSE27272,4,7,GSM674283,train,smoker
GSE27272,4,7,GSM674284,train,non_smoker
GSE27272,4,7,GSM674285,train,non_smoker
GSE27272,4,7,GSM674286,train,smoker
GSE27272,4,7,GSM674287,train,non_smoker
GSE27272,4,7,GSM674288,train,non_smoker
GSE27272,4,7,GSM674289,train,non_smoker
GSE27272,4,7,GSM674290,train,non_smoker
GSE27272,4,7,GSM674291,train,non_smoker
GSE27272,4,7,GSM674292,train,non_smoker
GSE27272,4,7,GSM674293,train,smoker
GSE27272,4,7,GSM674294,train,smoker
GSE27272,4,7,GSM674295,train,non_smoker
GSE27272,4,7,GSM674296,train,smoker
GSE27272,4,7,GSM674297,train,non_smoker
GSE27272,4,7,GSM674298,train,non_smoker
GSE27272,4,7,GSM674299,train,non_smoker
GSE27272,4,7,GSM674300,train,non_smoker
GSE27272,4,7,GSM674302,train,non_smoker
GSE27272,4,7,GSM674303,train,smoker
GSE27272,4,7,GSM674304,train,non_smoker
GSE27272,4,7,GSM674305,train,non_smoker
GSE27272,4,7,GSM674306,train,non_smoker
GSE27272,4,7,GSM674307,train,smoker
GSE27272,4,7,GSM674308,train,non_smoker
GSE27272,4,7,GSM674309,train,non_smoker
GSE27272,4,7,GSM674311,train,smoker
GSE27272,4,7,GSM674313,train,non_smoker
GSE27272,4,7,GSM674314,train,non_smoker
GSE27272,4,7,GSM674315,train,non_smoker
GSE27272,4,7,GSM674316,train,non_smoker
GSE27272,4,7,GSM674317,train,smoker
GSE27272,4,7,GSM674318,train,non_smoker
GSE27272,4,7,GSM674319,train,smoker
GSE27272,4,7,GSM674320,train,non_smoker
GSE27272,4,7,GSM674321,train,smoker
GSE27272,4,7,GSM674323,train,non_smoker
GSE27272,4,7,GSM674324,train,non_smoker
GSE27272,4,7,GSM674325,train,non_smoker
GSE27272,4,7,GSM674326,train,smoker
GSE27272,4,7,GSM674327,train,non_smoker
GSE27272,4,7,GSM674329,train,smoker
GSE27272,4,7,GSM674330,train,non_smoker
GSE27272,4,7,GSM674331,train,non_smoker
GSE27272,4,7,GSM674332,train,non_smoker
GSE27272,4,7,GSM674333,train,smoker
GSE27272,4,7,GSM674334,train,non_smoker
GSE27272,4,7,GSM674335,train,non_smoker
GSE27272,4,7,GSM674344,train,non_smoker
GSE27272,4,7,GSM674345,train,smoker
GSE27272,4,7,GSM674346,train,non_smoker
GSE27272,4,7,GSM674347,train,non_smoker
GSE27272,4,7,GSM674348,train,non_smoker
GSE27272,4,7,GSM674349,train,non_smoker
GSE27272,4,7,GSM674350,train,non_smoker
GSE27272,4,7,GSM674351,train,smoker
GSE27272,4,7,GSM674352,train,smoker
GSE27272,4,7,GSM674353,train,non_smoker
GSE27272,4,7,GSM674355,train,non_smoker
GSE27272,4,7,GSM674358,train,non_smoker
GSE27272,4,7,GSM674359,train,smoker
GSE27272,4,7,GSM674360,train,smoker
GSE27272,4,7,GSM674362,train,smoker
GSE27272,4,7,GSM674363,train,non_smoker
GSE27272,4,7,GSM674364,train,non_smoker
GSE27272,4,7,GSM674365,train,non_smoker
GSE27272,4,7,GSM674366,train,non_smoker
GSE27272,4,7,GSM674367,train,non_smoker
GSE27272,4,7,GSM674368,train,non_smoker
GSE27272,4,7,GSM674369,train,smoker
GSE27272,4,7,GSM674370,train,non_smoker
GSE27272,4,7,GSM674371,train,non_smoker
GSE27272,4,7,GSM674372,train,smoker
GSE27272,4,7,GSM674374,train,smoker
GSE27272,4,7,GSM674375,train,non_smoker
GSE27272,4,7,GSM674376,train,smoker
GSE27272,4,7,GSM674377,train,smoker
GSE27272,4,7,GSM674378,train,smoker
GSE27272,4,7,GSM674379,train,non_smoker
GSE27272,4,7,GSM674380,train,non_smoker
GSE27272,4,7,GSM674381,train,non_smoker
GSE27272,4,7,GSM674382,train,non_smoker
GSE27272,4,7,GSM674383,train,smoker
GSE27272,4,7,GSM674384,train,non_smoker
GSE27272,4,7,GSM674386,train,smoker
GSE27272,4,7,GSM674387,train,smoker
GSE27272,4,7,GSM674388,train,non_smoker
GSE27272,4,7,GSM674389,train,non_smoker
GSE27272,4,7,GSM674390,train,non_smoker
GSE27272,4,7,GSM674391,train,non_smoker
GSE27272,4,7,GSM674392,train,smoker
GSE27272,4,7,GSM674393,train,non_smoker
GSE27272,4,7,GSM674394,train,non_smoker
GSE27272,4,7,GSM674395,train,non_smoker
GSE27272,4,7,GSM674396,train,smoker
GSE27272,4,7,GSM674397,train,non_smoker
GSE27272,4,7,GSM674398,train,non_smoker
GSE27272,4,7,GSM674399,train,smoker
GSE27272,4,7,GSM674400,train,non_smoker
GSE27272,4,7,GSM674401,train,non_smoker
GSE27272,4,7,GSM674402,train,non_smoker
GSE27272,4,7,GSM674403,train,non_smoker
GSE27272,4,7,GSM674404,train,smoker
GSE27272,4,7,GSM674405,train,non_smoker
GSE27272,4,7,GSM674406,train,non_smoker
GSE27272,4,7,GSM674407,train,non_smoker
GSE27272,4,7,GSM674187,test,non_smoker
GSE27272,4,7,GSM674191,test,non_smoker
GSE27272,4,7,GSM674215,test,smoker
GSE27272,4,7,GSM674220,test,non_smoker
GSE27272,4,7,GSM674226,test,non_smoker
GSE27272,4,7,GSM674228,test,smoker
GSE27272,4,7,GSM674243,test,non_smoker
GSE27272,4,7,GSM674301,test,non_smoker
GSE27272,4,7,GSM674310,test,smoker
GSE27272,4,7,GSM674312,test,smoker
GSE27272,4,7,GSM674322,test,smoker
GSE27272,4,7,GSM674328,test,non_smoker
GSE27272,4,7,GSM674354,test,non_smoker
GSE27272,4,7,GSM674356,test,non_smoker
GSE27272,4,7,GSM674357,test,non_smoker
GSE27272,4,7,GSM674361,test,non_smoker
GSE27272,4,7,GSM674373,test,non_smoker
GSE27272,4,7,GSM674385,test,non_smoker
GSE27272,4,8,GSM674181,train,non_smoker
GSE27272,4,8,GSM674182,train,smoker
GSE27272,4,8,GSM674183,train,non_smoker
GSE27272,4,8,GSM674184,train,non_smoker
GSE27272,4,8,GSM674185,train,non_smoker
GSE27272,4,8,GSM674187,train,non_smoker
GSE27272,4,8,GSM674188,train,smoker
GSE27272,4,8,GSM674189,train,smoker
GSE27272,4,8,GSM674190,train,non_smoker
GSE27272,4,8,GSM674191,train,non_smoker
GSE27272,4,8,GSM674192,train,non_smoker
GSE27272,4,8,GSM674193,train,non_smoker
GSE27272,4,8,GSM674194,train,non_smoker
GSE27272,4,8,GSM674195,train,non_smoker
GSE27272,4,8,GSM674196,train,smoker
GSE27272,4,8,GSM674197,train,smoker
GSE27272,4,8,GSM674198,train,non_smoker
GSE27272,4,8,GSM674199,train,smoker
GSE27272,4,8,GSM674200,train,non_smoker
GSE27272,4,8,GSM674203,train,non_smoker
GSE27272,4,8,GSM674204,train,non_smoker
GSE27272,4,8,GSM674205,train,non_smoker
GSE27272,4,8,GSM674206,train,non_smoker
GSE27272,4,8,GSM674207,train,smoker
GSE27272,4,8,GSM674209,train,non_smoker
GSE27272,4,8,GSM674210,train,non_smoker
GSE27272,4,8,GSM674211,train,smoker
GSE27272,4,8,GSM674212,train,non_smoker
GSE27272,4,8,GSM674213,train,smoker
GSE27272,4,8,GSM674214,train,non_smoker
GSE27272,4,8,GSM674215,train,smoker
GSE27272,4,8,GSM674216,train,smoker
GSE27272,4,8,GSM674217,train,smoker
GSE27272,4,8,GSM674218,train,non_smoker
GSE27272,4,8,GSM674219,train,non_smoker
GSE27272,4,8,GSM674220,train,non_smoker
GSE27272,4,8,GSM674221,train,non_smoker
GSE27272,4,8,GSM674222,train,smoker
GSE27272,4,8,GSM674224,train,smoker
GSE27272,4,8,GSM674225,train,non_smoker
GSE27272,4,8,GSM674226,train,non_smoker
GSE27272,4,8,GSM674228,train,smoker
GSE27272,4,8,GSM674230,train,non_smoker
GSE27272,4,8,GSM674231,train,non_smoker
GSE27272,4,8,GSM674232,train,non_smoker
GSE27272,4,8,GSM674233,train,smoker
GSE27272,4,8,GSM674234,train,non_smoker
GSE27272,4,8,GSM674235,train,non_smoker
GSE27272,4,8,GSM674236,train,non_smoker
GSE27272,4,8,GSM674237,train,non_smoker
GSE27272,4,8,GSM674238,train,smoker
GSE27272,4,8,GSM674239,train,non_smoker
GSE27272,4,8,GSM674240,train,non_smoker
GSE27272,4,8,GSM674242,train,non_smoker
GSE27272,4,8,GSM674243,train,non_smoker
GSE27272,4,8,GSM674244,train,non_smoker
GSE27272,4,8,GSM674245,train,non_smoker
GSE27272,4,8,GSM674282,train,non_smoker
GSE27272,4,8,GSM674283,train,smoker
GSE27272,4,8,GSM674284,train,non_smoker
GSE27272,4,8,GSM674286,train,smoker
GSE27272,4,8,GSM674287,train,non_smoker
GSE27272,4,8,GSM674288,train,non_smoker
GSE27272,4,8,GSM674289,train,non_smoker
GSE27272,4,8,GSM674290,train,non_smoker
GSE27272,4,8,GSM674291,train,non_smoker
GSE27272,4,8,GSM674292,train,non_smoker
GSE27272,4,8,GSM674293,train,smoker
GSE27272,4,8,GSM674294,train,smoker
GSE27272,4,8,GSM674295,train,non_smoker
GSE27272,4,8,GSM674296,train,smoker
GSE27272,4,8,GSM674297,train,non_smoker
GSE27272,4,8,GSM674298,train,non_smoker
GSE27272,4,8,GSM674301,train,non_smoker
GSE27272,4,8,GSM674302,train,non_smoker
GSE27272,4,8,GSM674303,train,smoker
GSE27272,4,8,GSM674304,train,non_smoker
GSE27272,4,8,GSM674305,train,non_smoker
GSE27272,4,8,GSM674306,train,non_smoker
GSE27272,4,8,GSM674308,train,non_smoker
GSE27272,4,8,GSM674309,train,non_smoker
GSE27272,4,8,GSM674310,train,smoker
GSE27272,4,8,GSM674311,train,smoker
GSE27272,4,8,GSM674312,train,smoker
GSE27272,4,8,GSM674313,train,non_smoker
GSE27272,4,8,GSM674314,train,non_smoker
GSE27272,4,8,GSM674315,train,non_smoker
GSE27272,4,8,GSM674316,train,non_smoker
GSE27272,4,8,GSM674317,train,smoker
GSE27272,4,8,GSM674318,train,non_smoker
GSE27272,4,8,GSM674319,train,smoker
GSE27272,4,8,GSM674320,train,non_smoker
GSE27272,4,8,GSM674321,train,smoker
GSE27272,4,8,GSM674322,train,smoker
GSE27272,4,8,GSM674323,train,non_smoker
GSE27272,4,8,GSM674324,train,non_smoker
GSE27272,4,8,GSM674325,train,non_smoker
GSE27272,4,8,GSM674326,train,smoker
GSE27272,4,8,GSM674327,train,non_smoker
GSE27272,4,8,GSM674328,train,non_smoker
GSE27272,4,8,GSM674329,train,smoker
GSE27272,4,8,GSM674330,train,non_smoker
GSE27272,4,8,GSM674331,train,non_smoker
GSE27272,4,8,GSM674332,train,non_smoker
GSE27272,4,8,GSM674333,train,smoker
GSE27272,4,8,GSM674334,train,non_smoker
GSE27272,4,8,GSM674335,train,non_smoker
GSE27272,4,8,GSM674344,train,non_smoker
GSE27272,4,8,GSM674345,train,smoker
GSE27272,4,8,GSM674346,train,non_smoker
GSE27272,4,8,GSM674347,train,non_smoker
GSE27272,4,8,GSM674349,train,non_smoker
GSE27272,4,8,GSM674350,train,non_smoker
GSE27272,4,8,GSM674351,train,smoker
GSE27272,4,8,GSM674353,train,non_smoker
GSE27272,4,8,GSM674354,train,non_smoker
GSE27272,4,8,GSM674355,train,non_smoker
GSE27272,4,8,GSM674356,train,non_smoker
GSE27272,4,8,GSM674357,train,non_smoker
GSE27272,4,8,GSM674358,train,non_smoker
GSE27272,4,8,GSM674359,train,smoker
GSE27272,4,8,GSM674360,train,smoker
GSE27272,4,8,GSM674361,train,non_smoker
GSE27272,4,8,GSM674362,train,smoker
GSE27272,4,8,GSM674363,train,non_smoker
GSE27272,4,8,GSM674364,train,non_smoker
GSE27272,4,8,GSM674365,train,non_smoker
GSE27272,4,8,GSM674366,train,non_smoker
GSE27272,4,8,GSM674367,train,non_smoker
GSE27272,4,8,GSM674368,train,non_smoker
GSE27272,4,8,GSM674369,train,smoker
GSE27272,4,8,GSM674371,train,non_smoker
GSE27272,4,8,GSM674372,train,smoker
GSE27272,4,8,GSM674373,train,non_smoker
GSE27272,4,8,GSM674374,train,smoker
GSE27272,4,8,GSM674375,train,non_smoker
GSE27272,4,8,GSM674377,train,smoker
GSE27272,4,8,GSM674378,train,smoker
GSE27272,4,8,GSM674379,train,non_smoker
GSE27272,4,8,GSM674380,train,non_smoker
GSE27272,4,8,GSM674381,train,non_smoker
GSE27272,4,8,GSM674382,train,non_smoker
GSE27272,4,8,GSM674383,train,smoker
GSE27272,4,8,GSM674384,train,non_smoker
GSE27272,4,8,GSM674385,train,non_smoker
GSE27272,4,8,GSM674386,train,smoker
GSE27272,4,8,GSM674387,train,smoker
GSE27272,4,8,GSM674388,train,non_smoker
GSE27272,4,8,GSM674389,train,non_smoker
GSE27272,4,8,GSM674390,train,non_smoker
GSE27272,4,8,GSM674391,train,non_smoker
GSE27272,4,8,GSM674392,train,smoker
GSE27272,4,8,GSM674394,train,non_smoker
GSE27272,4,8,GSM674395,train,non_smoker
GSE27272,4,8,GSM674396,train,smoker
GSE27272,4,8,GSM674397,train,non_smoker
GSE27272,4,8,GSM674398,train,non_smoker
GSE27272,4,8,GSM674399,train,smoker
GSE27272,4,8,GSM674400,train,non_smoker
GSE27272,4,8,GSM674402,train,non_smoker
GSE27272,4,8,GSM674403,train,non_smoker
GSE27272,4,8,GSM674404,train,smoker
GSE27272,4,8,GSM674405,train,non_smoker
GSE27272,4,8,GSM674406,train,non_smoker
GSE27272,4,8,GSM674407,train,non_smoker
GSE27272,4,8,GSM674186,test,non_smoker
GSE27272,4,8,GSM674201,test,non_smoker
GSE27272,4,8,GSM674202,test,non_smoker
GSE27272,4,8,GSM674208,test,non_smoker
GSE27272,4,8,GSM674223,test,non_smoker
GSE27272,4,8,GSM674227,test,smoker
GSE27272,4,8,GSM674229,test,non_smoker
GSE27272,4,8,GSM674241,test,smoker
GSE27272,4,8,GSM674285,test,non_smoker
GSE27272,4,8,GSM674299,test,non_smoker
GSE27272,4,8,GSM674300,test,non_smoker
GSE27272,4,8,GSM674307,test,smoker
GSE27272,4,8,GSM674348,test,non_smoker
GSE27272,4,8,GSM674352,test,smoker
GSE27272,4,8,GSM674370,test,non_smoker
GSE27272,4,8,GSM674376,test,smoker
GSE27272,4,8,GSM674393,test,non_smoker
GSE27272,4,8,GSM674401,test,non_smoker
GSE27272,4,9,GSM674181,train,non_smoker
GSE27272,4,9,GSM674182,train,smoker
GSE27272,4,9,GSM674184,train,non_smoker
GSE27272,4,9,GSM674185,train,non_smoker
GSE27272,4,9,GSM674186,train,non_smoker
GSE27272,4,9,GSM674187,train,non_smoker
GSE27272,4,9,GSM674188,train,smoker
GSE27272,4,9,GSM674189,train,smoker
GSE27272,4,9,GSM674190,train,non_smoker
GSE27272,4,9,GSM674191,train,non_smoker
GSE27272,4,9,GSM674192,train,non_smoker
GSE27272,4,9,GSM674194,train,non_smoker
GSE27272,4,9,GSM674195,train,non_smoker
GSE27272,4,9,GSM674196,train,smoker
GSE27272,4,9,GSM674197,train,smoker
GSE27272,4,9,GSM674198,train,non_smoker
GSE27272,4,9,GSM674200,train,non_smoker
GSE27272,4,9,GSM674201,train,non_smoker
GSE27272,4,9,GSM674202,train,non_smoker
GSE27272,4,9,GSM674203,train,non_smoker
GSE27272,4,9,GSM674204,train,non_smoker
GSE27272,4,9,GSM674206,train,non_smoker
GSE27272,4,9,GSM674207,train,smoker
GSE27272,4,9,GSM674208,train,non_smoker
GSE27272,4,9,GSM674209,train,non_smoker
GSE27272,4,9,GSM674210,train,non_smoker
GSE27272,4,9,GSM674211,train,smoker
GSE27272,4,9,GSM674212,train,non_smoker
GSE27272,4,9,GSM674213,train,smoker
GSE27272,4,9,GSM674214,train,non_smoker
GSE27272,4,9,GSM674215,train,smoker
GSE27272,4,9,GSM674217,train,smoker
GSE27272,4,9,GSM674218,train,non_smoker
GSE27272,4,9,GSM674219,train,non_smoker
GSE27272,4,9,GSM674220,train,non_smoker
GSE27272,4,9,GSM674222,train,smoker
GSE27272,4,9,GSM674223,train,non_smoker
GSE27272,4,9,GSM674224,train,smoker
GSE27272,4,9,GSM674225,train,non_smoker
GSE27272,4,9,GSM674226,train,non_smoker
GSE27272,4,9,GSM674227,train,smoker
GSE27272,4,9,GSM674228,train,smoker
GSE27272,4,9,GSM674229,train,non_smoker
GSE27272,4,9,GSM674230,train,non_smoker
GSE27272,4,9,GSM674233,train,smoker
GSE27272,4,9,GSM674234,train,non_smoker
GSE27272,4,9,GSM674235,train,non_smoker
GSE27272,4,9,GSM674236,train,non_smoker
GSE27272,4,9,GSM674237,train,non_smoker
GSE27272,4,9,GSM674238,train,smoker
GSE27272,4,9,GSM674239,train,non_smoker
GSE27272,4,9,GSM674240,train,non_smoker
GSE27272,4,9,GSM674241,train,smoker
GSE27272,4,9,GSM674243,train,non_smoker
GSE27272,4,9,GSM674244,train,non_smoker
GSE27272,4,9,GSM674245,train,non_smoker
GSE27272,4,9,GSM674282,train,non_smoker
GSE27272,4,9,GSM674283,train,smoker
GSE27272,4,9,GSM674284,train,non_smoker
GSE27272,4,9,GSM674285,train,non_smoker
GSE27272,4,9,GSM674286,train,smoker
GSE27272,4,9,GSM674287,train,non_smoker
GSE27272,4,9,GSM674288,train,non_smoker
GSE27272,4,9,GSM674289,train,non_smoker
GSE27272,4,9,GSM674290,train,non_smoker
GSE27272,4,9,GSM674292,train,non_smoker
GSE27272,4,9,GSM674293,train,smoker
GSE27272,4,9,GSM674294,train,smoker
GSE27272,4,9,GSM674295,train,non_smoker
GSE27272,4,9,GSM674296,train,smoker
GSE27272,4,9,GSM674297,train,non_smoker
GSE27272,4,9,GSM674298,train,non_smoker
GSE27272,4,9,GSM674299,train,non_smoker
GSE27272,4,9,GSM674300,train,non_smoker
GSE27272,4,9,GSM674301,train,non_smoker
GSE27272,4,9,GSM674302,train,non_smoker
GSE27272,4,9,GSM674303,train,smoker
GSE27272,4,9,GSM674304,train,non_smoker
GSE27272,4,9,GSM674305,train,non_smoker
GSE27272,4,9,GSM674306,train,non_smoker
GSE27272,4,9,GSM674307,train,smoker
GSE27272,4,9,GSM674308,train,non_smoker
GSE27272,4,9,GSM674309,train,non_smoker
GSE27272,4,9,GSM674310,train,smoker
GSE27272,4,9,GSM674311,train,smoker
GSE27272,4,9,GSM674312,train,smoker
GSE27272,4,9,GSM674313,train,non_smoker
GSE27272,4,9,GSM674314,train,non_smoker
GSE27272,4,9,GSM674315,train,non_smoker
GSE27272,4,9,GSM674316,train,non_smoker
GSE27272,4,9,GSM674317,train,smoker
GSE27272,4,9,GSM674318,train,non_smoker
GSE27272,4,9,GSM674319,train,smoker
GSE27272,4,9,GSM674320,train,non_smoker
GSE27272,4,9,GSM674321,train,smoker
GSE27272,4,9,GSM674322,train,smoker
GSE27272,4,9,GSM674323,train,non_smoker
GSE27272,4,9,GSM674324,train,non_smoker
GSE27272,4,9,GSM674325,train,non_smoker
GSE27272,4,9,GSM674326,train,smoker
GSE27272,4,9,GSM674327,train,non_smoker
GSE27272,4,9,GSM674328,train,non_smoker
GSE27272,4,9,GSM674329,train,smoker
GSE27272,4,9,GSM674330,train,non_smoker
GSE27272,4,9,GSM674331,train,non_smoker
GSE27272,4,9,GSM674332,train,non_smoker
GSE27272,4,9,GSM674333,train,smoker
GSE27272,4,9,GSM674334,train,non_smoker
GSE27272,4,9,GSM674335,train,non_smoker
GSE27272,4,9,GSM674344,train,non_smoker
GSE27272,4,9,GSM674345,train,smoker
GSE27272,4,9,GSM674346,train,non_smoker
GSE27272,4,9,GSM674347,train,non_smoker
GSE27272,4,9,GSM674348,train,non_smoker
GSE27272,4,9,GSM674349,train,non_smoker
GSE27272,4,9,GSM674350,train,non_smoker
GSE27272,4,9,GSM674351,train,smoker
GSE27272,4,9,GSM674352,train,smoker
GSE27272,4,9,GSM674353,train,non_smoker
GSE27272,4,9,GSM674354,train,non_smoker
GSE27272,4,9,GSM674355,train,non_smoker
GSE27272,4,9,GSM674356,train,non_smoker
GSE27272,4,9,GSM674357,train,non_smoker
GSE27272,4,9,GSM674359,train,smoker
GSE27272,4,9,GSM674360,train,smoker
GSE27272,4,9,GSM674361,train,non_smoker
GSE27272,4,9,GSM674362,train,smoker
GSE27272,4,9,GSM674363,train,non_smoker
GSE27272,4,9,GSM674364,train,non_smoker
GSE27272,4,9,GSM674365,train,non_smoker
GSE27272,4,9,GSM674366,train,non_smoker
GSE27272,4,9,GSM674367,train,non_smoker
GSE27272,4,9,GSM674368,train,non_smoker
GSE27272,4,9,GSM674369,train,smoker
GSE27272,4,9,GSM674370,train,non_smoker
GSE27272,4,9,GSM674371,train,non_smoker
GSE27272,4,9,GSM674373,train,non_smoker
GSE27272,4,9,GSM674375,train,non_smoker
GSE27272,4,9,GSM674376,train,smoker
GSE27272,4,9,GSM674377,train,smoker
GSE27272,4,9,GSM674378,train,smoker
GSE27272,4,9,GSM674379,train,non_smoker
GSE27272,4,9,GSM674381,train,non_smoker
GSE27272,4,9,GSM674382,train,non_smoker
GSE27272,4,9,GSM674383,train,smoker
GSE27272,4,9,GSM674384,train,non_smoker
GSE27272,4,9,GSM674385,train,non_smoker
GSE27272,4,9,GSM674386,train,smoker
GSE27272,4,9,GSM674387,train,smoker
GSE27272,4,9,GSM674388,train,non_smoker
GSE27272,4,9,GSM674389,train,non_smoker
GSE27272,4,9,GSM674390,train,non_smoker
GSE27272,4,9,GSM674391,train,non_smoker
GSE27272,4,9,GSM674392,train,smoker
GSE27272,4,9,GSM674393,train,non_smoker
GSE27272,4,9,GSM674394,train,non_smoker
GSE27272,4,9,GSM674397,train,non_smoker
GSE27272,4,9,GSM674398,train,non_smoker
GSE27272,4,9,GSM674399,train,smoker
GSE27272,4,9,GSM674400,train,non_smoker
GSE27272,4,9,GSM674401,train,non_smoker
GSE27272,4,9,GSM674402,train,non_smoker
GSE27272,4,9,GSM674404,train,smoker
GSE27272,4,9,GSM674405,train,non_smoker
GSE27272,4,9,GSM674406,train,non_smoker
GSE27272,4,9,GSM674407,train,non_smoker
GSE27272,4,9,GSM674183,test,non_smoker
GSE27272,4,9,GSM674193,test,non_smoker
GSE27272,4,9,GSM674199,test,smoker
GSE27272,4,9,GSM674205,test,non_smoker
GSE27272,4,9,GSM674216,test,smoker
GSE27272,4,9,GSM674221,test,non_smoker
GSE27272,4,9,GSM674231,test,non_smoker
GSE27272,4,9,GSM674232,test,non_smoker
GSE27272,4,9,GSM674242,test,non_smoker
GSE27272,4,9,GSM674291,test,non_smoker
GSE27272,4,9,GSM674358,test,non_smoker
GSE27272,4,9,GSM674372,test,smoker
GSE27272,4,9,GSM674374,test,smoker
GSE27272,4,9,GSM674380,test,non_smoker
GSE27272,4,9,GSM674395,test,non_smoker
GSE27272,4,9,GSM674396,test,smoker
GSE27272,4,9,GSM674403,test,non_smoker
GSE27272,4,10,GSM674181,train,non_smoker
GSE27272,4,10,GSM674182,train,smoker
GSE27272,4,10,GSM674183,train,non_smoker
GSE27272,4,10,GSM674184,train,non_smoker
GSE27272,4,10,GSM674185,train,non_smoker
GSE27272,4,10,GSM674186,train,non_smoker
GSE27272,4,10,GSM674187,train,non_smoker
GSE27272,4,10,GSM674188,train,smoker
GSE27272,4,10,GSM674189,train,smoker
GSE27272,4,10,GSM674190,train,non_smoker
GSE27272,4,10,GSM674191,train,non_smoker
GSE27272,4,10,GSM674192,train,non_smoker
GSE27272,4,10,GSM674193,train,non_smoker
GSE27272,4,10,GSM674194,train,non_smoker
GSE27272,4,10,GSM674196,train,smoker
GSE27272,4,10,GSM674197,train,smoker
GSE27272,4,10,GSM674198,train,non_smoker
GSE27272,4,10,GSM674199,train,smoker
GSE27272,4,10,GSM674200,train,non_smoker
GSE27272,4,10,GSM674201,train,non_smoker
GSE27272,4,10,GSM674202,train,non_smoker
GSE27272,4,10,GSM674203,train,non_smoker
GSE27272,4,10,GSM674204,train,non_smoker
GSE27272,4,10,GSM674205,train,non_smoker
GSE27272,4,10,GSM674206,train,non_smoker
GSE27272,4,10,GSM674207,train,smoker
GSE27272,4,10,GSM674208,train,non_smoker
GSE27272,4,10,GSM674209,train,non_smoker
GSE27272,4,10,GSM674210,train,non_smoker
GSE27272,4,10,GSM674211,train,smoker
GSE27272,4,10,GSM674214,train,non_smoker
GSE27272,4,10,GSM674215,train,smoker
GSE27272,4,10,GSM674216,train,smoker
GSE27272,4,10,GSM674217,train,smoker
GSE27272,4,10,GSM674218,train,non_smoker
GSE27272,4,10,GSM674219,train,non_smoker
GSE27272,4,10,GSM674220,train,non_smoker
GSE27272,4,10,GSM674221,train,non_smoker
GSE27272,4,10,GSM674223,train,non_smoker
GSE27272,4,10,GSM674224,train,smoker
GSE27272,4,10,GSM674225,train,non_smoker
GSE27272,4,10,GSM674226,train,non_smoker
GSE27272,4,10,GSM674227,train,smoker
GSE27272,4,10,GSM674228,train,smoker
GSE27272,4,10,GSM674229,train,non_smoker
GSE27272,4,10,GSM674230,train,non_smoker
GSE27272,4,10,GSM674231,train,non_smoker
GSE27272,4,10,GSM674232,train,non_smoker
GSE27272,4,10,GSM674233,train,smoker
GSE27272,4,10,GSM674234,train,non_smoker
GSE27272,4,10,GSM674235,train,non_smoker
GSE27272,4,10,GSM674236,train,non_smoker
GSE27272,4,10,GSM674238,train,smoker
GSE27272,4,10,GSM674239,train,non_smoker
GSE27272,4,10,GSM674240,train,non_smoker
GSE27272,4,10,GSM674241,train,smoker
GSE27272,4,10,GSM674242,train,non_smoker
GSE27272,4,10,GSM674243,train,non_smoker
GSE27272,4,10,GSM674244,train,non_smoker
GSE27272,4,10,GSM674245,train,non_smoker
GSE27272,4,10,GSM674282,train,non_smoker
GSE27272,4,10,GSM674283,train,smoker
GSE27272,4,10,GSM674284,train,non_smoker
GSE27272,4,10,GSM674285,train,non_smoker
GSE27272,4,10,GSM674286,train,smoker
GSE27272,4,10,GSM674287,train,non_smoker
GSE27272,4,10,GSM674288,train,non_smoker
GSE27272,4,10,GSM674289,train,non_smoker
GSE27272,4,10,GSM674290,train,non_smoker
GSE27272,4,10,GSM674291,train,non_smoker
GSE27272,4,10,GSM674292,train,non_smoker
GSE27272,4,10,GSM674293,train,smoker
GSE27272,4,10,GSM674294,train,smoker
GSE27272,4,10,GSM674296,train,smoker
GSE27272,4,10,GSM674297,train,non_smoker
GSE27272,4,10,GSM674298,train,non_smoker
GSE27272,4,10,GSM674299,train,non_smoker
GSE27272,4,10,GSM674300,train,non_smoker
GSE27272,4,10,GSM674301,train,non_smoker
GSE27272,4,10,GSM674303,train,smoker
GSE27272,4,10,GSM674306,train,non_smoker
GSE27272,4,10,GSM674307,train,smoker
GSE27272,4,10,GSM674308,train,non_smoker
GSE27272,4,10,GSM674309,train,non_smoker
GSE27272,4,10,GSM674310,train,smoker
GSE27272,4,10,GSM674311,train,smoker
GSE27272,4,10,GSM674312,train,smoker
GSE27272,4,10,GSM674313,train,non_smoker
GSE27272,4,10,GSM674314,train,non_smoker
GSE27272,4,10,GSM674315,train,non_smoker
GSE27272,4,10,GSM674316,train,non_smoker
GSE27272,4,10,GSM674317,train,smoker
GSE27272,4,10,GSM674318,train,non_smoker
GSE27272,4,10,GSM674319,train,smoker
GSE27272,4,10,GSM674320,train,non_smoker
GSE27272,4,10,GSM674321,train,smoker
GSE27272,4,10,GSM674322,train,smoker
GSE27272,4,10,GSM674323,train,non_smoker
GSE27272,4,10,GSM674324,train,non_smoker
GSE27272,4,10,GSM674325,train,non_smoker
GSE27272,4,10,GSM674326,train,smoker
GSE27272,4,10,GSM674327,train,non_smoker
GSE27272,4,10,GSM674328,train,non_smoker
GSE27272,4,10,GSM674330,train,non_smoker
GSE27272,4,10,GSM674331,train,non_smoker
GSE27272,4,10,GSM674332,train,non_smoker
GSE27272,4,10,GSM674333,train,smoker
GSE27272,4,10,GSM674344,train,non_smoker
GSE27272,4,10,GSM674345,train,smoker
GSE27272,4,10,GSM674346,train,non_smoker
GSE27272,4,10,GSM674348,train,non_smoker
GSE27272,4,10,GSM674349,train,non_smoker
GSE27272,4,10,GSM674350,train,non_smoker
GSE27272,4,10,GSM674351,train,smoker
GSE27272,4,10,GSM674352,train,smoker
GSE27272,4,10,GSM674353,train,non_smoker
GSE27272,4,10,GSM674354,train,non_smoker
GSE27272,4,10,GSM674355,train,non_smoker
GSE27272,4,10,GSM674356,train,non_smoker
GSE27272,4,10,GSM674357,train,non_smoker
GSE27272,4,10,GSM674358,train,non_smoker
GSE27272,4,10,GSM674359,train,smoker
GSE27272,4,10,GSM674360,train,smoker
GSE27272,4,10,GSM674361,train,non_smoker
GSE27272,4,10,GSM674362,train,smoker
GSE27272,4,10,GSM674363,train,non_smoker
GSE27272,4,10,GSM674364,train,non_smoker
GSE27272,4,10,GSM674365,train,non_smoker
GSE27272,4,10,GSM674366,train,non_smoker
GSE27272,4,10,GSM674367,train,non_smoker
GSE27272,4,10,GSM674370,train,non_smoker
GSE27272,4,10,GSM674371,train,non_smoker
GSE27272,4,10,GSM674372,train,smoker
GSE27272,4,10,GSM674373,train,non_smoker
GSE27272,4,10,GSM674374,train,smoker
GSE27272,4,10,GSM674375,train,non_smoker
GSE27272,4,10,GSM674376,train,smoker
GSE27272,4,10,GSM674377,train,smoker
GSE27272,4,10,GSM674378,train,smoker
GSE27272,4,10,GSM674379,train,non_smoker
GSE27272,4,10,GSM674380,train,non_smoker
GSE27272,4,10,GSM674381,train,non_smoker
GSE27272,4,10,GSM674382,train,non_smoker
GSE27272,4,10,GSM674383,train,smoker
GSE27272,4,10,GSM674384,train,non_smoker
GSE27272,4,10,GSM674385,train,non_smoker
GSE27272,4,10,GSM674387,train,smoker
GSE27272,4,10,GSM674388,train,non_smoker
GSE27272,4,10,GSM674389,train,non_smoker
GSE27272,4,10,GSM674390,train,non_smoker
GSE27272,4,10,GSM674391,train,non_smoker
GSE27272,4,10,GSM674392,train,smoker
GSE27272,4,10,GSM674393,train,non_smoker
GSE27272,4,10,GSM674394,train,non_smoker
GSE27272,4,10,GSM674395,train,non_smoker
GSE27272,4,10,GSM674396,train,smoker
GSE27272,4,10,GSM674397,train,non_smoker
GSE27272,4,10,GSM674398,train,non_smoker
GSE27272,4,10,GSM674399,train,smoker
GSE27272,4,10,GSM674400,train,non_smoker
GSE27272,4,10,GSM674401,train,non_smoker
GSE27272,4,10,GSM674402,train,non_smoker
GSE27272,4,10,GSM674403,train,non_smoker
GSE27272,4,10,GSM674404,train,smoker
GSE27272,4,10,GSM674405,train,non_smoker
GSE27272,4,10,GSM674407,train,non_smoker
GSE27272,4,10,GSM674195,test,non_smoker
GSE27272,4,10,GSM674212,test,non_smoker
GSE27272,4,10,GSM674213,test,smoker
GSE27272,4,10,GSM674222,test,smoker
GSE27272,4,10,GSM674237,test,non_smoker
GSE27272,4,10,GSM674295,test,non_smoker
GSE27272,4,10,GSM674302,test,non_smoker
GSE27272,4,10,GSM674304,test,non_smoker
GSE27272,4,10,GSM674305,test,non_smoker
GSE27272,4,10,GSM674329,test,smoker
GSE27272,4,10,GSM674334,test,non_smoker
GSE27272,4,10,GSM674335,test,non_smoker
GSE27272,4,10,GSM674347,test,non_smoker
GSE27272,4,10,GSM674368,test,non_smoker
GSE27272,4,10,GSM674369,test,smoker
GSE27272,4,10,GSM674386,test,smoker
GSE27272,4,10,GSM674406,test,non_smoker
GSE27272,5,1,GSM674181,train,non_smoker
GSE27272,5,1,GSM674182,train,smoker
GSE27272,5,1,GSM674183,train,non_smoker
GSE27272,5,1,GSM674186,train,non_smoker
GSE27272,5,1,GSM674187,train,non_smoker
GSE27272,5,1,GSM674188,train,smoker
GSE27272,5,1,GSM674189,train,smoker
GSE27272,5,1,GSM674190,train,non_smoker
GSE27272,5,1,GSM674191,train,non_smoker
GSE27272,5,1,GSM674192,train,non_smoker
GSE27272,5,1,GSM674193,train,non_smoker
GSE27272,5,1,GSM674194,train,non_smoker
GSE27272,5,1,GSM674195,train,non_smoker
GSE27272,5,1,GSM674196,train,smoker
GSE27272,5,1,GSM674197,train,smoker
GSE27272,5,1,GSM674198,train,non_smoker
GSE27272,5,1,GSM674199,train,smoker
GSE27272,5,1,GSM674200,train,non_smoker
GSE27272,5,1,GSM674201,train,non_smoker
GSE27272,5,1,GSM674202,train,non_smoker
GSE27272,5,1,GSM674203,train,non_smoker
GSE27272,5,1,GSM674204,train,non_smoker
GSE27272,5,1,GSM674205,train,non_smoker
GSE27272,5,1,GSM674206,train,non_smoker
GSE27272,5,1,GSM674207,train,smoker
GSE27272,5,1,GSM674208,train,non_smoker
GSE27272,5,1,GSM674209,train,non_smoker
GSE27272,5,1,GSM674210,train,non_smoker
GSE27272,5,1,GSM674211,train,smoker
GSE27272,5,1,GSM674212,train,non_smoker
GSE27272,5,1,GSM674213,train,smoker
GSE27272,5,1,GSM674214,train,non_smoker
GSE27272,5,1,GSM674215,train,smoker
GSE27272,5,1,GSM674216,train,smoker
GSE27272,5,1,GSM674217,train,smoker
GSE27272,5,1,GSM674218,train,non_smoker
GSE27272,5,1,GSM674219,train,non_smoker
GSE27272,5,1,GSM674220,train,non_smoker
GSE27272,5,1,GSM674221,train,non_smoker
GSE27272,5,1,GSM674222,train,smoker
GSE27272,5,1,GSM674223,train,non_smoker
GSE27272,5,1,GSM674224,train,smoker
GSE27272,5,1,GSM674225,train,non_smoker
GSE27272,5,1,GSM674226,train,non_smoker
GSE27272,5,1,GSM674227,train,smoker
GSE27272,5,1,GSM674228,train,smoker
GSE27272,5,1,GSM674229,train,non_smoker
GSE27272,5,1,GSM674230,train,non_smoker
GSE27272,5,1,GSM674231,train,non_smoker
GSE27272,5,1,GSM674232,train,non_smoker
GSE27272,5,1,GSM674233,train,smoker
GSE27272,5,1,GSM674234,train,non_smoker
GSE27272,5,1,GSM674235,train,non_smoker
GSE27272,5,1,GSM674236,train,non_smoker
GSE27272,5,1,GSM674238,train,smoker
GSE27272,5,1,GSM674242,train,non_smoker
GSE27272,5,1,GSM674243,train,non_smoker
GSE27272,5,1,GSM674244,train,non_smoker
GSE27272,5,1,GSM674245,train,non_smoker
GSE27272,5,1,GSM674283,train,smoker
GSE27272,5,1,GSM674284,train,non_smoker
GSE27272,5,1,GSM674285,train,non_smoker
GSE27272,5,1,GSM674286,train,smoker
GSE27272,5,1,GSM674287,train,non_smoker
GSE27272,5,1,GSM674288,train,non_smoker
GSE27272,5,1,GSM674289,train,non_smoker
GSE27272,5,1,GSM674290,train,non_smoker
GSE27272,5,1,GSM674291,train,non_smoker
GSE27272,5,1,GSM674292,train,non_smoker
GSE27272,5,1,GSM674293,train,smoker
GSE27272,5,1,GSM674295,train,non_smoker
GSE27272,5,1,GSM674296,train,smoker
GSE27272,5,1,GSM674298,train,non_smoker
GSE27272,5,1,GSM674299,train,non_smoker
GSE27272,5,1,GSM674300,train,non_smoker
GSE27272,5,1,GSM674301,train,non_smoker
GSE27272,5,1,GSM674302,train,non_smoker
GSE27272,5,1,GSM674303,train,smoker
GSE27272,5,1,GSM674304,train,non_smoker
GSE27272,5,1,GSM674305,train,non_smoker
GSE27272,5,1,GSM674306,train,non_smoker
GSE27272,5,1,GSM674307,train,smoker
GSE27272,5,1,GSM674308,train,non_smoker
GSE27272,5,1,GSM674309,train,non_smoker
GSE27272,5,1,GSM674310,train,smoker
GSE27272,5,1,GSM674311,train,smoker
GSE27272,5,1,GSM674312,train,smoker
GSE27272,5,1,GSM674313,train,non_smoker
GSE27272,5,1,GSM674314,train,non_smoker
GSE27272,5,1,GSM674315,train,non_smoker
GSE27272,5,1,GSM674316,train,non_smoker
GSE27272,5,1,GSM674317,train,smoker
GSE27272,5,1,GSM674318,train,non_smoker
GSE27272,5,1,GSM674319,train,smoker
GSE27272,5,1,GSM674320,train,non_smoker
GSE27272,5,1,GSM674321,train,smoker
GSE27272,5,1,GSM674322,train,smoker
GSE27272,5,1,GSM674323,train,non_smoker
GSE27272,5,1,GSM674324,train,non_smoker
GSE27272,5,1,GSM674325,train,non_smoker
GSE27272,5,1,GSM674326,train,smoker
GSE27272,5,1,GSM674327,train,non_smoker
GSE27272,5,1,GSM674328,train,non_smoker
GSE27272,5,1,GSM674329,train,smoker
GSE27272,5,1,GSM674330,train,non_smoker
GSE27272,5,1,GSM674331,train,non_smoker
GSE27272,5,1,GSM674332,train,non_smoker
GSE27272,5,1,GSM674334,train,non_smoker
GSE27272,5,1,GSM674335,train,non_smoker
GSE27272,5,1,GSM674344,train,non_smoker
GSE27272,5,1,GSM674346,train,non_smoker
GSE27272,5,1,GSM674347,train,non_smoker
GSE27272,5,1,GSM674348,train,non_smoker
GSE27272,5,1,GSM674349,train,non_smoker
GSE27272,5,1,GSM674350,train,non_smoker
GSE27272,5,1,GSM674351,train,smoker
GSE27272,5,1,GSM674352,train,smoker
GSE27272,5,1,GSM674353,train,non_smoker
GSE27272,5,1,GSM674354,train,non_smoker
GSE27272,5,1,GSM674355,train,non_smoker
GSE27272,5,1,GSM674356,train,non_smoker
GSE27272,5,1,GSM674358,train,non_smoker
GSE27272,5,1,GSM674359,train,smoker
GSE27272,5,1,GSM674360,train,smoker
GSE27272,5,1,GSM674362,train,smoker
GSE27272,5,1,GSM674364,train,non_smoker
GSE27272,5,1,GSM674365,train,non_smoker
GSE27272,5,1,GSM674366,train,non_smoker
GSE27272,5,1,GSM674367,train,non_smoker
GSE27272,5,1,GSM674368,train,non_smoker
GSE27272,5,1,GSM674369,train,smoker
GSE27272,5,1,GSM674370,train,non_smoker
GSE27272,5,1,GSM674371,train,non_smoker
GSE27272,5,1,GSM674373,train,non_smoker
GSE27272,5,1,GSM674374,train,smoker
GSE27272,5,1,GSM674375,train,non_smoker
GSE27272,5,1,GSM674376,train,smoker
GSE27272,5,1,GSM674377,train,smoker
GSE27272,5,1,GSM674378,train,smoker
GSE27272,5,1,GSM674379,train,non_smoker
GSE27272,5,1,GSM674380,train,non_smoker
GSE27272,5,1,GSM674381,train,non_smoker
GSE27272,5,1,GSM674382,train,non_smoker
GSE27272,5,1,GSM674383,train,smoker
GSE27272,5,1,GSM674384,train,non_smoker
GSE27272,5,1,GSM674385,train,non_smoker
GSE27272,5,1,GSM674386,train,smoker
GSE27272,5,1,GSM674388,train,non_smoker
GSE27272,5,1,GSM674389,train,non_smoker
GSE27272,5,1,GSM674390,train,non_smoker
GSE27272,5,1,GSM674391,train,non_smoker
GSE27272,5,1,GSM674392,train,smoker
GSE27272,5,1,GSM674394,train,non_smoker
GSE27272,5,1,GSM674395,train,non_smoker
GSE27272,5,1,GSM674396,train,smoker
GSE27272,5,1,GSM674397,train,non_smoker
GSE27272,5,1,GSM674398,train,non_smoker
GSE27272,5,1,GSM674399,train,smoker
GSE27272,5,1,GSM674400,train,non_smoker
GSE27272,5,1,GSM674403,train,non_smoker
GSE27272,5,1,GSM674404,train,smoker
GSE27272,5,1,GSM674405,train,non_smoker
GSE27272,5,1,GSM674406,train,non_smoker
GSE27272,5,1,GSM674407,train,non_smoker
GSE27272,5,1,GSM674184,test,non_smoker
GSE27272,5,1,GSM674185,test,non_smoker
GSE27272,5,1,GSM674237,test,non_smoker
GSE27272,5,1,GSM674239,test,non_smoker
GSE27272,5,1,GSM674240,test,non_smoker
GSE27272,5,1,GSM674241,test,smoker
GSE27272,5,1,GSM674282,test,non_smoker
GSE27272,5,1,GSM674294,test,smoker
GSE27272,5,1,GSM674297,test,non_smoker
GSE27272,5,1,GSM674333,test,smoker
GSE27272,5,1,GSM674345,test,smoker
GSE27272,5,1,GSM674357,test,non_smoker
GSE27272,5,1,GSM674361,test,non_smoker
GSE27272,5,1,GSM674363,test,non_smoker
GSE27272,5,1,GSM674372,test,smoker
GSE27272,5,1,GSM674387,test,smoker
GSE27272,5,1,GSM674393,test,non_smoker
GSE27272,5,1,GSM674401,test,non_smoker
GSE27272,5,1,GSM674402,test,non_smoker
GSE27272,5,2,GSM674181,train,non_smoker
GSE27272,5,2,GSM674182,train,smoker
GSE27272,5,2,GSM674183,train,non_smoker
GSE27272,5,2,GSM674184,train,non_smoker
GSE27272,5,2,GSM674185,train,non_smoker
GSE27272,5,2,GSM674186,train,non_smoker
GSE27272,5,2,GSM674187,train,non_smoker
GSE27272,5,2,GSM674188,train,smoker
GSE27272,5,2,GSM674190,train,non_smoker
GSE27272,5,2,GSM674191,train,non_smoker
GSE27272,5,2,GSM674192,train,non_smoker
GSE27272,5,2,GSM674193,train,non_smoker
GSE27272,5,2,GSM674194,train,non_smoker
GSE27272,5,2,GSM674195,train,non_smoker
GSE27272,5,2,GSM674196,train,smoker
GSE27272,5,2,GSM674197,train,smoker
GSE27272,5,2,GSM674198,train,non_smoker
GSE27272,5,2,GSM674199,train,smoker
GSE27272,5,2,GSM674200,train,non_smoker
GSE27272,5,2,GSM674202,train,non_smoker
GSE27272,5,2,GSM674203,train,non_smoker
GSE27272,5,2,GSM674205,train,non_smoker
GSE27272,5,2,GSM674207,train,smoker
GSE27272,5,2,GSM674208,train,non_smoker
GSE27272,5,2,GSM674209,train,non_smoker
GSE27272,5,2,GSM674210,train,non_smoker
GSE27272,5,2,GSM674211,train,smoker
GSE27272,5,2,GSM674212,train,non_smoker
GSE27272,5,2,GSM674213,train,smoker
GSE27272,5,2,GSM674214,train,non_smoker
GSE27272,5,2,GSM674215,train,smoker
GSE27272,5,2,GSM674216,train,smoker
GSE27272,5,2,GSM674217,train,smoker
GSE27272,5,2,GSM674218,train,non_smoker
GSE27272,5,2,GSM674219,train,non_smoker
GSE27272,5,2,GSM674220,train,non_smoker
GSE27272,5,2,GSM674221,train,non_smoker
GSE27272,5,2,GSM674222,train,smoker
GSE27272,5,2,GSM674223,train,non_smoker
GSE27272,5,2,GSM674226,train,non_smoker
GSE27272,5,2,GSM674227,train,smoker
GSE27272,5,2,GSM674228,train,smoker
GSE27272,5,2,GSM674229,train,non_smoker
GSE27272,5,2,GSM674230,train,non_smoker
GSE27272,5,2,GSM674231,train,non_smoker
GSE27272,5,2,GSM674232,train,non_smoker
GSE27272,5,2,GSM674233,train,smoker
GSE27272,5,2,GSM674234,train,non_smoker
GSE27272,5,2,GSM674235,train,non_smoker
GSE27272,5,2,GSM674236,train,non_smoker
GSE27272,5,2,GSM674237,train,non_smoker
GSE27272,5,2,GSM674238,train,smoker
GSE27272,5,2,GSM674239,train,non_smoker
GSE27272,5,2,GSM674240,train,non_smoker
GSE27272,5,2,GSM674241,train,smoker
GSE27272,5,2,GSM674242,train,non_smoker
GSE27272,5,2,GSM674243,train,non_smoker
GSE27272,5,2,GSM674244,train,non_smoker
GSE27272,5,2,GSM674245,train,non_smoker
GSE27272,5,2,GSM674282,train,non_smoker
GSE27272,5,2,GSM674283,train,smoker
GSE27272,5,2,GSM674284,train,non_smoker
GSE27272,5,2,GSM674285,train,non_smoker
GSE27272,5,2,GSM674286,train,smoker
GSE27272,5,2,GSM674287,train,non_smoker
GSE27272,5,2,GSM674288,train,non_smoker
GSE27272,5,2,GSM674289,train,non_smoker
GSE27272,5,2,GSM674290,train,non_smoker
GSE27272,5,2,GSM674291,train,non_smoker
GSE27272,5,2,GSM674292,train,non_smoker
GSE27272,5,2,GSM674293,train,smoker
GSE27272,5,2,GSM674294,train,smoker
GSE27272,5,2,GSM674295,train,non_smoker
GSE27272,5,2,GSM674296,train,smoker
GSE27272,5,2,GSM674297,train,non_smoker
GSE27272,5,2,GSM674298,train,non_smoker
GSE27272,5,2,GSM674299,train,non_smoker
GSE27272,5,2,GSM674300,train,non_smoker
GSE27272,5,2,GSM674302,train,non_smoker
GSE27272,5,2,GSM674303,train,smoker
GSE27272,5,2,GSM674304,train,non_smoker
GSE27272,5,2,GSM674306,train,non_smoker
GSE27272,5,2,GSM674307,train,smoker
GSE27272,5,2,GSM674308,train,non_smoker
GSE27272,5,2,GSM674310,train,smoker
GSE27272,5,2,GSM674311,train,smoker
GSE27272,5,2,GSM674312,train,smoker
GSE27272,5,2,GSM674313,train,non_smoker
GSE27272,5,2,GSM674314,train,non_smoker
GSE27272,5,2,GSM674315,train,non_smoker
GSE27272,5,2,GSM674316,train,non_smoker
GSE27272,5,2,GSM674317,train,smoker
GSE27272,5,2,GSM674318,train,non_smoker
GSE27272,5,2,GSM674319,train,smoker
GSE27272,5,2,GSM674320,train,non_smoker
GSE27272,5,2,GSM674321,train,smoker
GSE27272,5,2,GSM674322,train,smoker
GSE27272,5,2,GSM674323,train,non_smoker
GSE27272,5,2,GSM674324,train,non_smoker
GSE27272,5,2,GSM674325,train,non_smoker
GSE27272,5,2,GSM674326,train,smoker
GSE27272,5,2,GSM674327,train,non_smoker
GSE27272,5,2,GSM674328,train,non_smoker
GSE27272,5,2,GSM674329,train,smoker
GSE27272,5,2,GSM674330,train,non_smoker
GSE27272,5,2,GSM674331,train,non_smoker
GSE27272,5,2,GSM674333,train,smoker
GSE27272,5,2,GSM674334,train,non_smoker
GSE27272,5,2,GSM674335,train,non_smoker
GSE27272,5,2,GSM674344,train,non_smoker
GSE27272,5,2,GSM674345,train,smoker
GSE27272,5,2,GSM674347,train,non_smoker
GSE27272,5,2,GSM674348,train,non_smoker
GSE27272,5,2,GSM674349,train,non_smoker
GSE27272,5,2,GSM674350,train,non_smoker
GSE27272,5,2,GSM674351,train,smoker
GSE27272,5,2,GSM674352,train,smoker
GSE27272,5,2,GSM674355,train,non_smoker
GSE27272,5,2,GSM674356,train,non_smoker
GSE27272,5,2,GSM674357,train,non_smoker
GSE27272,5,2,GSM674358,train,non_smoker
GSE27272,5,2,GSM674360,train,smoker
GSE27272,5,2,GSM674361,train,non_smoker
GSE27272,5,2,GSM674362,train,smoker
GSE27272,5,2,GSM674363,train,non_smoker
GSE27272,5,2,GSM674364,train,non_smoker
GSE27272,5,2,GSM674365,train,non_smoker
GSE27272,5,2,GSM674366,train,non_smoker
GSE27272,5,2,GSM674367,train,non_smoker
GSE27272,5,2,GSM674368,train,non_smoker
GSE27272,5,2,GSM674370,train,non_smoker
GSE27272,5,2,GSM674371,train,non_smoker
GSE27272,5,2,GSM674372,train,smoker
GSE27272,5,2,GSM674374,train,smoker
GSE27272,5,2,GSM674375,train,non_smoker
GSE27272,5,2,GSM674376,train,smoker
GSE27272,5,2,GSM674378,train,smoker
GSE27272,5,2,GSM674379,train,non_smoker
GSE27272,5,2,GSM674380,train,non_smoker
GSE27272,5,2,GSM674381,train,non_smoker
GSE27272,5,2,GSM674382,train,non_smoker
GSE27272,5,2,GSM674383,train,smoker
GSE27272,5,2,GSM674384,train,non_smoker
GSE27272,5,2,GSM674385,train,non_smoker
GSE27272,5,2,GSM674386,train,smoker
GSE27272,5,2,GSM674387,train,smoker
GSE27272,5,2,GSM674388,train,non_smoker
GSE27272,5,2,GSM674389,train,non_smoker
GSE27272,5,2,GSM674390,train,non_smoker
GSE27272,5,2,GSM674391,train,non_smoker
GSE27272,5,2,GSM674392,train,smoker
GSE27272,5,2,GSM674393,train,non_smoker
GSE27272,5,2,GSM674394,train,non_smoker
GSE27272,5,2,GSM674395,train,non_smoker
GSE27272,5,2,GSM674397,train,non_smoker
GSE27272,5,2,GSM674399,train,smoker
GSE27272,5,2,GSM674400,train,non_smoker
GSE27272,5,2,GSM674401,train,non_smoker
GSE27272,5,2,GSM674402,train,non_smoker
GSE27272,5,2,GSM674403,train,non_smoker
GSE27272,5,2,GSM674404,train,smoker
GSE27272,5,2,GSM674405,train,non_smoker
GSE27272,5,2,GSM674406,train,non_smoker
GSE27272,5,2,GSM674407,train,non_smoker
GSE27272,5,2,GSM674189,test,smoker
GSE27272,5,2,GSM674201,test,non_smoker
GSE27272,5,2,GSM674204,test,non_smoker
GSE27272,5,2,GSM674206,test,non_smoker
GSE27272,5,2,GSM674224,test,smoker
GSE27272,5,2,GSM674225,test,non_smoker
GSE27272,5,2,GSM674301,test,non_smoker
GSE27272,5,2,GSM674305,test,non_smoker
GSE27272,5,2,GSM674309,test,non_smoker
GSE27272,5,2,GSM674332,test,non_smoker
GSE27272,5,2,GSM674346,test,non_smoker
GSE27272,5,2,GSM674353,test,non_smoker
GSE27272,5,2,GSM674354,test,non_smoker
GSE27272,5,2,GSM674359,test,smoker
GSE27272,5,2,GSM674369,test,smoker
GSE27272,5,2,GSM674373,test,non_smoker
GSE27272,5,2,GSM674377,test,smoker
GSE27272,5,2,GSM674396,test,smoker
GSE27272,5,2,GSM674398,test,non_smoker
GSE27272,5,3,GSM674181,train,non_smoker
GSE27272,5,3,GSM674184,train,non_smoker
GSE27272,5,3,GSM674185,train,non_smoker
GSE27272,5,3,GSM674186,train,non_smoker
GSE27272,5,3,GSM674188,train,smoker
GSE27272,5,3,GSM674189,train,smoker
GSE27272,5,3,GSM674190,train,non_smoker
GSE27272,5,3,GSM674191,train,non_smoker
GSE27272,5,3,GSM674192,train,non_smoker
GSE27272,5,3,GSM674193,train,non_smoker
GSE27272,5,3,GSM674194,train,non_smoker
GSE27272,5,3,GSM674196,train,smoker
GSE27272,5,3,GSM674197,train,smoker
GSE27272,5,3,GSM674198,train,non_smoker
GSE27272,5,3,GSM674200,train,non_smoker
GSE27272,5,3,GSM674201,train,non_smoker
GSE27272,5,3,GSM674202,train,non_smoker
GSE27272,5,3,GSM674203,train,non_smoker
GSE27272,5,3,GSM674204,train,non_smoker
GSE27272,5,3,GSM674206,train,non_smoker
GSE27272,5,3,GSM674207,train,smoker
GSE27272,5,3,GSM674208,train,non_smoker
GSE27272,5,3,GSM674209,train,non_smoker
GSE27272,5,3,GSM674210,train,non_smoker
GSE27272,5,3,GSM674212,train,non_smoker
GSE27272,5,3,GSM674213,train,smoker
GSE27272,5,3,GSM674214,train,non_smoker
GSE27272,5,3,GSM674215,train,smoker
GSE27272,5,3,GSM674217,train,smoker
GSE27272,5,3,GSM674218,train,non_smoker
GSE27272,5,3,GSM674220,train,non_smoker
GSE27272,5,3,GSM674221,train,non_smoker
GSE27272,5,3,GSM674222,train,smoker
GSE27272,5,3,GSM674223,train,non_smoker
GSE27272,5,3,GSM674224,train,smoker
GSE27272,5,3,GSM674225,train,non_smoker
GSE27272,5,3,GSM674226,train,non_smoker
GSE27272,5,3,GSM674227,train,smoker
GSE27272,5,3,GSM674229,train,non_smoker
GSE27272,5,3,GSM674230,train,non_smoker
GSE27272,5,3,GSM674232,train,non_smoker
GSE27272,5,3,GSM674233,train,smoker
GSE27272,5,3,GSM674234,train,non_smoker
GSE27272,5,3,GSM674236,train,non_smoker
GSE27272,5,3,GSM674237,train,non_smoker
GSE27272,5,3,GSM674238,train,smoker
GSE27272,5,3,GSM674239,train,non_smoker
GSE27272,5,3,GSM674240,train,non_smoker
GSE27272,5,3,GSM674241,train,smoker
GSE27272,5,3,GSM674242,train,non_smoker
GSE27272,5,3,GSM674243,train,non_smoker
GSE27272,5,3,GSM674244,train,non_smoker
GSE27272,5,3,GSM674245,train,non_smoker
GSE27272,5,3,GSM674282,train,non_smoker
GSE27272,5,3,GSM674283,train,smoker
GSE27272,5,3,GSM674284,train,non_smoker
GSE27272,5,3,GSM674285,train,non_smoker
GSE27272,5,3,GSM674286,train,smoker
GSE27272,5,3,GSM674287,train,non_smoker
GSE27272,5,3,GSM674288,train,non_smoker
GSE27272,5,3,GSM674289,train,non_smoker
GSE27272,5,3,GSM674290,train,non_smoker
GSE27272,5,3,GSM674291,train,non_smoker
GSE27272,5,3,GSM674292,train,non_smoker
GSE27272,5,3,GSM674293,train,smoker
GSE27272,5,3,GSM674294,train,smoker
GSE27272,5,3,GSM674295,train,non_smoker
GSE27272,5,3,GSM674296,train,smoker
GSE27272,5,3,GSM674297,train,non_smoker
GSE27272,5,3,GSM674298,train,non_smoker
GSE27272,5,3,GSM674299,train,non_smoker
GSE27272,5,3,GSM674300,train,non_smoker
GSE27272,5,3,GSM674301,train,non_smoker
GSE27272,5,3,GSM674302,train,non_smoker
GSE27272,5,3,GSM674303,train,smoker
GSE27272,5,3,GSM674304,train,non_smoker
GSE27272,5,3,GSM674305,train,non_smoker
GSE27272,5,3,GSM674306,train,non_smoker
GSE27272,5,3,GSM674307,train,smoker
GSE27272,5,3,GSM674308,train,non_smoker
GSE27272,5,3,GSM674309,train,non_smoker
GSE27272,5,3,GSM674310,train,smoker
GSE27272,5,3,GSM674311,train,smoker
GSE27272,5,3,GSM674312,train,smoker
GSE27272,5,3,GSM674313,train,non_smoker
GSE27272,5,3,GSM674314,train,non_smoker
GSE27272,5,3,GSM674315,train,non_smoker
GSE27272,5,3,GSM674316,train,non_smoker
GSE27272,5,3,GSM674317,train,smoker
GSE27272,5,3,GSM674318,train,non_smoker
GSE27272,5,3,GSM674319,train,smoker
GSE27272,5,3,GSM674320,train,non_smoker
GSE27272,5,3,GSM674321,train,smoker
GSE27272,5,3,GSM674323,train,non_smoker
GSE27272,5,3,GSM674324,train,non_smoker
GSE27272,5,3,GSM674326,train,smoker
GSE27272,5,3,GSM674327,train,non_smoker
GSE27272,5,3,GSM674328,train,non_smoker
GSE27272,5,3,GSM674329,train,smoker
GSE27272,5,3,GSM674330,train,non_smoker
GSE27272,5,3,GSM674331,train,non_smoker
GSE27272,5,3,GSM674332,train,non_smoker
GSE27272,5,3,GSM674333,train,smoker
GSE27272,5,3,GSM674335,train,non_smoker
GSE27272,5,3,GSM674344,train,non_smoker
GSE27272,5,3,GSM674345,train,smoker
GSE27272,5,3,GSM674346,train,non_smoker
GSE27272,5,3,GSM674348,train,non_smoker
GSE27272,5,3,GSM674350,train,non_smoker
GSE27272,5,3,GSM674351,train,smoker
GSE27272,5,3,GSM674352,train,smoker
GSE27272,5,3,GSM674353,train,non_smoker
GSE27272,5,3,GSM674354,train,non_smoker
GSE27272,5,3,GSM674355,train,non_smoker
GSE27272,5,3,GSM674356,train,non_smoker
GSE27272,5,3,GSM674357,train,non_smoker
GSE27272,5,3,GSM674358,train,non_smoker
GSE27272,5,3,GSM674359,train,smoker
GSE27272,5,3,GSM674360,train,smoker
GSE27272,5,3,GSM674361,train,non_smoker
GSE27272,5,3,GSM674362,train,smoker
GSE27272,5,3,GSM674363,train,non_smoker
GSE27272,5,3,GSM674364,train,non_smoker
GSE27272,5,3,GSM674365,train,non_smoker
GSE27272,5,3,GSM674367,train,non_smoker
GSE27272,5,3,GSM674368,train,non_smoker
GSE27272,5,3,GSM674369,train,smoker
GSE27272,5,3,GSM674370,train,non_smoker
GSE27272,5,3,GSM674372,train,smoker
GSE27272,5,3,GSM674373,train,non_smoker
GSE27272,5,3,GSM674374,train,smoker
GSE27272,5,3,GSM674375,train,non_smoker
GSE27272,5,3,GSM674376,train,smoker
GSE27272,5,3,GSM674377,train,smoker
GSE27272,5,3,GSM674378,train,smoker
GSE27272,5,3,GSM674379,train,non_smoker
GSE27272,5,3,GSM674380,train,non_smoker
GSE27272,5,3,GSM674381,train,non_smoker
GSE27272,5,3,GSM674382,train,non_smoker
GSE27272,5,3,GSM674383,train,smoker
GSE27272,5,3,GSM674384,train,non_smoker
GSE27272,5,3,GSM674385,train,non_smoker
GSE27272,5,3,GSM674386,train,smoker
GSE27272,5,3,GSM674387,train,smoker
GSE27272,5,3,GSM674388,train,non_smoker
GSE27272,5,3,GSM674389,train,non_smoker
GSE27272,5,3,GSM674390,train,non_smoker
GSE27272,5,3,GSM674391,train,non_smoker
GSE27272,5,3,GSM674392,train,smoker
GSE27272,5,3,GSM674393,train,non_smoker
GSE27272,5,3,GSM674394,train,non_smoker
GSE27272,5,3,GSM674395,train,non_smoker
GSE27272,5,3,GSM674396,train,smoker
GSE27272,5,3,GSM674397,train,non_smoker
GSE27272,5,3,GSM674398,train,non_smoker
GSE27272,5,3,GSM674399,train,smoker
GSE27272,5,3,GSM674400,train,non_smoker
GSE27272,5,3,GSM674401,train,non_smoker
GSE27272,5,3,GSM674402,train,non_smoker
GSE27272,5,3,GSM674403,train,non_smoker
GSE27272,5,3,GSM674404,train,smoker
GSE27272,5,3,GSM674405,train,non_smoker
GSE27272,5,3,GSM674406,train,non_smoker
GSE27272,5,3,GSM674407,train,non_smoker
GSE27272,5,3,GSM674182,test,smoker
GSE27272,5,3,GSM674183,test,non_smoker
GSE27272,5,3,GSM674187,test,non_smoker
GSE27272,5,3,GSM674195,test,non_smoker
GSE27272,5,3,GSM674199,test,smoker
GSE27272,5,3,GSM674205,test,non_smoker
GSE27272,5,3,GSM674211,test,smoker
GSE27272,5,3,GSM674216,test,smoker
GSE27272,5,3,GSM674219,test,non_smoker
GSE27272,5,3,GSM674228,test,smoker
GSE27272,5,3,GSM674231,test,non_smoker
GSE27272,5,3,GSM674235,test,non_smoker
GSE27272,5,3,GSM674322,test,smoker
GSE27272,5,3,GSM674325,test,non_smoker
GSE27272,5,3,GSM674334,test,non_smoker
GSE27272,5,3,GSM674347,test,non_smoker
GSE27272,5,3,GSM674349,test,non_smoker
GSE27272,5,3,GSM674366,test,non_smoker
GSE27272,5,3,GSM674371,test,non_smoker
GSE27272,5,4,GSM674182,train,smoker
GSE27272,5,4,GSM674183,train,non_smoker
GSE27272,5,4,GSM674184,train,non_smoker
GSE27272,5,4,GSM674185,train,non_smoker
GSE27272,5,4,GSM674186,train,non_smoker
GSE27272,5,4,GSM674187,train,non_smoker
GSE27272,5,4,GSM674188,train,smoker
GSE27272,5,4,GSM674189,train,smoker
GSE27272,5,4,GSM674190,train,non_smoker
GSE27272,5,4,GSM674191,train,non_smoker
GSE27272,5,4,GSM674192,train,non_smoker
GSE27272,5,4,GSM674193,train,non_smoker
GSE27272,5,4,GSM674194,train,non_smoker
GSE27272,5,4,GSM674195,train,non_smoker
GSE27272,5,4,GSM674196,train,smoker
GSE27272,5,4,GSM674197,train,smoker
GSE27272,5,4,GSM674198,train,non_smoker
GSE27272,5,4,GSM674199,train,smoker
GSE27272,5,4,GSM674200,train,non_smoker
GSE27272,5,4,GSM674201,train,non_smoker
GSE27272,5,4,GSM674203,train,non_smoker
GSE27272,5,4,GSM674204,train,non_smoker
GSE27272,5,4,GSM674205,train,non_smoker
GSE27272,5,4,GSM674206,train,non_smoker
GSE27272,5,4,GSM674207,train,smoker
GSE27272,5,4,GSM674208,train,non_smoker
GSE27272,5,4,GSM674209,train,non_smoker
GSE27272,5,4,GSM674210,train,non_smoker
GSE27272,5,4,GSM674211,train,smoker
GSE27272,5,4,GSM674212,train,non_smoker
GSE27272,5,4,GSM674213,train,smoker
GSE27272,5,4,GSM674214,train,non_smoker
GSE27272,5,4,GSM674215,train,smoker
GSE27272,5,4,GSM674216,train,smoker
GSE27272,5,4,GSM674218,train,non_smoker
GSE27272,5,4,GSM674219,train,non_smoker
GSE27272,5,4,GSM674220,train,non_smoker
GSE27272,5,4,GSM674222,train,smoker
GSE27272,5,4,GSM674223,train,non_smoker
GSE27272,5,4,GSM674224,train,smoker
GSE27272,5,4,GSM674225,train,non_smoker
GSE27272,5,4,GSM674226,train,non_smoker
GSE27272,5,4,GSM674227,train,smoker
GSE27272,5,4,GSM674228,train,smoker
GSE27272,5,4,GSM674229,train,non_smoker
GSE27272,5,4,GSM674230,train,non_smoker
GSE27272,5,4,GSM674231,train,non_smoker
GSE27272,5,4,GSM674233,train,smoker
GSE27272,5,4,GSM674235,train,non_smoker
GSE27272,5,4,GSM674236,train,non_smoker
GSE27272,5,4,GSM674237,train,non_smoker
GSE27272,5,4,GSM674238,train,smoker
GSE27272,5,4,GSM674239,train,non_smoker
GSE27272,5,4,GSM674240,train,non_smoker
GSE27272,5,4,GSM674241,train,smoker
GSE27272,5,4,GSM674242,train,non_smoker
GSE27272,5,4,GSM674244,train,non_smoker
GSE27272,5,4,GSM674245,train,non_smoker
GSE27272,5,4,GSM674282,train,non_smoker
GSE27272,5,4,GSM674284,train,non_smoker
GSE27272,5,4,GSM674287,train,non_smoker
GSE27272,5,4,GSM674288,train,non_smoker
GSE27272,5,4,GSM674289,train,non_smoker
GSE27272,5,4,GSM674290,train,non_smoker
GSE27272,5,4,GSM674291,train,non_smoker
GSE27272,5,4,GSM674294,train,smoker
GSE27272,5,4,GSM674295,train,non_smoker
GSE27272,5,4,GSM674296,train,smoker
GSE27272,5,4,GSM674297,train,non_smoker
GSE27272,5,4,GSM674298,train,non_smoker
GSE27272,5,4,GSM674299,train,non_smoker
GSE27272,5,4,GSM674300,train,non_smoker
GSE27272,5,4,GSM674301,train,non_smoker
GSE27272,5,4,GSM674302,train,non_smoker
GSE27272,5,4,GSM674303,train,smoker
GSE27272,5,4,GSM674304,train,non_smoker
GSE27272,5,4,GSM674305,train,non_smoker
GSE27272,5,4,GSM674307,train,smoker
GSE27272,5,4,GSM674308,train,non_smoker
GSE27272,5,4,GSM674309,train,non_smoker
GSE27272,5,4,GSM674310,train,smoker
GSE27272,5,4,GSM674311,train,smoker
GSE27272,5,4,GSM674312,train,smoker
GSE27272,5,4,GSM674313,train,non_smoker
GSE27272,5,4,GSM674314,train,non_smoker
GSE27272,5,4,GSM674316,train,non_smoker
GSE27272,5,4,GSM674317,train,smoker
GSE27272,5,4,GSM674319,train,smoker
GSE27272,5,4,GSM674320,train,non_smoker
GSE27272,5,4,GSM674321,train,smoker
GSE27272,5,4,GSM674322,train,smoker
GSE27272,5,4,GSM674323,train,non_smoker
GSE27272,5,4,GSM674325,train,non_smoker
GSE27272,5,4,GSM674326,train,smoker
GSE27272,5,4,GSM674327,train,non_smoker
GSE27272,5,4,GSM674328,train,non_smoker
GSE27272,5,4,GSM674329,train,smoker
GSE27272,5,4,GSM674330,train,non_smoker
GSE27272,5,4,GSM674331,train,non_smoker
GSE27272,5,4,GSM674332,train,non_smoker
GSE27272,5,4,GSM674333,train,smoker
GSE27272,5,4,GSM674334,train,non_smoker
GSE27272,5,4,GSM674335,train,non_smoker
GSE27272,5,4,GSM674344,train,non_smoker
GSE27272,5,4,GSM674345,train,smoker
GSE27272,5,4,GSM674346,train,non_smoker
GSE27272,5,4,GSM674347,train,non_smoker
GSE27272,5,4,GSM674348,train,non_smoker
GSE27272,5,4,GSM674349,train,non_smoker
GSE27272,5,4,GSM674350,train,non_smoker
GSE27272,5,4,GSM674351,train,smoker
GSE27272,5,4,GSM674352,train,smoker
GSE27272,5,4,GSM674353,train,non_smoker
GSE27272,5,4,GSM674354,train,non_smoker
GSE27272,5,4,GSM674355,train,non_smoker
GSE27272,5,4,GSM674356,train,non_smoker
GSE27272,5,4,GSM674357,train,non_smoker
GSE27272,5,4,GSM674358,train,non_smoker
GSE27272,5,4,GSM674359,train,smoker
GSE27272,5,4,GSM674360,train,smoker
GSE27272,5,4,GSM674361,train,non_smoker
GSE27272,5,4,GSM674362,train,smoker
GSE27272,5,4,GSM674363,train,non_smoker
GSE27272,5,4,GSM674365,train,non_smoker
GSE27272,5,4,GSM674366,train,non_smoker
GSE27272,5,4,GSM674367,train,non_smoker
GSE27272,5,4,GSM674368,train,non_smoker
GSE27272,5,4,GSM674369,train,smoker
GSE27272,5,4,GSM674370,train,non_smoker
GSE27272,5,4,GSM674371,train,non_smoker
GSE27272,5,4,GSM674372,train,smoker
GSE27272,5,4,GSM674373,train,non_smoker
GSE27272,5,4,GSM674374,train,smoker
GSE27272,5,4,GSM674375,train,non_smoker
GSE27272,5,4,GSM674376,train,smoker
GSE27272,5,4,GSM674377,train,smoker
GSE27272,5,4,GSM674379,train,non_smoker
GSE27272,5,4,GSM674380,train,non_smoker
GSE27272,5,4,GSM674381,train,non_smoker
GSE27272,5,4,GSM674382,train,non_smoker
GSE27272,5,4,GSM674384,train,non_smoker
GSE27272,5,4,GSM674385,train,non_smoker
GSE27272,5,4,GSM674386,train,smoker
GSE27272,5,4,GSM674387,train,smoker
GSE27272,5,4,GSM674388,train,non_smoker
GSE27272,5,4,GSM674389,train,non_smoker
GSE27272,5,4,GSM674390,train,non_smoker
GSE27272,5,4,GSM674391,train,non_smoker
GSE27272,5,4,GSM674392,train,smoker
GSE27272,5,4,GSM674393,train,non_smoker
GSE27272,5,4,GSM674394,train,non_smoker
GSE27272,5,4,GSM674395,train,non_smoker
GSE27272,5,4,GSM674396,train,smoker
GSE27272,5,4,GSM674397,train,non_smoker
GSE27272,5,4,GSM674398,train,non_smoker
GSE27272,5,4,GSM674399,train,smoker
GSE27272,5,4,GSM674400,train,non_smoker
GSE27272,5,4,GSM674401,train,non_smoker
GSE27272,5,4,GSM674402,train,non_smoker
GSE27272,5,4,GSM674403,train,non_smoker
GSE27272,5,4,GSM674404,train,smoker
GSE27272,5,4,GSM674405,train,non_smoker
GSE27272,5,4,GSM674406,train,non_smoker
GSE27272,5,4,GSM674407,train,non_smoker
GSE27272,5,4,GSM674181,test,non_smoker
GSE27272,5,4,GSM674202,test,non_smoker
GSE27272,5,4,GSM674217,test,smoker
GSE27272,5,4,GSM674221,test,non_smoker
GSE27272,5,4,GSM674232,test,non_smoker
GSE27272,5,4,GSM674234,test,non_smoker
GSE27272,5,4,GSM674243,test,non_smoker
GSE27272,5,4,GSM674283,test,smoker
GSE27272,5,4,GSM674285,test,non_smoker
GSE27272,5,4,GSM674286,test,smoker
GSE27272,5,4,GSM674292,test,non_smoker
GSE27272,5,4,GSM674293,test,smoker
GSE27272,5,4,GSM674306,test,non_smoker
GSE27272,5,4,GSM674315,test,non_smoker
GSE27272,5,4,GSM674318,test,non_smoker
GSE27272,5,4,GSM674324,test,non_smoker
GSE27272,5,4,GSM674364,test,non_smoker
GSE27272,5,4,GSM674378,test,smoker
GSE27272,5,4,GSM674383,test,smoker
GSE27272,5,5,GSM674181,train,non_smoker
GSE27272,5,5,GSM674182,train,smoker
GSE27272,5,5,GSM674183,train,non_smoker
GSE27272,5,5,GSM674184,train,non_smoker
GSE27272,5,5,GSM674185,train,non_smoker
GSE27272,5,5,GSM674186,train,non_smoker
GSE27272,5,5,GSM674187,train,non_smoker
GSE27272,5,5,GSM674188,train,smoker
GSE27272,5,5,GSM674189,train,smoker
GSE27272,5,5,GSM674190,train,non_smoker
GSE27272,5,5,GSM674192,train,non_smoker
GSE27272,5,5,GSM674193,train,non_smoker
GSE27272,5,5,GSM674194,train,non_smoker
GSE27272,5,5,GSM674195,train,non_smoker
GSE27272,5,5,GSM674196,train,smoker
GSE27272,5,5,GSM674199,train,smoker
GSE27272,5,5,GSM674201,train,non_smoker
GSE27272,5,5,GSM674202,train,non_smoker
GSE27272,5,5,GSM674203,train,non_smoker
GSE27272,5,5,GSM674204,train,non_smoker
GSE27272,5,5,GSM674205,train,non_smoker
GSE27272,5,5,GSM674206,train,non_smoker
GSE27272,5,5,GSM674207,train,smoker
GSE27272,5,5,GSM674208,train,non_smoker
GSE27272,5,5,GSM674210,train,non_smoker
GSE27272,5,5,GSM674211,train,smoker
GSE27272,5,5,GSM674212,train,non_smoker
GSE27272,5,5,GSM674214,train,non_smoker
GSE27272,5,5,GSM674215,train,smoker
GSE27272,5,5,GSM674216,train,smoker
GSE27272,5,5,GSM674217,train,smoker
GSE27272,5,5,GSM674218,train,non_smoker
GSE27272,5,5,GSM674219,train,non_smoker
GSE27272,5,5,GSM674220,train,non_smoker
GSE27272,5,5,GSM674221,train,non_smoker
GSE27272,5,5,GSM674222,train,smoker
GSE27272,5,5,GSM674223,train,non_smoker
GSE27272,5,5,GSM674224,train,smoker
GSE27272,5,5,GSM674225,train,non_smoker
GSE27272,5,5,GSM674226,train,non_smoker
GSE27272,5,5,GSM674228,train,smoker
GSE27272,5,5,GSM674229,train,non_smoker
GSE27272,5,5,GSM674230,train,non_smoker
GSE27272,5,5,GSM674231,train,non_smoker
GSE27272,5,5,GSM674232,train,non_smoker
GSE27272,5,5,GSM674233,train,smoker
GSE27272,5,5,GSM674234,train,non_smoker
GSE27272,5,5,GSM674235,train,non_smoker
GSE27272,5,5,GSM674236,train,non_smoker
GSE27272,5,5,GSM674237,train,non_smoker
GSE27272,5,5,GSM674238,train,smoker
GSE27272,5,5,GSM674239,train,non_smoker
GSE27272,5,5,GSM674240,train,non_smoker
GSE27272,5,5,GSM674241,train,smoker
GSE27272,5,5,GSM674242,train,non_smoker
GSE27272,5,5,GSM674243,train,non_smoker
GSE27272,5,5,GSM674244,train,non_smoker
GSE27272,5,5,GSM674245,train,non_smoker
GSE27272,5,5,GSM674282,train,non_smoker
GSE27272,5,5,GSM674283,train,smoker
GSE27272,5,5,GSM674284,train,non_smoker
GSE27272,5,5,GSM674285,train,non_smoker
GSE27272,5,5,GSM674286,train,smoker
GSE27272,5,5,GSM674287,train,non_smoker
GSE27272,5,5,GSM674288,train,non_smoker
GSE27272,5,5,GSM674289,train,non_smoker
GSE27272,5,5,GSM674292,train,non_smoker
GSE27272,5,5,GSM674293,train,smoker
GSE27272,5,5,GSM674294,train,smoker
GSE27272,5,5,GSM674295,train,non_smoker
GSE27272,5,5,GSM674296,train,smoker
GSE27272,5,5,GSM674297,train,non_smoker
GSE27272,5,5,GSM674299,train,non_smoker
GSE27272,5,5,GSM674300,train,non_smoker
GSE27272,5,5,GSM674301,train,non_smoker
GSE27272,5,5,GSM674303,train,smoker
GSE27272,5,5,GSM674304,train,non_smoker
GSE27272,5,5,GSM674305,train,non_smoker
GSE27272,5,5,GSM674306,train,non_smoker
GSE27272,5,5,GSM674308,train,non_smoker
GSE27272,5,5,GSM674309,train,non_smoker
GSE27272,5,5,GSM674311,train,smoker
GSE27272,5,5,GSM674312,train,smoker
GSE27272,5,5,GSM674313,train,non_smoker
GSE27272,5,5,GSM674315,train,non_smoker
GSE27272,5,5,GSM674317,train,smoker
GSE27272,5,5,GSM674318,train,non_smoker
GSE27272,5,5,GSM674319,train,smoker
GSE27272,5,5,GSM674320,train,non_smoker
GSE27272,5,5,GSM674321,train,smoker
GSE27272,5,5,GSM674322,train,smoker
GSE27272,5,5,GSM674323,train,non_smoker
GSE27272,5,5,GSM674324,train,non_smoker
GSE27272,5,5,GSM674325,train,non_smoker
GSE27272,5,5,GSM674326,train,smoker
GSE27272,5,5,GSM674327,train,non_smoker
GSE27272,5,5,GSM674328,train,non_smoker
GSE27272,5,5,GSM674329,train,smoker
GSE27272,5,5,GSM674330,train,non_smoker
GSE27272,5,5,GSM674331,train,non_smoker
GSE27272,5,5,GSM674332,train,non_smoker
GSE27272,5,5,GSM674333,train,smoker
GSE27272,5,5,GSM674334,train,non_smoker
GSE27272,5,5,GSM674335,train,non_smoker
GSE27272,5,5,GSM674344,train,non_smoker
GSE27272,5,5,GSM674345,train,smoker
GSE27272,5,5,GSM674346,train,non_smoker
GSE27272,5,5,GSM674347,train,non_smoker
GSE27272,5,5,GSM674348,train,non_smoker
GSE27272,5,5,GSM674349,train,non_smoker
GSE27272,5,5,GSM674350,train,non_smoker
GSE27272,5,5,GSM674351,train,smoker
GSE27272,5,5,GSM674352,train,smoker
GSE27272,5,5,GSM674353,train,non_smoker
GSE27272,5,5,GSM674354,train,non_smoker
GSE27272,5,5,GSM674355,train,non_smoker
GSE27272,5,5,GSM674356,train,non_smoker
GSE27272,5,5,GSM674357,train,non_smoker
GSE27272,5,5,GSM674358,train,non_smoker
GSE27272,5,5,GSM674359,train,smoker
GSE27272,5,5,GSM674360,train,smoker
GSE27272,5,5,GSM674361,train,non_smoker
GSE27272,5,5,GSM674362,train,smoker
GSE27272,5,5,GSM674363,train,non_smoker
GSE27272,5,5,GSM674364,train,non_smoker
GSE27272,5,5,GSM674365,train,non_smoker
GSE27272,5,5,GSM674366,train,non_smoker
GSE27272,5,5,GSM674367,train,non_smoker
GSE27272,5,5,GSM674368,train,non_smoker
GSE27272,5,5,GSM674369,train,smoker
GSE27272,5,5,GSM674370,train,non_smoker
GSE27272,5,5,GSM674371,train,non_smoker
GSE27272,5,5,GSM674372,train,smoker
GSE27272,5,5,GSM674373,train,non_smoker
GSE27272,5,5,GSM674374,train,smoker
GSE27272,5,5,GSM674375,train,non_smoker
GSE27272,5,5,GSM674376,train,smoker
GSE27272,5,5,GSM674377,train,smoker
GSE27272,5,5,GSM674378,train,smoker
GSE27272,5,5,GSM674379,train,non_smoker
GSE27272,5,5,GSM674380,train,non_smoker
GSE27272,5,5,GSM674382,train,non_smoker
GSE27272,5,5,GSM674383,train,smoker
GSE27272,5,5,GSM674384,train,non_smoker
GSE27272,5,5,GSM674385,train,non_smoker
GSE27272,5,5,GSM674386,train,smoker
GSE27272,5,5,GSM674387,train,smoker
GSE27272,5,5,GSM674388,train,non_smoker
GSE27272,5,5,GSM674389,train,non_smoker
GSE27272,5,5,GSM674390,train,non_smoker
GSE27272,5,5,GSM674391,train,non_smoker
GSE27272,5,5,GSM674393,train,non_smoker
GSE27272,5,5,GSM674394,train,non_smoker
GSE27272,5,5,GSM674396,train,smoker
GSE27272,5,5,GSM674397,train,non_smoker
GSE27272,5,5,GSM674398,train,non_smoker
GSE27272,5,5,GSM674399,train,smoker
GSE27272,5,5,GSM674400,train,non_smoker
GSE27272,5,5,GSM674401,train,non_smoker
GSE27272,5,5,GSM674402,train,non_smoker
GSE27272,5,5,GSM674404,train,smoker
GSE27272,5,5,GSM674405,train,non_smoker
GSE27272,5,5,GSM674406,train,non_smoker
GSE27272,5,5,GSM674407,train,non_smoker
GSE27272,5,5,GSM674191,test,non_smoker
GSE27272,5,5,GSM674197,test,smoker
GSE27272,5,5,GSM674198,test,non_smoker
GSE27272,5,5,GSM674200,test,non_smoker
GSE27272,5,5,GSM674209,test,non_smoker
GSE27272,5,5,GSM674213,test,smoker
GSE27272,5,5,GSM674227,test,smoker
GSE27272,5,5,GSM674290,test,non_smoker
GSE27272,5,5,GSM674291,test,non_smoker
GSE27272,5,5,GSM674298,test,non_smoker
GSE27272,5,5,GSM674302,test,non_smoker
GSE27272,5,5,GSM674307,test,smoker
GSE27272,5,5,GSM674310,test,smoker
GSE27272,5,5,GSM674314,test,non_smoker
GSE27272,5,5,GSM674316,test,non_smoker
GSE27272,5,5,GSM674381,test,non_smoker
GSE27272,5,5,GSM674392,test,smoker
GSE27272,5,5,GSM674395,test,non_smoker
GSE27272,5,5,GSM674403,test,non_smoker
GSE27272,5,6,GSM674181,train,non_smoker
GSE27272,5,6,GSM674182,train,smoker
GSE27272,5,6,GSM674183,train,non_smoker
GSE27272,5,6,GSM674184,train,non_smoker
GSE27272,5,6,GSM674185,train,non_smoker
GSE27272,5,6,GSM674187,train,non_smoker
GSE27272,5,6,GSM674188,train,smoker
GSE27272,5,6,GSM674189,train,smoker
GSE27272,5,6,GSM674191,train,non_smoker
GSE27272,5,6,GSM674192,train,non_smoker
GSE27272,5,6,GSM674193,train,non_smoker
GSE27272,5,6,GSM674194,train,non_smoker
GSE27272,5,6,GSM674195,train,non_smoker
GSE27272,5,6,GSM674196,train,smoker
GSE27272,5,6,GSM674197,train,smoker
GSE27272,5,6,GSM674198,train,non_smoker
GSE27272,5,6,GSM674199,train,smoker
GSE27272,5,6,GSM674200,train,non_smoker
GSE27272,5,6,GSM674201,train,non_smoker
GSE27272,5,6,GSM674202,train,non_smoker
GSE27272,5,6,GSM674203,train,non_smoker
GSE27272,5,6,GSM674204,train,non_smoker
GSE27272,5,6,GSM674205,train,non_smoker
GSE27272,5,6,GSM674206,train,non_smoker
GSE27272,5,6,GSM674207,train,smoker
GSE27272,5,6,GSM674208,train,non_smoker
GSE27272,5,6,GSM674209,train,non_smoker
GSE27272,5,6,GSM674210,train,non_smoker
GSE27272,5,6,GSM674211,train,smoker
GSE27272,5,6,GSM674212,train,non_smoker
GSE27272,5,6,GSM674213,train,smoker
GSE27272,5,6,GSM674216,train,smoker
GSE27272,5,6,GSM674217,train,smoker
GSE27272,5,6,GSM674218,train,non_smoker
GSE27272,5,6,GSM674219,train,non_smoker
GSE27272,5,6,GSM674220,train,non_smoker
GSE27272,5,6,GSM674221,train,non_smoker
GSE27272,5,6,GSM674223,train,non_smoker
GSE27272,5,6,GSM674224,train,smoker
GSE27272,5,6,GSM674225,train,non_smoker
GSE27272,5,6,GSM674226,train,non_smoker
GSE27272,5,6,GSM674227,train,smoker
GSE27272,5,6,GSM674228,train,smoker
GSE27272,5,6,GSM674229,train,non_smoker
GSE27272,5,6,GSM674230,train,non_smoker
GSE27272,5,6,GSM674231,train,non_smoker
GSE27272,5,6,GSM674232,train,non_smoker
GSE27272,5,6,GSM674233,train,smoker
GSE27272,5,6,GSM674234,train,non_smoker
GSE27272,5,6,GSM674235,train,non_smoker
GSE27272,5,6,GSM674236,train,non_smoker
GSE27272,5,6,GSM674237,train,non_smoker
GSE27272,5,6,GSM674238,train,smoker
GSE27272,5,6,GSM674239,train,non_smoker
GSE27272,5,6,GSM674240,train,non_smoker
GSE27272,5,6,GSM674241,train,smoker
GSE27272,5,6,GSM674242,train,non_smoker
GSE27272,5,6,GSM674243,train,non_smoker
GSE27272,5,6,GSM674244,train,non_smoker
GSE27272,5,6,GSM674245,train,non_smoker
GSE27272,5,6,GSM674282,train,non_smoker
GSE27272,5,6,GSM674283,train,smoker
GSE27272,5,6,GSM674284,train,non_smoker
GSE27272,5,6,GSM674285,train,non_smoker
GSE27272,5,6,GSM674286,train,smoker
GSE27272,5,6,GSM674287,train,non_smoker
GSE27272,5,6,GSM674288,train,non_smoker
GSE27272,5,6,GSM674289,train,non_smoker
GSE27272,5,6,GSM674290,train,non_smoker
GSE27272,5,6,GSM674291,train,non_smoker
GSE27272,5,6,GSM674292,train,non_smoker
GSE27272,5,6,GSM674293,train,smoker
GSE27272,5,6,GSM674294,train,smoker
GSE27272,5,6,GSM674295,train,non_smoker
GSE27272,5,6,GSM674296,train,smoker
GSE27272,5,6,GSM674297,train,non_smoker
GSE27272,5,6,GSM674298,train,non_smoker
GSE27272,5,6,GSM674299,train,non_smoker
GSE27272,5,6,GSM674300,train,non_smoker
GSE27272,5,6,GSM674301,train,non_smoker
GSE27272,5,6,GSM674302,train,non_smoker
GSE27272,5,6,GSM674303,train,smoker
GSE27272,5,6,GSM674305,train,non_smoker
GSE27272,5,6,GSM674306,train,non_smoker
GSE27272,5,6,GSM674307,train,smoker
GSE27272,5,6,GSM674308,train,non_smoker
GSE27272,5,6,GSM674309,train,non_smoker
GSE27272,5,6,GSM674310,train,smoker
GSE27272,5,6,GSM674311,train,smoker
GSE27272,5,6,GSM674312,train,smoker
GSE27272,5,6,GSM674313,train,non_smoker
GSE27272,5,6,GSM674314,train,non_smoker
GSE27272,5,6,GSM674315,train,non_smoker
GSE27272,5,6,GSM674316,train,non_smoker
GSE27272,5,6,GSM674317,train,smoker
GSE27272,5,6,GSM674318,train,non_smoker
GSE27272,5,6,GSM674319,train,smoker
GSE27272,5,6,GSM674320,train,non_smoker
GSE27272,5,6,GSM674321,train,smoker
GSE27272,5,6,GSM674322,train,smoker
GSE27272,5,6,GSM674324,train,non_smoker
GSE27272,5,6,GSM674325,train,non_smoker
GSE27272,5,6,GSM674326,train,smoker
GSE27272,5,6,GSM674328,train,non_smoker
GSE27272,5,6,GSM674329,train,smoker
GSE27272,5,6,GSM674330,train,non_smoker
GSE27272,5,6,GSM674331,train,non_smoker
GSE27272,5,6,GSM674332,train,non_smoker
GSE27272,5,6,GSM674333,train,smoker
GSE27272,5,6,GSM674334,train,non_smoker
GSE27272,5,6,GSM674335,train,non_smoker
GSE27272,5,6,GSM674344,train,non_smoker
GSE27272,5,6,GSM674345,train,smoker
GSE27272,5,6,GSM674346,train,non_smoker
GSE27272,5,6,GSM674347,train,non_smoker
GSE27272,5,6,GSM674348,train,non_smoker
GSE27272,5,6,GSM674349,train,non_smoker
GSE27272,5,6,GSM674350,train,non_smoker
GSE27272,5,6,GSM674351,train,smoker
GSE27272,5,6,GSM674352,train,smoker
GSE27272,5,6,GSM674353,train,non_smoker
GSE27272,5,6,GSM674354,train,non_smoker
GSE27272,5,6,GSM674355,train,non_smoker
GSE27272,5,6,GSM674356,train,non_smoker
GSE27272,5,6,GSM674357,train,non_smoker
GSE27272,5,6,GSM674359,train,smoker
GSE27272,5,6,GSM674360,train,smoker
GSE27272,5,6,GSM674361,train,non_smoker
GSE27272,5,6,GSM674362,train,smoker
GSE27272,5,6,GSM674363,train,non_smoker
GSE27272,5,6,GSM674364,train,non_smoker
GSE27272,5,6,GSM674365,train,non_smoker
GSE27272,5,6,GSM674366,train,non_smoker
GSE27272,5,6,GSM674367,train,non_smoker
GSE27272,5,6,GSM674368,train,non_smoker
GSE27272,5,6,GSM674369,train,smoker
GSE27272,5,6,GSM674371,train,non_smoker
GSE27272,5,6,GSM674372,train,smoker
GSE27272,5,6,GSM674373,train,non_smoker
GSE27272,5,6,GSM674375,train,non_smoker
GSE27272,5,6,GSM674376,train,smoker
GSE27272,5,6,GSM674377,train,smoker
GSE27272,5,6,GSM674378,train,smoker
GSE27272,5,6,GSM674379,train,non_smoker
GSE27272,5,6,GSM674380,train,non_smoker
GSE27272,5,6,GSM674381,train,non_smoker
GSE27272,5,6,GSM674382,train,non_smoker
GSE27272,5,6,GSM674383,train,smoker
GSE27272,5,6,GSM674386,train,smoker
GSE27272,5,6,GSM674387,train,smoker
GSE27272,5,6,GSM674388,train,non_smoker
GSE27272,5,6,GSM674390,train,non_smoker
GSE27272,5,6,GSM674391,train,non_smoker
GSE27272,5,6,GSM674392,train,smoker
GSE27272,5,6,GSM674393,train,non_smoker
GSE27272,5,6,GSM674394,train,non_smoker
GSE27272,5,6,GSM674395,train,non_smoker
GSE27272,5,6,GSM674396,train,smoker
GSE27272,5,6,GSM674397,train,non_smoker
GSE27272,5,6,GSM674398,train,non_smoker
GSE27272,5,6,GSM674400,train,non_smoker
GSE27272,5,6,GSM674401,train,non_smoker
GSE27272,5,6,GSM674402,train,non_smoker
GSE27272,5,6,GSM674403,train,non_smoker
GSE27272,5,6,GSM674406,train,non_smoker
GSE27272,5,6,GSM674186,test,non_smoker
GSE27272,5,6,GSM674190,test,non_smoker
GSE27272,5,6,GSM674214,test,non_smoker
GSE27272,5,6,GSM674215,test,smoker
GSE27272,5,6,GSM674222,test,smoker
GSE27272,5,6,GSM674304,test,non_smoker
GSE27272,5,6,GSM674323,test,non_smoker
GSE27272,5,6,GSM674327,test,non_smoker
GSE27272,5,6,GSM674358,test,non_smoker
GSE27272,5,6,GSM674370,test,non_smoker
GSE27272,5,6,GSM674374,test,smoker
GSE27272,5,6,GSM674384,test,non_smoker
GSE27272,5,6,GSM674385,test,non_smoker
GSE27272,5,6,GSM674389,test,non_smoker
GSE27272,5,6,GSM674399,test,smoker
GSE27272,5,6,GSM674404,test,smoker
GSE27272,5,6,GSM674405,test,non_smoker
GSE27272,5,6,GSM674407,test,non_smoker
GSE27272,5,7,GSM674181,train,non_smoker
GSE27272,5,7,GSM674182,train,smoker
GSE27272,5,7,GSM674183,train,non_smoker
GSE27272,5,7,GSM674184,train,non_smoker
GSE27272,5,7,GSM674185,train,non_smoker
GSE27272,5,7,GSM674186,train,non_smoker
GSE27272,5,7,GSM674187,train,non_smoker
GSE27272,5,7,GSM674189,train,smoker
GSE27272,5,7,GSM674190,train,non_smoker
GSE27272,5,7,GSM674191,train,non_smoker
GSE27272,5,7,GSM674192,train,non_smoker
GSE27272,5,7,GSM674194,train,non_smoker
GSE27272,5,7,GSM674195,train,non_smoker
GSE27272,5,7,GSM674197,train,smoker
GSE27272,5,7,GSM674198,train,non_smoker
GSE27272,5,7,GSM674199,train,smoker
GSE27272,5,7,GSM674200,train,non_smoker
GSE27272,5,7,GSM674201,train,non_smoker
GSE27272,5,7,GSM674202,train,non_smoker
GSE27272,5,7,GSM674204,train,non_smoker
GSE27272,5,7,GSM674205,train,non_smoker
GSE27272,5,7,GSM674206,train,non_smoker
GSE27272,5,7,GSM674207,train,smoker
GSE27272,5,7,GSM674208,train,non_smoker
GSE27272,5,7,GSM674209,train,non_smoker
GSE27272,5,7,GSM674210,train,non_smoker
GSE27272,5,7,GSM674211,train,smoker
GSE27272,5,7,GSM674213,train,smoker
GSE27272,5,7,GSM674214,train,non_smoker
GSE27272,5,7,GSM674215,train,smoker
GSE27272,5,7,GSM674216,train,smoker
GSE27272,5,7,GSM674217,train,smoker
GSE27272,5,7,GSM674218,train,non_smoker
GSE27272,5,7,GSM674219,train,non_smoker
GSE27272,5,7,GSM674220,train,non_smoker
GSE27272,5,7,GSM674221,train,non_smoker
GSE27272,5,7,GSM674222,train,smoker
GSE27272,5,7,GSM674223,train,non_smoker
GSE27272,5,7,GSM674224,train,smoker
GSE27272,5,7,GSM674225,train,non_smoker
GSE27272,5,7,GSM674226,train,non_smoker
GSE27272,5,7,GSM674227,train,smoker
GSE27272,5,7,GSM674228,train,smoker
GSE27272,5,7,GSM674229,train,non_smoker
GSE27272,5,7,GSM674230,train,non_smoker
GSE27272,5,7,GSM674231,train,non_smoker
GSE27272,5,7,GSM674232,train,non_smoker
GSE27272,5,7,GSM674233,train,smoker
GSE27272,5,7,GSM674234,train,non_smoker
GSE27272,5,7,GSM674235,train,non_smoker
GSE27272,5,7,GSM674236,train,non_smoker
GSE27272,5,7,GSM674237,train,non_smoker
GSE27272,5,7,GSM674239,train,non_smoker
GSE27272,5,7,GSM674240,train,non_smoker
GSE27272,5,7,GSM674241,train,smoker
GSE27272,5,7,GSM674242,train,non_smoker
GSE27272,5,7,GSM674243,train,non_smoker
GSE27272,5,7,GSM674244,train,non_smoker
GSE27272,5,7,GSM674245,train,non_smoker
GSE27272,5,7,GSM674282,train,non_smoker
GSE27272,5,7,GSM674283,train,smoker
GSE27272,5,7,GSM674284,train,non_smoker
GSE27272,5,7,GSM674285,train,non_smoker
GSE27272,5,7,GSM674286,train,smoker
GSE27272,5,7,GSM674287,train,non_smoker
GSE27272,5,7,GSM674288,train,non_smoker
GSE27272,5,7,GSM674290,train,non_smoker
GSE27272,5,7,GSM674291,train,non_smoker
GSE27272,5,7,GSM674292,train,non_smoker
GSE27272,5,7,GSM674293,train,smoker
GSE27272,5,7,GSM674294,train,smoker
GSE27272,5,7,GSM674295,train,non_smoker
GSE27272,5,7,GSM674296,train,smoker
GSE27272,5,7,GSM674297,train,non_smoker
GSE27272,5,7,GSM674298,train,non_smoker
GSE27272,5,7,GSM674299,train,non_smoker
GSE27272,5,7,GSM674301,train,non_smoker
GSE27272,5,7,GSM674302,train,non_smoker
GSE27272,5,7,GSM674304,train,non_smoker
GSE27272,5,7,GSM674305,train,non_smoker
GSE27272,5,7,GSM674306,train,non_smoker
GSE27272,5,7,GSM674307,train,smoker
GSE27272,5,7,GSM674308,train,non_smoker
GSE27272,5,7,GSM674309,train,non_smoker
GSE27272,5,7,GSM674310,train,smoker
GSE27272,5,7,GSM674311,train,smoker
GSE27272,5,7,GSM674312,train,smoker
GSE27272,5,7,GSM674314,train,non_smoker
GSE27272,5,7,GSM674315,train,non_smoker
GSE27272,5,7,GSM674316,train,non_smoker
GSE27272,5,7,GSM674317,train,smoker
GSE27272,5,7,GSM674318,train,non_smoker
GSE27272,5,7,GSM674321,train,smoker
GSE27272,5,7,GSM674322,train,smoker
GSE27272,5,7,GSM674323,train,non_smoker
GSE27272,5,7,GSM674324,train,non_smoker
GSE27272,5,7,GSM674325,train,non_smoker
GSE27272,5,7,GSM674326,train,smoker
GSE27272,5,7,GSM674327,train,non_smoker
GSE27272,5,7,GSM674328,train,non_smoker
GSE27272,5,7,GSM674329,train,smoker
GSE27272,5,7,GSM674331,train,non_smoker
GSE27272,5,7,GSM674332,train,non_smoker
GSE27272,5,7,GSM674333,train,smoker
GSE27272,5,7,GSM674334,train,non_smoker
GSE27272,5,7,GSM674335,train,non_smoker
GSE27272,5,7,GSM674344,train,non_smoker
GSE27272,5,7,GSM674345,train,smoker
GSE27272,5,7,GSM674346,train,non_smoker
GSE27272,5,7,GSM674347,train,non_smoker
GSE27272,5,7,GSM674348,train,non_smoker
GSE27272,5,7,GSM674349,train,non_smoker
GSE27272,5,7,GSM674350,train,non_smoker
GSE27272,5,7,GSM674351,train,smoker
GSE27272,5,7,GSM674352,train,smoker
GSE27272,5,7,GSM674353,train,non_smoker
GSE27272,5,7,GSM674354,train,non_smoker
GSE27272,5,7,GSM674355,train,non_smoker
GSE27272,5,7,GSM674357,train,non_smoker
GSE27272,5,7,GSM674358,train,non_smoker
GSE27272,5,7,GSM674359,train,smoker
GSE27272,5,7,GSM674360,train,smoker
GSE27272,5,7,GSM674361,train,non_smoker
GSE27272,5,7,GSM674362,train,smoker
GSE27272,5,7,GSM674363,train,non_smoker
GSE27272,5,7,GSM674364,train,non_smoker
GSE27272,5,7,GSM674365,train,non_smoker
GSE27272,5,7,GSM674366,train,non_smoker
GSE27272,5,7,GSM674368,train,non_smoker
GSE27272,5,7,GSM674369,train,smoker
GSE27272,5,7,GSM674370,train,non_smoker
GSE27272,5,7,GSM674371,train,non_smoker
GSE27272,5,7,GSM674372,train,smoker
GSE27272,5,7,GSM674373,train,non_smoker
GSE27272,5,7,GSM674374,train,smoker
GSE27272,5,7,GSM674375,train,non_smoker
GSE27272,5,7,GSM674376,train,smoker
GSE27272,5,7,GSM674377,train,smoker
GSE27272,5,7,GSM674378,train,smoker
GSE27272,5,7,GSM674379,train,non_smoker
GSE27272,5,7,GSM674380,train,non_smoker
GSE27272,5,7,GSM674381,train,non_smoker
GSE27272,5,7,GSM674382,train,non_smoker
GSE27272,5,7,GSM674383,train,smoker
GSE27272,5,7,GSM674384,train,non_smoker
GSE27272,5,7,GSM674385,train,non_smoker
GSE27272,5,7,GSM674386,train,smoker
GSE27272,5,7,GSM674387,train,smoker
GSE27272,5,7,GSM674389,train,non_smoker
GSE27272,5,7,GSM674390,train,non_smoker
GSE27272,5,7,GSM674392,train,smoker
GSE27272,5,7,GSM674393,train,non_smoker
GSE27272,5,7,GSM674394,train,non_smoker
GSE27272,5,7,GSM674395,train,non_smoker
GSE27272,5,7,GSM674396,train,smoker
GSE27272,5,7,GSM674397,train,non_smoker
GSE27272,5,7,GSM674398,train,non_smoker
GSE27272,5,7,GSM674399,train,smoker
GSE27272,5,7,GSM674400,train,non_smoker
GSE27272,5,7,GSM674401,train,non_smoker
GSE27272,5,7,GSM674402,train,non_smoker
GSE27272,5,7,GSM674403,train,non_smoker
GSE27272,5,7,GSM674404,train,smoker
GSE27272,5,7,GSM674405,train,non_smoker
GSE27272,5,7,GSM674407,train,non_smoker
GSE27272,5,7,GSM674188,test,smoker
GSE27272,5,7,GSM674193,test,non_smoker
GSE27272,5,7,GSM674196,test,smoker
GSE27272,5,7,GSM674203,test,non_smoker
GSE27272,5,7,GSM674212,test,non_smoker
GSE27272,5,7,GSM674238,test,smoker
GSE27272,5,7,GSM674289,test,non_smoker
GSE27272,5,7,GSM674300,test,non_smoker
GSE27272,5,7,GSM674303,test,smoker
GSE27272,5,7,GSM674313,test,non_smoker
GSE27272,5,7,GSM674319,test,smoker
GSE27272,5,7,GSM674320,test,non_smoker
GSE27272,5,7,GSM674330,test,non_smoker
GSE27272,5,7,GSM674356,test,non_smoker
GSE27272,5,7,GSM674367,test,non_smoker
GSE27272,5,7,GSM674388,test,non_smoker
GSE27272,5,7,GSM674391,test,non_smoker
GSE27272,5,7,GSM674406,test,non_smoker
GSE27272,5,8,GSM674181,train,non_smoker
GSE27272,5,8,GSM674182,train,smoker
GSE27272,5,8,GSM674183,train,non_smoker
GSE27272,5,8,GSM674184,train,non_smoker
GSE27272,5,8,GSM674185,train,non_smoker
GSE27272,5,8,GSM674186,train,non_smoker
GSE27272,5,8,GSM674187,train,non_smoker
GSE27272,5,8,GSM674188,train,smoker
GSE27272,5,8,GSM674189,train,smoker
GSE27272,5,8,GSM674190,train,non_smoker
GSE27272,5,8,GSM674191,train,non_smoker
GSE27272,5,8,GSM674193,train,non_smoker
GSE27272,5,8,GSM674195,train,non_smoker
GSE27272,5,8,GSM674196,train,smoker
GSE27272,5,8,GSM674197,train,smoker
GSE27272,5,8,GSM674198,train,non_smoker
GSE27272,5,8,GSM674199,train,smoker
GSE27272,5,8,GSM674200,train,non_smoker
GSE27272,5,8,GSM674201,train,non_smoker
GSE27272,5,8,GSM674202,train,non_smoker
GSE27272,5,8,GSM674203,train,non_smoker
GSE27272,5,8,GSM674204,train,non_smoker
GSE27272,5,8,GSM674205,train,non_smoker
GSE27272,5,8,GSM674206,train,non_smoker
GSE27272,5,8,GSM674207,train,smoker
GSE27272,5,8,GSM674209,train,non_smoker
GSE27272,5,8,GSM674211,train,smoker
GSE27272,5,8,GSM674212,train,non_smoker
GSE27272,5,8,GSM674213,train,smoker
GSE27272,5,8,GSM674214,train,non_smoker
GSE27272,5,8,GSM674215,train,smoker
GSE27272,5,8,GSM674216,train,smoker
GSE27272,5,8,GSM674217,train,smoker
GSE27272,5,8,GSM674218,train,non_smoker
GSE27272,5,8,GSM674219,train,non_smoker
GSE27272,5,8,GSM674220,train,non_smoker
GSE27272,5,8,GSM674221,train,non_smoker
GSE27272,5,8,GSM674222,train,smoker
GSE27272,5,8,GSM674223,train,non_smoker
GSE27272,5,8,GSM674224,train,smoker
GSE27272,5,8,GSM674225,train,non_smoker
GSE27272,5,8,GSM674226,train,non_smoker
GSE27272,5,8,GSM674227,train,smoker
GSE27272,5,8,GSM674228,train,smoker
GSE27272,5,8,GSM674229,train,non_smoker
GSE27272,5,8,GSM674230,train,non_smoker
GSE27272,5,8,GSM674231,train,non_smoker
GSE27272,5,8,GSM674232,train,non_smoker
GSE27272,5,8,GSM674234,train,non_smoker
GSE27272,5,8,GSM674235,train,non_smoker
GSE27272,5,8,GSM674236,train,non_smoker
GSE27272,5,8,GSM674237,train,non_smoker
GSE27272,5,8,GSM674238,train,smoker
GSE27272,5,8,GSM674239,train,non_smoker
GSE27272,5,8,GSM674240,train,non_smoker
GSE27272,5,8,GSM674241,train,smoker
GSE27272,5,8,GSM674243,train,non_smoker
GSE27272,5,8,GSM674245,train,non_smoker
GSE27272,5,8,GSM674282,train,non_smoker
GSE27272,5,8,GSM674283,train,smoker
GSE27272,5,8,GSM674285,train,non_smoker
GSE27272,5,8,GSM674286,train,smoker
GSE27272,5,8,GSM674287,train,non_smoker
GSE27272,5,8,GSM674288,train,non_smoker
GSE27272,5,8,GSM674289,train,non_smoker
GSE27272,5,8,GSM674290,train,non_smoker
GSE27272,5,8,GSM674291,train,non_smoker
GSE27272,5,8,GSM674292,train,non_smoker
GSE27272,5,8,GSM674293,train,smoker
GSE27272,5,8,GSM674294,train,smoker
GSE27272,5,8,GSM674295,train,non_smoker
GSE27272,5,8,GSM674296,train,smoker
GSE27272,5,8,GSM674297,train,non_smoker
GSE27272,5,8,GSM674298,train,non_smoker
GSE27272,5,8,GSM674300,train,non_smoker
GSE27272,5,8,GSM674301,train,non_smoker
GSE27272,5,8,GSM674302,train,non_smoker
GSE27272,5,8,GSM674303,train,smoker
GSE27272,5,8,GSM674304,train,non_smoker
GSE27272,5,8,GSM674305,train,non_smoker
GSE27272,5,8,GSM674306,train,non_smoker
GSE27272,5,8,GSM674307,train,smoker
GSE27272,5,8,GSM674309,train,non_smoker
GSE27272,5,8,GSM674310,train,smoker
GSE27272,5,8,GSM674312,train,smoker
GSE27272,5,8,GSM674313,train,non_smoker
GSE27272,5,8,GSM674314,train,non_smoker
GSE27272,5,8,GSM674315,train,non_smoker
GSE27272,5,8,GSM674316,train,non_smoker
GSE27272,5,8,GSM674317,train,smoker
GSE27272,5,8,GSM674318,train,non_smoker
GSE27272,5,8,GSM674319,train,smoker
GSE27272,5,8,GSM674320,train,non_smoker
GSE27272,5,8,GSM674321,train,smoker
GSE27272,5,8,GSM674322,train,smoker
GSE27272,5,8,GSM674323,train,non_smoker
GSE27272,5,8,GSM674324,train,non_smoker
GSE27272,5,8,GSM674325,train,non_smoker
GSE27272,5,8,GSM674327,train,non_smoker
GSE27272,5,8,GSM674328,train,non_smoker
GSE27272,5,8,GSM674329,train,smoker
GSE27272,5,8,GSM674330,train,non_smoker
GSE27272,5,8,GSM674331,train,non_smoker
GSE27272,5,8,GSM674332,train,non_smoker
GSE27272,5,8,GSM674333,train,smoker
GSE27272,5,8,GSM674334,train,non_smoker
GSE27272,5,8,GSM674335,train,non_smoker
GSE27272,5,8,GSM674344,train,non_smoker
GSE27272,5,8,GSM674345,train,smoker
GSE27272,5,8,GSM674346,train,non_smoker
GSE27272,5,8,GSM674347,train,non_smoker
GSE27272,5,8,GSM674348,train,non_smoker
GSE27272,5,8,GSM674349,train,non_smoker
GSE27272,5,8,GSM674350,train,non_smoker
GSE27272,5,8,GSM674351,train,smoker
GSE27272,5,8,GSM674353,train,non_smoker
GSE27272,5,8,GSM674354,train,non_smoker
GSE27272,5,8,GSM674355,train,non_smoker
GSE27272,5,8,GSM674356,train,non_smoker
GSE27272,5,8,GSM674357,train,non_smoker
GSE27272,5,8,GSM674358,train,non_smoker
GSE27272,5,8,GSM674359,train,smoker
GSE27272,5,8,GSM674360,train,smoker
GSE27272,5,8,GSM674361,train,non_smoker
GSE27272,5,8,GSM674362,train,smoker
GSE27272,5,8,GSM674363,train,non_smoker
GSE27272,5,8,GSM674364,train,non_smoker
GSE27272,5,8,GSM674365,train,non_smoker
GSE27272,5,8,GSM674366,train,non_smoker
GSE27272,5,8,GSM674367,train,non_smoker
GSE27272,5,8,GSM674369,train,smoker
GSE27272,5,8,GSM674370,train,non_smoker
GSE27272,5,8,GSM674371,train,non_smoker
GSE27272,5,8,GSM674372,train,smoker
GSE27272,5,8,GSM674373,train,non_smoker
GSE27272,5,8,GSM674374,train,smoker
GSE27272,5,8,GSM674375,train,non_smoker
GSE27272,5,8,GSM674376,train,smoker
GSE27272,5,8,GSM674377,train,smoker
GSE27272,5,8,GSM674378,train,smoker
GSE27272,5,8,GSM674381,train,non_smoker
GSE27272,5,8,GSM674382,train,non_smoker
GSE27272,5,8,GSM674383,train,smoker
GSE27272,5,8,GSM674384,train,non_smoker
GSE27272,5,8,GSM674385,train,non_smoker
GSE27272,5,8,GSM674387,train,smoker
GSE27272,5,8,GSM674388,train,non_smoker
GSE27272,5,8,GSM674389,train,non_smoker
GSE27272,5,8,GSM674390,train,non_smoker
GSE27272,5,8,GSM674391,train,non_smoker
GSE27272,5,8,GSM674392,train,smoker
GSE27272,5,8,GSM674393,train,non_smoker
GSE27272,5,8,GSM674394,train,non_smoker
GSE27272,5,8,GSM674395,train,non_smoker
GSE27272,5,8,GSM674396,train,smoker
GSE27272,5,8,GSM674397,train,non_smoker
GSE27272,5,8,GSM674398,train,non_smoker
GSE27272,5,8,GSM674399,train,smoker
GSE27272,5,8,GSM674401,train,non_smoker
GSE27272,5,8,GSM674402,train,non_smoker
GSE27272,5,8,GSM674403,train,non_smoker
GSE27272,5,8,GSM674404,train,smoker
GSE27272,5,8,GSM674405,train,non_smoker
GSE27272,5,8,GSM674406,train,non_smoker
GSE27272,5,8,GSM674407,train,non_smoker
GSE27272,5,8,GSM674192,test,non_smoker
GSE27272,5,8,GSM674194,test,non_smoker
GSE27272,5,8,GSM674208,test,non_smoker
GSE27272,5,8,GSM674210,test,non_smoker
GSE27272,5,8,GSM674233,test,smoker
GSE27272,5,8,GSM674242,test,non_smoker
GSE27272,5,8,GSM674244,test,non_smoker
GSE27272,5,8,GSM674284,test,non_smoker
GSE27272,5,8,GSM674299,test,non_smoker
GSE27272,5,8,GSM674308,test,non_smoker
GSE27272,5,8,GSM674311,test,smoker
GSE27272,5,8,GSM674326,test,smoker
GSE27272,5,8,GSM674352,test,smoker
GSE27272,5,8,GSM674368,test,non_smoker
GSE27272,5,8,GSM674379,test,non_smoker
GSE27272,5,8,GSM674380,test,non_smoker
GSE27272,5,8,GSM674386,test,smoker
GSE27272,5,8,GSM674400,test,non_smoker
GSE27272,5,9,GSM674181,train,non_smoker
GSE27272,5,9,GSM674182,train,smoker
GSE27272,5,9,GSM674183,train,non_smoker
GSE27272,5,9,GSM674184,train,non_smoker
GSE27272,5,9,GSM674185,train,non_smoker
GSE27272,5,9,GSM674186,train,non_smoker
GSE27272,5,9,GSM674187,train,non_smoker
GSE27272,5,9,GSM674188,train,smoker
GSE27272,5,9,GSM674189,train,smoker
GSE27272,5,9,GSM674190,train,non_smoker
GSE27272,5,9,GSM674191,train,non_smoker
GSE27272,5,9,GSM674192,train,non_smoker
GSE27272,5,9,GSM674193,train,non_smoker
GSE27272,5,9,GSM674194,train,non_smoker
GSE27272,5,9,GSM674195,train,non_smoker
GSE27272,5,9,GSM674196,train,smoker
GSE27272,5,9,GSM674197,train,smoker
GSE27272,5,9,GSM674198,train,non_smoker
GSE27272,5,9,GSM674199,train,smoker
GSE27272,5,9,GSM674200,train,non_smoker
GSE27272,5,9,GSM674201,train,non_smoker
GSE27272,5,9,GSM674202,train,non_smoker
GSE27272,5,9,GSM674203,train,non_smoker
GSE27272,5,9,GSM674204,train,non_smoker
GSE27272,5,9,GSM674205,train,non_smoker
GSE27272,5,9,GSM674206,train,non_smoker
GSE27272,5,9,GSM674208,train,non_smoker
GSE27272,5,9,GSM674209,train,non_smoker
GSE27272,5,9,GSM674210,train,non_smoker
GSE27272,5,9,GSM674211,train,smoker
GSE27272,5,9,GSM674212,train,non_smoker
GSE27272,5,9,GSM674213,train,smoker
GSE27272,5,9,GSM674214,train,non_smoker
GSE27272,5,9,GSM674215,train,smoker
GSE27272,5,9,GSM674216,train,smoker
GSE27272,5,9,GSM674217,train,smoker
GSE27272,5,9,GSM674219,train,non_smoker
GSE27272,5,9,GSM674220,train,non_smoker
GSE27272,5,9,GSM674221,train,non_smoker
GSE27272,5,9,GSM674222,train,smoker
GSE27272,5,9,GSM674224,train,smoker
GSE27272,5,9,GSM674225,train,non_smoker
GSE27272,5,9,GSM674226,train,non_smoker
GSE27272,5,9,GSM674227,train,smoker
GSE27272,5,9,GSM674228,train,smoker
GSE27272,5,9,GSM674230,train,non_smoker
GSE27272,5,9,GSM674231,train,non_smoker
GSE27272,5,9,GSM674232,train,non_smoker
GSE27272,5,9,GSM674233,train,smoker
GSE27272,5,9,GSM674234,train,non_smoker
GSE27272,5,9,GSM674235,train,non_smoker
GSE27272,5,9,GSM674236,train,non_smoker
GSE27272,5,9,GSM674237,train,non_smoker
GSE27272,5,9,GSM674238,train,smoker
GSE27272,5,9,GSM674239,train,non_smoker
GSE27272,5,9,GSM674240,train,non_smoker
GSE27272,5,9,GSM674241,train,smoker
GSE27272,5,9,GSM674242,train,non_smoker
GSE27272,5,9,GSM674243,train,non_smoker
GSE27272,5,9,GSM674244,train,non_smoker
GSE27272,5,9,GSM674282,train,non_smoker
GSE27272,5,9,GSM674283,train,smoker
GSE27272,5,9,GSM674284,train,non_smoker
GSE27272,5,9,GSM674285,train,non_smoker
GSE27272,5,9,GSM674286,train,smoker
GSE27272,5,9,GSM674287,train,non_smoker
GSE27272,5,9,GSM674288,train,non_smoker
GSE27272,5,9,GSM674289,train,non_smoker
GSE27272,5,9,GSM674290,train,non_smoker
GSE27272,5,9,GSM674291,train,non_smoker
GSE27272,5,9,GSM674292,train,non_smoker
GSE27272,5,9,GSM674293,train,smoker
GSE27272,5,9,GSM674294,train,smoker
GSE27272,5,9,GSM674296,train,smoker
GSE27272,5,9,GSM674297,train,non_smoker
GSE27272,5,9,GSM674298,train,non_smoker
GSE27272,5,9,GSM674299,train,non_smoker
GSE27272,5,9,GSM674300,train,non_smoker
GSE27272,5,9,GSM674301,train,non_smoker
GSE27272,5,9,GSM674302,train,non_smoker
GSE27272,5,9,GSM674303,train,smoker
GSE27272,5,9,GSM674304,train,non_smoker
GSE27272,5,9,GSM674305,train,non_smoker
GSE27272,5,9,GSM674306,train,non_smoker
GSE27272,5,9,GSM674307,train,smoker
GSE27272,5,9,GSM674308,train,non_smoker
GSE27272,5,9,GSM674309,train,non_smoker
GSE27272,5,9,GSM674310,train,smoker
GSE27272,5,9,GSM674311,train,smoker
GSE27272,5,9,GSM674312,train,smoker
GSE27272,5,9,GSM674313,train,non_smoker
GSE27272,5,9,GSM674314,train,non_smoker
GSE27272,5,9,GSM674315,train,non_smoker
GSE27272,5,9,GSM674316,train,non_smoker
GSE27272,5,9,GSM674317,train,smoker
GSE27272,5,9,GSM674318,train,non_smoker
GSE27272,5,9,GSM674319,train,smoker
GSE27272,5,9,GSM674320,train,non_smoker
GSE27272,5,9,GSM674322,train,smoker
GSE27272,5,9,GSM674323,train,non_smoker
GSE27272,5,9,GSM674324,train,non_smoker
GSE27272,5,9,GSM674325,train,non_smoker
GSE27272,5,9,GSM674326,train,smoker
GSE27272,5,9,GSM674327,train,non_smoker
GSE27272,5,9,GSM674329,train,smoker
GSE27272,5,9,GSM674330,train,non_smoker
GSE27272,5,9,GSM674332,train,non_smoker
GSE27272,5,9,GSM674333,train,smoker
GSE27272,5,9,GSM674334,train,non_smoker
GSE27272,5,9,GSM674345,train,smoker
GSE27272,5,9,GSM674346,train,non_smoker
GSE27272,5,9,GSM674347,train,non_smoker
GSE27272,5,9,GSM674349,train,non_smoker
GSE27272,5,9,GSM674350,train,non_smoker
GSE27272,5,9,GSM674351,train,smoker
GSE27272,5,9,GSM674352,train,smoker
GSE27272,5,9,GSM674353,train,non_smoker
GSE27272,5,9,GSM674354,train,non_smoker
GSE27272,5,9,GSM674355,train,non_smoker
GSE27272,5,9,GSM674356,train,non_smoker
GSE27272,5,9,GSM674357,train,non_smoker
GSE27272,5,9,GSM674358,train,non_smoker
GSE27272,5,9,GSM674359,train,smoker
GSE27272,5,9,GSM674361,train,non_smoker
GSE27272,5,9,GSM674363,train,non_smoker
GSE27272,5,9,GSM674364,train,non_smoker
GSE27272,5,9,GSM674365,train,non_smoker
GSE27272,5,9,GSM674366,train,non_smoker
GSE27272,5,9,GSM674367,train,non_smoker
GSE27272,5,9,GSM674368,train,non_smoker
GSE27272,5,9,GSM674369,train,smoker
GSE27272,5,9,GSM674370,train,non_smoker
GSE27272,5,9,GSM674371,train,non_smoker
GSE27272,5,9,GSM674372,train,smoker
GSE27272,5,9,GSM674373,train,non_smoker
GSE27272,5,9,GSM674374,train,smoker
GSE27272,5,9,GSM674377,train,smoker
GSE27272,5,9,GSM674378,train,smoker
GSE27272,5,9,GSM674379,train,non_smoker
GSE27272,5,9,GSM674380,train,non_smoker
GSE27272,5,9,GSM674381,train,non_smoker
GSE27272,5,9,GSM674382,train,non_smoker
GSE27272,5,9,GSM674383,train,smoker
GSE27272,5,9,GSM674384,train,non_smoker
GSE27272,5,9,GSM674385,train,non_smoker
GSE27272,5,9,GSM674386,train,smoker
GSE27272,5,9,GSM674387,train,smoker
GSE27272,5,9,GSM674388,train,non_smoker
GSE27272,5,9,GSM674389,train,non_smoker
GSE27272,5,9,GSM674390,train,non_smoker
GSE27272,5,9,GSM674391,train,non_smoker
GSE27272,5,9,GSM674392,train,smoker
GSE27272,5,9,GSM674393,train,non_smoker
GSE27272,5,9,GSM674395,train,non_smoker
GSE27272,5,9,GSM674396,train,smoker
GSE27272,5,9,GSM674397,train,non_smoker
GSE27272,5,9,GSM674398,train,non_smoker
GSE27272,5,9,GSM674399,train,smoker
GSE27272,5,9,GSM674400,train,non_smoker
GSE27272,5,9,GSM674401,train,non_smoker
GSE27272,5,9,GSM674402,train,non_smoker
GSE27272,5,9,GSM674403,train,non_smoker
GSE27272,5,9,GSM674404,train,smoker
GSE27272,5,9,GSM674405,train,non_smoker
GSE27272,5,9,GSM674406,train,non_smoker
GSE27272,5,9,GSM674407,train,non_smoker
GSE27272,5,9,GSM674207,test,smoker
GSE27272,5,9,GSM674218,test,non_smoker
GSE27272,5,9,GSM674223,test,non_smoker
GSE27272,5,9,GSM674229,test,non_smoker
GSE27272,5,9,GSM674245,test,non_smoker
GSE27272,5,9,GSM674295,test,non_smoker
GSE27272,5,9,GSM674321,test,smoker
GSE27272,5,9,GSM674328,test,non_smoker
GSE27272,5,9,GSM674331,test,non_smoker
GSE27272,5,9,GSM674335,test,non_smoker
GSE27272,5,9,GSM674344,test,non_smoker
GSE27272,5,9,GSM674348,test,non_smoker
GSE27272,5,9,GSM674360,test,smoker
GSE27272,5,9,GSM674362,test,smoker
GSE27272,5,9,GSM674375,test,non_smoker
GSE27272,5,9,GSM674376,test,smoker
GSE27272,5,9,GSM674394,test,non_smoker
GSE27272,5,10,GSM674181,train,non_smoker
GSE27272,5,10,GSM674182,train,smoker
GSE27272,5,10,GSM674183,train,non_smoker
GSE27272,5,10,GSM674184,train,non_smoker
GSE27272,5,10,GSM674185,train,non_smoker
GSE27272,5,10,GSM674186,train,non_smoker
GSE27272,5,10,GSM674187,train,non_smoker
GSE27272,5,10,GSM674188,train,smoker
GSE27272,5,10,GSM674189,train,smoker
GSE27272,5,10,GSM674190,train,non_smoker
GSE27272,5,10,GSM674191,train,non_smoker
GSE27272,5,10,GSM674192,train,non_smoker
GSE27272,5,10,GSM674193,train,non_smoker
GSE27272,5,10,GSM674194,train,non_smoker
GSE27272,5,10,GSM674195,train,non_smoker
GSE27272,5,10,GSM674196,train,smoker
GSE27272,5,10,GSM674197,train,smoker
GSE27272,5,10,GSM674198,train,non_smoker
GSE27272,5,10,GSM674199,train,smoker
GSE27272,5,10,GSM674200,train,non_smoker
GSE27272,5,10,GSM674201,train,non_smoker
GSE27272,5,10,GSM674202,train,non_smoker
GSE27272,5,10,GSM674203,train,non_smoker
GSE27272,5,10,GSM674204,train,non_smoker
GSE27272,5,10,GSM674205,train,non_smoker
GSE27272,5,10,GSM674206,train,non_smoker
GSE27272,5,10,GSM674207,train,smoker
GSE27272,5,10,GSM674208,train,non_smoker
GSE27272,5,10,GSM674209,train,non_smoker
GSE27272,5,10,GSM674210,train,non_smoker
GSE27272,5,10,GSM674211,train,smoker
GSE27272,5,10,GSM674212,train,non_smoker
GSE27272,5,10,GSM674213,train,smoker
GSE27272,5,10,GSM674214,train,non_smoker
GSE27272,5,10,GSM674215,train,smoker
GSE27272,5,10,GSM674216,train,smoker
GSE27272,5,10,GSM674217,train,smoker
GSE27272,5,10,GSM674218,train,non_smoker
GSE27272,5,10,GSM674219,train,non_smoker
GSE27272,5,10,GSM674221,train,non_smoker
GSE27272,5,10,GSM674222,train,smoker
GSE27272,5,10,GSM674223,train,non_smoker
GSE27272,5,10,GSM674224,train,smoker
GSE27272,5,10,GSM674225,train,non_smoker
GSE27272,5,10,GSM674227,train,smoker
GSE27272,5,10,GSM674228,train,smoker
GSE27272,5,10,GSM674229,train,non_smoker
GSE27272,5,10,GSM674231,train,non_smoker
GSE27272,5,10,GSM674232,train,non_smoker
GSE27272,5,10,GSM674233,train,smoker
GSE27272,5,10,GSM674234,train,non_smoker
GSE27272,5,10,GSM674235,train,non_smoker
GSE27272,5,10,GSM674237,train,non_smoker
GSE27272,5,10,GSM674238,train,smoker
GSE27272,5,10,GSM674239,train,non_smoker
GSE27272,5,10,GSM674240,train,non_smoker
GSE27272,5,10,GSM674241,train,smoker
GSE27272,5,10,GSM674242,train,non_smoker
GSE27272,5,10,GSM674243,train,non_smoker
GSE27272,5,10,GSM674244,train,non_smoker
GSE27272,5,10,GSM674245,train,non_smoker
GSE27272,5,10,GSM674282,train,non_smoker
GSE27272,5,10,GSM674283,train,smoker
GSE27272,5,10,GSM674284,train,non_smoker
GSE27272,5,10,GSM674285,train,non_smoker
GSE27272,5,10,GSM674286,train,smoker
GSE27272,5,10,GSM674289,train,non_smoker
GSE27272,5,10,GSM674290,train,non_smoker
GSE27272,5,10,GSM674291,train,non_smoker
GSE27272,5,10,GSM674292,train,non_smoker
GSE27272,5,10,GSM674293,train,smoker
GSE27272,5,10,GSM674294,train,smoker
GSE27272,5,10,GSM674295,train,non_smoker
GSE27272,5,10,GSM674297,train,non_smoker
GSE27272,5,10,GSM674298,train,non_smoker
GSE27272,5,10,GSM674299,train,non_smoker
GSE27272,5,10,GSM674300,train,non_smoker
GSE27272,5,10,GSM674301,train,non_smoker
GSE27272,5,10,GSM674302,train,non_smoker
GSE27272,5,10,GSM674303,train,smoker
GSE27272,5,10,GSM674304,train,non_smoker
GSE27272,5,10,GSM674305,train,non_smoker
GSE27272,5,10,GSM674306,train,non_smoker
GSE27272,5,10,GSM674307,train,smoker
GSE27272,5,10,GSM674308,train,non_smoker
GSE27272,5,10,GSM674309,train,non_smoker
GSE27272,5,10,GSM674310,train,smoker
GSE27272,5,10,GSM674311,train,smoker
GSE27272,5,10,GSM674313,train,non_smoker
GSE27272,5,10,GSM674314,train,non_smoker
GSE27272,5,10,GSM674315,train,non_smoker
GSE27272,5,10,GSM674316,train,non_smoker
GSE27272,5,10,GSM674318,train,non_smoker
GSE27272,5,10,GSM674319,train,smoker
GSE27272,5,10,GSM674320,train,non_smoker
GSE27272,5,10,GSM674321,train,smoker
GSE27272,5,10,GSM674322,train,smoker
GSE27272,5,10,GSM674323,train,non_smoker
GSE27272,5,10,GSM674324,train,non_smoker
GSE27272,5,10,GSM674325,train,non_smoker
GSE27272,5,10,GSM674326,train,smoker
GSE27272,5,10,GSM674327,train,non_smoker
GSE27272,5,10,GSM674328,train,non_smoker
GSE27272,5,10,GSM674330,train,non_smoker
GSE27272,5,10,GSM674331,train,non_smoker
GSE27272,5,10,GSM674332,train,non_smoker
GSE27272,5,10,GSM674333,train,smoker
GSE27272,5,10,GSM674334,train,non_smoker
GSE27272,5,10,GSM674335,train,non_smoker
GSE27272,5,10,GSM674344,train,non_smoker
GSE27272,5,10,GSM674345,train,smoker
GSE27272,5,10,GSM674346,train,non_smoker
GSE27272,5,10,GSM674347,train,non_smoker
GSE27272,5,10,GSM674348,train,non_smoker
GSE27272,5,10,GSM674349,train,non_smoker
GSE27272,5,10,GSM674352,train,smoker
GSE27272,5,10,GSM674353,train,non_smoker
GSE27272,5,10,GSM674354,train,non_smoker
GSE27272,5,10,GSM674356,train,non_smoker
GSE27272,5,10,GSM674357,train,non_smoker
GSE27272,5,10,GSM674358,train,non_smoker
GSE27272,5,10,GSM674359,train,smoker
GSE27272,5,10,GSM674360,train,smoker
GSE27272,5,10,GSM674361,train,non_smoker
GSE27272,5,10,GSM674362,train,smoker
GSE27272,5,10,GSM674363,train,non_smoker
GSE27272,5,10,GSM674364,train,non_smoker
GSE27272,5,10,GSM674366,train,non_smoker
GSE27272,5,10,GSM674367,train,non_smoker
GSE27272,5,10,GSM674368,train,non_smoker
GSE27272,5,10,GSM674369,train,smoker
GSE27272,5,10,GSM674370,train,non_smoker
GSE27272,5,10,GSM674371,train,non_smoker
GSE27272,5,10,GSM674372,train,smoker
GSE27272,5,10,GSM674373,train,non_smoker
GSE27272,5,10,GSM674374,train,smoker
GSE27272,5,10,GSM674375,train,non_smoker
GSE27272,5,10,GSM674376,train,smoker
GSE27272,5,10,GSM674377,train,smoker
GSE27272,5,10,GSM674378,train,smoker
GSE27272,5,10,GSM674379,train,non_smoker
GSE27272,5,10,GSM674380,train,non_smoker
GSE27272,5,10,GSM674381,train,non_smoker
GSE27272,5,10,GSM674383,train,smoker
GSE27272,5,10,GSM674384,train,non_smoker
GSE27272,5,10,GSM674385,train,non_smoker
GSE27272,5,10,GSM674386,train,smoker
GSE27272,5,10,GSM674387,train,smoker
GSE27272,5,10,GSM674388,train,non_smoker
GSE27272,5,10,GSM674389,train,non_smoker
GSE27272,5,10,GSM674391,train,non_smoker
GSE27272,5,10,GSM674392,train,smoker
GSE27272,5,10,GSM674393,train,non_smoker
GSE27272,5,10,GSM674394,train,non_smoker
GSE27272,5,10,GSM674395,train,non_smoker
GSE27272,5,10,GSM674396,train,smoker
GSE27272,5,10,GSM674398,train,non_smoker
GSE27272,5,10,GSM674399,train,smoker
GSE27272,5,10,GSM674400,train,non_smoker
GSE27272,5,10,GSM674401,train,non_smoker
GSE27272,5,10,GSM674402,train,non_smoker
GSE27272,5,10,GSM674403,train,non_smoker
GSE27272,5,10,GSM674404,train,smoker
GSE27272,5,10,GSM674405,train,non_smoker
GSE27272,5,10,GSM674406,train,non_smoker
GSE27272,5,10,GSM674407,train,non_smoker
GSE27272,5,10,GSM674220,test,non_smoker
GSE27272,5,10,GSM674226,test,non_smoker
GSE27272,5,10,GSM674230,test,non_smoker
GSE27272,5,10,GSM674236,test,non_smoker
GSE27272,5,10,GSM674287,test,non_smoker
GSE27272,5,10,GSM674288,test,non_smoker
GSE27272,5,10,GSM674296,test,smoker
GSE27272,5,10,GSM674312,test,smoker
GSE27272,5,10,GSM674317,test,smoker
GSE27272,5,10,GSM674329,test,smoker
GSE27272,5,10,GSM674350,test,non_smoker
GSE27272,5,10,GSM674351,test,smoker
GSE27272,5,10,GSM674355,test,non_smoker
GSE27272,5,10,GSM674365,test,non_smoker
GSE27272,5,10,GSM674382,test,non_smoker
GSE27272,5,10,GSM674390,test,non_smoker
GSE27272,5,10,GSM674397,test,non_smoker
GSE27272,6,1,GSM674181,train,non_smoker
GSE27272,6,1,GSM674183,train,non_smoker
GSE27272,6,1,GSM674184,train,non_smoker
GSE27272,6,1,GSM674185,train,non_smoker
GSE27272,6,1,GSM674186,train,non_smoker
GSE27272,6,1,GSM674187,train,non_smoker
GSE27272,6,1,GSM674188,train,smoker
GSE27272,6,1,GSM674189,train,smoker
GSE27272,6,1,GSM674190,train,non_smoker
GSE27272,6,1,GSM674191,train,non_smoker
GSE27272,6,1,GSM674192,train,non_smoker
GSE27272,6,1,GSM674195,train,non_smoker
GSE27272,6,1,GSM674196,train,smoker
GSE27272,6,1,GSM674197,train,smoker
GSE27272,6,1,GSM674198,train,non_smoker
GSE27272,6,1,GSM674199,train,smoker
GSE27272,6,1,GSM674200,train,non_smoker
GSE27272,6,1,GSM674201,train,non_smoker
GSE27272,6,1,GSM674202,train,non_smoker
GSE27272,6,1,GSM674203,train,non_smoker
GSE27272,6,1,GSM674204,train,non_smoker
GSE27272,6,1,GSM674205,train,non_smoker
GSE27272,6,1,GSM674206,train,non_smoker
GSE27272,6,1,GSM674207,train,smoker
GSE27272,6,1,GSM674208,train,non_smoker
GSE27272,6,1,GSM674209,train,non_smoker
GSE27272,6,1,GSM674210,train,non_smoker
GSE27272,6,1,GSM674211,train,smoker
GSE27272,6,1,GSM674212,train,non_smoker
GSE27272,6,1,GSM674213,train,smoker
GSE27272,6,1,GSM674214,train,non_smoker
GSE27272,6,1,GSM674215,train,smoker
GSE27272,6,1,GSM674216,train,smoker
GSE27272,6,1,GSM674217,train,smoker
GSE27272,6,1,GSM674218,train,non_smoker
GSE27272,6,1,GSM674219,train,non_smoker
GSE27272,6,1,GSM674220,train,non_smoker
GSE27272,6,1,GSM674221,train,non_smoker
GSE27272,6,1,GSM674222,train,smoker
GSE27272,6,1,GSM674223,train,non_smoker
GSE27272,6,1,GSM674224,train,smoker
GSE27272,6,1,GSM674225,train,non_smoker
GSE27272,6,1,GSM674226,train,non_smoker
GSE27272,6,1,GSM674228,train,smoker
GSE27272,6,1,GSM674229,train,non_smoker
GSE27272,6,1,GSM674230,train,non_smoker
GSE27272,6,1,GSM674231,train,non_smoker
GSE27272,6,1,GSM674232,train,non_smoker
GSE27272,6,1,GSM674233,train,smoker
GSE27272,6,1,GSM674234,train,non_smoker
GSE27272,6,1,GSM674235,train,non_smoker
GSE27272,6,1,GSM674236,train,non_smoker
GSE27272,6,1,GSM674237,train,non_smoker
GSE27272,6,1,GSM674238,train,smoker
GSE27272,6,1,GSM674240,train,non_smoker
GSE27272,6,1,GSM674241,train,smoker
GSE27272,6,1,GSM674242,train,non_smoker
GSE27272,6,1,GSM674244,train,non_smoker
GSE27272,6,1,GSM674245,train,non_smoker
GSE27272,6,1,GSM674282,train,non_smoker
GSE27272,6,1,GSM674283,train,smoker
GSE27272,6,1,GSM674284,train,non_smoker
GSE27272,6,1,GSM674285,train,non_smoker
GSE27272,6,1,GSM674286,train,smoker
GSE27272,6,1,GSM674287,train,non_smoker
GSE27272,6,1,GSM674289,train,non_smoker
GSE27272,6,1,GSM674290,train,non_smoker
GSE27272,6,1,GSM674291,train,non_smoker
GSE27272,6,1,GSM674292,train,non_smoker
GSE27272,6,1,GSM674293,train,smoker
GSE27272,6,1,GSM674294,train,smoker
GSE27272,6,1,GSM674295,train,non_smoker
GSE27272,6,1,GSM674296,train,smoker
GSE27272,6,1,GSM674297,train,non_smoker
GSE27272,6,1,GSM674298,train,non_smoker
GSE27272,6,1,GSM674299,train,non_smoker
GSE27272,6,1,GSM674300,train,non_smoker
GSE27272,6,1,GSM674302,train,non_smoker
GSE27272,6,1,GSM674304,train,non_smoker
GSE27272,6,1,GSM674305,train,non_smoker
GSE27272,6,1,GSM674306,train,non_smoker
GSE27272,6,1,GSM674307,train,smoker
GSE27272,6,1,GSM674308,train,non_smoker
GSE27272,6,1,GSM674309,train,non_smoker
GSE27272,6,1,GSM674310,train,smoker
GSE27272,6,1,GSM674311,train,smoker
GSE27272,6,1,GSM674312,train,smoker
GSE27272,6,1,GSM674313,train,non_smoker
GSE27272,6,1,GSM674314,train,non_smoker
GSE27272,6,1,GSM674315,train,non_smoker
GSE27272,6,1,GSM674316,train,non_smoker
GSE27272,6,1,GSM674317,train,smoker
GSE27272,6,1,GSM674318,train,non_smoker
GSE27272,6,1,GSM674319,train,smoker
GSE27272,6,1,GSM674322,train,smoker
GSE27272,6,1,GSM674324,train,non_smoker
GSE27272,6,1,GSM674325,train,non_smoker
GSE27272,6,1,GSM674326,train,smoker
GSE27272,6,1,GSM674327,train,non_smoker
GSE27272,6,1,GSM674328,train,non_smoker
GSE27272,6,1,GSM674329,train,smoker
GSE27272,6,1,GSM674330,train,non_smoker
GSE27272,6,1,GSM674331,train,non_smoker
GSE27272,6,1,GSM674332,train,non_smoker
GSE27272,6,1,GSM674333,train,smoker
GSE27272,6,1,GSM674334,train,non_smoker
GSE27272,6,1,GSM674335,train,non_smoker
GSE27272,6,1,GSM674344,train,non_smoker
GSE27272,6,1,GSM674345,train,smoker
GSE27272,6,1,GSM674346,train,non_smoker
GSE27272,6,1,GSM674347,train,non_smoker
GSE27272,6,1,GSM674348,train,non_smoker
GSE27272,6,1,GSM674349,train,non_smoker
GSE27272,6,1,GSM674350,train,non_smoker
GSE27272,6,1,GSM674351,train,smoker
GSE27272,6,1,GSM674352,train,smoker
GSE27272,6,1,GSM674353,train,non_smoker
GSE27272,6,1,GSM674354,train,non_smoker
GSE27272,6,1,GSM674355,train,non_smoker
GSE27272,6,1,GSM674356,train,non_smoker
GSE27272,6,1,GSM674357,train,non_smoker
GSE27272,6,1,GSM674360,train,smoker
GSE27272,6,1,GSM674361,train,non_smoker
GSE27272,6,1,GSM674362,train,smoker
GSE27272,6,1,GSM674363,train,non_smoker
GSE27272,6,1,GSM674364,train,non_smoker
GSE27272,6,1,GSM674365,train,non_smoker
GSE27272,6,1,GSM674366,train,non_smoker
GSE27272,6,1,GSM674367,train,non_smoker
GSE27272,6,1,GSM674368,train,non_smoker
GSE27272,6,1,GSM674369,train,smoker
GSE27272,6,1,GSM674371,train,non_smoker
GSE27272,6,1,GSM674372,train,smoker
GSE27272,6,1,GSM674373,train,non_smoker
GSE27272,6,1,GSM674374,train,smoker
GSE27272,6,1,GSM674375,train,non_smoker
GSE27272,6,1,GSM674376,train,smoker
GSE27272,6,1,GSM674377,train,smoker
GSE27272,6,1,GSM674378,train,smoker
GSE27272,6,1,GSM674379,train,non_smoker
GSE27272,6,1,GSM674380,train,non_smoker
GSE27272,6,1,GSM674381,train,non_smoker
GSE27272,6,1,GSM674382,train,non_smoker
GSE27272,6,1,GSM674383,train,smoker
GSE27272,6,1,GSM674384,train,non_smoker
GSE27272,6,1,GSM674385,train,non_smoker
GSE27272,6,1,GSM674386,train,smoker
GSE27272,6,1,GSM674387,train,smoker
GSE27272,6,1,GSM674388,train,non_smoker
GSE27272,6,1,GSM674389,train,non_smoker
GSE27272,6,1,GSM674391,train,non_smoker
GSE27272,6,1,GSM674392,train,smoker
GSE27272,6,1,GSM674393,train,non_smoker
GSE27272,6,1,GSM674395,train,non_smoker
GSE27272,6,1,GSM674397,train,non_smoker
GSE27272,6,1,GSM674398,train,non_smoker
GSE27272,6,1,GSM674399,train,smoker
GSE27272,6,1,GSM674400,train,non_smoker
GSE27272,6,1,GSM674401,train,non_smoker
GSE27272,6,1,GSM674402,train,non_smoker
GSE27272,6,1,GSM674403,train,non_smoker
GSE27272,6,1,GSM674404,train,smoker
GSE27272,6,1,GSM674406,train,non_smoker
GSE27272,6,1,GSM674407,train,non_smoker
GSE27272,6,1,GSM674182,test,smoker
GSE27272,6,1,GSM674193,test,non_smoker
GSE27272,6,1,GSM674194,test,non_smoker
GSE27272,6,1,GSM674227,test,smoker
GSE27272,6,1,GSM674239,test,non_smoker
GSE27272,6,1,GSM674243,test,non_smoker
GSE27272,6,1,GSM674288,test,non_smoker
GSE27272,6,1,GSM674301,test,non_smoker
GSE27272,6,1,GSM674303,test,smoker
GSE27272,6,1,GSM674320,test,non_smoker
GSE27272,6,1,GSM674321,test,smoker
GSE27272,6,1,GSM674323,test,non_smoker
GSE27272,6,1,GSM674358,test,non_smoker
GSE27272,6,1,GSM674359,test,smoker
GSE27272,6,1,GSM674370,test,non_smoker
GSE27272,6,1,GSM674390,test,non_smoker
GSE27272,6,1,GSM674394,test,non_smoker
GSE27272,6,1,GSM674396,test,smoker
GSE27272,6,1,GSM674405,test,non_smoker
GSE27272,6,2,GSM674181,train,non_smoker
GSE27272,6,2,GSM674182,train,smoker
GSE27272,6,2,GSM674183,train,non_smoker
GSE27272,6,2,GSM674184,train,non_smoker
GSE27272,6,2,GSM674185,train,non_smoker
GSE27272,6,2,GSM674186,train,non_smoker
GSE27272,6,2,GSM674187,train,non_smoker
GSE27272,6,2,GSM674189,train,smoker
GSE27272,6,2,GSM674190,train,non_smoker
GSE27272,6,2,GSM674191,train,non_smoker
GSE27272,6,2,GSM674192,train,non_smoker
GSE27272,6,2,GSM674193,train,non_smoker
GSE27272,6,2,GSM674194,train,non_smoker
GSE27272,6,2,GSM674195,train,non_smoker
GSE27272,6,2,GSM674197,train,smoker
GSE27272,6,2,GSM674198,train,non_smoker
GSE27272,6,2,GSM674199,train,smoker
GSE27272,6,2,GSM674200,train,non_smoker
GSE27272,6,2,GSM674201,train,non_smoker
GSE27272,6,2,GSM674202,train,non_smoker
GSE27272,6,2,GSM674203,train,non_smoker
GSE27272,6,2,GSM674204,train,non_smoker
GSE27272,6,2,GSM674205,train,non_smoker
GSE27272,6,2,GSM674206,train,non_smoker
GSE27272,6,2,GSM674207,train,smoker
GSE27272,6,2,GSM674208,train,non_smoker
GSE27272,6,2,GSM674209,train,non_smoker
GSE27272,6,2,GSM674210,train,non_smoker
GSE27272,6,2,GSM674211,train,smoker
GSE27272,6,2,GSM674213,train,smoker
GSE27272,6,2,GSM674214,train,non_smoker
GSE27272,6,2,GSM674215,train,smoker
GSE27272,6,2,GSM674216,train,smoker
GSE27272,6,2,GSM674219,train,non_smoker
GSE27272,6,2,GSM674220,train,non_smoker
GSE27272,6,2,GSM674221,train,non_smoker
GSE27272,6,2,GSM674222,train,smoker
GSE27272,6,2,GSM674223,train,non_smoker
GSE27272,6,2,GSM674224,train,smoker
GSE27272,6,2,GSM674225,train,non_smoker
GSE27272,6,2,GSM674226,train,non_smoker
GSE27272,6,2,GSM674227,train,smoker
GSE27272,6,2,GSM674228,train,smoker
GSE27272,6,2,GSM674229,train,non_smoker
GSE27272,6,2,GSM674230,train,non_smoker
GSE27272,6,2,GSM674231,train,non_smoker
GSE27272,6,2,GSM674232,train,non_smoker
GSE27272,6,2,GSM674233,train,smoker
GSE27272,6,2,GSM674234,train,non_smoker
GSE27272,6,2,GSM674235,train,non_smoker
GSE27272,6,2,GSM674236,train,non_smoker
GSE27272,6,2,GSM674237,train,non_smoker
GSE27272,6,2,GSM674239,train,non_smoker
GSE27272,6,2,GSM674240,train,non_smoker
GSE27272,6,2,GSM674241,train,smoker
GSE27272,6,2,GSM674242,train,non_smoker
GSE27272,6,2,GSM674243,train,non_smoker
GSE27272,6,2,GSM674244,train,non_smoker
GSE27272,6,2,GSM674245,train,non_smoker
GSE27272,6,2,GSM674282,train,non_smoker
GSE27272,6,2,GSM674283,train,smoker
GSE27272,6,2,GSM674284,train,non_smoker
GSE27272,6,2,GSM674285,train,non_smoker
GSE27272,6,2,GSM674286,train,smoker
GSE27272,6,2,GSM674287,train,non_smoker
GSE27272,6,2,GSM674288,train,non_smoker
GSE27272,6,2,GSM674289,train,non_smoker
GSE27272,6,2,GSM674290,train,non_smoker
GSE27272,6,2,GSM674291,train,non_smoker
GSE27272,6,2,GSM674292,train,non_smoker
GSE27272,6,2,GSM674293,train,smoker
GSE27272,6,2,GSM674294,train,smoker
GSE27272,6,2,GSM674295,train,non_smoker
GSE27272,6,2,GSM674296,train,smoker
GSE27272,6,2,GSM674297,train,non_smoker
GSE27272,6,2,GSM674298,train,non_smoker
GSE27272,6,2,GSM674299,train,non_smoker
GSE27272,6,2,GSM674301,train,non_smoker
GSE27272,6,2,GSM674302,train,non_smoker
GSE27272,6,2,GSM674303,train,smoker
GSE27272,6,2,GSM674304,train,non_smoker
GSE27272,6,2,GSM674305,train,non_smoker
GSE27272,6,2,GSM674306,train,non_smoker
GSE27272,6,2,GSM674307,train,smoker
GSE27272,6,2,GSM674310,train,smoker
GSE27272,6,2,GSM674311,train,smoker
GSE27272,6,2,GSM674312,train,smoker
GSE27272,6,2,GSM674313,train,non_smoker
GSE27272,6,2,GSM674314,train,non_smoker
GSE27272,6,2,GSM674317,train,smoker
GSE27272,6,2,GSM674318,train,non_smoker
GSE27272,6,2,GSM674319,train,smoker
GSE27272,6,2,GSM674320,train,non_smoker
GSE27272,6,2,GSM674321,train,smoker
GSE27272,6,2,GSM674322,train,smoker
GSE27272,6,2,GSM674323,train,non_smoker
GSE27272,6,2,GSM674324,train,non_smoker
GSE27272,6,2,GSM674325,train,non_smoker
GSE27272,6,2,GSM674326,train,smoker
GSE27272,6,2,GSM674327,train,non_smoker
GSE27272,6,2,GSM674328,train,non_smoker
GSE27272,6,2,GSM674329,train,smoker
GSE27272,6,2,GSM674330,train,non_smoker
GSE27272,6,2,GSM674331,train,non_smoker
GSE27272,6,2,GSM674332,train,non_smoker
GSE27272,6,2,GSM674333,train,smoker
GSE27272,6,2,GSM674335,train,non_smoker
GSE27272,6,2,GSM674344,train,non_smoker
GSE27272,6,2,GSM674345,train,smoker
GSE27272,6,2,GSM674346,train,non_smoker
GSE27272,6,2,GSM674347,train,non_smoker
GSE27272,6,2,GSM674348,train,non_smoker
GSE27272,6,2,GSM674350,train,non_smoker
GSE27272,6,2,GSM674351,train,smoker
GSE27272,6,2,GSM674352,train,smoker
GSE27272,6,2,GSM674354,train,non_smoker
GSE27272,6,2,GSM674355,train,non_smoker
GSE27272,6,2,GSM674356,train,non_smoker
GSE27272,6,2,GSM674357,train,non_smoker
GSE27272,6,2,GSM674358,train,non_smoker
GSE27272,6,2,GSM674359,train,smoker
GSE27272,6,2,GSM674360,train,smoker
GSE27272,6,2,GSM674361,train,non_smoker
GSE27272,6,2,GSM674362,train,smoker
GSE27272,6,2,GSM674363,train,non_smoker
GSE27272,6,2,GSM674364,train,non_smoker
GSE27272,6,2,GSM674366,train,non_smoker
GSE27272,6,2,GSM674367,train,non_smoker
GSE27272,6,2,GSM674368,train,non_smoker
GSE27272,6,2,GSM674369,train,smoker
GSE27272,6,2,GSM674370,train,non_smoker
GSE27272,6,2,GSM674371,train,non_smoker
GSE27272,6,2,GSM674372,train,smoker
GSE27272,6,2,GSM674373,train,non_smoker
GSE27272,6,2,GSM674374,train,smoker
GSE27272,6,2,GSM674375,train,non_smoker
GSE27272,6,2,GSM674376,train,smoker
GSE27272,6,2,GSM674378,train,smoker
GSE27272,6,2,GSM674379,train,non_smoker
GSE27272,6,2,GSM674380,train,non_smoker
GSE27272,6,2,GSM674381,train,non_smoker
GSE27272,6,2,GSM674382,train,non_smoker
GSE27272,6,2,GSM674383,train,smoker
GSE27272,6,2,GSM674384,train,non_smoker
GSE27272,6,2,GSM674385,train,non_smoker
GSE27272,6,2,GSM674386,train,smoker
GSE27272,6,2,GSM674387,train,smoker
GSE27272,6,2,GSM674388,train,non_smoker
GSE27272,6,2,GSM674389,train,non_smoker
GSE27272,6,2,GSM674390,train,non_smoker
GSE27272,6,2,GSM674391,train,non_smoker
GSE27272,6,2,GSM674392,train,smoker
GSE27272,6,2,GSM674393,train,non_smoker
GSE27272,6,2,GSM674394,train,non_smoker
GSE27272,6,2,GSM674395,train,non_smoker
GSE27272,6,2,GSM674396,train,smoker
GSE27272,6,2,GSM674397,train,non_smoker
GSE27272,6,2,GSM674399,train,smoker
GSE27272,6,2,GSM674400,train,non_smoker
GSE27272,6,2,GSM674401,train,non_smoker
GSE27272,6,2,GSM674402,train,non_smoker
GSE27272,6,2,GSM674405,train,non_smoker
GSE27272,6,2,GSM674406,train,non_smoker
GSE27272,6,2,GSM674407,train,non_smoker
GSE27272,6,2,GSM674188,test,smoker
GSE27272,6,2,GSM674196,test,smoker
GSE27272,6,2,GSM674212,test,non_smoker
GSE27272,6,2,GSM674217,test,smoker
GSE27272,6,2,GSM674218,test,non_smoker
GSE27272,6,2,GSM674238,test,smoker
GSE27272,6,2,GSM674300,test,non_smoker
GSE27272,6,2,GSM674308,test,non_smoker
GSE27272,6,2,GSM674309,test,non_smoker
GSE27272,6,2,GSM674315,test,non_smoker
GSE27272,6,2,GSM674316,test,non_smoker
GSE27272,6,2,GSM674334,test,non_smoker
GSE27272,6,2,GSM674349,test,non_smoker
GSE27272,6,2,GSM674353,test,non_smoker
GSE27272,6,2,GSM674365,test,non_smoker
GSE27272,6,2,GSM674377,test,smoker
GSE27272,6,2,GSM674398,test,non_smoker
GSE27272,6,2,GSM674403,test,non_smoker
GSE27272,6,2,GSM674404,test,smoker
GSE27272,6,3,GSM674181,train,non_smoker
GSE27272,6,3,GSM674182,train,smoker
GSE27272,6,3,GSM674183,train,non_smoker
GSE27272,6,3,GSM674184,train,non_smoker
GSE27272,6,3,GSM674185,train,non_smoker
GSE27272,6,3,GSM674186,train,non_smoker
GSE27272,6,3,GSM674187,train,non_smoker
GSE27272,6,3,GSM674188,train,smoker
GSE27272,6,3,GSM674189,train,smoker
GSE27272,6,3,GSM674190,train,non_smoker
GSE27272,6,3,GSM674191,train,non_smoker
GSE27272,6,3,GSM674192,train,non_smoker
GSE27272,6,3,GSM674193,train,non_smoker
GSE27272,6,3,GSM674194,train,non_smoker
GSE27272,6,3,GSM674195,train,non_smoker
GSE27272,6,3,GSM674196,train,smoker
GSE27272,6,3,GSM674197,train,smoker
GSE27272,6,3,GSM674198,train,non_smoker
GSE27272,6,3,GSM674199,train,smoker
GSE27272,6,3,GSM674200,train,non_smoker
GSE27272,6,3,GSM674201,train,non_smoker
GSE27272,6,3,GSM674202,train,non_smoker
GSE27272,6,3,GSM674203,train,non_smoker
GSE27272,6,3,GSM674204,train,non_smoker
GSE27272,6,3,GSM674205,train,non_smoker
GSE27272,6,3,GSM674206,train,non_smoker
GSE27272,6,3,GSM674207,train,smoker
GSE27272,6,3,GSM674208,train,non_smoker
GSE27272,6,3,GSM674209,train,non_smoker
GSE27272,6,3,GSM674210,train,non_smoker
GSE27272,6,3,GSM674212,train,non_smoker
GSE27272,6,3,GSM674214,train,non_smoker
GSE27272,6,3,GSM674215,train,smoker
GSE27272,6,3,GSM674217,train,smoker
GSE27272,6,3,GSM674218,train,non_smoker
GSE27272,6,3,GSM674219,train,non_smoker
GSE27272,6,3,GSM674220,train,non_smoker
GSE27272,6,3,GSM674222,train,smoker
GSE27272,6,3,GSM674224,train,smoker
GSE27272,6,3,GSM674225,train,non_smoker
GSE27272,6,3,GSM674226,train,non_smoker
GSE27272,6,3,GSM674227,train,smoker
GSE27272,6,3,GSM674228,train,smoker
GSE27272,6,3,GSM674229,train,non_smoker
GSE27272,6,3,GSM674230,train,non_smoker
GSE27272,6,3,GSM674232,train,non_smoker
GSE27272,6,3,GSM674233,train,smoker
GSE27272,6,3,GSM674234,train,non_smoker
GSE27272,6,3,GSM674235,train,non_smoker
GSE27272,6,3,GSM674236,train,non_smoker
GSE27272,6,3,GSM674237,train,non_smoker
GSE27272,6,3,GSM674238,train,smoker
GSE27272,6,3,GSM674239,train,non_smoker
GSE27272,6,3,GSM674240,train,non_smoker
GSE27272,6,3,GSM674241,train,smoker
GSE27272,6,3,GSM674242,train,non_smoker
GSE27272,6,3,GSM674243,train,non_smoker
GSE27272,6,3,GSM674244,train,non_smoker
GSE27272,6,3,GSM674245,train,non_smoker
GSE27272,6,3,GSM674284,train,non_smoker
GSE27272,6,3,GSM674286,train,smoker
GSE27272,6,3,GSM674287,train,non_smoker
GSE27272,6,3,GSM674288,train,non_smoker
GSE27272,6,3,GSM674289,train,non_smoker
GSE27272,6,3,GSM674290,train,non_smoker
GSE27272,6,3,GSM674291,train,non_smoker
GSE27272,6,3,GSM674292,train,non_smoker
GSE27272,6,3,GSM674293,train,smoker
GSE27272,6,3,GSM674294,train,smoker
GSE27272,6,3,GSM674295,train,non_smoker
GSE27272,6,3,GSM674296,train,smoker
GSE27272,6,3,GSM674298,train,non_smoker
GSE27272,6,3,GSM674300,train,non_smoker
GSE27272,6,3,GSM674301,train,non_smoker
GSE27272,6,3,GSM674302,train,non_smoker
GSE27272,6,3,GSM674303,train,smoker
GSE27272,6,3,GSM674304,train,non_smoker
GSE27272,6,3,GSM674306,train,non_smoker
GSE27272,6,3,GSM674308,train,non_smoker
GSE27272,6,3,GSM674309,train,non_smoker
GSE27272,6,3,GSM674310,train,smoker
GSE27272,6,3,GSM674311,train,smoker
GSE27272,6,3,GSM674312,train,smoker
GSE27272,6,3,GSM674313,train,non_smoker
GSE27272,6,3,GSM674314,train,non_smoker
GSE27272,6,3,GSM674315,train,non_smoker
GSE27272,6,3,GSM674316,train,non_smoker
GSE27272,6,3,GSM674317,train,smoker
GSE27272,6,3,GSM674318,train,non_smoker
GSE27272,6,3,GSM674319,train,smoker
GSE27272,6,3,GSM674320,train,non_smoker
GSE27272,6,3,GSM674321,train,smoker
GSE27272,6,3,GSM674322,train,smoker
GSE27272,6,3,GSM674323,train,non_smoker
GSE27272,6,3,GSM674324,train,non_smoker
GSE27272,6,3,GSM674325,train,non_smoker
GSE27272,6,3,GSM674326,train,smoker
GSE27272,6,3,GSM674327,train,non_smoker
GSE27272,6,3,GSM674328,train,non_smoker
GSE27272,6,3,GSM674329,train,smoker
GSE27272,6,3,GSM674331,train,non_smoker
GSE27272,6,3,GSM674332,train,non_smoker
GSE27272,6,3,GSM674334,train,non_smoker
GSE27272,6,3,GSM674335,train,non_smoker
GSE27272,6,3,GSM674344,train,non_smoker
GSE27272,6,3,GSM674345,train,smoker
GSE27272,6,3,GSM674347,train,non_smoker
GSE27272,6,3,GSM674348,train,non_smoker
GSE27272,6,3,GSM674349,train,non_smoker
GSE27272,6,3,GSM674350,train,non_smoker
GSE27272,6,3,GSM674351,train,smoker
GSE27272,6,3,GSM674352,train,smoker
GSE27272,6,3,GSM674353,train,non_smoker
GSE27272,6,3,GSM674354,train,non_smoker
GSE27272,6,3,GSM674355,train,non_smoker
GSE27272,6,3,GSM674356,train,non_smoker
GSE27272,6,3,GSM674357,train,non_smoker
GSE27272,6,3,GSM674358,train,non_smoker
GSE27272,6,3,GSM674359,train,smoker
GSE27272,6,3,GSM674360,train,smoker
GSE27272,6,3,GSM674361,train,non_smoker
GSE27272,6,3,GSM674362,train,smoker
GSE27272,6,3,GSM674363,train,non_smoker
GSE27272,6,3,GSM674364,train,non_smoker
GSE27272,6,3,GSM674365,train,non_smoker
GSE27272,6,3,GSM674366,train,non_smoker
GSE27272,6,3,GSM674368,train,non_smoker
GSE27272,6,3,GSM674369,train,smoker
GSE27272,6,3,GSM674370,train,non_smoker
GSE27272,6,3,GSM674371,train,non_smoker
GSE27272,6,3,GSM674372,train,smoker
GSE27272,6,3,GSM674373,train,non_smoker
GSE27272,6,3,GSM674374,train,smoker
GSE27272,6,3,GSM674375,train,non_smoker
GSE27272,6,3,GSM674376,train,smoker
GSE27272,6,3,GSM674377,train,smoker
GSE27272,6,3,GSM674378,train,smoker
GSE27272,6,3,GSM674379,train,non_smoker
GSE27272,6,3,GSM674380,train,non_smoker
GSE27272,6,3,GSM674382,train,non_smoker
GSE27272,6,3,GSM674383,train,smoker
GSE27272,6,3,GSM674385,train,non_smoker
GSE27272,6,3,GSM674386,train,smoker
GSE27272,6,3,GSM674387,train,smoker
GSE27272,6,3,GSM674388,train,non_smoker
GSE27272,6,3,GSM674389,train,non_smoker
GSE27272,6,3,GSM674390,train,non_smoker
GSE27272,6,3,GSM674391,train,non_smoker
GSE27272,6,3,GSM674392,train,smoker
GSE27272,6,3,GSM674393,train,non_smoker
GSE27272,6,3,GSM674394,train,non_smoker
GSE27272,6,3,GSM674395,train,non_smoker
GSE27272,6,3,GSM674396,train,smoker
GSE27272,6,3,GSM674397,train,non_smoker
GSE27272,6,3,GSM674398,train,non_smoker
GSE27272,6,3,GSM674399,train,smoker
GSE27272,6,3,GSM674400,train,non_smoker
GSE27272,6,3,GSM674401,train,non_smoker
GSE27272,6,3,GSM674402,train,non_smoker
GSE27272,6,3,GSM674403,train,non_smoker
GSE27272,6,3,GSM674404,train,smoker
GSE27272,6,3,GSM674405,train,non_smoker
GSE27272,6,3,GSM674406,train,non_smoker
GSE27272,6,3,GSM674407,train,non_smoker
GSE27272,6,3,GSM674211,test,smoker
GSE27272,6,3,GSM674213,test,smoker
GSE27272,6,3,GSM674216,test,smoker
GSE27272,6,3,GSM674221,test,non_smoker
GSE27272,6,3,GSM674223,test,non_smoker
GSE27272,6,3,GSM674231,test,non_smoker
GSE27272,6,3,GSM674282,test,non_smoker
GSE27272,6,3,GSM674283,test,smoker
GSE27272,6,3,GSM674285,test,non_smoker
GSE27272,6,3,GSM674297,test,non_smoker
GSE27272,6,3,GSM674299,test,non_smoker
GSE27272,6,3,GSM674305,test,non_smoker
GSE27272,6,3,GSM674307,test,smoker
GSE27272,6,3,GSM674330,test,non_smoker
GSE27272,6,3,GSM674333,test,smoker
GSE27272,6,3,GSM674346,test,non_smoker
GSE27272,6,3,GSM674367,test,non_smoker
GSE27272,6,3,GSM674381,test,non_smoker
GSE27272,6,3,GSM674384,test,non_smoker
GSE27272,6,4,GSM674182,train,smoker
GSE27272,6,4,GSM674183,train,non_smoker
GSE27272,6,4,GSM674184,train,non_smoker
GSE27272,6,4,GSM674185,train,non_smoker
GSE27272,6,4,GSM674186,train,non_smoker
GSE27272,6,4,GSM674188,train,smoker
GSE27272,6,4,GSM674189,train,smoker
GSE27272,6,4,GSM674190,train,non_smoker
GSE27272,6,4,GSM674192,train,non_smoker
GSE27272,6,4,GSM674193,train,non_smoker
GSE27272,6,4,GSM674194,train,non_smoker
GSE27272,6,4,GSM674195,train,non_smoker
GSE27272,6,4,GSM674196,train,smoker
GSE27272,6,4,GSM674197,train,smoker
GSE27272,6,4,GSM674198,train,non_smoker
GSE27272,6,4,GSM674199,train,smoker
GSE27272,6,4,GSM674201,train,non_smoker
GSE27272,6,4,GSM674202,train,non_smoker
GSE27272,6,4,GSM674203,train,non_smoker
GSE27272,6,4,GSM674204,train,non_smoker
GSE27272,6,4,GSM674205,train,non_smoker
GSE27272,6,4,GSM674206,train,non_smoker
GSE27272,6,4,GSM674207,train,smoker
GSE27272,6,4,GSM674208,train,non_smoker
GSE27272,6,4,GSM674209,train,non_smoker
GSE27272,6,4,GSM674210,train,non_smoker
GSE27272,6,4,GSM674211,train,smoker
GSE27272,6,4,GSM674212,train,non_smoker
GSE27272,6,4,GSM674213,train,smoker
GSE27272,6,4,GSM674216,train,smoker
GSE27272,6,4,GSM674217,train,smoker
GSE27272,6,4,GSM674218,train,non_smoker
GSE27272,6,4,GSM674219,train,non_smoker
GSE27272,6,4,GSM674220,train,non_smoker
GSE27272,6,4,GSM674221,train,non_smoker
GSE27272,6,4,GSM674222,train,smoker
GSE27272,6,4,GSM674223,train,non_smoker
GSE27272,6,4,GSM674224,train,smoker
GSE27272,6,4,GSM674226,train,non_smoker
GSE27272,6,4,GSM674227,train,smoker
GSE27272,6,4,GSM674228,train,smoker
GSE27272,6,4,GSM674229,train,non_smoker
GSE27272,6,4,GSM674230,train,non_smoker
GSE27272,6,4,GSM674231,train,non_smoker
GSE27272,6,4,GSM674232,train,non_smoker
GSE27272,6,4,GSM674233,train,smoker
GSE27272,6,4,GSM674235,train,non_smoker
GSE27272,6,4,GSM674236,train,non_smoker
GSE27272,6,4,GSM674237,train,non_smoker
GSE27272,6,4,GSM674238,train,smoker
GSE27272,6,4,GSM674239,train,non_smoker
GSE27272,6,4,GSM674240,train,non_smoker
GSE27272,6,4,GSM674241,train,smoker
GSE27272,6,4,GSM674242,train,non_smoker
GSE27272,6,4,GSM674243,train,non_smoker
GSE27272,6,4,GSM674244,train,non_smoker
GSE27272,6,4,GSM674245,train,non_smoker
GSE27272,6,4,GSM674282,train,non_smoker
GSE27272,6,4,GSM674283,train,smoker
GSE27272,6,4,GSM674284,train,non_smoker
GSE27272,6,4,GSM674285,train,non_smoker
GSE27272,6,4,GSM674287,train,non_smoker
GSE27272,6,4,GSM674288,train,non_smoker
GSE27272,6,4,GSM674289,train,non_smoker
GSE27272,6,4,GSM674290,train,non_smoker
GSE27272,6,4,GSM674291,train,non_smoker
GSE27272,6,4,GSM674292,train,non_smoker
GSE27272,6,4,GSM674293,train,smoker
GSE27272,6,4,GSM674294,train,smoker
GSE27272,6,4,GSM674295,train,non_smoker
GSE27272,6,4,GSM674296,train,smoker
GSE27272,6,4,GSM674297,train,non_smoker
GSE27272,6,4,GSM674298,train,non_smoker
GSE27272,6,4,GSM674299,train,non_smoker
GSE27272,6,4,GSM674300,train,non_smoker
GSE27272,6,4,GSM674301,train,non_smoker
GSE27272,6,4,GSM674302,train,non_smoker
GSE27272,6,4,GSM674303,train,smoker
GSE27272,6,4,GSM674304,train,non_smoker
GSE27272,6,4,GSM674305,train,non_smoker
GSE27272,6,4,GSM674306,train,non_smoker
GSE27272,6,4,GSM674307,train,smoker
GSE27272,6,4,GSM674308,train,non_smoker
GSE27272,6,4,GSM674309,train,non_smoker
GSE27272,6,4,GSM674310,train,smoker
GSE27272,6,4,GSM674311,train,smoker
GSE27272,6,4,GSM674312,train,smoker
GSE27272,6,4,GSM674313,train,non_smoker
GSE27272,6,4,GSM674314,train,non_smoker
GSE27272,6,4,GSM674315,train,non_smoker
GSE27272,6,4,GSM674316,train,non_smoker
GSE27272,6,4,GSM674318,train,non_smoker
GSE27272,6,4,GSM674319,train,smoker
GSE27272,6,4,GSM674320,train,non_smoker
GSE27272,6,4,GSM674321,train,smoker
GSE27272,6,4,GSM674323,train,non_smoker
GSE27272,6,4,GSM674324,train,non_smoker
GSE27272,6,4,GSM674325,train,non_smoker
GSE27272,6,4,GSM674327,train,non_smoker
GSE27272,6,4,GSM674328,train,non_smoker
GSE27272,6,4,GSM674329,train,smoker
GSE27272,6,4,GSM674330,train,non_smoker
GSE27272,6,4,GSM674331,train,non_smoker
GSE27272,6,4,GSM674333,train,smoker
GSE27272,6,4,GSM674334,train,non_smoker
GSE27272,6,4,GSM674344,train,non_smoker
GSE27272,6,4,GSM674346,train,non_smoker
GSE27272,6,4,GSM674347,train,non_smoker
GSE27272,6,4,GSM674348,train,non_smoker
GSE27272,6,4,GSM674349,train,non_smoker
GSE27272,6,4,GSM674350,train,non_smoker
GSE27272,6,4,GSM674351,train,smoker
GSE27272,6,4,GSM674352,train,smoker
GSE27272,6,4,GSM674353,train,non_smoker
GSE27272,6,4,GSM674354,train,non_smoker
GSE27272,6,4,GSM674355,train,non_smoker
GSE27272,6,4,GSM674357,train,non_smoker
GSE27272,6,4,GSM674358,train,non_smoker
GSE27272,6,4,GSM674359,train,smoker
GSE27272,6,4,GSM674360,train,smoker
GSE27272,6,4,GSM674361,train,non_smoker
GSE27272,6,4,GSM674362,train,smoker
GSE27272,6,4,GSM674363,train,non_smoker
GSE27272,6,4,GSM674364,train,non_smoker
GSE27272,6,4,GSM674365,train,non_smoker
GSE27272,6,4,GSM674367,train,non_smoker
GSE27272,6,4,GSM674368,train,non_smoker
GSE27272,6,4,GSM674369,train,smoker
GSE27272,6,4,GSM674370,train,non_smoker
GSE27272,6,4,GSM674371,train,non_smoker
GSE27272,6,4,GSM674372,train,smoker
GSE27272,6,4,GSM674373,train,non_smoker
GSE27272,6,4,GSM674374,train,smoker
GSE27272,6,4,GSM674375,train,non_smoker
GSE27272,6,4,GSM674376,train,smoker
GSE27272,6,4,GSM674377,train,smoker
GSE27272,6,4,GSM674378,train,smoker
GSE27272,6,4,GSM674379,train,non_smoker
GSE27272,6,4,GSM674380,train,non_smoker
GSE27272,6,4,GSM674381,train,non_smoker
GSE27272,6,4,GSM674382,train,non_smoker
GSE27272,6,4,GSM674383,train,smoker
GSE27272,6,4,GSM674384,train,non_smoker
GSE27272,6,4,GSM674386,train,smoker
GSE27272,6,4,GSM674387,train,smoker
GSE27272,6,4,GSM674388,train,non_smoker
GSE27272,6,4,GSM674389,train,non_smoker
GSE27272,6,4,GSM674390,train,non_smoker
GSE27272,6,4,GSM674391,train,non_smoker
GSE27272,6,4,GSM674392,train,smoker
GSE27272,6,4,GSM674393,train,non_smoker
GSE27272,6,4,GSM674394,train,non_smoker
GSE27272,6,4,GSM674395,train,non_smoker
GSE27272,6,4,GSM674396,train,smoker
GSE27272,6,4,GSM674397,train,non_smoker
GSE27272,6,4,GSM674398,train,non_smoker
GSE27272,6,4,GSM674399,train,smoker
GSE27272,6,4,GSM674400,train,non_smoker
GSE27272,6,4,GSM674401,train,non_smoker
GSE27272,6,4,GSM674402,train,non_smoker
GSE27272,6,4,GSM674403,train,non_smoker
GSE27272,6,4,GSM674404,train,smoker
GSE27272,6,4,GSM674405,train,non_smoker
GSE27272,6,4,GSM674406,train,non_smoker
GSE27272,6,4,GSM674181,test,non_smoker
GSE27272,6,4,GSM674187,test,non_smoker
GSE27272,6,4,GSM674191,test,non_smoker
GSE27272,6,4,GSM674200,test,non_smoker
GSE27272,6,4,GSM674214,test,non_smoker
GSE27272,6,4,GSM674215,test,smoker
GSE27272,6,4,GSM674225,test,non_smoker
GSE27272,6,4,GSM674234,test,non_smoker
GSE27272,6,4,GSM674286,test,smoker
GSE27272,6,4,GSM674317,test,smoker
GSE27272,6,4,GSM674322,test,smoker
GSE27272,6,4,GSM674326,test,smoker
GSE27272,6,4,GSM674332,test,non_smoker
GSE27272,6,4,GSM674335,test,non_smoker
GSE27272,6,4,GSM674345,test,smoker
GSE27272,6,4,GSM674356,test,non_smoker
GSE27272,6,4,GSM674366,test,non_smoker
GSE27272,6,4,GSM674385,test,non_smoker
GSE27272,6,4,GSM674407,test,non_smoker
GSE27272,6,5,GSM674181,train,non_smoker
GSE27272,6,5,GSM674182,train,smoker
GSE27272,6,5,GSM674183,train,non_smoker
GSE27272,6,5,GSM674184,train,non_smoker
GSE27272,6,5,GSM674185,train,non_smoker
GSE27272,6,5,GSM674186,train,non_smoker
GSE27272,6,5,GSM674187,train,non_smoker
GSE27272,6,5,GSM674188,train,smoker
GSE27272,6,5,GSM674189,train,smoker
GSE27272,6,5,GSM674190,train,non_smoker
GSE27272,6,5,GSM674191,train,non_smoker
GSE27272,6,5,GSM674192,train,non_smoker
GSE27272,6,5,GSM674193,train,non_smoker
GSE27272,6,5,GSM674194,train,non_smoker
GSE27272,6,5,GSM674195,train,non_smoker
GSE27272,6,5,GSM674196,train,smoker
GSE27272,6,5,GSM674197,train,smoker
GSE27272,6,5,GSM674198,train,non_smoker
GSE27272,6,5,GSM674199,train,smoker
GSE27272,6,5,GSM674200,train,non_smoker
GSE27272,6,5,GSM674201,train,non_smoker
GSE27272,6,5,GSM674202,train,non_smoker
GSE27272,6,5,GSM674203,train,non_smoker
GSE27272,6,5,GSM674204,train,non_smoker
GSE27272,6,5,GSM674205,train,non_smoker
GSE27272,6,5,GSM674206,train,non_smoker
GSE27272,6,5,GSM674209,train,non_smoker
GSE27272,6,5,GSM674211,train,smoker
GSE27272,6,5,GSM674212,train,non_smoker
GSE27272,6,5,GSM674213,train,smoker
GSE27272,6,5,GSM674214,train,non_smoker
GSE27272,6,5,GSM674215,train,smoker
GSE27272,6,5,GSM674216,train,smoker
GSE27272,6,5,GSM674217,train,smoker
GSE27272,6,5,GSM674218,train,non_smoker
GSE27272,6,5,GSM674219,train,non_smoker
GSE27272,6,5,GSM674220,train,non_smoker
GSE27272,6,5,GSM674221,train,non_smoker
GSE27272,6,5,GSM674222,train,smoker
GSE27272,6,5,GSM674223,train,non_smoker
GSE27272,6,5,GSM674224,train,smoker
GSE27272,6,5,GSM674225,train,non_smoker
GSE27272,6,5,GSM674226,train,non_smoker
GSE27272,6,5,GSM674227,train,smoker
GSE27272,6,5,GSM674229,train,non_smoker
GSE27272,6,5,GSM674230,train,non_smoker
GSE27272,6,5,GSM674231,train,non_smoker
GSE27272,6,5,GSM674232,train,non_smoker
GSE27272,6,5,GSM674233,train,smoker
GSE27272,6,5,GSM674234,train,non_smoker
GSE27272,6,5,GSM674235,train,non_smoker
GSE27272,6,5,GSM674236,train,non_smoker
GSE27272,6,5,GSM674237,train,non_smoker
GSE27272,6,5,GSM674238,train,smoker
GSE27272,6,5,GSM674239,train,non_smoker
GSE27272,6,5,GSM674242,train,non_smoker
GSE27272,6,5,GSM674243,train,non_smoker
GSE27272,6,5,GSM674244,train,non_smoker
GSE27272,6,5,GSM674245,train,non_smoker
GSE27272,6,5,GSM674282,train,non_smoker
GSE27272,6,5,GSM674283,train,smoker
GSE27272,6,5,GSM674284,train,non_smoker
GSE27272,6,5,GSM674285,train,non_smoker
GSE27272,6,5,GSM674286,train,smoker
GSE27272,6,5,GSM674288,train,non_smoker
GSE27272,6,5,GSM674289,train,non_smoker
GSE27272,6,5,GSM674290,train,non_smoker
GSE27272,6,5,GSM674291,train,non_smoker
GSE27272,6,5,GSM674292,train,non_smoker
GSE27272,6,5,GSM674293,train,smoker
GSE27272,6,5,GSM674294,train,smoker
GSE27272,6,5,GSM674295,train,non_smoker
GSE27272,6,5,GSM674296,train,smoker
GSE27272,6,5,GSM674297,train,non_smoker
GSE27272,6,5,GSM674298,train,non_smoker
GSE27272,6,5,GSM674299,train,non_smoker
GSE27272,6,5,GSM674300,train,non_smoker
GSE27272,6,5,GSM674301,train,non_smoker
GSE27272,6,5,GSM674302,train,non_smoker
GSE27272,6,5,GSM674303,train,smoker
GSE27272,6,5,GSM674304,train,non_smoker
GSE27272,6,5,GSM674305,train,non_smoker
GSE27272,6,5,GSM674306,train,non_smoker
GSE27272,6,5,GSM674307,train,smoker
GSE27272,6,5,GSM674308,train,non_smoker
GSE27272,6,5,GSM674309,train,non_smoker
GSE27272,6,5,GSM674310,train,smoker
GSE27272,6,5,GSM674312,train,smoker
GSE27272,6,5,GSM674313,train,non_smoker
GSE27272,6,5,GSM674314,train,non_smoker
GSE27272,6,5,GSM674315,train,non_smoker
GSE27272,6,5,GSM674316,train,non_smoker
GSE27272,6,5,GSM674317,train,smoker
GSE27272,6,5,GSM674318,train,non_smoker
GSE27272,6,5,GSM674319,train,smoker
GSE27272,6,5,GSM674320,train,non_smoker
GSE27272,6,5,GSM674321,train,smoker
GSE27272,6,5,GSM674322,train,smoker
GSE27272,6,5,GSM674323,train,non_smoker
GSE27272,6,5,GSM674324,train,non_smoker
GSE27272,6,5,GSM674326,train,smoker
GSE27272,6,5,GSM674329,train,smoker
GSE27272,6,5,GSM674330,train,non_smoker
GSE27272,6,5,GSM674331,train,non_smoker
GSE27272,6,5,GSM674332,train,non_smoker
GSE27272,6,5,GSM674333,train,smoker
GSE27272,6,5,GSM674334,train,non_smoker
GSE27272,6,5,GSM674335,train,non_smoker
GSE27272,6,5,GSM674344,train,non_smoker
GSE27272,6,5,GSM674345,train,smoker
GSE27272,6,5,GSM674346,train,non_smoker
GSE27272,6,5,GSM674347,train,non_smoker
GSE27272,6,5,GSM674349,train,non_smoker
GSE27272,6,5,GSM674350,train,non_smoker
GSE27272,6,5,GSM674351,train,smoker
GSE27272,6,5,GSM674352,train,smoker
GSE27272,6,5,GSM674353,train,non_smoker
GSE27272,6,5,GSM674354,train,non_smoker
GSE27272,6,5,GSM674355,train,non_smoker
GSE27272,6,5,GSM674356,train,non_smoker
GSE27272,6,5,GSM674358,train,non_smoker
GSE27272,6,5,GSM674359,train,smoker
GSE27272,6,5,GSM674360,train,smoker
GSE27272,6,5,GSM674362,train,smoker
GSE27272,6,5,GSM674363,train,non_smoker
GSE27272,6,5,GSM674364,train,non_smoker
GSE27272,6,5,GSM674365,train,non_smoker
GSE27272,6,5,GSM674366,train,non_smoker
GSE27272,6,5,GSM674367,train,non_smoker
GSE27272,6,5,GSM674368,train,non_smoker
GSE27272,6,5,GSM674369,train,smoker
GSE27272,6,5,GSM674370,train,non_smoker
GSE27272,6,5,GSM674371,train,non_smoker
GSE27272,6,5,GSM674372,train,smoker
GSE27272,6,5,GSM674373,train,non_smoker
GSE27272,6,5,GSM674374,train,smoker
GSE27272,6,5,GSM674375,train,non_smoker
GSE27272,6,5,GSM674376,train,smoker
GSE27272,6,5,GSM674377,train,smoker
GSE27272,6,5,GSM674378,train,smoker
GSE27272,6,5,GSM674379,train,non_smoker
GSE27272,6,5,GSM674381,train,non_smoker
GSE27272,6,5,GSM674382,train,non_smoker
GSE27272,6,5,GSM674383,train,smoker
GSE27272,6,5,GSM674384,train,non_smoker
GSE27272,6,5,GSM674385,train,non_smoker
GSE27272,6,5,GSM674386,train,smoker
GSE27272,6,5,GSM674387,train,smoker
GSE27272,6,5,GSM674388,train,non_smoker
GSE27272,6,5,GSM674389,train,non_smoker
GSE27272,6,5,GSM674390,train,non_smoker
GSE27272,6,5,GSM674391,train,non_smoker
GSE27272,6,5,GSM674394,train,non_smoker
GSE27272,6,5,GSM674395,train,non_smoker
GSE27272,6,5,GSM674396,train,smoker
GSE27272,6,5,GSM674397,train,non_smoker
GSE27272,6,5,GSM674398,train,non_smoker
GSE27272,6,5,GSM674401,train,non_smoker
GSE27272,6,5,GSM674402,train,non_smoker
GSE27272,6,5,GSM674403,train,non_smoker
GSE27272,6,5,GSM674404,train,smoker
GSE27272,6,5,GSM674405,train,non_smoker
GSE27272,6,5,GSM674406,train,non_smoker
GSE27272,6,5,GSM674407,train,non_smoker
GSE27272,6,5,GSM674207,test,smoker
GSE27272,6,5,GSM674208,test,non_smoker
GSE27272,6,5,GSM674210,test,non_smoker
GSE27272,6,5,GSM674228,test,smoker
GSE27272,6,5,GSM674240,test,non_smoker
GSE27272,6,5,GSM674241,test,smoker
GSE27272,6,5,GSM674287,test,non_smoker
GSE27272,6,5,GSM674311,test,smoker
GSE27272,6,5,GSM674325,test,non_smoker
GSE27272,6,5,GSM674327,test,non_smoker
GSE27272,6,5,GSM674328,test,non_smoker
GSE27272,6,5,GSM674348,test,non_smoker
GSE27272,6,5,GSM674357,test,non_smoker
GSE27272,6,5,GSM674361,test,non_smoker
GSE27272,6,5,GSM674380,test,non_smoker
GSE27272,6,5,GSM674392,test,smoker
GSE27272,6,5,GSM674393,test,non_smoker
GSE27272,6,5,GSM674399,test,smoker
GSE27272,6,5,GSM674400,test,non_smoker
GSE27272,6,6,GSM674181,train,non_smoker
GSE27272,6,6,GSM674182,train,smoker
GSE27272,6,6,GSM674183,train,non_smoker
GSE27272,6,6,GSM674185,train,non_smoker
GSE27272,6,6,GSM674187,train,non_smoker
GSE27272,6,6,GSM674188,train,smoker
GSE27272,6,6,GSM674189,train,smoker
GSE27272,6,6,GSM674190,train,non_smoker
GSE27272,6,6,GSM674191,train,non_smoker
GSE27272,6,6,GSM674192,train,non_smoker
GSE27272,6,6,GSM674193,train,non_smoker
GSE27272,6,6,GSM674194,train,non_smoker
GSE27272,6,6,GSM674196,train,smoker
GSE27272,6,6,GSM674198,train,non_smoker
GSE27272,6,6,GSM674199,train,smoker
GSE27272,6,6,GSM674200,train,non_smoker
GSE27272,6,6,GSM674201,train,non_smoker
GSE27272,6,6,GSM674204,train,non_smoker
GSE27272,6,6,GSM674205,train,non_smoker
GSE27272,6,6,GSM674206,train,non_smoker
GSE27272,6,6,GSM674207,train,smoker
GSE27272,6,6,GSM674208,train,non_smoker
GSE27272,6,6,GSM674209,train,non_smoker
GSE27272,6,6,GSM674210,train,non_smoker
GSE27272,6,6,GSM674211,train,smoker
GSE27272,6,6,GSM674212,train,non_smoker
GSE27272,6,6,GSM674213,train,smoker
GSE27272,6,6,GSM674214,train,non_smoker
GSE27272,6,6,GSM674215,train,smoker
GSE27272,6,6,GSM674216,train,smoker
GSE27272,6,6,GSM674217,train,smoker
GSE27272,6,6,GSM674218,train,non_smoker
GSE27272,6,6,GSM674219,train,non_smoker
GSE27272,6,6,GSM674220,train,non_smoker
GSE27272,6,6,GSM674221,train,non_smoker
GSE27272,6,6,GSM674222,train,smoker
GSE27272,6,6,GSM674223,train,non_smoker
GSE27272,6,6,GSM674224,train,smoker
GSE27272,6,6,GSM674225,train,non_smoker
GSE27272,6,6,GSM674226,train,non_smoker
GSE27272,6,6,GSM674227,train,smoker
GSE27272,6,6,GSM674228,train,smoker
GSE27272,6,6,GSM674229,train,non_smoker
GSE27272,6,6,GSM674230,train,non_smoker
GSE27272,6,6,GSM674231,train,non_smoker
GSE27272,6,6,GSM674232,train,non_smoker
GSE27272,6,6,GSM674233,train,smoker
GSE27272,6,6,GSM674234,train,non_smoker
GSE27272,6,6,GSM674235,train,non_smoker
GSE27272,6,6,GSM674236,train,non_smoker
GSE27272,6,6,GSM674237,train,non_smoker
GSE27272,6,6,GSM674238,train,smoker
GSE27272,6,6,GSM674239,train,non_smoker
GSE27272,6,6,GSM674240,train,non_smoker
GSE27272,6,6,GSM674241,train,smoker
GSE27272,6,6,GSM674243,train,non_smoker
GSE27272,6,6,GSM674244,train,non_smoker
GSE27272,6,6,GSM674245,train,non_smoker
GSE27272,6,6,GSM674282,train,non_smoker
GSE27272,6,6,GSM674283,train,smoker
GSE27272,6,6,GSM674284,train,non_smoker
GSE27272,6,6,GSM674285,train,non_smoker
GSE27272,6,6,GSM674286,train,smoker
GSE27272,6,6,GSM674287,train,non_smoker
GSE27272,6,6,GSM674288,train,non_smoker
GSE27272,6,6,GSM674289,train,non_smoker
GSE27272,6,6,GSM674290,train,non_smoker
GSE27272,6,6,GSM674291,train,non_smoker
GSE27272,6,6,GSM674292,train,non_smoker
GSE27272,6,6,GSM674293,train,smoker
GSE27272,6,6,GSM674294,train,smoker
GSE27272,6,6,GSM674295,train,non_smoker
GSE27272,6,6,GSM674296,train,smoker
GSE27272,6,6,GSM674297,train,non_smoker
GSE27272,6,6,GSM674299,train,non_smoker
GSE27272,6,6,GSM674300,train,non_smoker
GSE27272,6,6,GSM674301,train,non_smoker
GSE27272,6,6,GSM674302,train,non_smoker
GSE27272,6,6,GSM674303,train,smoker
GSE27272,6,6,GSM674304,train,non_smoker
GSE27272,6,6,GSM674305,train,non_smoker
GSE27272,6,6,GSM674306,train,non_smoker
GSE27272,6,6,GSM674307,train,smoker
GSE27272,6,6,GSM674308,train,non_smoker
GSE27272,6,6,GSM674309,train,non_smoker
GSE27272,6,6,GSM674310,train,smoker
GSE27272,6,6,GSM674311,train,smoker
GSE27272,6,6,GSM674312,train,smoker
GSE27272,6,6,GSM674313,train,non_smoker
GSE27272,6,6,GSM674314,train,non_smoker
GSE27272,6,6,GSM674315,train,non_smoker
GSE27272,6,6,GSM674316,train,non_smoker
GSE27272,6,6,GSM674317,train,smoker
GSE27272,6,6,GSM674318,train,non_smoker
GSE27272,6,6,GSM674319,train,smoker
GSE27272,6,6,GSM674320,train,non_smoker
GSE27272,6,6,GSM674321,train,smoker
GSE27272,6,6,GSM674322,train,smoker
GSE27272,6,6,GSM674323,train,non_smoker
GSE27272,6,6,GSM674324,train,non_smoker
GSE27272,6,6,GSM674325,train,non_smoker
GSE27272,6,6,GSM674326,train,smoker
GSE27272,6,6,GSM674327,train,non_smoker
GSE27272,6,6,GSM674328,train,non_smoker
GSE27272,6,6,GSM674329,train,smoker
GSE27272,6,6,GSM674330,train,non_smoker
GSE27272,6,6,GSM674332,train,non_smoker
GSE27272,6,6,GSM674333,train,smoker
GSE27272,6,6,GSM674334,train,non_smoker
GSE27272,6,6,GSM674335,train,non_smoker
GSE27272,6,6,GSM674345,train,smoker
GSE27272,6,6,GSM674346,train,non_smoker
GSE27272,6,6,GSM674347,train,non_smoker
GSE27272,6,6,GSM674348,train,non_smoker
GSE27272,6,6,GSM674349,train,non_smoker
GSE27272,6,6,GSM674350,train,non_smoker
GSE27272,6,6,GSM674351,train,smoker
GSE27272,6,6,GSM674352,train,smoker
GSE27272,6,6,GSM674353,train,non_smoker
GSE27272,6,6,GSM674354,train,non_smoker
GSE27272,6,6,GSM674355,train,non_smoker
GSE27272,6,6,GSM674356,train,non_smoker
GSE27272,6,6,GSM674357,train,non_smoker
GSE27272,6,6,GSM674358,train,non_smoker
GSE27272,6,6,GSM674359,train,smoker
GSE27272,6,6,GSM674361,train,non_smoker
GSE27272,6,6,GSM674362,train,smoker
GSE27272,6,6,GSM674363,train,non_smoker
GSE27272,6,6,GSM674364,train,non_smoker
GSE27272,6,6,GSM674365,train,non_smoker
GSE27272,6,6,GSM674366,train,non_smoker
GSE27272,6,6,GSM674367,train,non_smoker
GSE27272,6,6,GSM674369,train,smoker
GSE27272,6,6,GSM674370,train,non_smoker
GSE27272,6,6,GSM674371,train,non_smoker
GSE27272,6,6,GSM674372,train,smoker
GSE27272,6,6,GSM674373,train,non_smoker
GSE27272,6,6,GSM674375,train,non_smoker
GSE27272,6,6,GSM674377,train,smoker
GSE27272,6,6,GSM674379,train,non_smoker
GSE27272,6,6,GSM674380,train,non_smoker
GSE27272,6,6,GSM674381,train,non_smoker
GSE27272,6,6,GSM674383,train,smoker
GSE27272,6,6,GSM674384,train,non_smoker
GSE27272,6,6,GSM674385,train,non_smoker
GSE27272,6,6,GSM674386,train,smoker
GSE27272,6,6,GSM674387,train,smoker
GSE27272,6,6,GSM674388,train,non_smoker
GSE27272,6,6,GSM674390,train,non_smoker
GSE27272,6,6,GSM674391,train,non_smoker
GSE27272,6,6,GSM674392,train,smoker
GSE27272,6,6,GSM674393,train,non_smoker
GSE27272,6,6,GSM674394,train,non_smoker
GSE27272,6,6,GSM674395,train,non_smoker
GSE27272,6,6,GSM674396,train,smoker
GSE27272,6,6,GSM674397,train,non_smoker
GSE27272,6,6,GSM674398,train,non_smoker
GSE27272,6,6,GSM674399,train,smoker
GSE27272,6,6,GSM674400,train,non_smoker
GSE27272,6,6,GSM674401,train,non_smoker
GSE27272,6,6,GSM674403,train,non_smoker
GSE27272,6,6,GSM674404,train,smoker
GSE27272,6,6,GSM674405,train,non_smoker
GSE27272,6,6,GSM674406,train,non_smoker
GSE27272,6,6,GSM674407,train,non_smoker
GSE27272,6,6,GSM674184,test,non_smoker
GSE27272,6,6,GSM674186,test,non_smoker
GSE27272,6,6,GSM674195,test,non_smoker
GSE27272,6,6,GSM674197,test,smoker
GSE27272,6,6,GSM674202,test,non_smoker
GSE27272,6,6,GSM674203,test,non_smoker
GSE27272,6,6,GSM674242,test,non_smoker
GSE27272,6,6,GSM674298,test,non_smoker
GSE27272,6,6,GSM674331,test,non_smoker
GSE27272,6,6,GSM674344,test,non_smoker
GSE27272,6,6,GSM674360,test,smoker
GSE27272,6,6,GSM674368,test,non_smoker
GSE27272,6,6,GSM674374,test,smoker
GSE27272,6,6,GSM674376,test,smoker
GSE27272,6,6,GSM674378,test,smoker
GSE27272,6,6,GSM674382,test,non_smoker
GSE27272,6,6,GSM674389,test,non_smoker
GSE27272,6,6,GSM674402,test,non_smoker
GSE27272,6,7,GSM674181,train,non_smoker
GSE27272,6,7,GSM674182,train,smoker
GSE27272,6,7,GSM674183,train,non_smoker
GSE27272,6,7,GSM674184,train,non_smoker
GSE27272,6,7,GSM674185,train,non_smoker
GSE27272,6,7,GSM674186,train,non_smoker
GSE27272,6,7,GSM674187,train,non_smoker
GSE27272,6,7,GSM674188,train,smoker
GSE27272,6,7,GSM674189,train,smoker
GSE27272,6,7,GSM674190,train,non_smoker
GSE27272,6,7,GSM674191,train,non_smoker
GSE27272,6,7,GSM674192,train,non_smoker
GSE27272,6,7,GSM674193,train,non_smoker
GSE27272,6,7,GSM674194,train,non_smoker
GSE27272,6,7,GSM674195,train,non_smoker
GSE27272,6,7,GSM674196,train,smoker
GSE27272,6,7,GSM674197,train,smoker
GSE27272,6,7,GSM674198,train,non_smoker
GSE27272,6,7,GSM674199,train,smoker
GSE27272,6,7,GSM674200,train,non_smoker
GSE27272,6,7,GSM674202,train,non_smoker
GSE27272,6,7,GSM674203,train,non_smoker
GSE27272,6,7,GSM674204,train,non_smoker
GSE27272,6,7,GSM674205,train,non_smoker
GSE27272,6,7,GSM674206,train,non_smoker
GSE27272,6,7,GSM674207,train,smoker
GSE27272,6,7,GSM674208,train,non_smoker
GSE27272,6,7,GSM674209,train,non_smoker
GSE27272,6,7,GSM674210,train,non_smoker
GSE27272,6,7,GSM674211,train,smoker
GSE27272,6,7,GSM674212,train,non_smoker
GSE27272,6,7,GSM674213,train,smoker
GSE27272,6,7,GSM674214,train,non_smoker
GSE27272,6,7,GSM674215,train,smoker
GSE27272,6,7,GSM674216,train,smoker
GSE27272,6,7,GSM674217,train,smoker
GSE27272,6,7,GSM674218,train,non_smoker
GSE27272,6,7,GSM674219,train,non_smoker
GSE27272,6,7,GSM674221,train,non_smoker
GSE27272,6,7,GSM674222,train,smoker
GSE27272,6,7,GSM674223,train,non_smoker
GSE27272,6,7,GSM674225,train,non_smoker
GSE27272,6,7,GSM674226,train,non_smoker
GSE27272,6,7,GSM674227,train,smoker
GSE27272,6,7,GSM674228,train,smoker
GSE27272,6,7,GSM674229,train,non_smoker
GSE27272,6,7,GSM674231,train,non_smoker
GSE27272,6,7,GSM674232,train,non_smoker
GSE27272,6,7,GSM674233,train,smoker
GSE27272,6,7,GSM674234,train,non_smoker
GSE27272,6,7,GSM674236,train,non_smoker
GSE27272,6,7,GSM674238,train,smoker
GSE27272,6,7,GSM674239,train,non_smoker
GSE27272,6,7,GSM674240,train,non_smoker
GSE27272,6,7,GSM674241,train,smoker
GSE27272,6,7,GSM674242,train,non_smoker
GSE27272,6,7,GSM674243,train,non_smoker
GSE27272,6,7,GSM674244,train,non_smoker
GSE27272,6,7,GSM674245,train,non_smoker
GSE27272,6,7,GSM674282,train,non_smoker
GSE27272,6,7,GSM674283,train,smoker
GSE27272,6,7,GSM674285,train,non_smoker
GSE27272,6,7,GSM674286,train,smoker
GSE27272,6,7,GSM674287,train,non_smoker
GSE27272,6,7,GSM674288,train,non_smoker
GSE27272,6,7,GSM674289,train,non_smoker
GSE27272,6,7,GSM674291,train,non_smoker
GSE27272,6,7,GSM674292,train,non_smoker
GSE27272,6,7,GSM674293,train,smoker
GSE27272,6,7,GSM674295,train,non_smoker
GSE27272,6,7,GSM674296,train,smoker
GSE27272,6,7,GSM674297,train,non_smoker
GSE27272,6,7,GSM674298,train,non_smoker
GSE27272,6,7,GSM674299,train,non_smoker
GSE27272,6,7,GSM674300,train,non_smoker
GSE27272,6,7,GSM674301,train,non_smoker
GSE27272,6,7,GSM674302,train,non_smoker
GSE27272,6,7,GSM674303,train,smoker
GSE27272,6,7,GSM674304,train,non_smoker
GSE27272,6,7,GSM674305,train,non_smoker
GSE27272,6,7,GSM674306,train,non_smoker
GSE27272,6,7,GSM674307,train,smoker
GSE27272,6,7,GSM674308,train,non_smoker
GSE27272,6,7,GSM674309,train,non_smoker
GSE27272,6,7,GSM674310,train,smoker
GSE27272,6,7,GSM674311,train,smoker
GSE27272,6,7,GSM674312,train,smoker
GSE27272,6,7,GSM674315,train,non_smoker
GSE27272,6,7,GSM674316,train,non_smoker
GSE27272,6,7,GSM674317,train,smoker
GSE27272,6,7,GSM674318,train,non_smoker
GSE27272,6,7,GSM674319,train,smoker
GSE27272,6,7,GSM674320,train,non_smoker
GSE27272,6,7,GSM674321,train,smoker
GSE27272,6,7,GSM674322,train,smoker
GSE27272,6,7,GSM674323,train,non_smoker
GSE27272,6,7,GSM674325,train,non_smoker
GSE27272,6,7,GSM674326,train,smoker
GSE27272,6,7,GSM674327,train,non_smoker
GSE27272,6,7,GSM674328,train,non_smoker
GSE27272,6,7,GSM674329,train,smoker
GSE27272,6,7,GSM674330,train,non_smoker
GSE27272,6,7,GSM674331,train,non_smoker
GSE27272,6,7,GSM674332,train,non_smoker
GSE27272,6,7,GSM674333,train,smoker
GSE27272,6,7,GSM674334,train,non_smoker
GSE27272,6,7,GSM674335,train,non_smoker
GSE27272,6,7,GSM674344,train,non_smoker
GSE27272,6,7,GSM674345,train,smoker
GSE27272,6,7,GSM674346,train,non_smoker
GSE27272,6,7,GSM674348,train,non_smoker
GSE27272,6,7,GSM674349,train,non_smoker
GSE27272,6,7,GSM674351,train,smoker
GSE27272,6,7,GSM674353,train,non_smoker
GSE27272,6,7,GSM674354,train,non_smoker
GSE27272,6,7,GSM674355,train,non_smoker
GSE27272,6,7,GSM674356,train,non_smoker
GSE27272,6,7,GSM674357,train,non_smoker
GSE27272,6,7,GSM674358,train,non_smoker
GSE27272,6,7,GSM674359,train,smoker
GSE27272,6,7,GSM674360,train,smoker
GSE27272,6,7,GSM674361,train,non_smoker
GSE27272,6,7,GSM674363,train,non_smoker
GSE27272,6,7,GSM674364,train,non_smoker
GSE27272,6,7,GSM674365,train,non_smoker
GSE27272,6,7,GSM674366,train,non_smoker
GSE27272,6,7,GSM674367,train,non_smoker
GSE27272,6,7,GSM674368,train,non_smoker
GSE27272,6,7,GSM674369,train,smoker
GSE27272,6,7,GSM674370,train,non_smoker
GSE27272,6,7,GSM674372,train,smoker
GSE27272,6,7,GSM674373,train,non_smoker
GSE27272,6,7,GSM674374,train,smoker
GSE27272,6,7,GSM674375,train,non_smoker
GSE27272,6,7,GSM674376,train,smoker
GSE27272,6,7,GSM674377,train,smoker
GSE27272,6,7,GSM674378,train,smoker
GSE27272,6,7,GSM674379,train,non_smoker
GSE27272,6,7,GSM674380,train,non_smoker
GSE27272,6,7,GSM674381,train,non_smoker
GSE27272,6,7,GSM674382,train,non_smoker
GSE27272,6,7,GSM674383,train,smoker
GSE27272,6,7,GSM674384,train,non_smoker
GSE27272,6,7,GSM674385,train,non_smoker
GSE27272,6,7,GSM674387,train,smoker
GSE27272,6,7,GSM674388,train,non_smoker
GSE27272,6,7,GSM674389,train,non_smoker
GSE27272,6,7,GSM674390,train,non_smoker
GSE27272,6,7,GSM674391,train,non_smoker
GSE27272,6,7,GSM674392,train,smoker
GSE27272,6,7,GSM674393,train,non_smoker
GSE27272,6,7,GSM674394,train,non_smoker
GSE27272,6,7,GSM674395,train,non_smoker
GSE27272,6,7,GSM674396,train,smoker
GSE27272,6,7,GSM674397,train,non_smoker
GSE27272,6,7,GSM674398,train,non_smoker
GSE27272,6,7,GSM674399,train,smoker
GSE27272,6,7,GSM674400,train,non_smoker
GSE27272,6,7,GSM674401,train,non_smoker
GSE27272,6,7,GSM674402,train,non_smoker
GSE27272,6,7,GSM674403,train,non_smoker
GSE27272,6,7,GSM674404,train,smoker
GSE27272,6,7,GSM674405,train,non_smoker
GSE27272,6,7,GSM674406,train,non_smoker
GSE27272,6,7,GSM674407,train,non_smoker
GSE27272,6,7,GSM674201,test,non_smoker
GSE27272,6,7,GSM674220,test,non_smoker
GSE27272,6,7,GSM674224,test,smoker
GSE27272,6,7,GSM674230,test,non_smoker
GSE27272,6,7,GSM674235,test,non_smoker
GSE27272,6,7,GSM674237,test,non_smoker
GSE27272,6,7,GSM674284,test,non_smoker
GSE27272,6,7,GSM674290,test,non_smoker
GSE27272,6,7,GSM674294,test,smoker
GSE27272,6,7,GSM674313,test,non_smoker
GSE27272,6,7,GSM674314,test,non_smoker
GSE27272,6,7,GSM674324,test,non_smoker
GSE27272,6,7,GSM674347,test,non_smoker
GSE27272,6,7,GSM674350,test,non_smoker
GSE27272,6,7,GSM674352,test,smoker
GSE27272,6,7,GSM674362,test,smoker
GSE27272,6,7,GSM674371,test,non_smoker
GSE27272,6,7,GSM674386,test,smoker
GSE27272,6,8,GSM674181,train,non_smoker
GSE27272,6,8,GSM674182,train,smoker
GSE27272,6,8,GSM674183,train,non_smoker
GSE27272,6,8,GSM674184,train,non_smoker
GSE27272,6,8,GSM674185,train,non_smoker
GSE27272,6,8,GSM674186,train,non_smoker
GSE27272,6,8,GSM674187,train,non_smoker
GSE27272,6,8,GSM674188,train,smoker
GSE27272,6,8,GSM674191,train,non_smoker
GSE27272,6,8,GSM674193,train,non_smoker
GSE27272,6,8,GSM674194,train,non_smoker
GSE27272,6,8,GSM674195,train,non_smoker
GSE27272,6,8,GSM674196,train,smoker
GSE27272,6,8,GSM674197,train,smoker
GSE27272,6,8,GSM674198,train,non_smoker
GSE27272,6,8,GSM674199,train,smoker
GSE27272,6,8,GSM674200,train,non_smoker
GSE27272,6,8,GSM674201,train,non_smoker
GSE27272,6,8,GSM674202,train,non_smoker
GSE27272,6,8,GSM674203,train,non_smoker
GSE27272,6,8,GSM674204,train,non_smoker
GSE27272,6,8,GSM674205,train,non_smoker
GSE27272,6,8,GSM674207,train,smoker
GSE27272,6,8,GSM674208,train,non_smoker
GSE27272,6,8,GSM674209,train,non_smoker
GSE27272,6,8,GSM674210,train,non_smoker
GSE27272,6,8,GSM674211,train,smoker
GSE27272,6,8,GSM674212,train,non_smoker
GSE27272,6,8,GSM674213,train,smoker
GSE27272,6,8,GSM674214,train,non_smoker
GSE27272,6,8,GSM674215,train,smoker
GSE27272,6,8,GSM674216,train,smoker
GSE27272,6,8,GSM674217,train,smoker
GSE27272,6,8,GSM674218,train,non_smoker
GSE27272,6,8,GSM674220,train,non_smoker
GSE27272,6,8,GSM674221,train,non_smoker
GSE27272,6,8,GSM674222,train,smoker
GSE27272,6,8,GSM674223,train,non_smoker
GSE27272,6,8,GSM674224,train,smoker
GSE27272,6,8,GSM674225,train,non_smoker
GSE27272,6,8,GSM674226,train,non_smoker
GSE27272,6,8,GSM674227,train,smoker
GSE27272,6,8,GSM674228,train,smoker
GSE27272,6,8,GSM674229,train,non_smoker
GSE27272,6,8,GSM674230,train,non_smoker
GSE27272,6,8,GSM674231,train,non_smoker
GSE27272,6,8,GSM674232,train,non_smoker
GSE27272,6,8,GSM674233,train,smoker
GSE27272,6,8,GSM674234,train,non_smoker
GSE27272,6,8,GSM674235,train,non_smoker
GSE27272,6,8,GSM674237,train,non_smoker
GSE27272,6,8,GSM674238,train,smoker
GSE27272,6,8,GSM674239,train,non_smoker
GSE27272,6,8,GSM674240,train,non_smoker
GSE27272,6,8,GSM674241,train,smoker
GSE27272,6,8,GSM674242,train,non_smoker
GSE27272,6,8,GSM674243,train,non_smoker
GSE27272,6,8,GSM674244,train,non_smoker
GSE27272,6,8,GSM674245,train,non_smoker
GSE27272,6,8,GSM674282,train,non_smoker
GSE27272,6,8,GSM674283,train,smoker
GSE27272,6,8,GSM674284,train,non_smoker
GSE27272,6,8,GSM674285,train,non_smoker
GSE27272,6,8,GSM674286,train,smoker
GSE27272,6,8,GSM674287,train,non_smoker
GSE27272,6,8,GSM674288,train,non_smoker
GSE27272,6,8,GSM674290,train,non_smoker
GSE27272,6,8,GSM674291,train,non_smoker
GSE27272,6,8,GSM674293,train,smoker
GSE27272,6,8,GSM674294,train,smoker
GSE27272,6,8,GSM674296,train,smoker
GSE27272,6,8,GSM674297,train,non_smoker
GSE27272,6,8,GSM674298,train,non_smoker
GSE27272,6,8,GSM674299,train,non_smoker
GSE27272,6,8,GSM674300,train,non_smoker
GSE27272,6,8,GSM674301,train,non_smoker
GSE27272,6,8,GSM674302,train,non_smoker
GSE27272,6,8,GSM674303,train,smoker
GSE27272,6,8,GSM674305,train,non_smoker
GSE27272,6,8,GSM674306,train,non_smoker
GSE27272,6,8,GSM674307,train,smoker
GSE27272,6,8,GSM674308,train,non_smoker
GSE27272,6,8,GSM674309,train,non_smoker
GSE27272,6,8,GSM674311,train,smoker
GSE27272,6,8,GSM674313,train,non_smoker
GSE27272,6,8,GSM674314,train,non_smoker
GSE27272,6,8,GSM674315,train,non_smoker
GSE27272,6,8,GSM674316,train,non_smoker
GSE27272,6,8,GSM674317,train,smoker
GSE27272,6,8,GSM674319,train,smoker
GSE27272,6,8,GSM674320,train,non_smoker
GSE27272,6,8,GSM674321,train,smoker
GSE27272,6,8,GSM674322,train,smoker
GSE27272,6,8,GSM674323,train,non_smoker
GSE27272,6,8,GSM674324,train,non_smoker
GSE27272,6,8,GSM674325,train,non_smoker
GSE27272,6,8,GSM674326,train,smoker
GSE27272,6,8,GSM674327,train,non_smoker
GSE27272,6,8,GSM674328,train,non_smoker
GSE27272,6,8,GSM674329,train,smoker
GSE27272,6,8,GSM674330,train,non_smoker
GSE27272,6,8,GSM674331,train,non_smoker
GSE27272,6,8,GSM674332,train,non_smoker
GSE27272,6,8,GSM674333,train,smoker
GSE27272,6,8,GSM674334,train,non_smoker
GSE27272,6,8,GSM674335,train,non_smoker
GSE27272,6,8,GSM674344,train,non_smoker
GSE27272,6,8,GSM674345,train,smoker
GSE27272,6,8,GSM674346,train,non_smoker
GSE27272,6,8,GSM674347,train,non_smoker
GSE27272,6,8,GSM674348,train,non_smoker
GSE27272,6,8,GSM674349,train,non_smoker
GSE27272,6,8,GSM674350,train,non_smoker
GSE27272,6,8,GSM674351,train,smoker
GSE27272,6,8,GSM674352,train,smoker
GSE27272,6,8,GSM674353,train,non_smoker
GSE27272,6,8,GSM674354,train,non_smoker
GSE27272,6,8,GSM674356,train,non_smoker
GSE27272,6,8,GSM674357,train,non_smoker
GSE27272,6,8,GSM674358,train,non_smoker
GSE27272,6,8,GSM674359,train,smoker
GSE27272,6,8,GSM674360,train,smoker
GSE27272,6,8,GSM674361,train,non_smoker
GSE27272,6,8,GSM674362,train,smoker
GSE27272,6,8,GSM674363,train,non_smoker
GSE27272,6,8,GSM674364,train,non_smoker
GSE27272,6,8,GSM674365,train,non_smoker
GSE27272,6,8,GSM674366,train,non_smoker
GSE27272,6,8,GSM674367,train,non_smoker
GSE27272,6,8,GSM674368,train,non_smoker
GSE27272,6,8,GSM674370,train,non_smoker
GSE27272,6,8,GSM674371,train,non_smoker
GSE27272,6,8,GSM674372,train,smoker
GSE27272,6,8,GSM674373,train,non_smoker
GSE27272,6,8,GSM674374,train,smoker
GSE27272,6,8,GSM674375,train,non_smoker
GSE27272,6,8,GSM674376,train,smoker
GSE27272,6,8,GSM674377,train,smoker
GSE27272,6,8,GSM674378,train,smoker
GSE27272,6,8,GSM674379,train,non_smoker
GSE27272,6,8,GSM674380,train,non_smoker
GSE27272,6,8,GSM674381,train,non_smoker
GSE27272,6,8,GSM674382,train,non_smoker
GSE27272,6,8,GSM674383,train,smoker
GSE27272,6,8,GSM674384,train,non_smoker
GSE27272,6,8,GSM674385,train,non_smoker
GSE27272,6,8,GSM674386,train,smoker
GSE27272,6,8,GSM674388,train,non_smoker
GSE27272,6,8,GSM674389,train,non_smoker
GSE27272,6,8,GSM674390,train,non_smoker
GSE27272,6,8,GSM674391,train,non_smoker
GSE27272,6,8,GSM674392,train,smoker
GSE27272,6,8,GSM674393,train,non_smoker
GSE27272,6,8,GSM674394,train,non_smoker
GSE27272,6,8,GSM674396,train,smoker
GSE27272,6,8,GSM674398,train,non_smoker
GSE27272,6,8,GSM674399,train,smoker
GSE27272,6,8,GSM674400,train,non_smoker
GSE27272,6,8,GSM674401,train,non_smoker
GSE27272,6,8,GSM674402,train,non_smoker
GSE27272,6,8,GSM674403,train,non_smoker
GSE27272,6,8,GSM674404,train,smoker
GSE27272,6,8,GSM674405,train,non_smoker
GSE27272,6,8,GSM674406,train,non_smoker
GSE27272,6,8,GSM674407,train,non_smoker
GSE27272,6,8,GSM674189,test,smoker
GSE27272,6,8,GSM674190,test,non_smoker
GSE27272,6,8,GSM674192,test,non_smoker
GSE27272,6,8,GSM674206,test,non_smoker
GSE27272,6,8,GSM674219,test,non_smoker
GSE27272,6,8,GSM674236,test,non_smoker
GSE27272,6,8,GSM674289,test,non_smoker
GSE27272,6,8,GSM674292,test,non_smoker
GSE27272,6,8,GSM674295,test,non_smoker
GSE27272,6,8,GSM674304,test,non_smoker
GSE27272,6,8,GSM674310,test,smoker
GSE27272,6,8,GSM674312,test,smoker
GSE27272,6,8,GSM674318,test,non_smoker
GSE27272,6,8,GSM674355,test,non_smoker
GSE27272,6,8,GSM674369,test,smoker
GSE27272,6,8,GSM674387,test,smoker
GSE27272,6,8,GSM674395,test,non_smoker
GSE27272,6,8,GSM674397,test,non_smoker
GSE27272,6,9,GSM674181,train,non_smoker
GSE27272,6,9,GSM674182,train,smoker
GSE27272,6,9,GSM674184,train,non_smoker
GSE27272,6,9,GSM674186,train,non_smoker
GSE27272,6,9,GSM674187,train,non_smoker
GSE27272,6,9,GSM674188,train,smoker
GSE27272,6,9,GSM674189,train,smoker
GSE27272,6,9,GSM674190,train,non_smoker
GSE27272,6,9,GSM674191,train,non_smoker
GSE27272,6,9,GSM674192,train,non_smoker
GSE27272,6,9,GSM674193,train,non_smoker
GSE27272,6,9,GSM674194,train,non_smoker
GSE27272,6,9,GSM674195,train,non_smoker
GSE27272,6,9,GSM674196,train,smoker
GSE27272,6,9,GSM674197,train,smoker
GSE27272,6,9,GSM674200,train,non_smoker
GSE27272,6,9,GSM674201,train,non_smoker
GSE27272,6,9,GSM674202,train,non_smoker
GSE27272,6,9,GSM674203,train,non_smoker
GSE27272,6,9,GSM674204,train,non_smoker
GSE27272,6,9,GSM674205,train,non_smoker
GSE27272,6,9,GSM674206,train,non_smoker
GSE27272,6,9,GSM674207,train,smoker
GSE27272,6,9,GSM674208,train,non_smoker
GSE27272,6,9,GSM674209,train,non_smoker
GSE27272,6,9,GSM674210,train,non_smoker
GSE27272,6,9,GSM674211,train,smoker
GSE27272,6,9,GSM674212,train,non_smoker
GSE27272,6,9,GSM674213,train,smoker
GSE27272,6,9,GSM674214,train,non_smoker
GSE27272,6,9,GSM674215,train,smoker
GSE27272,6,9,GSM674216,train,smoker
GSE27272,6,9,GSM674217,train,smoker
GSE27272,6,9,GSM674218,train,non_smoker
GSE27272,6,9,GSM674219,train,non_smoker
GSE27272,6,9,GSM674220,train,non_smoker
GSE27272,6,9,GSM674221,train,non_smoker
GSE27272,6,9,GSM674223,train,non_smoker
GSE27272,6,9,GSM674224,train,smoker
GSE27272,6,9,GSM674225,train,non_smoker
GSE27272,6,9,GSM674227,train,smoker
GSE27272,6,9,GSM674228,train,smoker
GSE27272,6,9,GSM674229,train,non_smoker
GSE27272,6,9,GSM674230,train,non_smoker
GSE27272,6,9,GSM674231,train,non_smoker
GSE27272,6,9,GSM674233,train,smoker
GSE27272,6,9,GSM674234,train,non_smoker
GSE27272,6,9,GSM674235,train,non_smoker
GSE27272,6,9,GSM674236,train,non_smoker
GSE27272,6,9,GSM674237,train,non_smoker
GSE27272,6,9,GSM674238,train,smoker
GSE27272,6,9,GSM674239,train,non_smoker
GSE27272,6,9,GSM674240,train,non_smoker
GSE27272,6,9,GSM674241,train,smoker
GSE27272,6,9,GSM674242,train,non_smoker
GSE27272,6,9,GSM674243,train,non_smoker
GSE27272,6,9,GSM674282,train,non_smoker
GSE27272,6,9,GSM674283,train,smoker
GSE27272,6,9,GSM674284,train,non_smoker
GSE27272,6,9,GSM674285,train,non_smoker
GSE27272,6,9,GSM674286,train,smoker
GSE27272,6,9,GSM674287,train,non_smoker
GSE27272,6,9,GSM674288,train,non_smoker
GSE27272,6,9,GSM674289,train,non_smoker
GSE27272,6,9,GSM674290,train,non_smoker
GSE27272,6,9,GSM674291,train,non_smoker
GSE27272,6,9,GSM674292,train,non_smoker
GSE27272,6,9,GSM674293,train,smoker
GSE27272,6,9,GSM674294,train,smoker
GSE27272,6,9,GSM674295,train,non_smoker
GSE27272,6,9,GSM674297,train,non_smoker
GSE27272,6,9,GSM674298,train,non_smoker
GSE27272,6,9,GSM674299,train,non_smoker
GSE27272,6,9,GSM674300,train,non_smoker
GSE27272,6,9,GSM674301,train,non_smoker
GSE27272,6,9,GSM674303,train,smoker
GSE27272,6,9,GSM674304,train,non_smoker
GSE27272,6,9,GSM674305,train,non_smoker
GSE27272,6,9,GSM674307,train,smoker
GSE27272,6,9,GSM674308,train,non_smoker
GSE27272,6,9,GSM674309,train,non_smoker
GSE27272,6,9,GSM674310,train,smoker
GSE27272,6,9,GSM674311,train,smoker
GSE27272,6,9,GSM674312,train,smoker
GSE27272,6,9,GSM674313,train,non_smoker
GSE27272,6,9,GSM674314,train,non_smoker
GSE27272,6,9,GSM674315,train,non_smoker
GSE27272,6,9,GSM674316,train,non_smoker
GSE27272,6,9,GSM674317,train,smoker
GSE27272,6,9,GSM674318,train,non_smoker
GSE27272,6,9,GSM674319,train,smoker
GSE27272,6,9,GSM674320,train,non_smoker
GSE27272,6,9,GSM674321,train,smoker
GSE27272,6,9,GSM674322,train,smoker
GSE27272,6,9,GSM674323,train,non_smoker
GSE27272,6,9,GSM674324,train,non_smoker
GSE27272,6,9,GSM674325,train,non_smoker
GSE27272,6,9,GSM674326,train,smoker
GSE27272,6,9,GSM674327,train,non_smoker
GSE27272,6,9,GSM674328,train,non_smoker
GSE27272,6,9,GSM674329,train,smoker
GSE27272,6,9,GSM674330,train,non_smoker
GSE27272,6,9,GSM674331,train,non_smoker
GSE27272,6,9,GSM674332,train,non_smoker
GSE27272,6,9,GSM674333,train,smoker
GSE27272,6,9,GSM674334,train,non_smoker
GSE27272,6,9,GSM674335,train,non_smoker
GSE27272,6,9,GSM674344,train,non_smoker
GSE27272,6,9,GSM674345,train,smoker
GSE27272,6,9,GSM674346,train,non_smoker
GSE27272,6,9,GSM674347,train,non_smoker
GSE27272,6,9,GSM674348,train,non_smoker
GSE27272,6,9,GSM674349,train,non_smoker
GSE27272,6,9,GSM674350,train,non_smoker
GSE27272,6,9,GSM674351,train,smoker
GSE27272,6,9,GSM674352,train,smoker
GSE27272,6,9,GSM674353,train,non_smoker
GSE27272,6,9,GSM674355,train,non_smoker
GSE27272,6,9,GSM674356,train,non_smoker
GSE27272,6,9,GSM674357,train,non_smoker
GSE27272,6,9,GSM674358,train,non_smoker
GSE27272,6,9,GSM674359,train,smoker
GSE27272,6,9,GSM674360,train,smoker
GSE27272,6,9,GSM674361,train,non_smoker
GSE27272,6,9,GSM674362,train,smoker
GSE27272,6,9,GSM674363,train,non_smoker
GSE27272,6,9,GSM674364,train,non_smoker
GSE27272,6,9,GSM674365,train,non_smoker
GSE27272,6,9,GSM674366,train,non_smoker
GSE27272,6,9,GSM674367,train,non_smoker
GSE27272,6,9,GSM674368,train,non_smoker
GSE27272,6,9,GSM674369,train,smoker
GSE27272,6,9,GSM674370,train,non_smoker
GSE27272,6,9,GSM674371,train,non_smoker
GSE27272,6,9,GSM674373,train,non_smoker
GSE27272,6,9,GSM674374,train,smoker
GSE27272,6,9,GSM674375,train,non_smoker
GSE27272,6,9,GSM674376,train,smoker
GSE27272,6,9,GSM674377,train,smoker
GSE27272,6,9,GSM674378,train,smoker
GSE27272,6,9,GSM674380,train,non_smoker
GSE27272,6,9,GSM674381,train,non_smoker
GSE27272,6,9,GSM674382,train,non_smoker
GSE27272,6,9,GSM674384,train,non_smoker
GSE27272,6,9,GSM674385,train,non_smoker
GSE27272,6,9,GSM674386,train,smoker
GSE27272,6,9,GSM674387,train,smoker
GSE27272,6,9,GSM674388,train,non_smoker
GSE27272,6,9,GSM674389,train,non_smoker
GSE27272,6,9,GSM674390,train,non_smoker
GSE27272,6,9,GSM674392,train,smoker
GSE27272,6,9,GSM674393,train,non_smoker
GSE27272,6,9,GSM674394,train,non_smoker
GSE27272,6,9,GSM674395,train,non_smoker
GSE27272,6,9,GSM674396,train,smoker
GSE27272,6,9,GSM674397,train,non_smoker
GSE27272,6,9,GSM674398,train,non_smoker
GSE27272,6,9,GSM674399,train,smoker
GSE27272,6,9,GSM674400,train,non_smoker
GSE27272,6,9,GSM674401,train,non_smoker
GSE27272,6,9,GSM674402,train,non_smoker
GSE27272,6,9,GSM674403,train,non_smoker
GSE27272,6,9,GSM674404,train,smoker
GSE27272,6,9,GSM674405,train,non_smoker
GSE27272,6,9,GSM674406,train,non_smoker
GSE27272,6,9,GSM674407,train,non_smoker
GSE27272,6,9,GSM674183,test,non_smoker
GSE27272,6,9,GSM674185,test,non_smoker
GSE27272,6,9,GSM674198,test,non_smoker
GSE27272,6,9,GSM674199,test,smoker
GSE27272,6,9,GSM674222,test,smoker
GSE27272,6,9,GSM674226,test,non_smoker
GSE27272,6,9,GSM674232,test,non_smoker
GSE27272,6,9,GSM674244,test,non_smoker
GSE27272,6,9,GSM674245,test,non_smoker
GSE27272,6,9,GSM674296,test,smoker
GSE27272,6,9,GSM674302,test,non_smoker
GSE27272,6,9,GSM674306,test,non_smoker
GSE27272,6,9,GSM674354,test,non_smoker
GSE27272,6,9,GSM674372,test,smoker
GSE27272,6,9,GSM674379,test,non_smoker
GSE27272,6,9,GSM674383,test,smoker
GSE27272,6,9,GSM674391,test,non_smoker
GSE27272,6,10,GSM674181,train,non_smoker
GSE27272,6,10,GSM674182,train,smoker
GSE27272,6,10,GSM674183,train,non_smoker
GSE27272,6,10,GSM674184,train,non_smoker
GSE27272,6,10,GSM674185,train,non_smoker
GSE27272,6,10,GSM674186,train,non_smoker
GSE27272,6,10,GSM674187,train,non_smoker
GSE27272,6,10,GSM674188,train,smoker
GSE27272,6,10,GSM674189,train,smoker
GSE27272,6,10,GSM674190,train,non_smoker
GSE27272,6,10,GSM674191,train,non_smoker
GSE27272,6,10,GSM674192,train,non_smoker
GSE27272,6,10,GSM674193,train,non_smoker
GSE27272,6,10,GSM674194,train,non_smoker
GSE27272,6,10,GSM674195,train,non_smoker
GSE27272,6,10,GSM674196,train,smoker
GSE27272,6,10,GSM674197,train,smoker
GSE27272,6,10,GSM674198,train,non_smoker
GSE27272,6,10,GSM674199,train,smoker
GSE27272,6,10,GSM674200,train,non_smoker
GSE27272,6,10,GSM674201,train,non_smoker
GSE27272,6,10,GSM674202,train,non_smoker
GSE27272,6,10,GSM674203,train,non_smoker
GSE27272,6,10,GSM674206,train,non_smoker
GSE27272,6,10,GSM674207,train,smoker
GSE27272,6,10,GSM674208,train,non_smoker
GSE27272,6,10,GSM674210,train,non_smoker
GSE27272,6,10,GSM674211,train,smoker
GSE27272,6,10,GSM674212,train,non_smoker
GSE27272,6,10,GSM674213,train,smoker
GSE27272,6,10,GSM674214,train,non_smoker
GSE27272,6,10,GSM674215,train,smoker
GSE27272,6,10,GSM674216,train,smoker
GSE27272,6,10,GSM674217,train,smoker
GSE27272,6,10,GSM674218,train,non_smoker
GSE27272,6,10,GSM674219,train,non_smoker
GSE27272,6,10,GSM674220,train,non_smoker
GSE27272,6,10,GSM674221,train,non_smoker
GSE27272,6,10,GSM674222,train,smoker
GSE27272,6,10,GSM674223,train,non_smoker
GSE27272,6,10,GSM674224,train,smoker
GSE27272,6,10,GSM674225,train,non_smoker
GSE27272,6,10,GSM674226,train,non_smoker
GSE27272,6,10,GSM674227,train,smoker
GSE27272,6,10,GSM674228,train,smoker
GSE27272,6,10,GSM674230,train,non_smoker
GSE27272,6,10,GSM674231,train,non_smoker
GSE27272,6,10,GSM674232,train,non_smoker
GSE27272,6,10,GSM674234,train,non_smoker
GSE27272,6,10,GSM674235,train,non_smoker
GSE27272,6,10,GSM674236,train,non_smoker
GSE27272,6,10,GSM674237,train,non_smoker
GSE27272,6,10,GSM674238,train,smoker
GSE27272,6,10,GSM674239,train,non_smoker
GSE27272,6,10,GSM674240,train,non_smoker
GSE27272,6,10,GSM674241,train,smoker
GSE27272,6,10,GSM674242,train,non_smoker
GSE27272,6,10,GSM674243,train,non_smoker
GSE27272,6,10,GSM674244,train,non_smoker
GSE27272,6,10,GSM674245,train,non_smoker
GSE27272,6,10,GSM674282,train,non_smoker
GSE27272,6,10,GSM674283,train,smoker
GSE27272,6,10,GSM674284,train,non_smoker
GSE27272,6,10,GSM674285,train,non_smoker
GSE27272,6,10,GSM674286,train,smoker
GSE27272,6,10,GSM674287,train,non_smoker
GSE27272,6,10,GSM674288,train,non_smoker
GSE27272,6,10,GSM674289,train,non_smoker
GSE27272,6,10,GSM674290,train,non_smoker
GSE27272,6,10,GSM674292,train,non_smoker
GSE27272,6,10,GSM674294,train,smoker
GSE27272,6,10,GSM674295,train,non_smoker
GSE27272,6,10,GSM674296,train,smoker
GSE27272,6,10,GSM674297,train,non_smoker
GSE27272,6,10,GSM674298,train,non_smoker
GSE27272,6,10,GSM674299,train,non_smoker
GSE27272,6,10,GSM674300,train,non_smoker
GSE27272,6,10,GSM674301,train,non_smoker
GSE27272,6,10,GSM674302,train,non_smoker
GSE27272,6,10,GSM674303,train,smoker
GSE27272,6,10,GSM674304,train,non_smoker
GSE27272,6,10,GSM674305,train,non_smoker
GSE27272,6,10,GSM674306,train,non_smoker
GSE27272,6,10,GSM674307,train,smoker
GSE27272,6,10,GSM674308,train,non_smoker
GSE27272,6,10,GSM674309,train,non_smoker
GSE27272,6,10,GSM674310,train,smoker
GSE27272,6,10,GSM674311,train,smoker
GSE27272,6,10,GSM674312,train,smoker
GSE27272,6,10,GSM674313,train,non_smoker
GSE27272,6,10,GSM674314,train,non_smoker
GSE27272,6,10,GSM674315,train,non_smoker
GSE27272,6,10,GSM674316,train,non_smoker
GSE27272,6,10,GSM674317,train,smoker
GSE27272,6,10,GSM674318,train,non_smoker
GSE27272,6,10,GSM674320,train,non_smoker
GSE27272,6,10,GSM674321,train,smoker
GSE27272,6,10,GSM674322,train,smoker
GSE27272,6,10,GSM674323,train,non_smoker
GSE27272,6,10,GSM674324,train,non_smoker
GSE27272,6,10,GSM674325,train,non_smoker
GSE27272,6,10,GSM674326,train,smoker
GSE27272,6,10,GSM674327,train,non_smoker
GSE27272,6,10,GSM674328,train,non_smoker
GSE27272,6,10,GSM674330,train,non_smoker
GSE27272,6,10,GSM674331,train,non_smoker
GSE27272,6,10,GSM674332,train,non_smoker
GSE27272,6,10,GSM674333,train,smoker
GSE27272,6,10,GSM674334,train,non_smoker
GSE27272,6,10,GSM674335,train,non_smoker
GSE27272,6,10,GSM674344,train,non_smoker
GSE27272,6,10,GSM674345,train,smoker
GSE27272,6,10,GSM674346,train,non_smoker
GSE27272,6,10,GSM674347,train,non_smoker
GSE27272,6,10,GSM674348,train,non_smoker
GSE27272,6,10,GSM674349,train,non_smoker
GSE27272,6,10,GSM674350,train,non_smoker
GSE27272,6,10,GSM674352,train,smoker
GSE27272,6,10,GSM674353,train,non_smoker
GSE27272,6,10,GSM674354,train,non_smoker
GSE27272,6,10,GSM674355,train,non_smoker
GSE27272,6,10,GSM674356,train,non_smoker
GSE27272,6,10,GSM674357,train,non_smoker
GSE27272,6,10,GSM674358,train,non_smoker
GSE27272,6,10,GSM674359,train,smoker
GSE27272,6,10,GSM674360,train,smoker
GSE27272,6,10,GSM674361,train,non_smoker
GSE27272,6,10,GSM674362,train,smoker
GSE27272,6,10,GSM674365,train,non_smoker
GSE27272,6,10,GSM674366,train,non_smoker
GSE27272,6,10,GSM674367,train,non_smoker
GSE27272,6,10,GSM674368,train,non_smoker
GSE27272,6,10,GSM674369,train,smoker
GSE27272,6,10,GSM674370,train,non_smoker
GSE27272,6,10,GSM674371,train,non_smoker
GSE27272,6,10,GSM674372,train,smoker
GSE27272,6,10,GSM674374,train,smoker
GSE27272,6,10,GSM674376,train,smoker
GSE27272,6,10,GSM674377,train,smoker
GSE27272,6,10,GSM674378,train,smoker
GSE27272,6,10,GSM674379,train,non_smoker
GSE27272,6,10,GSM674380,train,non_smoker
GSE27272,6,10,GSM674381,train,non_smoker
GSE27272,6,10,GSM674382,train,non_smoker
GSE27272,6,10,GSM674383,train,smoker
GSE27272,6,10,GSM674384,train,non_smoker
GSE27272,6,10,GSM674385,train,non_smoker
GSE27272,6,10,GSM674386,train,smoker
GSE27272,6,10,GSM674387,train,smoker
GSE27272,6,10,GSM674389,train,non_smoker
GSE27272,6,10,GSM674390,train,non_smoker
GSE27272,6,10,GSM674391,train,non_smoker
GSE27272,6,10,GSM674392,train,smoker
GSE27272,6,10,GSM674393,train,non_smoker
GSE27272,6,10,GSM674394,train,non_smoker
GSE27272,6,10,GSM674395,train,non_smoker
GSE27272,6,10,GSM674396,train,smoker
GSE27272,6,10,GSM674397,train,non_smoker
GSE27272,6,10,GSM674398,train,non_smoker
GSE27272,6,10,GSM674399,train,smoker
GSE27272,6,10,GSM674400,train,non_smoker
GSE27272,6,10,GSM674402,train,non_smoker
GSE27272,6,10,GSM674403,train,non_smoker
GSE27272,6,10,GSM674404,train,smoker
GSE27272,6,10,GSM674405,train,non_smoker
GSE27272,6,10,GSM674407,train,non_smoker
GSE27272,6,10,GSM674204,test,non_smoker
GSE27272,6,10,GSM674205,test,non_smoker
GSE27272,6,10,GSM674209,test,non_smoker
GSE27272,6,10,GSM674229,test,non_smoker
GSE27272,6,10,GSM674233,test,smoker
GSE27272,6,10,GSM674291,test,non_smoker
GSE27272,6,10,GSM674293,test,smoker
GSE27272,6,10,GSM674319,test,smoker
GSE27272,6,10,GSM674329,test,smoker
GSE27272,6,10,GSM674351,test,smoker
GSE27272,6,10,GSM674363,test,non_smoker
GSE27272,6,10,GSM674364,test,non_smoker
GSE27272,6,10,GSM674373,test,non_smoker
GSE27272,6,10,GSM674375,test,non_smoker
GSE27272,6,10,GSM674388,test,non_smoker
GSE27272,6,10,GSM674401,test,non_smoker
GSE27272,6,10,GSM674406,test,non_smoker
GSE27272,7,1,GSM674181,train,non_smoker
GSE27272,7,1,GSM674182,train,smoker
GSE27272,7,1,GSM674183,train,non_smoker
GSE27272,7,1,GSM674184,train,non_smoker
GSE27272,7,1,GSM674185,train,non_smoker
GSE27272,7,1,GSM674186,train,non_smoker
GSE27272,7,1,GSM674187,train,non_smoker
GSE27272,7,1,GSM674188,train,smoker
GSE27272,7,1,GSM674189,train,smoker
GSE27272,7,1,GSM674190,train,non_smoker
GSE27272,7,1,GSM674193,train,non_smoker
GSE27272,7,1,GSM674194,train,non_smoker
GSE27272,7,1,GSM674195,train,non_smoker
GSE27272,7,1,GSM674196,train,smoker
GSE27272,7,1,GSM674197,train,smoker
GSE27272,7,1,GSM674198,train,non_smoker
GSE27272,7,1,GSM674199,train,smoker
GSE27272,7,1,GSM674200,train,non_smoker
GSE27272,7,1,GSM674201,train,non_smoker
GSE27272,7,1,GSM674202,train,non_smoker
GSE27272,7,1,GSM674203,train,non_smoker
GSE27272,7,1,GSM674204,train,non_smoker
GSE27272,7,1,GSM674205,train,non_smoker
GSE27272,7,1,GSM674206,train,non_smoker
GSE27272,7,1,GSM674207,train,smoker
GSE27272,7,1,GSM674208,train,non_smoker
GSE27272,7,1,GSM674210,train,non_smoker
GSE27272,7,1,GSM674211,train,smoker
GSE27272,7,1,GSM674213,train,smoker
GSE27272,7,1,GSM674214,train,non_smoker
GSE27272,7,1,GSM674215,train,smoker
GSE27272,7,1,GSM674216,train,smoker
GSE27272,7,1,GSM674218,train,non_smoker
GSE27272,7,1,GSM674219,train,non_smoker
GSE27272,7,1,GSM674220,train,non_smoker
GSE27272,7,1,GSM674221,train,non_smoker
GSE27272,7,1,GSM674223,train,non_smoker
GSE27272,7,1,GSM674224,train,smoker
GSE27272,7,1,GSM674225,train,non_smoker
GSE27272,7,1,GSM674226,train,non_smoker
GSE27272,7,1,GSM674227,train,smoker
GSE27272,7,1,GSM674228,train,smoker
GSE27272,7,1,GSM674230,train,non_smoker
GSE27272,7,1,GSM674231,train,non_smoker
GSE27272,7,1,GSM674232,train,non_smoker
GSE27272,7,1,GSM674233,train,smoker
GSE27272,7,1,GSM674234,train,non_smoker
GSE27272,7,1,GSM674235,train,non_smoker
GSE27272,7,1,GSM674236,train,non_smoker
GSE27272,7,1,GSM674237,train,non_smoker
GSE27272,7,1,GSM674238,train,smoker
GSE27272,7,1,GSM674239,train,non_smoker
GSE27272,7,1,GSM674240,train,non_smoker
GSE27272,7,1,GSM674241,train,smoker
GSE27272,7,1,GSM674242,train,non_smoker
GSE27272,7,1,GSM674243,train,non_smoker
GSE27272,7,1,GSM674244,train,non_smoker
GSE27272,7,1,GSM674245,train,non_smoker
GSE27272,7,1,GSM674282,train,non_smoker
GSE27272,7,1,GSM674283,train,smoker
GSE27272,7,1,GSM674284,train,non_smoker
GSE27272,7,1,GSM674285,train,non_smoker
GSE27272,7,1,GSM674286,train,smoker
GSE27272,7,1,GSM674288,train,non_smoker
GSE27272,7,1,GSM674289,train,non_smoker
GSE27272,7,1,GSM674290,train,non_smoker
GSE27272,7,1,GSM674291,train,non_smoker
GSE27272,7,1,GSM674292,train,non_smoker
GSE27272,7,1,GSM674293,train,smoker
GSE27272,7,1,GSM674294,train,smoker
GSE27272,7,1,GSM674295,train,non_smoker
GSE27272,7,1,GSM674296,train,smoker
GSE27272,7,1,GSM674297,train,non_smoker
GSE27272,7,1,GSM674298,train,non_smoker
GSE27272,7,1,GSM674299,train,non_smoker
GSE27272,7,1,GSM674300,train,non_smoker
GSE27272,7,1,GSM674301,train,non_smoker
GSE27272,7,1,GSM674302,train,non_smoker
GSE27272,7,1,GSM674303,train,smoker
GSE27272,7,1,GSM674307,train,smoker
GSE27272,7,1,GSM674308,train,non_smoker
GSE27272,7,1,GSM674309,train,non_smoker
GSE27272,7,1,GSM674310,train,smoker
GSE27272,7,1,GSM674311,train,smoker
GSE27272,7,1,GSM674312,train,smoker
GSE27272,7,1,GSM674313,train,non_smoker
GSE27272,7,1,GSM674314,train,non_smoker
GSE27272,7,1,GSM674315,train,non_smoker
GSE27272,7,1,GSM674316,train,non_smoker
GSE27272,7,1,GSM674318,train,non_smoker
GSE27272,7,1,GSM674319,train,smoker
GSE27272,7,1,GSM674320,train,non_smoker
GSE27272,7,1,GSM674321,train,smoker
GSE27272,7,1,GSM674322,train,smoker
GSE27272,7,1,GSM674323,train,non_smoker
GSE27272,7,1,GSM674324,train,non_smoker
GSE27272,7,1,GSM674325,train,non_smoker
GSE27272,7,1,GSM674326,train,smoker
GSE27272,7,1,GSM674328,train,non_smoker
GSE27272,7,1,GSM674329,train,smoker
GSE27272,7,1,GSM674330,train,non_smoker
GSE27272,7,1,GSM674331,train,non_smoker
GSE27272,7,1,GSM674333,train,smoker
GSE27272,7,1,GSM674334,train,non_smoker
GSE27272,7,1,GSM674335,train,non_smoker
GSE27272,7,1,GSM674344,train,non_smoker
GSE27272,7,1,GSM674346,train,non_smoker
GSE27272,7,1,GSM674347,train,non_smoker
GSE27272,7,1,GSM674348,train,non_smoker
GSE27272,7,1,GSM674349,train,non_smoker
GSE27272,7,1,GSM674350,train,non_smoker
GSE27272,7,1,GSM674351,train,smoker
GSE27272,7,1,GSM674352,train,smoker
GSE27272,7,1,GSM674353,train,non_smoker
GSE27272,7,1,GSM674354,train,non_smoker
GSE27272,7,1,GSM674355,train,non_smoker
GSE27272,7,1,GSM674356,train,non_smoker
GSE27272,7,1,GSM674357,train,non_smoker
GSE27272,7,1,GSM674358,train,non_smoker
GSE27272,7,1,GSM674359,train,smoker
GSE27272,7,1,GSM674360,train,smoker
GSE27272,7,1,GSM674361,train,non_smoker
GSE27272,7,1,GSM674362,train,smoker
GSE27272,7,1,GSM674363,train,non_smoker
GSE27272,7,1,GSM674364,train,non_smoker
GSE27272,7,1,GSM674365,train,non_smoker
GSE27272,7,1,GSM674366,train,non_smoker
GSE27272,7,1,GSM674367,train,non_smoker
GSE27272,7,1,GSM674368,train,non_smoker
GSE27272,7,1,GSM674369,train,smoker
GSE27272,7,1,GSM674370,train,non_smoker
GSE27272,7,1,GSM674371,train,non_smoker
GSE27272,7,1,GSM674372,train,smoker
GSE27272,7,1,GSM674373,train,non_smoker
GSE27272,7,1,GSM674375,train,non_smoker
GSE27272,7,1,GSM674376,train,smoker
GSE27272,7,1,GSM674377,train,smoker
GSE27272,7,1,GSM674378,train,smoker
GSE27272,7,1,GSM674379,train,non_smoker
GSE27272,7,1,GSM674380,train,non_smoker
GSE27272,7,1,GSM674381,train,non_smoker
GSE27272,7,1,GSM674382,train,non_smoker
GSE27272,7,1,GSM674383,train,smoker
GSE27272,7,1,GSM674384,train,non_smoker
GSE27272,7,1,GSM674385,train,non_smoker
GSE27272,7,1,GSM674387,train,smoker
GSE27272,7,1,GSM674388,train,non_smoker
GSE27272,7,1,GSM674389,train,non_smoker
GSE27272,7,1,GSM674390,train,non_smoker
GSE27272,7,1,GSM674391,train,non_smoker
GSE27272,7,1,GSM674392,train,smoker
GSE27272,7,1,GSM674393,train,non_smoker
GSE27272,7,1,GSM674395,train,non_smoker
GSE27272,7,1,GSM674396,train,smoker
GSE27272,7,1,GSM674397,train,non_smoker
GSE27272,7,1,GSM674398,train,non_smoker
GSE27272,7,1,GSM674399,train,smoker
GSE27272,7,1,GSM674400,train,non_smoker
GSE27272,7,1,GSM674401,train,non_smoker
GSE27272,7,1,GSM674402,train,non_smoker
GSE27272,7,1,GSM674403,train,non_smoker
GSE27272,7,1,GSM674404,train,smoker
GSE27272,7,1,GSM674405,train,non_smoker
GSE27272,7,1,GSM674407,train,non_smoker
GSE27272,7,1,GSM674191,test,non_smoker
GSE27272,7,1,GSM674192,test,non_smoker
GSE27272,7,1,GSM674209,test,non_smoker
GSE27272,7,1,GSM674212,test,non_smoker
GSE27272,7,1,GSM674217,test,smoker
GSE27272,7,1,GSM674222,test,smoker
GSE27272,7,1,GSM674229,test,non_smoker
GSE27272,7,1,GSM674287,test,non_smoker
GSE27272,7,1,GSM674304,test,non_smoker
GSE27272,7,1,GSM674305,test,non_smoker
GSE27272,7,1,GSM674306,test,non_smoker
GSE27272,7,1,GSM674317,test,smoker
GSE27272,7,1,GSM674327,test,non_smoker
GSE27272,7,1,GSM674332,test,non_smoker
GSE27272,7,1,GSM674345,test,smoker
GSE27272,7,1,GSM674374,test,smoker
GSE27272,7,1,GSM674386,test,smoker
GSE27272,7,1,GSM674394,test,non_smoker
GSE27272,7,1,GSM674406,test,non_smoker
GSE27272,7,2,GSM674181,train,non_smoker
GSE27272,7,2,GSM674182,train,smoker
GSE27272,7,2,GSM674183,train,non_smoker
GSE27272,7,2,GSM674184,train,non_smoker
GSE27272,7,2,GSM674185,train,non_smoker
GSE27272,7,2,GSM674186,train,non_smoker
GSE27272,7,2,GSM674187,train,non_smoker
GSE27272,7,2,GSM674188,train,smoker
GSE27272,7,2,GSM674189,train,smoker
GSE27272,7,2,GSM674190,train,non_smoker
GSE27272,7,2,GSM674191,train,non_smoker
GSE27272,7,2,GSM674192,train,non_smoker
GSE27272,7,2,GSM674193,train,non_smoker
GSE27272,7,2,GSM674194,train,non_smoker
GSE27272,7,2,GSM674195,train,non_smoker
GSE27272,7,2,GSM674196,train,smoker
GSE27272,7,2,GSM674197,train,smoker
GSE27272,7,2,GSM674198,train,non_smoker
GSE27272,7,2,GSM674199,train,smoker
GSE27272,7,2,GSM674200,train,non_smoker
GSE27272,7,2,GSM674201,train,non_smoker
GSE27272,7,2,GSM674202,train,non_smoker
GSE27272,7,2,GSM674203,train,non_smoker
GSE27272,7,2,GSM674204,train,non_smoker
GSE27272,7,2,GSM674205,train,non_smoker
GSE27272,7,2,GSM674206,train,non_smoker
GSE27272,7,2,GSM674207,train,smoker
GSE27272,7,2,GSM674208,train,non_smoker
GSE27272,7,2,GSM674209,train,non_smoker
GSE27272,7,2,GSM674210,train,non_smoker
GSE27272,7,2,GSM674211,train,smoker
GSE27272,7,2,GSM674212,train,non_smoker
GSE27272,7,2,GSM674213,train,smoker
GSE27272,7,2,GSM674215,train,smoker
GSE27272,7,2,GSM674216,train,smoker
GSE27272,7,2,GSM674217,train,smoker
GSE27272,7,2,GSM674218,train,non_smoker
GSE27272,7,2,GSM674219,train,non_smoker
GSE27272,7,2,GSM674220,train,non_smoker
GSE27272,7,2,GSM674221,train,non_smoker
GSE27272,7,2,GSM674222,train,smoker
GSE27272,7,2,GSM674223,train,non_smoker
GSE27272,7,2,GSM674224,train,smoker
GSE27272,7,2,GSM674225,train,non_smoker
GSE27272,7,2,GSM674226,train,non_smoker
GSE27272,7,2,GSM674227,train,smoker
GSE27272,7,2,GSM674228,train,smoker
GSE27272,7,2,GSM674229,train,non_smoker
GSE27272,7,2,GSM674231,train,non_smoker
GSE27272,7,2,GSM674232,train,non_smoker
GSE27272,7,2,GSM674233,train,smoker
GSE27272,7,2,GSM674234,train,non_smoker
GSE27272,7,2,GSM674235,train,non_smoker
GSE27272,7,2,GSM674236,train,non_smoker
GSE27272,7,2,GSM674238,train,smoker
GSE27272,7,2,GSM674239,train,non_smoker
GSE27272,7,2,GSM674240,train,non_smoker
GSE27272,7,2,GSM674241,train,smoker
GSE27272,7,2,GSM674243,train,non_smoker
GSE27272,7,2,GSM674245,train,non_smoker
GSE27272,7,2,GSM674282,train,non_smoker
GSE27272,7,2,GSM674283,train,smoker
GSE27272,7,2,GSM674284,train,non_smoker
GSE27272,7,2,GSM674285,train,non_smoker
GSE27272,7,2,GSM674286,train,smoker
GSE27272,7,2,GSM674287,train,non_smoker
GSE27272,7,2,GSM674288,train,non_smoker
GSE27272,7,2,GSM674289,train,non_smoker
GSE27272,7,2,GSM674290,train,non_smoker
GSE27272,7,2,GSM674291,train,non_smoker
GSE27272,7,2,GSM674292,train,non_smoker
GSE27272,7,2,GSM674293,train,smoker
GSE27272,7,2,GSM674294,train,smoker
GSE27272,7,2,GSM674295,train,non_smoker
GSE27272,7,2,GSM674296,train,smoker
GSE27272,7,2,GSM674297,train,non_smoker
GSE27272,7,2,GSM674298,train,non_smoker
GSE27272,7,2,GSM674299,train,non_smoker
GSE27272,7,2,GSM674300,train,non_smoker
GSE27272,7,2,GSM674301,train,non_smoker
GSE27272,7,2,GSM674302,train,non_smoker
GSE27272,7,2,GSM674303,train,smoker
GSE27272,7,2,GSM674304,train,non_smoker
GSE27272,7,2,GSM674305,train,non_smoker
GSE27272,7,2,GSM674306,train,non_smoker
GSE27272,7,2,GSM674307,train,smoker
GSE27272,7,2,GSM674308,train,non_smoker
GSE27272,7,2,GSM674309,train,non_smoker
GSE27272,7,2,GSM674311,train,smoker
GSE27272,7,2,GSM674312,train,smoker
GSE27272,7,2,GSM674313,train,non_smoker
GSE27272,7,2,GSM674314,train,non_smoker
GSE27272,7,2,GSM674316,train,non_smoker
GSE27272,7,2,GSM674317,train,smoker
GSE27272,7,2,GSM674318,train,non_smoker
GSE27272,7,2,GSM674319,train,smoker
GSE27272,7,2,GSM674320,train,non_smoker
GSE27272,7,2,GSM674321,train,smoker
GSE27272,7,2,GSM674322,train,smoker
GSE27272,7,2,GSM674323,train,non_smoker
GSE27272,7,2,GSM674324,train,non_smoker
GSE27272,7,2,GSM674325,train,non_smoker
GSE27272,7,2,GSM674326,train,smoker
GSE27272,7,2,GSM674327,train,non_smoker
GSE27272,7,2,GSM674328,train,non_smoker
GSE27272,7,2,GSM674329,train,smoker
GSE27272,7,2,GSM674330,train,non_smoker
GSE27272,7,2,GSM674331,train,non_smoker
GSE27272,7,2,GSM674332,train,non_smoker
GSE27272,7,2,GSM674344,train,non_smoker
GSE27272,7,2,GSM674345,train,smoker
GSE27272,7,2,GSM674346,train,non_smoker
GSE27272,7,2,GSM674347,train,non_smoker
GSE27272,7,2,GSM674348,train,non_smoker
GSE27272,7,2,GSM674349,train,non_smoker
GSE27272,7,2,GSM674350,train,non_smoker
GSE27272,7,2,GSM674351,train,smoker
GSE27272,7,2,GSM674352,train,smoker
GSE27272,7,2,GSM674353,train,non_smoker
GSE27272,7,2,GSM674354,train,non_smoker
GSE27272,7,2,GSM674355,train,non_smoker
GSE27272,7,2,GSM674356,train,non_smoker
GSE27272,7,2,GSM674357,train,non_smoker
GSE27272,7,2,GSM674358,train,non_smoker
GSE27272,7,2,GSM674359,train,smoker
GSE27272,7,2,GSM674360,train,smoker
GSE27272,7,2,GSM674361,train,non_smoker
GSE27272,7,2,GSM674362,train,smoker
GSE27272,7,2,GSM674363,train,non_smoker
GSE27272,7,2,GSM674364,train,non_smoker
GSE27272,7,2,GSM674365,train,non_smoker
GSE27272,7,2,GSM674367,train,non_smoker
GSE27272,7,2,GSM674368,train,non_smoker
GSE27272,7,2,GSM674369,train,smoker
GSE27272,7,2,GSM674370,train,non_smoker
GSE27272,7,2,GSM674371,train,non_smoker
GSE27272,7,2,GSM674372,train,smoker
GSE27272,7,2,GSM674374,train,smoker
GSE27272,7,2,GSM674375,train,non_smoker
GSE27272,7,2,GSM674376,train,smoker
GSE27272,7,2,GSM674380,train,non_smoker
GSE27272,7,2,GSM674381,train,non_smoker
GSE27272,7,2,GSM674382,train,non_smoker
GSE27272,7,2,GSM674384,train,non_smoker
GSE27272,7,2,GSM674385,train,non_smoker
GSE27272,7,2,GSM674386,train,smoker
GSE27272,7,2,GSM674387,train,smoker
GSE27272,7,2,GSM674388,train,non_smoker
GSE27272,7,2,GSM674389,train,non_smoker
GSE27272,7,2,GSM674390,train,non_smoker
GSE27272,7,2,GSM674391,train,non_smoker
GSE27272,7,2,GSM674392,train,smoker
GSE27272,7,2,GSM674393,train,non_smoker
GSE27272,7,2,GSM674394,train,non_smoker
GSE27272,7,2,GSM674395,train,non_smoker
GSE27272,7,2,GSM674397,train,non_smoker
GSE27272,7,2,GSM674399,train,smoker
GSE27272,7,2,GSM674400,train,non_smoker
GSE27272,7,2,GSM674401,train,non_smoker
GSE27272,7,2,GSM674402,train,non_smoker
GSE27272,7,2,GSM674403,train,non_smoker
GSE27272,7,2,GSM674404,train,smoker
GSE27272,7,2,GSM674405,train,non_smoker
GSE27272,7,2,GSM674406,train,non_smoker
GSE27272,7,2,GSM674214,test,non_smoker
GSE27272,7,2,GSM674230,test,non_smoker
GSE27272,7,2,GSM674237,test,non_smoker
GSE27272,7,2,GSM674242,test,non_smoker
GSE27272,7,2,GSM674244,test,non_smoker
GSE27272,7,2,GSM674310,test,smoker
GSE27272,7,2,GSM674315,test,non_smoker
GSE27272,7,2,GSM674333,test,smoker
GSE27272,7,2,GSM674334,test,non_smoker
GSE27272,7,2,GSM674335,test,non_smoker
GSE27272,7,2,GSM674366,test,non_smoker
GSE27272,7,2,GSM674373,test,non_smoker
GSE27272,7,2,GSM674377,test,smoker
GSE27272,7,2,GSM674378,test,smoker
GSE27272,7,2,GSM674379,test,non_smoker
GSE27272,7,2,GSM674383,test,smoker
GSE27272,7,2,GSM674396,test,smoker
GSE27272,7,2,GSM674398,test,non_smoker
GSE27272,7,2,GSM674407,test,non_smoker
GSE27272,7,3,GSM674181,train,non_smoker
GSE27272,7,3,GSM674182,train,smoker
GSE27272,7,3,GSM674183,train,non_smoker
GSE27272,7,3,GSM674184,train,non_smoker
GSE27272,7,3,GSM674185,train,non_smoker
GSE27272,7,3,GSM674186,train,non_smoker
GSE27272,7,3,GSM674187,train,non_smoker
GSE27272,7,3,GSM674188,train,smoker
GSE27272,7,3,GSM674189,train,smoker
GSE27272,7,3,GSM674190,train,non_smoker
GSE27272,7,3,GSM674191,train,non_smoker
GSE27272,7,3,GSM674192,train,non_smoker
GSE27272,7,3,GSM674193,train,non_smoker
GSE27272,7,3,GSM674194,train,non_smoker
GSE27272,7,3,GSM674195,train,non_smoker
GSE27272,7,3,GSM674196,train,smoker
GSE27272,7,3,GSM674197,train,smoker
GSE27272,7,3,GSM674198,train,non_smoker
GSE27272,7,3,GSM674199,train,smoker
GSE27272,7,3,GSM674200,train,non_smoker
GSE27272,7,3,GSM674202,train,non_smoker
GSE27272,7,3,GSM674203,train,non_smoker
GSE27272,7,3,GSM674204,train,non_smoker
GSE27272,7,3,GSM674205,train,non_smoker
GSE27272,7,3,GSM674206,train,non_smoker
GSE27272,7,3,GSM674207,train,smoker
GSE27272,7,3,GSM674208,train,non_smoker
GSE27272,7,3,GSM674209,train,non_smoker
GSE27272,7,3,GSM674210,train,non_smoker
GSE27272,7,3,GSM674211,train,smoker
GSE27272,7,3,GSM674212,train,non_smoker
GSE27272,7,3,GSM674214,train,non_smoker
GSE27272,7,3,GSM674215,train,smoker
GSE27272,7,3,GSM674216,train,smoker
GSE27272,7,3,GSM674217,train,smoker
GSE27272,7,3,GSM674218,train,non_smoker
GSE27272,7,3,GSM674219,train,non_smoker
GSE27272,7,3,GSM674220,train,non_smoker
GSE27272,7,3,GSM674221,train,non_smoker
GSE27272,7,3,GSM674222,train,smoker
GSE27272,7,3,GSM674223,train,non_smoker
GSE27272,7,3,GSM674224,train,smoker
GSE27272,7,3,GSM674225,train,non_smoker
GSE27272,7,3,GSM674226,train,non_smoker
GSE27272,7,3,GSM674228,train,smoker
GSE27272,7,3,GSM674229,train,non_smoker
GSE27272,7,3,GSM674230,train,non_smoker
GSE27272,7,3,GSM674231,train,non_smoker
GSE27272,7,3,GSM674233,train,smoker
GSE27272,7,3,GSM674234,train,non_smoker
GSE27272,7,3,GSM674235,train,non_smoker
GSE27272,7,3,GSM674236,train,non_smoker
GSE27272,7,3,GSM674237,train,non_smoker
GSE27272,7,3,GSM674238,train,smoker
GSE27272,7,3,GSM674239,train,non_smoker
GSE27272,7,3,GSM674240,train,non_smoker
GSE27272,7,3,GSM674242,train,non_smoker
GSE27272,7,3,GSM674243,train,non_smoker
GSE27272,7,3,GSM674244,train,non_smoker
GSE27272,7,3,GSM674245,train,non_smoker
GSE27272,7,3,GSM674282,train,non_smoker
GSE27272,7,3,GSM674283,train,smoker
GSE27272,7,3,GSM674284,train,non_smoker
GSE27272,7,3,GSM674285,train,non_smoker
GSE27272,7,3,GSM674287,train,non_smoker
GSE27272,7,3,GSM674288,train,non_smoker
GSE27272,7,3,GSM674290,train,non_smoker
GSE27272,7,3,GSM674292,train,non_smoker
GSE27272,7,3,GSM674293,train,smoker
GSE27272,7,3,GSM674294,train,smoker
GSE27272,7,3,GSM674296,train,smoker
GSE27272,7,3,GSM674297,train,non_smoker
GSE27272,7,3,GSM674299,train,non_smoker
GSE27272,7,3,GSM674300,train,non_smoker
GSE27272,7,3,GSM674301,train,non_smoker
GSE27272,7,3,GSM674302,train,non_smoker
GSE27272,7,3,GSM674303,train,smoker
GSE27272,7,3,GSM674304,train,non_smoker
GSE27272,7,3,GSM674305,train,non_smoker
GSE27272,7,3,GSM674306,train,non_smoker
GSE27272,7,3,GSM674307,train,smoker
GSE27272,7,3,GSM674308,train,non_smoker
GSE27272,7,3,GSM674309,train,non_smoker
GSE27272,7,3,GSM674310,train,smoker
GSE27272,7,3,GSM674311,train,smoker
GSE27272,7,3,GSM674312,train,smoker
GSE27272,7,3,GSM674313,train,non_smoker
GSE27272,7,3,GSM674314,train,non_smoker
GSE27272,7,3,GSM674315,train,non_smoker
GSE27272,7,3,GSM674316,train,non_smoker
GSE27272,7,3,GSM674317,train,smoker
GSE27272,7,3,GSM674318,train,non_smoker
GSE27272,7,3,GSM674321,train,smoker
GSE27272,7,3,GSM674322,train,smoker
GSE27272,7,3,GSM674323,train,non_smoker
GSE27272,7,3,GSM674325,train,non_smoker
GSE27272,7,3,GSM674326,train,smoker
GSE27272,7,3,GSM674327,train,non_smoker
GSE27272,7,3,GSM674328,train,non_smoker
GSE27272,7,3,GSM674329,train,smoker
GSE27272,7,3,GSM674330,train,non_smoker
GSE27272,7,3,GSM674331,train,non_smoker
GSE27272,7,3,GSM674332,train,non_smoker
GSE27272,7,3,GSM674333,train,smoker
GSE27272,7,3,GSM674334,train,non_smoker
GSE27272,7,3,GSM674335,train,non_smoker
GSE27272,7,3,GSM674344,train,non_smoker
GSE27272,7,3,GSM674345,train,smoker
GSE27272,7,3,GSM674347,train,non_smoker
GSE27272,7,3,GSM674348,train,non_smoker
GSE27272,7,3,GSM674352,train,smoker
GSE27272,7,3,GSM674353,train,non_smoker
GSE27272,7,3,GSM674354,train,non_smoker
GSE27272,7,3,GSM674355,train,non_smoker
GSE27272,7,3,GSM674356,train,non_smoker
GSE27272,7,3,GSM674357,train,non_smoker
GSE27272,7,3,GSM674358,train,non_smoker
GSE27272,7,3,GSM674359,train,smoker
GSE27272,7,3,GSM674360,train,smoker
GSE27272,7,3,GSM674361,train,non_smoker
GSE27272,7,3,GSM674362,train,smoker
GSE27272,7,3,GSM674363,train,non_smoker
GSE27272,7,3,GSM674364,train,non_smoker
GSE27272,7,3,GSM674365,train,non_smoker
GSE27272,7,3,GSM674366,train,non_smoker
GSE27272,7,3,GSM674367,train,non_smoker
GSE27272,7,3,GSM674368,train,non_smoker
GSE27272,7,3,GSM674369,train,smoker
GSE27272,7,3,GSM674370,train,non_smoker
GSE27272,7,3,GSM674371,train,non_smoker
GSE27272,7,3,GSM674372,train,smoker
GSE27272,7,3,GSM674373,train,non_smoker
GSE27272,7,3,GSM674374,train,smoker
GSE27272,7,3,GSM674375,train,non_smoker
GSE27272,7,3,GSM674376,train,smoker
GSE27272,7,3,GSM674377,train,smoker
GSE27272,7,3,GSM674378,train,smoker
GSE27272,7,3,GSM674379,train,non_smoker
GSE27272,7,3,GSM674380,train,non_smoker
GSE27272,7,3,GSM674381,train,non_smoker
GSE27272,7,3,GSM674382,train,non_smoker
GSE27272,7,3,GSM674383,train,smoker
GSE27272,7,3,GSM674384,train,non_smoker
GSE27272,7,3,GSM674385,train,non_smoker
GSE27272,7,3,GSM674386,train,smoker
GSE27272,7,3,GSM674387,train,smoker
GSE27272,7,3,GSM674388,train,non_smoker
GSE27272,7,3,GSM674389,train,non_smoker
GSE27272,7,3,GSM674391,train,non_smoker
GSE27272,7,3,GSM674392,train,smoker
GSE27272,7,3,GSM674394,train,non_smoker
GSE27272,7,3,GSM674395,train,non_smoker
GSE27272,7,3,GSM674396,train,smoker
GSE27272,7,3,GSM674397,train,non_smoker
GSE27272,7,3,GSM674398,train,non_smoker
GSE27272,7,3,GSM674399,train,smoker
GSE27272,7,3,GSM674400,train,non_smoker
GSE27272,7,3,GSM674401,train,non_smoker
GSE27272,7,3,GSM674402,train,non_smoker
GSE27272,7,3,GSM674403,train,non_smoker
GSE27272,7,3,GSM674404,train,smoker
GSE27272,7,3,GSM674405,train,non_smoker
GSE27272,7,3,GSM674406,train,non_smoker
GSE27272,7,3,GSM674407,train,non_smoker
GSE27272,7,3,GSM674201,test,non_smoker
GSE27272,7,3,GSM674213,test,smoker
GSE27272,7,3,GSM674227,test,smoker
GSE27272,7,3,GSM674232,test,non_smoker
GSE27272,7,3,GSM674241,test,smoker
GSE27272,7,3,GSM674286,test,smoker
GSE27272,7,3,GSM674289,test,non_smoker
GSE27272,7,3,GSM674291,test,non_smoker
GSE27272,7,3,GSM674295,test,non_smoker
GSE27272,7,3,GSM674298,test,non_smoker
GSE27272,7,3,GSM674319,test,smoker
GSE27272,7,3,GSM674320,test,non_smoker
GSE27272,7,3,GSM674324,test,non_smoker
GSE27272,7,3,GSM674346,test,non_smoker
GSE27272,7,3,GSM674349,test,non_smoker
GSE27272,7,3,GSM674350,test,non_smoker
GSE27272,7,3,GSM674351,test,smoker
GSE27272,7,3,GSM674390,test,non_smoker
GSE27272,7,3,GSM674393,test,non_smoker
GSE27272,7,4,GSM674181,train,non_smoker
GSE27272,7,4,GSM674182,train,smoker
GSE27272,7,4,GSM674184,train,non_smoker
GSE27272,7,4,GSM674185,train,non_smoker
GSE27272,7,4,GSM674186,train,non_smoker
GSE27272,7,4,GSM674187,train,non_smoker
GSE27272,7,4,GSM674188,train,smoker
GSE27272,7,4,GSM674189,train,smoker
GSE27272,7,4,GSM674190,train,non_smoker
GSE27272,7,4,GSM674191,train,non_smoker
GSE27272,7,4,GSM674192,train,non_smoker
GSE27272,7,4,GSM674193,train,non_smoker
GSE27272,7,4,GSM674194,train,non_smoker
GSE27272,7,4,GSM674196,train,smoker
GSE27272,7,4,GSM674197,train,smoker
GSE27272,7,4,GSM674198,train,non_smoker
GSE27272,7,4,GSM674199,train,smoker
GSE27272,7,4,GSM674200,train,non_smoker
GSE27272,7,4,GSM674201,train,non_smoker
GSE27272,7,4,GSM674202,train,non_smoker
GSE27272,7,4,GSM674204,train,non_smoker
GSE27272,7,4,GSM674205,train,non_smoker
GSE27272,7,4,GSM674206,train,non_smoker
GSE27272,7,4,GSM674207,train,smoker
GSE27272,7,4,GSM674208,train,non_smoker
GSE27272,7,4,GSM674209,train,non_smoker
GSE27272,7,4,GSM674210,train,non_smoker
GSE27272,7,4,GSM674212,train,non_smoker
GSE27272,7,4,GSM674213,train,smoker
GSE27272,7,4,GSM674214,train,non_smoker
GSE27272,7,4,GSM674216,train,smoker
GSE27272,7,4,GSM674217,train,smoker
GSE27272,7,4,GSM674219,train,non_smoker
GSE27272,7,4,GSM674220,train,non_smoker
GSE27272,7,4,GSM674221,train,non_smoker
GSE27272,7,4,GSM674222,train,smoker
GSE27272,7,4,GSM674223,train,non_smoker
GSE27272,7,4,GSM674224,train,smoker
GSE27272,7,4,GSM674225,train,non_smoker
GSE27272,7,4,GSM674226,train,non_smoker
GSE27272,7,4,GSM674227,train,smoker
GSE27272,7,4,GSM674228,train,smoker
GSE27272,7,4,GSM674229,train,non_smoker
GSE27272,7,4,GSM674230,train,non_smoker
GSE27272,7,4,GSM674231,train,non_smoker
GSE27272,7,4,GSM674232,train,non_smoker
GSE27272,7,4,GSM674233,train,smoker
GSE27272,7,4,GSM674234,train,non_smoker
GSE27272,7,4,GSM674235,train,non_smoker
GSE27272,7,4,GSM674237,train,non_smoker
GSE27272,7,4,GSM674238,train,smoker
GSE27272,7,4,GSM674239,train,non_smoker
GSE27272,7,4,GSM674240,train,non_smoker
GSE27272,7,4,GSM674241,train,smoker
GSE27272,7,4,GSM674242,train,non_smoker
GSE27272,7,4,GSM674243,train,non_smoker
GSE27272,7,4,GSM674244,train,non_smoker
GSE27272,7,4,GSM674245,train,non_smoker
GSE27272,7,4,GSM674283,train,smoker
GSE27272,7,4,GSM674284,train,non_smoker
GSE27272,7,4,GSM674285,train,non_smoker
GSE27272,7,4,GSM674286,train,smoker
GSE27272,7,4,GSM674287,train,non_smoker
GSE27272,7,4,GSM674288,train,non_smoker
GSE27272,7,4,GSM674289,train,non_smoker
GSE27272,7,4,GSM674291,train,non_smoker
GSE27272,7,4,GSM674293,train,smoker
GSE27272,7,4,GSM674295,train,non_smoker
GSE27272,7,4,GSM674296,train,smoker
GSE27272,7,4,GSM674297,train,non_smoker
GSE27272,7,4,GSM674298,train,non_smoker
GSE27272,7,4,GSM674299,train,non_smoker
GSE27272,7,4,GSM674300,train,non_smoker
GSE27272,7,4,GSM674301,train,non_smoker
GSE27272,7,4,GSM674302,train,non_smoker
GSE27272,7,4,GSM674303,train,smoker
GSE27272,7,4,GSM674304,train,non_smoker
GSE27272,7,4,GSM674305,train,non_smoker
GSE27272,7,4,GSM674306,train,non_smoker
GSE27272,7,4,GSM674307,train,smoker
GSE27272,7,4,GSM674308,train,non_smoker
GSE27272,7,4,GSM674309,train,non_smoker
GSE27272,7,4,GSM674310,train,smoker
GSE27272,7,4,GSM674311,train,smoker
GSE27272,7,4,GSM674312,train,smoker
GSE27272,7,4,GSM674313,train,non_smoker
GSE27272,7,4,GSM674314,train,non_smoker
GSE27272,7,4,GSM674315,train,non_smoker
GSE27272,7,4,GSM674316,train,non_smoker
GSE27272,7,4,GSM674317,train,smoker
GSE27272,7,4,GSM674318,train,non_smoker
GSE27272,7,4,GSM674319,train,smoker
GSE27272,7,4,GSM674320,train,non_smoker
GSE27272,7,4,GSM674321,train,smoker
GSE27272,7,4,GSM674322,train,smoker
GSE27272,7,4,GSM674323,train,non_smoker
GSE27272,7,4,GSM674324,train,non_smoker
GSE27272,7,4,GSM674325,train,non_smoker
GSE27272,7,4,GSM674326,train,smoker
GSE27272,7,4,GSM674327,train,non_smoker
GSE27272,7,4,GSM674328,train,non_smoker
GSE27272,7,4,GSM674329,train,smoker
GSE27272,7,4,GSM674330,train,non_smoker
GSE27272,7,4,GSM674331,train,non_smoker
GSE27272,7,4,GSM674332,train,non_smoker
GSE27272,7,4,GSM674333,train,smoker
GSE27272,7,4,GSM674334,train,non_smoker
GSE27272,7,4,GSM674335,train,non_smoker
GSE27272,7,4,GSM674344,train,non_smoker
GSE27272,7,4,GSM674345,train,smoker
GSE27272,7,4,GSM674346,train,non_smoker
GSE27272,7,4,GSM674347,train,non_smoker
GSE27272,7,4,GSM674348,train,non_smoker
GSE27272,7,4,GSM674349,train,non_smoker
GSE27272,7,4,GSM674350,train,non_smoker
GSE27272,7,4,GSM674351,train,smoker
GSE27272,7,4,GSM674352,train,smoker
GSE27272,7,4,GSM674353,train,non_smoker
GSE27272,7,4,GSM674354,train,non_smoker
GSE27272,7,4,GSM674356,train,non_smoker
GSE27272,7,4,GSM674358,train,non_smoker
GSE27272,7,4,GSM674359,train,smoker
GSE27272,7,4,GSM674360,train,smoker
GSE27272,7,4,GSM674361,train,non_smoker
GSE27272,7,4,GSM674363,train,non_smoker
GSE27272,7,4,GSM674364,train,non_smoker
GSE27272,7,4,GSM674365,train,non_smoker
GSE27272,7,4,GSM674366,train,non_smoker
GSE27272,7,4,GSM674367,train,non_smoker
GSE27272,7,4,GSM674368,train,non_smoker
GSE27272,7,4,GSM674369,train,smoker
GSE27272,7,4,GSM674370,train,non_smoker
GSE27272,7,4,GSM674373,train,non_smoker
GSE27272,7,4,GSM674374,train,smoker
GSE27272,7,4,GSM674375,train,non_smoker
GSE27272,7,4,GSM674376,train,smoker
GSE27272,7,4,GSM674377,train,smoker
GSE27272,7,4,GSM674378,train,smoker
GSE27272,7,4,GSM674379,train,non_smoker
GSE27272,7,4,GSM674380,train,non_smoker
GSE27272,7,4,GSM674381,train,non_smoker
GSE27272,7,4,GSM674382,train,non_smoker
GSE27272,7,4,GSM674383,train,smoker
GSE27272,7,4,GSM674384,train,non_smoker
GSE27272,7,4,GSM674385,train,non_smoker
GSE27272,7,4,GSM674386,train,smoker
GSE27272,7,4,GSM674389,train,non_smoker
GSE27272,7,4,GSM674390,train,non_smoker
GSE27272,7,4,GSM674392,train,smoker
GSE27272,7,4,GSM674393,train,non_smoker
GSE27272,7,4,GSM674394,train,non_smoker
GSE27272,7,4,GSM674395,train,non_smoker
GSE27272,7,4,GSM674396,train,smoker
GSE27272,7,4,GSM674397,train,non_smoker
GSE27272,7,4,GSM674398,train,non_smoker
GSE27272,7,4,GSM674399,train,smoker
GSE27272,7,4,GSM674400,train,non_smoker
GSE27272,7,4,GSM674401,train,non_smoker
GSE27272,7,4,GSM674402,train,non_smoker
GSE27272,7,4,GSM674403,train,non_smoker
GSE27272,7,4,GSM674404,train,smoker
GSE27272,7,4,GSM674405,train,non_smoker
GSE27272,7,4,GSM674406,train,non_smoker
GSE27272,7,4,GSM674407,train,non_smoker
GSE27272,7,4,GSM674183,test,non_smoker
GSE27272,7,4,GSM674195,test,non_smoker
GSE27272,7,4,GSM674203,test,non_smoker
GSE27272,7,4,GSM674211,test,smoker
GSE27272,7,4,GSM674215,test,smoker
GSE27272,7,4,GSM674218,test,non_smoker
GSE27272,7,4,GSM674236,test,non_smoker
GSE27272,7,4,GSM674282,test,non_smoker
GSE27272,7,4,GSM674290,test,non_smoker
GSE27272,7,4,GSM674292,test,non_smoker
GSE27272,7,4,GSM674294,test,smoker
GSE27272,7,4,GSM674355,test,non_smoker
GSE27272,7,4,GSM674357,test,non_smoker
GSE27272,7,4,GSM674362,test,smoker
GSE27272,7,4,GSM674371,test,non_smoker
GSE27272,7,4,GSM674372,test,smoker
GSE27272,7,4,GSM674387,test,smoker
GSE27272,7,4,GSM674388,test,non_smoker
GSE27272,7,4,GSM674391,test,non_smoker
GSE27272,7,5,GSM674181,train,non_smoker
GSE27272,7,5,GSM674183,train,non_smoker
GSE27272,7,5,GSM674184,train,non_smoker
GSE27272,7,5,GSM674185,train,non_smoker
GSE27272,7,5,GSM674186,train,non_smoker
GSE27272,7,5,GSM674187,train,non_smoker
GSE27272,7,5,GSM674188,train,smoker
GSE27272,7,5,GSM674189,train,smoker
GSE27272,7,5,GSM674191,train,non_smoker
GSE27272,7,5,GSM674192,train,non_smoker
GSE27272,7,5,GSM674193,train,non_smoker
GSE27272,7,5,GSM674194,train,non_smoker
GSE27272,7,5,GSM674195,train,non_smoker
GSE27272,7,5,GSM674196,train,smoker
GSE27272,7,5,GSM674197,train,smoker
GSE27272,7,5,GSM674198,train,non_smoker
GSE27272,7,5,GSM674200,train,non_smoker
GSE27272,7,5,GSM674201,train,non_smoker
GSE27272,7,5,GSM674202,train,non_smoker
GSE27272,7,5,GSM674203,train,non_smoker
GSE27272,7,5,GSM674204,train,non_smoker
GSE27272,7,5,GSM674205,train,non_smoker
GSE27272,7,5,GSM674206,train,non_smoker
GSE27272,7,5,GSM674207,train,smoker
GSE27272,7,5,GSM674209,train,non_smoker
GSE27272,7,5,GSM674210,train,non_smoker
GSE27272,7,5,GSM674211,train,smoker
GSE27272,7,5,GSM674212,train,non_smoker
GSE27272,7,5,GSM674213,train,smoker
GSE27272,7,5,GSM674214,train,non_smoker
GSE27272,7,5,GSM674215,train,smoker
GSE27272,7,5,GSM674216,train,smoker
GSE27272,7,5,GSM674217,train,smoker
GSE27272,7,5,GSM674218,train,non_smoker
GSE27272,7,5,GSM674219,train,non_smoker
GSE27272,7,5,GSM674220,train,non_smoker
GSE27272,7,5,GSM674222,train,smoker
GSE27272,7,5,GSM674223,train,non_smoker
GSE27272,7,5,GSM674224,train,smoker
GSE27272,7,5,GSM674226,train,non_smoker
GSE27272,7,5,GSM674227,train,smoker
GSE27272,7,5,GSM674228,train,smoker
GSE27272,7,5,GSM674229,train,non_smoker
GSE27272,7,5,GSM674230,train,non_smoker
GSE27272,7,5,GSM674231,train,non_smoker
GSE27272,7,5,GSM674232,train,non_smoker
GSE27272,7,5,GSM674233,train,smoker
GSE27272,7,5,GSM674234,train,non_smoker
GSE27272,7,5,GSM674235,train,non_smoker
GSE27272,7,5,GSM674236,train,non_smoker
GSE27272,7,5,GSM674237,train,non_smoker
GSE27272,7,5,GSM674238,train,smoker
GSE27272,7,5,GSM674239,train,non_smoker
GSE27272,7,5,GSM674240,train,non_smoker
GSE27272,7,5,GSM674241,train,smoker
GSE27272,7,5,GSM674242,train,non_smoker
GSE27272,7,5,GSM674243,train,non_smoker
GSE27272,7,5,GSM674244,train,non_smoker
GSE27272,7,5,GSM674282,train,non_smoker
GSE27272,7,5,GSM674283,train,smoker
GSE27272,7,5,GSM674284,train,non_smoker
GSE27272,7,5,GSM674286,train,smoker
GSE27272,7,5,GSM674287,train,non_smoker
GSE27272,7,5,GSM674288,train,non_smoker
GSE27272,7,5,GSM674289,train,non_smoker
GSE27272,7,5,GSM674290,train,non_smoker
GSE27272,7,5,GSM674291,train,non_smoker
GSE27272,7,5,GSM674292,train,non_smoker
GSE27272,7,5,GSM674293,train,smoker
GSE27272,7,5,GSM674294,train,smoker
GSE27272,7,5,GSM674295,train,non_smoker
GSE27272,7,5,GSM674296,train,smoker
GSE27272,7,5,GSM674297,train,non_smoker
GSE27272,7,5,GSM674298,train,non_smoker
GSE27272,7,5,GSM674300,train,non_smoker
GSE27272,7,5,GSM674301,train,non_smoker
GSE27272,7,5,GSM674303,train,smoker
GSE27272,7,5,GSM674304,train,non_smoker
GSE27272,7,5,GSM674305,train,non_smoker
GSE27272,7,5,GSM674306,train,non_smoker
GSE27272,7,5,GSM674307,train,smoker
GSE27272,7,5,GSM674308,train,non_smoker
GSE27272,7,5,GSM674309,train,non_smoker
GSE27272,7,5,GSM674310,train,smoker
GSE27272,7,5,GSM674312,train,smoker
GSE27272,7,5,GSM674314,train,non_smoker
GSE27272,7,5,GSM674315,train,non_smoker
GSE27272,7,5,GSM674316,train,non_smoker
GSE27272,7,5,GSM674317,train,smoker
GSE27272,7,5,GSM674318,train,non_smoker
GSE27272,7,5,GSM674319,train,smoker
GSE27272,7,5,GSM674320,train,non_smoker
GSE27272,7,5,GSM674321,train,smoker
GSE27272,7,5,GSM674322,train,smoker
GSE27272,7,5,GSM674323,train,non_smoker
GSE27272,7,5,GSM674324,train,non_smoker
GSE27272,7,5,GSM674325,train,non_smoker
GSE27272,7,5,GSM674327,train,non_smoker
GSE27272,7,5,GSM674328,train,non_smoker
GSE27272,7,5,GSM674329,train,smoker
GSE27272,7,5,GSM674330,train,non_smoker
GSE27272,7,5,GSM674331,train,non_smoker
GSE27272,7,5,GSM674332,train,non_smoker
GSE27272,7,5,GSM674333,train,smoker
GSE27272,7,5,GSM674334,train,non_smoker
GSE27272,7,5,GSM674335,train,non_smoker
GSE27272,7,5,GSM674344,train,non_smoker
GSE27272,7,5,GSM674345,train,smoker
GSE27272,7,5,GSM674346,train,non_smoker
GSE27272,7,5,GSM674347,train,non_smoker
GSE27272,7,5,GSM674349,train,non_smoker
GSE27272,7,5,GSM674350,train,non_smoker
GSE27272,7,5,GSM674351,train,smoker
GSE27272,7,5,GSM674352,train,smoker
GSE27272,7,5,GSM674353,train,non_smoker
GSE27272,7,5,GSM674354,train,non_smoker
GSE27272,7,5,GSM674355,train,non_smoker
GSE27272,7,5,GSM674357,train,non_smoker
GSE27272,7,5,GSM674358,train,non_smoker
GSE27272,7,5,GSM674359,train,smoker
GSE27272,7,5,GSM674360,train,smoker
GSE27272,7,5,GSM674361,train,non_smoker
GSE27272,7,5,GSM674362,train,smoker
GSE27272,7,5,GSM674363,train,non_smoker
GSE27272,7,5,GSM674364,train,non_smoker
GSE27272,7,5,GSM674366,train,non_smoker
GSE27272,7,5,GSM674367,train,non_smoker
GSE27272,7,5,GSM674368,train,non_smoker
GSE27272,7,5,GSM674369,train,smoker
GSE27272,7,5,GSM674370,train,non_smoker
GSE27272,7,5,GSM674371,train,non_smoker
GSE27272,7,5,GSM674372,train,smoker
GSE27272,7,5,GSM674373,train,non_smoker
GSE27272,7,5,GSM674374,train,smoker
GSE27272,7,5,GSM674375,train,non_smoker
GSE27272,7,5,GSM674377,train,smoker
GSE27272,7,5,GSM674378,train,smoker
GSE27272,7,5,GSM674379,train,non_smoker
GSE27272,7,5,GSM674381,train,non_smoker
GSE27272,7,5,GSM674382,train,non_smoker
GSE27272,7,5,GSM674383,train,smoker
GSE27272,7,5,GSM674384,train,non_smoker
GSE27272,7,5,GSM674385,train,non_smoker
GSE27272,7,5,GSM674386,train,smoker
GSE27272,7,5,GSM674387,train,smoker
GSE27272,7,5,GSM674388,train,non_smoker
GSE27272,7,5,GSM674389,train,non_smoker
GSE27272,7,5,GSM674390,train,non_smoker
GSE27272,7,5,GSM674391,train,non_smoker
GSE27272,7,5,GSM674393,train,non_smoker
GSE27272,7,5,GSM674394,train,non_smoker
GSE27272,7,5,GSM674395,train,non_smoker
GSE27272,7,5,GSM674396,train,smoker
GSE27272,7,5,GSM674397,train,non_smoker
GSE27272,7,5,GSM674398,train,non_smoker
GSE27272,7,5,GSM674399,train,smoker
GSE27272,7,5,GSM674400,train,non_smoker
GSE27272,7,5,GSM674401,train,non_smoker
GSE27272,7,5,GSM674402,train,non_smoker
GSE27272,7,5,GSM674403,train,non_smoker
GSE27272,7,5,GSM674404,train,smoker
GSE27272,7,5,GSM674405,train,non_smoker
GSE27272,7,5,GSM674406,train,non_smoker
GSE27272,7,5,GSM674407,train,non_smoker
GSE27272,7,5,GSM674182,test,smoker
GSE27272,7,5,GSM674190,test,non_smoker
GSE27272,7,5,GSM674199,test,smoker
GSE27272,7,5,GSM674208,test,non_smoker
GSE27272,7,5,GSM674221,test,non_smoker
GSE27272,7,5,GSM674225,test,non_smoker
GSE27272,7,5,GSM674245,test,non_smoker
GSE27272,7,5,GSM674285,test,non_smoker
GSE27272,7,5,GSM674299,test,non_smoker
GSE27272,7,5,GSM674302,test,non_smoker
GSE27272,7,5,GSM674311,test,smoker
GSE27272,7,5,GSM674313,test,non_smoker
GSE27272,7,5,GSM674326,test,smoker
GSE27272,7,5,GSM674348,test,non_smoker
GSE27272,7,5,GSM674356,test,non_smoker
GSE27272,7,5,GSM674365,test,non_smoker
GSE27272,7,5,GSM674376,test,smoker
GSE27272,7,5,GSM674380,test,non_smoker
GSE27272,7,5,GSM674392,test,smoker
GSE27272,7,6,GSM674182,train,smoker
GSE27272,7,6,GSM674183,train,non_smoker
GSE27272,7,6,GSM674184,train,non_smoker
GSE27272,7,6,GSM674185,train,non_smoker
GSE27272,7,6,GSM674186,train,non_smoker
GSE27272,7,6,GSM674187,train,non_smoker
GSE27272,7,6,GSM674189,train,smoker
GSE27272,7,6,GSM674190,train,non_smoker
GSE27272,7,6,GSM674191,train,non_smoker
GSE27272,7,6,GSM674192,train,non_smoker
GSE27272,7,6,GSM674194,train,non_smoker
GSE27272,7,6,GSM674195,train,non_smoker
GSE27272,7,6,GSM674196,train,smoker
GSE27272,7,6,GSM674198,train,non_smoker
GSE27272,7,6,GSM674199,train,smoker
GSE27272,7,6,GSM674200,train,non_smoker
GSE27272,7,6,GSM674201,train,non_smoker
GSE27272,7,6,GSM674202,train,non_smoker
GSE27272,7,6,GSM674203,train,non_smoker
GSE27272,7,6,GSM674204,train,non_smoker
GSE27272,7,6,GSM674205,train,non_smoker
GSE27272,7,6,GSM674206,train,non_smoker
GSE27272,7,6,GSM674207,train,smoker
GSE27272,7,6,GSM674208,train,non_smoker
GSE27272,7,6,GSM674209,train,non_smoker
GSE27272,7,6,GSM674210,train,non_smoker
GSE27272,7,6,GSM674211,train,smoker
GSE27272,7,6,GSM674212,train,non_smoker
GSE27272,7,6,GSM674213,train,smoker
GSE27272,7,6,GSM674214,train,non_smoker
GSE27272,7,6,GSM674215,train,smoker
GSE27272,7,6,GSM674216,train,smoker
GSE27272,7,6,GSM674217,train,smoker
GSE27272,7,6,GSM674218,train,non_smoker
GSE27272,7,6,GSM674219,train,non_smoker
GSE27272,7,6,GSM674220,train,non_smoker
GSE27272,7,6,GSM674221,train,non_smoker
GSE27272,7,6,GSM674222,train,smoker
GSE27272,7,6,GSM674223,train,non_smoker
GSE27272,7,6,GSM674224,train,smoker
GSE27272,7,6,GSM674225,train,non_smoker
GSE27272,7,6,GSM674226,train,non_smoker
GSE27272,7,6,GSM674227,train,smoker
GSE27272,7,6,GSM674228,train,smoker
GSE27272,7,6,GSM674229,train,non_smoker
GSE27272,7,6,GSM674230,train,non_smoker
GSE27272,7,6,GSM674231,train,non_smoker
GSE27272,7,6,GSM674232,train,non_smoker
GSE27272,7,6,GSM674233,train,smoker
GSE27272,7,6,GSM674234,train,non_smoker
GSE27272,7,6,GSM674235,train,non_smoker
GSE27272,7,6,GSM674236,train,non_smoker
GSE27272,7,6,GSM674237,train,non_smoker
GSE27272,7,6,GSM674238,train,smoker
GSE27272,7,6,GSM674239,train,non_smoker
GSE27272,7,6,GSM674241,train,smoker
GSE27272,7,6,GSM674242,train,non_smoker
GSE27272,7,6,GSM674243,train,non_smoker
GSE27272,7,6,GSM674244,train,non_smoker
GSE27272,7,6,GSM674245,train,non_smoker
GSE27272,7,6,GSM674282,train,non_smoker
GSE27272,7,6,GSM674283,train,smoker
GSE27272,7,6,GSM674284,train,non_smoker
GSE27272,7,6,GSM674285,train,non_smoker
GSE27272,7,6,GSM674286,train,smoker
GSE27272,7,6,GSM674287,train,non_smoker
GSE27272,7,6,GSM674289,train,non_smoker
GSE27272,7,6,GSM674290,train,non_smoker
GSE27272,7,6,GSM674291,train,non_smoker
GSE27272,7,6,GSM674292,train,non_smoker
GSE27272,7,6,GSM674294,train,smoker
GSE27272,7,6,GSM674295,train,non_smoker
GSE27272,7,6,GSM674296,train,smoker
GSE27272,7,6,GSM674298,train,non_smoker
GSE27272,7,6,GSM674299,train,non_smoker
GSE27272,7,6,GSM674300,train,non_smoker
GSE27272,7,6,GSM674301,train,non_smoker
GSE27272,7,6,GSM674302,train,non_smoker
GSE27272,7,6,GSM674303,train,smoker
GSE27272,7,6,GSM674304,train,non_smoker
GSE27272,7,6,GSM674305,train,non_smoker
GSE27272,7,6,GSM674306,train,non_smoker
GSE27272,7,6,GSM674307,train,smoker
GSE27272,7,6,GSM674309,train,non_smoker
GSE27272,7,6,GSM674310,train,smoker
GSE27272,7,6,GSM674311,train,smoker
GSE27272,7,6,GSM674312,train,smoker
GSE27272,7,6,GSM674313,train,non_smoker
GSE27272,7,6,GSM674314,train,non_smoker
GSE27272,7,6,GSM674315,train,non_smoker
GSE27272,7,6,GSM674316,train,non_smoker
GSE27272,7,6,GSM674317,train,smoker
GSE27272,7,6,GSM674319,train,smoker
GSE27272,7,6,GSM674320,train,non_smoker
GSE27272,7,6,GSM674321,train,smoker
GSE27272,7,6,GSM674323,train,non_smoker
GSE27272,7,6,GSM674324,train,non_smoker
GSE27272,7,6,GSM674325,train,non_smoker
GSE27272,7,6,GSM674326,train,smoker
GSE27272,7,6,GSM674327,train,non_smoker
GSE27272,7,6,GSM674329,train,smoker
GSE27272,7,6,GSM674331,train,non_smoker
GSE27272,7,6,GSM674332,train,non_smoker
GSE27272,7,6,GSM674333,train,smoker
GSE27272,7,6,GSM674334,train,non_smoker
GSE27272,7,6,GSM674335,train,non_smoker
GSE27272,7,6,GSM674344,train,non_smoker
GSE27272,7,6,GSM674345,train,smoker
GSE27272,7,6,GSM674346,train,non_smoker
GSE27272,7,6,GSM674347,train,non_smoker
GSE27272,7,6,GSM674348,train,non_smoker
GSE27272,7,6,GSM674349,train,non_smoker
GSE27272,7,6,GSM674350,train,non_smoker
GSE27272,7,6,GSM674351,train,smoker
GSE27272,7,6,GSM674352,train,smoker
GSE27272,7,6,GSM674353,train,non_smoker
GSE27272,7,6,GSM674355,train,non_smoker
GSE27272,7,6,GSM674356,train,non_smoker
GSE27272,7,6,GSM674357,train,non_smoker
GSE27272,7,6,GSM674358,train,non_smoker
GSE27272,7,6,GSM674360,train,smoker
GSE27272,7,6,GSM674361,train,non_smoker
GSE27272,7,6,GSM674362,train,smoker
GSE27272,7,6,GSM674363,train,non_smoker
GSE27272,7,6,GSM674364,train,non_smoker
GSE27272,7,6,GSM674365,train,non_smoker
GSE27272,7,6,GSM674366,train,non_smoker
GSE27272,7,6,GSM674367,train,non_smoker
GSE27272,7,6,GSM674368,train,non_smoker
GSE27272,7,6,GSM674369,train,smoker
GSE27272,7,6,GSM674370,train,non_smoker
GSE27272,7,6,GSM674371,train,non_smoker
GSE27272,7,6,GSM674372,train,smoker
GSE27272,7,6,GSM674373,train,non_smoker
GSE27272,7,6,GSM674374,train,smoker
GSE27272,7,6,GSM674375,train,non_smoker
GSE27272,7,6,GSM674376,train,smoker
GSE27272,7,6,GSM674377,train,smoker
GSE27272,7,6,GSM674378,train,smoker
GSE27272,7,6,GSM674379,train,non_smoker
GSE27272,7,6,GSM674380,train,non_smoker
GSE27272,7,6,GSM674381,train,non_smoker
GSE27272,7,6,GSM674382,train,non_smoker
GSE27272,7,6,GSM674383,train,smoker
GSE27272,7,6,GSM674384,train,non_smoker
GSE27272,7,6,GSM674385,train,non_smoker
GSE27272,7,6,GSM674386,train,smoker
GSE27272,7,6,GSM674387,train,smoker
GSE27272,7,6,GSM674388,train,non_smoker
GSE27272,7,6,GSM674390,train,non_smoker
GSE27272,7,6,GSM674391,train,non_smoker
GSE27272,7,6,GSM674392,train,smoker
GSE27272,7,6,GSM674393,train,non_smoker
GSE27272,7,6,GSM674394,train,non_smoker
GSE27272,7,6,GSM674396,train,smoker
GSE27272,7,6,GSM674397,train,non_smoker
GSE27272,7,6,GSM674398,train,non_smoker
GSE27272,7,6,GSM674399,train,smoker
GSE27272,7,6,GSM674400,train,non_smoker
GSE27272,7,6,GSM674401,train,non_smoker
GSE27272,7,6,GSM674402,train,non_smoker
GSE27272,7,6,GSM674404,train,smoker
GSE27272,7,6,GSM674405,train,non_smoker
GSE27272,7,6,GSM674406,train,non_smoker
GSE27272,7,6,GSM674407,train,non_smoker
GSE27272,7,6,GSM674181,test,non_smoker
GSE27272,7,6,GSM674188,test,smoker
GSE27272,7,6,GSM674193,test,non_smoker
GSE27272,7,6,GSM674197,test,smoker
GSE27272,7,6,GSM674240,test,non_smoker
GSE27272,7,6,GSM674288,test,non_smoker
GSE27272,7,6,GSM674293,test,smoker
GSE27272,7,6,GSM674297,test,non_smoker
GSE27272,7,6,GSM674308,test,non_smoker
GSE27272,7,6,GSM674318,test,non_smoker
GSE27272,7,6,GSM674322,test,smoker
GSE27272,7,6,GSM674328,test,non_smoker
GSE27272,7,6,GSM674330,test,non_smoker
GSE27272,7,6,GSM674354,test,non_smoker
GSE27272,7,6,GSM674359,test,smoker
GSE27272,7,6,GSM674389,test,non_smoker
GSE27272,7,6,GSM674395,test,non_smoker
GSE27272,7,6,GSM674403,test,non_smoker
GSE27272,7,7,GSM674181,train,non_smoker
GSE27272,7,7,GSM674182,train,smoker
GSE27272,7,7,GSM674183,train,non_smoker
GSE27272,7,7,GSM674184,train,non_smoker
GSE27272,7,7,GSM674185,train,non_smoker
GSE27272,7,7,GSM674186,train,non_smoker
GSE27272,7,7,GSM674187,train,non_smoker
GSE27272,7,7,GSM674188,train,smoker
GSE27272,7,7,GSM674189,train,smoker
GSE27272,7,7,GSM674190,train,non_smoker
GSE27272,7,7,GSM674191,train,non_smoker
GSE27272,7,7,GSM674192,train,non_smoker
GSE27272,7,7,GSM674193,train,non_smoker
GSE27272,7,7,GSM674194,train,non_smoker
GSE27272,7,7,GSM674195,train,non_smoker
GSE27272,7,7,GSM674196,train,smoker
GSE27272,7,7,GSM674197,train,smoker
GSE27272,7,7,GSM674198,train,non_smoker
GSE27272,7,7,GSM674199,train,smoker
GSE27272,7,7,GSM674201,train,non_smoker
GSE27272,7,7,GSM674202,train,non_smoker
GSE27272,7,7,GSM674203,train,non_smoker
GSE27272,7,7,GSM674204,train,non_smoker
GSE27272,7,7,GSM674205,train,non_smoker
GSE27272,7,7,GSM674207,train,smoker
GSE27272,7,7,GSM674208,train,non_smoker
GSE27272,7,7,GSM674209,train,non_smoker
GSE27272,7,7,GSM674210,train,non_smoker
GSE27272,7,7,GSM674211,train,smoker
GSE27272,7,7,GSM674212,train,non_smoker
GSE27272,7,7,GSM674213,train,smoker
GSE27272,7,7,GSM674214,train,non_smoker
GSE27272,7,7,GSM674215,train,smoker
GSE27272,7,7,GSM674216,train,smoker
GSE27272,7,7,GSM674217,train,smoker
GSE27272,7,7,GSM674218,train,non_smoker
GSE27272,7,7,GSM674220,train,non_smoker
GSE27272,7,7,GSM674221,train,non_smoker
GSE27272,7,7,GSM674222,train,smoker
GSE27272,7,7,GSM674223,train,non_smoker
GSE27272,7,7,GSM674225,train,non_smoker
GSE27272,7,7,GSM674226,train,non_smoker
GSE27272,7,7,GSM674227,train,smoker
GSE27272,7,7,GSM674229,train,non_smoker
GSE27272,7,7,GSM674230,train,non_smoker
GSE27272,7,7,GSM674232,train,non_smoker
GSE27272,7,7,GSM674233,train,smoker
GSE27272,7,7,GSM674234,train,non_smoker
GSE27272,7,7,GSM674235,train,non_smoker
GSE27272,7,7,GSM674236,train,non_smoker
GSE27272,7,7,GSM674237,train,non_smoker
GSE27272,7,7,GSM674238,train,smoker
GSE27272,7,7,GSM674240,train,non_smoker
GSE27272,7,7,GSM674241,train,smoker
GSE27272,7,7,GSM674242,train,non_smoker
GSE27272,7,7,GSM674243,train,non_smoker
GSE27272,7,7,GSM674244,train,non_smoker
GSE27272,7,7,GSM674245,train,non_smoker
GSE27272,7,7,GSM674282,train,non_smoker
GSE27272,7,7,GSM674283,train,smoker
GSE27272,7,7,GSM674284,train,non_smoker
GSE27272,7,7,GSM674285,train,non_smoker
GSE27272,7,7,GSM674286,train,smoker
GSE27272,7,7,GSM674287,train,non_smoker
GSE27272,7,7,GSM674288,train,non_smoker
GSE27272,7,7,GSM674289,train,non_smoker
GSE27272,7,7,GSM674290,train,non_smoker
GSE27272,7,7,GSM674291,train,non_smoker
GSE27272,7,7,GSM674292,train,non_smoker
GSE27272,7,7,GSM674293,train,smoker
GSE27272,7,7,GSM674294,train,smoker
GSE27272,7,7,GSM674295,train,non_smoker
GSE27272,7,7,GSM674296,train,smoker
GSE27272,7,7,GSM674297,train,non_smoker
GSE27272,7,7,GSM674298,train,non_smoker
GSE27272,7,7,GSM674299,train,non_smoker
GSE27272,7,7,GSM674300,train,non_smoker
GSE27272,7,7,GSM674301,train,non_smoker
GSE27272,7,7,GSM674302,train,non_smoker
GSE27272,7,7,GSM674303,train,smoker
GSE27272,7,7,GSM674304,train,non_smoker
GSE27272,7,7,GSM674305,train,non_smoker
GSE27272,7,7,GSM674306,train,non_smoker
GSE27272,7,7,GSM674308,train,non_smoker
GSE27272,7,7,GSM674309,train,non_smoker
GSE27272,7,7,GSM674310,train,smoker
GSE27272,7,7,GSM674311,train,smoker
GSE27272,7,7,GSM674313,train,non_smoker
GSE27272,7,7,GSM674315,train,non_smoker
GSE27272,7,7,GSM674317,train,smoker
GSE27272,7,7,GSM674318,train,non_smoker
GSE27272,7,7,GSM674319,train,smoker
GSE27272,7,7,GSM674320,train,non_smoker
GSE27272,7,7,GSM674321,train,smoker
GSE27272,7,7,GSM674322,train,smoker
GSE27272,7,7,GSM674324,train,non_smoker
GSE27272,7,7,GSM674325,train,non_smoker
GSE27272,7,7,GSM674326,train,smoker
GSE27272,7,7,GSM674327,train,non_smoker
GSE27272,7,7,GSM674328,train,non_smoker
GSE27272,7,7,GSM674329,train,smoker
GSE27272,7,7,GSM674330,train,non_smoker
GSE27272,7,7,GSM674331,train,non_smoker
GSE27272,7,7,GSM674332,train,non_smoker
GSE27272,7,7,GSM674333,train,smoker
GSE27272,7,7,GSM674334,train,non_smoker
GSE27272,7,7,GSM674335,train,non_smoker
GSE27272,7,7,GSM674345,train,smoker
GSE27272,7,7,GSM674346,train,non_smoker
GSE27272,7,7,GSM674348,train,non_smoker
GSE27272,7,7,GSM674349,train,non_smoker
GSE27272,7,7,GSM674350,train,non_smoker
GSE27272,7,7,GSM674351,train,smoker
GSE27272,7,7,GSM674352,train,smoker
GSE27272,7,7,GSM674353,train,non_smoker
GSE27272,7,7,GSM674354,train,non_smoker
GSE27272,7,7,GSM674355,train,non_smoker
GSE27272,7,7,GSM674356,train,non_smoker
GSE27272,7,7,GSM674357,train,non_smoker
GSE27272,7,7,GSM674359,train,smoker
GSE27272,7,7,GSM674360,train,smoker
GSE27272,7,7,GSM674361,train,non_smoker
GSE27272,7,7,GSM674362,train,smoker
GSE27272,7,7,GSM674363,train,non_smoker
GSE27272,7,7,GSM674364,train,non_smoker
GSE27272,7,7,GSM674365,train,non_smoker
GSE27272,7,7,GSM674366,train,non_smoker
GSE27272,7,7,GSM674367,train,non_smoker
GSE27272,7,7,GSM674368,train,non_smoker
GSE27272,7,7,GSM674370,train,non_smoker
GSE27272,7,7,GSM674371,train,non_smoker
GSE27272,7,7,GSM674372,train,smoker
GSE27272,7,7,GSM674373,train,non_smoker
GSE27272,7,7,GSM674374,train,smoker
GSE27272,7,7,GSM674375,train,non_smoker
GSE27272,7,7,GSM674376,train,smoker
GSE27272,7,7,GSM674377,train,smoker
GSE27272,7,7,GSM674378,train,smoker
GSE27272,7,7,GSM674379,train,non_smoker
GSE27272,7,7,GSM674380,train,non_smoker
GSE27272,7,7,GSM674382,train,non_smoker
GSE27272,7,7,GSM674383,train,smoker
GSE27272,7,7,GSM674384,train,non_smoker
GSE27272,7,7,GSM674386,train,smoker
GSE27272,7,7,GSM674387,train,smoker
GSE27272,7,7,GSM674388,train,non_smoker
GSE27272,7,7,GSM674389,train,non_smoker
GSE27272,7,7,GSM674390,train,non_smoker
GSE27272,7,7,GSM674391,train,non_smoker
GSE27272,7,7,GSM674392,train,smoker
GSE27272,7,7,GSM674393,train,non_smoker
GSE27272,7,7,GSM674394,train,non_smoker
GSE27272,7,7,GSM674395,train,non_smoker
GSE27272,7,7,GSM674396,train,smoker
GSE27272,7,7,GSM674397,train,non_smoker
GSE27272,7,7,GSM674398,train,non_smoker
GSE27272,7,7,GSM674399,train,smoker
GSE27272,7,7,GSM674400,train,non_smoker
GSE27272,7,7,GSM674401,train,non_smoker
GSE27272,7,7,GSM674402,train,non_smoker
GSE27272,7,7,GSM674403,train,non_smoker
GSE27272,7,7,GSM674404,train,smoker
GSE27272,7,7,GSM674405,train,non_smoker
GSE27272,7,7,GSM674406,train,non_smoker
GSE27272,7,7,GSM674407,train,non_smoker
GSE27272,7,7,GSM674200,test,non_smoker
GSE27272,7,7,GSM674206,test,non_smoker
GSE27272,7,7,GSM674219,test,non_smoker
GSE27272,7,7,GSM674224,test,smoker
GSE27272,7,7,GSM674228,test,smoker
GSE27272,7,7,GSM674231,test,non_smoker
GSE27272,7,7,GSM674239,test,non_smoker
GSE27272,7,7,GSM674307,test,smoker
GSE27272,7,7,GSM674312,test,smoker
GSE27272,7,7,GSM674314,test,non_smoker
GSE27272,7,7,GSM674316,test,non_smoker
GSE27272,7,7,GSM674323,test,non_smoker
GSE27272,7,7,GSM674344,test,non_smoker
GSE27272,7,7,GSM674347,test,non_smoker
GSE27272,7,7,GSM674358,test,non_smoker
GSE27272,7,7,GSM674369,test,smoker
GSE27272,7,7,GSM674381,test,non_smoker
GSE27272,7,7,GSM674385,test,non_smoker
GSE27272,7,8,GSM674181,train,non_smoker
GSE27272,7,8,GSM674182,train,smoker
GSE27272,7,8,GSM674183,train,non_smoker
GSE27272,7,8,GSM674185,train,non_smoker
GSE27272,7,8,GSM674188,train,smoker
GSE27272,7,8,GSM674190,train,non_smoker
GSE27272,7,8,GSM674191,train,non_smoker
GSE27272,7,8,GSM674192,train,non_smoker
GSE27272,7,8,GSM674193,train,non_smoker
GSE27272,7,8,GSM674194,train,non_smoker
GSE27272,7,8,GSM674195,train,non_smoker
GSE27272,7,8,GSM674196,train,smoker
GSE27272,7,8,GSM674197,train,smoker
GSE27272,7,8,GSM674198,train,non_smoker
GSE27272,7,8,GSM674199,train,smoker
GSE27272,7,8,GSM674200,train,non_smoker
GSE27272,7,8,GSM674201,train,non_smoker
GSE27272,7,8,GSM674203,train,non_smoker
GSE27272,7,8,GSM674204,train,non_smoker
GSE27272,7,8,GSM674205,train,non_smoker
GSE27272,7,8,GSM674206,train,non_smoker
GSE27272,7,8,GSM674207,train,smoker
GSE27272,7,8,GSM674208,train,non_smoker
GSE27272,7,8,GSM674209,train,non_smoker
GSE27272,7,8,GSM674210,train,non_smoker
GSE27272,7,8,GSM674211,train,smoker
GSE27272,7,8,GSM674212,train,non_smoker
GSE27272,7,8,GSM674213,train,smoker
GSE27272,7,8,GSM674214,train,non_smoker
GSE27272,7,8,GSM674215,train,smoker
GSE27272,7,8,GSM674216,train,smoker
GSE27272,7,8,GSM674217,train,smoker
GSE27272,7,8,GSM674218,train,non_smoker
GSE27272,7,8,GSM674219,train,non_smoker
GSE27272,7,8,GSM674221,train,non_smoker
GSE27272,7,8,GSM674222,train,smoker
GSE27272,7,8,GSM674224,train,smoker
GSE27272,7,8,GSM674225,train,non_smoker
GSE27272,7,8,GSM674227,train,smoker
GSE27272,7,8,GSM674228,train,smoker
GSE27272,7,8,GSM674229,train,non_smoker
GSE27272,7,8,GSM674230,train,non_smoker
GSE27272,7,8,GSM674231,train,non_smoker
GSE27272,7,8,GSM674232,train,non_smoker
GSE27272,7,8,GSM674234,train,non_smoker
GSE27272,7,8,GSM674235,train,non_smoker
GSE27272,7,8,GSM674236,train,non_smoker
GSE27272,7,8,GSM674237,train,non_smoker
GSE27272,7,8,GSM674238,train,smoker
GSE27272,7,8,GSM674239,train,non_smoker
GSE27272,7,8,GSM674240,train,non_smoker
GSE27272,7,8,GSM674241,train,smoker
GSE27272,7,8,GSM674242,train,non_smoker
GSE27272,7,8,GSM674243,train,non_smoker
GSE27272,7,8,GSM674244,train,non_smoker
GSE27272,7,8,GSM674245,train,non_smoker
GSE27272,7,8,GSM674282,train,non_smoker
GSE27272,7,8,GSM674283,train,smoker
GSE27272,7,8,GSM674284,train,non_smoker
GSE27272,7,8,GSM674285,train,non_smoker
GSE27272,7,8,GSM674286,train,smoker
GSE27272,7,8,GSM674287,train,non_smoker
GSE27272,7,8,GSM674288,train,non_smoker
GSE27272,7,8,GSM674289,train,non_smoker
GSE27272,7,8,GSM674290,train,non_smoker
GSE27272,7,8,GSM674291,train,non_smoker
GSE27272,7,8,GSM674292,train,non_smoker
GSE27272,7,8,GSM674293,train,smoker
GSE27272,7,8,GSM674294,train,smoker
GSE27272,7,8,GSM674295,train,non_smoker
GSE27272,7,8,GSM674296,train,smoker
GSE27272,7,8,GSM674297,train,non_smoker
GSE27272,7,8,GSM674298,train,non_smoker
GSE27272,7,8,GSM674299,train,non_smoker
GSE27272,7,8,GSM674300,train,non_smoker
GSE27272,7,8,GSM674302,train,non_smoker
GSE27272,7,8,GSM674303,train,smoker
GSE27272,7,8,GSM674304,train,non_smoker
GSE27272,7,8,GSM674305,train,non_smoker
GSE27272,7,8,GSM674306,train,non_smoker
GSE27272,7,8,GSM674307,train,smoker
GSE27272,7,8,GSM674308,train,non_smoker
GSE27272,7,8,GSM674309,train,non_smoker
GSE27272,7,8,GSM674310,train,smoker
GSE27272,7,8,GSM674311,train,smoker
GSE27272,7,8,GSM674312,train,smoker
GSE27272,7,8,GSM674313,train,non_smoker
GSE27272,7,8,GSM674314,train,non_smoker
GSE27272,7,8,GSM674315,train,non_smoker
GSE27272,7,8,GSM674316,train,non_smoker
GSE27272,7,8,GSM674317,train,smoker
GSE27272,7,8,GSM674318,train,non_smoker
GSE27272,7,8,GSM674319,train,smoker
GSE27272,7,8,GSM674320,train,non_smoker
GSE27272,7,8,GSM674322,train,smoker
GSE27272,7,8,GSM674323,train,non_smoker
GSE27272,7,8,GSM674324,train,non_smoker
GSE27272,7,8,GSM674326,train,smoker
GSE27272,7,8,GSM674327,train,non_smoker
GSE27272,7,8,GSM674328,train,non_smoker
GSE27272,7,8,GSM674330,train,non_smoker
GSE27272,7,8,GSM674331,train,non_smoker
GSE27272,7,8,GSM674332,train,non_smoker
GSE27272,7,8,GSM674333,train,smoker
GSE27272,7,8,GSM674334,train,non_smoker
GSE27272,7,8,GSM674335,train,non_smoker
GSE27272,7,8,GSM674344,train,non_smoker
GSE27272,7,8,GSM674345,train,smoker
GSE27272,7,8,GSM674346,train,non_smoker
GSE27272,7,8,GSM674347,train,non_smoker
GSE27272,7,8,GSM674348,train,non_smoker
GSE27272,7,8,GSM674349,train,non_smoker
GSE27272,7,8,GSM674350,train,non_smoker
GSE27272,7,8,GSM674351,train,smoker
GSE27272,7,8,GSM674352,train,smoker
GSE27272,7,8,GSM674353,train,non_smoker
GSE27272,7,8,GSM674354,train,non_smoker
GSE27272,7,8,GSM674355,train,non_smoker
GSE27272,7,8,GSM674356,train,non_smoker
GSE27272,7,8,GSM674357,train,non_smoker
GSE27272,7,8,GSM674358,train,non_smoker
GSE27272,7,8,GSM674359,train,smoker
GSE27272,7,8,GSM674360,train,smoker
GSE27272,7,8,GSM674361,train,non_smoker
GSE27272,7,8,GSM674362,train,smoker
GSE27272,7,8,GSM674364,train,non_smoker
GSE27272,7,8,GSM674365,train,non_smoker
GSE27272,7,8,GSM674366,train,non_smoker
GSE27272,7,8,GSM674367,train,non_smoker
GSE27272,7,8,GSM674369,train,smoker
GSE27272,7,8,GSM674370,train,non_smoker
GSE27272,7,8,GSM674371,train,non_smoker
GSE27272,7,8,GSM674372,train,smoker
GSE27272,7,8,GSM674373,train,non_smoker
GSE27272,7,8,GSM674374,train,smoker
GSE27272,7,8,GSM674375,train,non_smoker
GSE27272,7,8,GSM674376,train,smoker
GSE27272,7,8,GSM674377,train,smoker
GSE27272,7,8,GSM674378,train,smoker
GSE27272,7,8,GSM674379,train,non_smoker
GSE27272,7,8,GSM674380,train,non_smoker
GSE27272,7,8,GSM674381,train,non_smoker
GSE27272,7,8,GSM674382,train,non_smoker
GSE27272,7,8,GSM674383,train,smoker
GSE27272,7,8,GSM674384,train,non_smoker
GSE27272,7,8,GSM674385,train,non_smoker
GSE27272,7,8,GSM674386,train,smoker
GSE27272,7,8,GSM674387,train,smoker
GSE27272,7,8,GSM674388,train,non_smoker
GSE27272,7,8,GSM674389,train,non_smoker
GSE27272,7,8,GSM674390,train,non_smoker
GSE27272,7,8,GSM674391,train,non_smoker
GSE27272,7,8,GSM674392,train,smoker
GSE27272,7,8,GSM674393,train,non_smoker
GSE27272,7,8,GSM674394,train,non_smoker
GSE27272,7,8,GSM674395,train,non_smoker
GSE27272,7,8,GSM674396,train,smoker
GSE27272,7,8,GSM674398,train,non_smoker
GSE27272,7,8,GSM674400,train,non_smoker
GSE27272,7,8,GSM674402,train,non_smoker
GSE27272,7,8,GSM674403,train,non_smoker
GSE27272,7,8,GSM674404,train,smoker
GSE27272,7,8,GSM674405,train,non_smoker
GSE27272,7,8,GSM674406,train,non_smoker
GSE27272,7,8,GSM674407,train,non_smoker
GSE27272,7,8,GSM674184,test,non_smoker
GSE27272,7,8,GSM674186,test,non_smoker
GSE27272,7,8,GSM674187,test,non_smoker
GSE27272,7,8,GSM674189,test,smoker
GSE27272,7,8,GSM674202,test,non_smoker
GSE27272,7,8,GSM674220,test,non_smoker
GSE27272,7,8,GSM674223,test,non_smoker
GSE27272,7,8,GSM674226,test,non_smoker
GSE27272,7,8,GSM674233,test,smoker
GSE27272,7,8,GSM674301,test,non_smoker
GSE27272,7,8,GSM674321,test,smoker
GSE27272,7,8,GSM674325,test,non_smoker
GSE27272,7,8,GSM674329,test,smoker
GSE27272,7,8,GSM674363,test,non_smoker
GSE27272,7,8,GSM674368,test,non_smoker
GSE27272,7,8,GSM674397,test,non_smoker
GSE27272,7,8,GSM674399,test,smoker
GSE27272,7,8,GSM674401,test,non_smoker
GSE27272,7,9,GSM674181,train,non_smoker
GSE27272,7,9,GSM674182,train,smoker
GSE27272,7,9,GSM674183,train,non_smoker
GSE27272,7,9,GSM674184,train,non_smoker
GSE27272,7,9,GSM674186,train,non_smoker
GSE27272,7,9,GSM674187,train,non_smoker
GSE27272,7,9,GSM674188,train,smoker
GSE27272,7,9,GSM674189,train,smoker
GSE27272,7,9,GSM674190,train,non_smoker
GSE27272,7,9,GSM674191,train,non_smoker
GSE27272,7,9,GSM674192,train,non_smoker
GSE27272,7,9,GSM674193,train,non_smoker
GSE27272,7,9,GSM674195,train,non_smoker
GSE27272,7,9,GSM674196,train,smoker
GSE27272,7,9,GSM674197,train,smoker
GSE27272,7,9,GSM674199,train,smoker
GSE27272,7,9,GSM674200,train,non_smoker
GSE27272,7,9,GSM674201,train,non_smoker
GSE27272,7,9,GSM674202,train,non_smoker
GSE27272,7,9,GSM674203,train,non_smoker
GSE27272,7,9,GSM674206,train,non_smoker
GSE27272,7,9,GSM674207,train,smoker
GSE27272,7,9,GSM674208,train,non_smoker
GSE27272,7,9,GSM674209,train,non_smoker
GSE27272,7,9,GSM674210,train,non_smoker
GSE27272,7,9,GSM674211,train,smoker
GSE27272,7,9,GSM674212,train,non_smoker
GSE27272,7,9,GSM674213,train,smoker
GSE27272,7,9,GSM674214,train,non_smoker
GSE27272,7,9,GSM674215,train,smoker
GSE27272,7,9,GSM674216,train,smoker
GSE27272,7,9,GSM674217,train,smoker
GSE27272,7,9,GSM674218,train,non_smoker
GSE27272,7,9,GSM674219,train,non_smoker
GSE27272,7,9,GSM674220,train,non_smoker
GSE27272,7,9,GSM674221,train,non_smoker
GSE27272,7,9,GSM674222,train,smoker
GSE27272,7,9,GSM674223,train,non_smoker
GSE27272,7,9,GSM674224,train,smoker
GSE27272,7,9,GSM674225,train,non_smoker
GSE27272,7,9,GSM674226,train,non_smoker
GSE27272,7,9,GSM674227,train,smoker
GSE27272,7,9,GSM674228,train,smoker
GSE27272,7,9,GSM674229,train,non_smoker
GSE27272,7,9,GSM674230,train,non_smoker
GSE27272,7,9,GSM674231,train,non_smoker
GSE27272,7,9,GSM674232,train,non_smoker
GSE27272,7,9,GSM674233,train,smoker
GSE27272,7,9,GSM674234,train,non_smoker
GSE27272,7,9,GSM674235,train,non_smoker
GSE27272,7,9,GSM674236,train,non_smoker
GSE27272,7,9,GSM674237,train,non_smoker
GSE27272,7,9,GSM674239,train,non_smoker
GSE27272,7,9,GSM674240,train,non_smoker
GSE27272,7,9,GSM674241,train,smoker
GSE27272,7,9,GSM674242,train,non_smoker
GSE27272,7,9,GSM674243,train,non_smoker
GSE27272,7,9,GSM674244,train,non_smoker
GSE27272,7,9,GSM674245,train,non_smoker
GSE27272,7,9,GSM674282,train,non_smoker
GSE27272,7,9,GSM674284,train,non_smoker
GSE27272,7,9,GSM674285,train,non_smoker
GSE27272,7,9,GSM674286,train,smoker
GSE27272,7,9,GSM674287,train,non_smoker
GSE27272,7,9,GSM674288,train,non_smoker
GSE27272,7,9,GSM674289,train,non_smoker
GSE27272,7,9,GSM674290,train,non_smoker
GSE27272,7,9,GSM674291,train,non_smoker
GSE27272,7,9,GSM674292,train,non_smoker
GSE27272,7,9,GSM674293,train,smoker
GSE27272,7,9,GSM674294,train,smoker
GSE27272,7,9,GSM674295,train,non_smoker
GSE27272,7,9,GSM674297,train,non_smoker
GSE27272,7,9,GSM674298,train,non_smoker
GSE27272,7,9,GSM674299,train,non_smoker
GSE27272,7,9,GSM674301,train,non_smoker
GSE27272,7,9,GSM674302,train,non_smoker
GSE27272,7,9,GSM674303,train,smoker
GSE27272,7,9,GSM674304,train,non_smoker
GSE27272,7,9,GSM674305,train,non_smoker
GSE27272,7,9,GSM674306,train,non_smoker
GSE27272,7,9,GSM674307,train,smoker
GSE27272,7,9,GSM674308,train,non_smoker
GSE27272,7,9,GSM674310,train,smoker
GSE27272,7,9,GSM674311,train,smoker
GSE27272,7,9,GSM674312,train,smoker
GSE27272,7,9,GSM674313,train,non_smoker
GSE27272,7,9,GSM674314,train,non_smoker
GSE27272,7,9,GSM674315,train,non_smoker
GSE27272,7,9,GSM674316,train,non_smoker
GSE27272,7,9,GSM674317,train,smoker
GSE27272,7,9,GSM674318,train,non_smoker
GSE27272,7,9,GSM674319,train,smoker
GSE27272,7,9,GSM674320,train,non_smoker
GSE27272,7,9,GSM674321,train,smoker
GSE27272,7,9,GSM674322,train,smoker
GSE27272,7,9,GSM674323,train,non_smoker
GSE27272,7,9,GSM674324,train,non_smoker
GSE27272,7,9,GSM674325,train,non_smoker
GSE27272,7,9,GSM674326,train,smoker
GSE27272,7,9,GSM674327,train,non_smoker
GSE27272,7,9,GSM674328,train,non_smoker
GSE27272,7,9,GSM674329,train,smoker
GSE27272,7,9,GSM674330,train,non_smoker
GSE27272,7,9,GSM674332,train,non_smoker
GSE27272,7,9,GSM674333,train,smoker
GSE27272,7,9,GSM674334,train,non_smoker
GSE27272,7,9,GSM674335,train,non_smoker
GSE27272,7,9,GSM674344,train,non_smoker
GSE27272,7,9,GSM674345,train,smoker
GSE27272,7,9,GSM674346,train,non_smoker
GSE27272,7,9,GSM674347,train,non_smoker
GSE27272,7,9,GSM674348,train,non_smoker
GSE27272,7,9,GSM674349,train,non_smoker
GSE27272,7,9,GSM674350,train,non_smoker
GSE27272,7,9,GSM674351,train,smoker
GSE27272,7,9,GSM674354,train,non_smoker
GSE27272,7,9,GSM674355,train,non_smoker
GSE27272,7,9,GSM674356,train,non_smoker
GSE27272,7,9,GSM674357,train,non_smoker
GSE27272,7,9,GSM674358,train,non_smoker
GSE27272,7,9,GSM674359,train,smoker
GSE27272,7,9,GSM674361,train,non_smoker
GSE27272,7,9,GSM674362,train,smoker
GSE27272,7,9,GSM674363,train,non_smoker
GSE27272,7,9,GSM674364,train,non_smoker
GSE27272,7,9,GSM674365,train,non_smoker
GSE27272,7,9,GSM674366,train,non_smoker
GSE27272,7,9,GSM674367,train,non_smoker
GSE27272,7,9,GSM674368,train,non_smoker
GSE27272,7,9,GSM674369,train,smoker
GSE27272,7,9,GSM674370,train,non_smoker
GSE27272,7,9,GSM674371,train,non_smoker
GSE27272,7,9,GSM674372,train,smoker
GSE27272,7,9,GSM674373,train,non_smoker
GSE27272,7,9,GSM674374,train,smoker
GSE27272,7,9,GSM674376,train,smoker
GSE27272,7,9,GSM674377,train,smoker
GSE27272,7,9,GSM674378,train,smoker
GSE27272,7,9,GSM674379,train,non_smoker
GSE27272,7,9,GSM674380,train,non_smoker
GSE27272,7,9,GSM674381,train,non_smoker
GSE27272,7,9,GSM674383,train,smoker
GSE27272,7,9,GSM674384,train,non_smoker
GSE27272,7,9,GSM674385,train,non_smoker
GSE27272,7,9,GSM674386,train,smoker
GSE27272,7,9,GSM674387,train,smoker
GSE27272,7,9,GSM674388,train,non_smoker
GSE27272,7,9,GSM674389,train,non_smoker
GSE27272,7,9,GSM674390,train,non_smoker
GSE27272,7,9,GSM674391,train,non_smoker
GSE27272,7,9,GSM674392,train,smoker
GSE27272,7,9,GSM674393,train,non_smoker
GSE27272,7,9,GSM674394,train,non_smoker
GSE27272,7,9,GSM674395,train,non_smoker
GSE27272,7,9,GSM674396,train,smoker
GSE27272,7,9,GSM674397,train,non_smoker
GSE27272,7,9,GSM674398,train,non_smoker
GSE27272,7,9,GSM674399,train,smoker
GSE27272,7,9,GSM674401,train,non_smoker
GSE27272,7,9,GSM674402,train,non_smoker
GSE27272,7,9,GSM674403,train,non_smoker
GSE27272,7,9,GSM674404,train,smoker
GSE27272,7,9,GSM674405,train,non_smoker
GSE27272,7,9,GSM674406,train,non_smoker
GSE27272,7,9,GSM674407,train,non_smoker
GSE27272,7,9,GSM674185,test,non_smoker
GSE27272,7,9,GSM674194,test,non_smoker
GSE27272,7,9,GSM674198,test,non_smoker
GSE27272,7,9,GSM674204,test,non_smoker
GSE27272,7,9,GSM674205,test,non_smoker
GSE27272,7,9,GSM674238,test,smoker
GSE27272,7,9,GSM674283,test,smoker
GSE27272,7,9,GSM674296,test,smoker
GSE27272,7,9,GSM674300,test,non_smoker
GSE27272,7,9,GSM674309,test,non_smoker
GSE27272,7,9,GSM674331,test,non_smoker
GSE27272,7,9,GSM674352,test,smoker
GSE27272,7,9,GSM674353,test,non_smoker
GSE27272,7,9,GSM674360,test,smoker
GSE27272,7,9,GSM674375,test,non_smoker
GSE27272,7,9,GSM674382,test,non_smoker
GSE27272,7,9,GSM674400,test,non_smoker
GSE27272,7,10,GSM674181,train,non_smoker
GSE27272,7,10,GSM674182,train,smoker
GSE27272,7,10,GSM674183,train,non_smoker
GSE27272,7,10,GSM674184,train,non_smoker
GSE27272,7,10,GSM674185,train,non_smoker
GSE27272,7,10,GSM674186,train,non_smoker
GSE27272,7,10,GSM674187,train,non_smoker
GSE27272,7,10,GSM674188,train,smoker
GSE27272,7,10,GSM674189,train,smoker
GSE27272,7,10,GSM674190,train,non_smoker
GSE27272,7,10,GSM674191,train,non_smoker
GSE27272,7,10,GSM674192,train,non_smoker
GSE27272,7,10,GSM674193,train,non_smoker
GSE27272,7,10,GSM674194,train,non_smoker
GSE27272,7,10,GSM674195,train,non_smoker
GSE27272,7,10,GSM674197,train,smoker
GSE27272,7,10,GSM674198,train,non_smoker
GSE27272,7,10,GSM674199,train,smoker
GSE27272,7,10,GSM674200,train,non_smoker
GSE27272,7,10,GSM674201,train,non_smoker
GSE27272,7,10,GSM674202,train,non_smoker
GSE27272,7,10,GSM674203,train,non_smoker
GSE27272,7,10,GSM674204,train,non_smoker
GSE27272,7,10,GSM674205,train,non_smoker
GSE27272,7,10,GSM674206,train,non_smoker
GSE27272,7,10,GSM674208,train,non_smoker
GSE27272,7,10,GSM674209,train,non_smoker
GSE27272,7,10,GSM674211,train,smoker
GSE27272,7,10,GSM674212,train,non_smoker
GSE27272,7,10,GSM674213,train,smoker
GSE27272,7,10,GSM674214,train,non_smoker
GSE27272,7,10,GSM674215,train,smoker
GSE27272,7,10,GSM674217,train,smoker
GSE27272,7,10,GSM674218,train,non_smoker
GSE27272,7,10,GSM674219,train,non_smoker
GSE27272,7,10,GSM674220,train,non_smoker
GSE27272,7,10,GSM674221,train,non_smoker
GSE27272,7,10,GSM674222,train,smoker
GSE27272,7,10,GSM674223,train,non_smoker
GSE27272,7,10,GSM674224,train,smoker
GSE27272,7,10,GSM674225,train,non_smoker
GSE27272,7,10,GSM674226,train,non_smoker
GSE27272,7,10,GSM674227,train,smoker
GSE27272,7,10,GSM674228,train,smoker
GSE27272,7,10,GSM674229,train,non_smoker
GSE27272,7,10,GSM674230,train,non_smoker
GSE27272,7,10,GSM674231,train,non_smoker
GSE27272,7,10,GSM674232,train,non_smoker
GSE27272,7,10,GSM674233,train,smoker
GSE27272,7,10,GSM674236,train,non_smoker
GSE27272,7,10,GSM674237,train,non_smoker
GSE27272,7,10,GSM674238,train,smoker
GSE27272,7,10,GSM674239,train,non_smoker
GSE27272,7,10,GSM674240,train,non_smoker
GSE27272,7,10,GSM674241,train,smoker
GSE27272,7,10,GSM674242,train,non_smoker
GSE27272,7,10,GSM674244,train,non_smoker
GSE27272,7,10,GSM674245,train,non_smoker
GSE27272,7,10,GSM674282,train,non_smoker
GSE27272,7,10,GSM674283,train,smoker
GSE27272,7,10,GSM674285,train,non_smoker
GSE27272,7,10,GSM674286,train,smoker
GSE27272,7,10,GSM674287,train,non_smoker
GSE27272,7,10,GSM674288,train,non_smoker
GSE27272,7,10,GSM674289,train,non_smoker
GSE27272,7,10,GSM674290,train,non_smoker
GSE27272,7,10,GSM674291,train,non_smoker
GSE27272,7,10,GSM674292,train,non_smoker
GSE27272,7,10,GSM674293,train,smoker
GSE27272,7,10,GSM674294,train,smoker
GSE27272,7,10,GSM674295,train,non_smoker
GSE27272,7,10,GSM674296,train,smoker
GSE27272,7,10,GSM674297,train,non_smoker
GSE27272,7,10,GSM674298,train,non_smoker
GSE27272,7,10,GSM674299,train,non_smoker
GSE27272,7,10,GSM674300,train,non_smoker
GSE27272,7,10,GSM674301,train,non_smoker
GSE27272,7,10,GSM674302,train,non_smoker
GSE27272,7,10,GSM674304,train,non_smoker
GSE27272,7,10,GSM674305,train,non_smoker
GSE27272,7,10,GSM674306,train,non_smoker
GSE27272,7,10,GSM674307,train,smoker
GSE27272,7,10,GSM674308,train,non_smoker
GSE27272,7,10,GSM674309,train,non_smoker
GSE27272,7,10,GSM674310,train,smoker
GSE27272,7,10,GSM674311,train,smoker
GSE27272,7,10,GSM674312,train,smoker
GSE27272,7,10,GSM674313,train,non_smoker
GSE27272,7,10,GSM674314,train,non_smoker
GSE27272,7,10,GSM674315,train,non_smoker
GSE27272,7,10,GSM674316,train,non_smoker
GSE27272,7,10,GSM674317,train,smoker
GSE27272,7,10,GSM674318,train,non_smoker
GSE27272,7,10,GSM674319,train,smoker
GSE27272,7,10,GSM674320,train,non_smoker
GSE27272,7,10,GSM674321,train,smoker
GSE27272,7,10,GSM674322,train,smoker
GSE27272,7,10,GSM674323,train,non_smoker
GSE27272,7,10,GSM674324,train,non_smoker
GSE27272,7,10,GSM674325,train,non_smoker
GSE27272,7,10,GSM674326,train,smoker
GSE27272,7,10,GSM674327,train,non_smoker
GSE27272,7,10,GSM674328,train,non_smoker
GSE27272,7,10,GSM674329,train,smoker
GSE27272,7,10,GSM674330,train,non_smoker
GSE27272,7,10,GSM674331,train,non_smoker
GSE27272,7,10,GSM674332,train,non_smoker
GSE27272,7,10,GSM674333,train,smoker
GSE27272,7,10,GSM674334,train,non_smoker
GSE27272,7,10,GSM674335,train,non_smoker
GSE27272,7,10,GSM674344,train,non_smoker
GSE27272,7,10,GSM674345,train,smoker
GSE27272,7,10,GSM674346,train,non_smoker
GSE27272,7,10,GSM674347,train,non_smoker
GSE27272,7,10,GSM674348,train,non_smoker
GSE27272,7,10,GSM674349,train,non_smoker
GSE27272,7,10,GSM674350,train,non_smoker
GSE27272,7,10,GSM674351,train,smoker
GSE27272,7,10,GSM674352,train,smoker
GSE27272,7,10,GSM674353,train,non_smoker
GSE27272,7,10,GSM674354,train,non_smoker
GSE27272,7,10,GSM674355,train,non_smoker
GSE27272,7,10,GSM674356,train,non_smoker
GSE27272,7,10,GSM674357,train,non_smoker
GSE27272,7,10,GSM674358,train,non_smoker
GSE27272,7,10,GSM674359,train,smoker
GSE27272,7,10,GSM674360,train,smoker
GSE27272,7,10,GSM674362,train,smoker
GSE27272,7,10,GSM674363,train,non_smoker
GSE27272,7,10,GSM674365,train,non_smoker
GSE27272,7,10,GSM674366,train,non_smoker
GSE27272,7,10,GSM674368,train,non_smoker
GSE27272,7,10,GSM674369,train,smoker
GSE27272,7,10,GSM674371,train,non_smoker
GSE27272,7,10,GSM674372,train,smoker
GSE27272,7,10,GSM674373,train,non_smoker
GSE27272,7,10,GSM674374,train,smoker
GSE27272,7,10,GSM674375,train,non_smoker
GSE27272,7,10,GSM674376,train,smoker
GSE27272,7,10,GSM674377,train,smoker
GSE27272,7,10,GSM674378,train,smoker
GSE27272,7,10,GSM674379,train,non_smoker
GSE27272,7,10,GSM674380,train,non_smoker
GSE27272,7,10,GSM674381,train,non_smoker
GSE27272,7,10,GSM674382,train,non_smoker
GSE27272,7,10,GSM674383,train,smoker
GSE27272,7,10,GSM674385,train,non_smoker
GSE27272,7,10,GSM674386,train,smoker
GSE27272,7,10,GSM674387,train,smoker
GSE27272,7,10,GSM674388,train,non_smoker
GSE27272,7,10,GSM674389,train,non_smoker
GSE27272,7,10,GSM674390,train,non_smoker
GSE27272,7,10,GSM674391,train,non_smoker
GSE27272,7,10,GSM674392,train,smoker
GSE27272,7,10,GSM674393,train,non_smoker
GSE27272,7,10,GSM674394,train,non_smoker
GSE27272,7,10,GSM674395,train,non_smoker
GSE27272,7,10,GSM674396,train,smoker
GSE27272,7,10,GSM674397,train,non_smoker
GSE27272,7,10,GSM674398,train,non_smoker
GSE27272,7,10,GSM674399,train,smoker
GSE27272,7,10,GSM674400,train,non_smoker
GSE27272,7,10,GSM674401,train,non_smoker
GSE27272,7,10,GSM674403,train,non_smoker
GSE27272,7,10,GSM674406,train,non_smoker
GSE27272,7,10,GSM674407,train,non_smoker
GSE27272,7,10,GSM674196,test,smoker
GSE27272,7,10,GSM674207,test,smoker
GSE27272,7,10,GSM674210,test,non_smoker
GSE27272,7,10,GSM674216,test,smoker
GSE27272,7,10,GSM674234,test,non_smoker
GSE27272,7,10,GSM674235,test,non_smoker
GSE27272,7,10,GSM674243,test,non_smoker
GSE27272,7,10,GSM674284,test,non_smoker
GSE27272,7,10,GSM674303,test,smoker
GSE27272,7,10,GSM674361,test,non_smoker
GSE27272,7,10,GSM674364,test,non_smoker
GSE27272,7,10,GSM674367,test,non_smoker
GSE27272,7,10,GSM674370,test,non_smoker
GSE27272,7,10,GSM674384,test,non_smoker
GSE27272,7,10,GSM674402,test,non_smoker
GSE27272,7,10,GSM674404,test,smoker
GSE27272,7,10,GSM674405,test,non_smoker
GSE27272,8,1,GSM674181,train,non_smoker
GSE27272,8,1,GSM674183,train,non_smoker
GSE27272,8,1,GSM674184,train,non_smoker
GSE27272,8,1,GSM674185,train,non_smoker
GSE27272,8,1,GSM674186,train,non_smoker
GSE27272,8,1,GSM674187,train,non_smoker
GSE27272,8,1,GSM674188,train,smoker
GSE27272,8,1,GSM674189,train,smoker
GSE27272,8,1,GSM674191,train,non_smoker
GSE27272,8,1,GSM674193,train,non_smoker
GSE27272,8,1,GSM674194,train,non_smoker
GSE27272,8,1,GSM674195,train,non_smoker
GSE27272,8,1,GSM674196,train,smoker
GSE27272,8,1,GSM674198,train,non_smoker
GSE27272,8,1,GSM674199,train,smoker
GSE27272,8,1,GSM674200,train,non_smoker
GSE27272,8,1,GSM674201,train,non_smoker
GSE27272,8,1,GSM674202,train,non_smoker
GSE27272,8,1,GSM674203,train,non_smoker
GSE27272,8,1,GSM674204,train,non_smoker
GSE27272,8,1,GSM674205,train,non_smoker
GSE27272,8,1,GSM674206,train,non_smoker
GSE27272,8,1,GSM674207,train,smoker
GSE27272,8,1,GSM674208,train,non_smoker
GSE27272,8,1,GSM674209,train,non_smoker
GSE27272,8,1,GSM674210,train,non_smoker
GSE27272,8,1,GSM674211,train,smoker
GSE27272,8,1,GSM674212,train,non_smoker
GSE27272,8,1,GSM674213,train,smoker
GSE27272,8,1,GSM674214,train,non_smoker
GSE27272,8,1,GSM674215,train,smoker
GSE27272,8,1,GSM674216,train,smoker
GSE27272,8,1,GSM674218,train,non_smoker
GSE27272,8,1,GSM674219,train,non_smoker
GSE27272,8,1,GSM674220,train,non_smoker
GSE27272,8,1,GSM674222,train,smoker
GSE27272,8,1,GSM674223,train,non_smoker
GSE27272,8,1,GSM674224,train,smoker
GSE27272,8,1,GSM674225,train,non_smoker
GSE27272,8,1,GSM674226,train,non_smoker
GSE27272,8,1,GSM674227,train,smoker
GSE27272,8,1,GSM674228,train,smoker
GSE27272,8,1,GSM674229,train,non_smoker
GSE27272,8,1,GSM674230,train,non_smoker
GSE27272,8,1,GSM674231,train,non_smoker
GSE27272,8,1,GSM674232,train,non_smoker
GSE27272,8,1,GSM674233,train,smoker
GSE27272,8,1,GSM674234,train,non_smoker
GSE27272,8,1,GSM674235,train,non_smoker
GSE27272,8,1,GSM674237,train,non_smoker
GSE27272,8,1,GSM674238,train,smoker
GSE27272,8,1,GSM674239,train,non_smoker
GSE27272,8,1,GSM674240,train,non_smoker
GSE27272,8,1,GSM674241,train,smoker
GSE27272,8,1,GSM674242,train,non_smoker
GSE27272,8,1,GSM674243,train,non_smoker
GSE27272,8,1,GSM674244,train,non_smoker
GSE27272,8,1,GSM674245,train,non_smoker
GSE27272,8,1,GSM674282,train,non_smoker
GSE27272,8,1,GSM674283,train,smoker
GSE27272,8,1,GSM674285,train,non_smoker
GSE27272,8,1,GSM674287,train,non_smoker
GSE27272,8,1,GSM674288,train,non_smoker
GSE27272,8,1,GSM674289,train,non_smoker
GSE27272,8,1,GSM674290,train,non_smoker
GSE27272,8,1,GSM674291,train,non_smoker
GSE27272,8,1,GSM674292,train,non_smoker
GSE27272,8,1,GSM674293,train,smoker
GSE27272,8,1,GSM674294,train,smoker
GSE27272,8,1,GSM674295,train,non_smoker
GSE27272,8,1,GSM674296,train,smoker
GSE27272,8,1,GSM674297,train,non_smoker
GSE27272,8,1,GSM674298,train,non_smoker
GSE27272,8,1,GSM674299,train,non_smoker
GSE27272,8,1,GSM674300,train,non_smoker
GSE27272,8,1,GSM674301,train,non_smoker
GSE27272,8,1,GSM674303,train,smoker
GSE27272,8,1,GSM674304,train,non_smoker
GSE27272,8,1,GSM674305,train,non_smoker
GSE27272,8,1,GSM674307,train,smoker
GSE27272,8,1,GSM674308,train,non_smoker
GSE27272,8,1,GSM674309,train,non_smoker
GSE27272,8,1,GSM674310,train,smoker
GSE27272,8,1,GSM674311,train,smoker
GSE27272,8,1,GSM674312,train,smoker
GSE27272,8,1,GSM674313,train,non_smoker
GSE27272,8,1,GSM674314,train,non_smoker
GSE27272,8,1,GSM674315,train,non_smoker
GSE27272,8,1,GSM674316,train,non_smoker
GSE27272,8,1,GSM674317,train,smoker
GSE27272,8,1,GSM674318,train,non_smoker
GSE27272,8,1,GSM674319,train,smoker
GSE27272,8,1,GSM674320,train,non_smoker
GSE27272,8,1,GSM674322,train,smoker
GSE27272,8,1,GSM674323,train,non_smoker
GSE27272,8,1,GSM674324,train,non_smoker
GSE27272,8,1,GSM674325,train,non_smoker
GSE27272,8,1,GSM674326,train,smoker
GSE27272,8,1,GSM674327,train,non_smoker
GSE27272,8,1,GSM674329,train,smoker
GSE27272,8,1,GSM674330,train,non_smoker
GSE27272,8,1,GSM674331,train,non_smoker
GSE27272,8,1,GSM674332,train,non_smoker
GSE27272,8,1,GSM674333,train,smoker
GSE27272,8,1,GSM674334,train,non_smoker
GSE27272,8,1,GSM674335,train,non_smoker
GSE27272,8,1,GSM674344,train,non_smoker
GSE27272,8,1,GSM674345,train,smoker
GSE27272,8,1,GSM674346,train,non_smoker
GSE27272,8,1,GSM674347,train,non_smoker
GSE27272,8,1,GSM674348,train,non_smoker
GSE27272,8,1,GSM674349,train,non_smoker
GSE27272,8,1,GSM674350,train,non_smoker
GSE27272,8,1,GSM674351,train,smoker
GSE27272,8,1,GSM674352,train,smoker
GSE27272,8,1,GSM674353,train,non_smoker
GSE27272,8,1,GSM674354,train,non_smoker
GSE27272,8,1,GSM674355,train,non_smoker
GSE27272,8,1,GSM674356,train,non_smoker
GSE27272,8,1,GSM674357,train,non_smoker
GSE27272,8,1,GSM674358,train,non_smoker
GSE27272,8,1,GSM674359,train,smoker
GSE27272,8,1,GSM674360,train,smoker
GSE27272,8,1,GSM674361,train,non_smoker
GSE27272,8,1,GSM674363,train,non_smoker
GSE27272,8,1,GSM674364,train,non_smoker
GSE27272,8,1,GSM674365,train,non_smoker
GSE27272,8,1,GSM674366,train,non_smoker
GSE27272,8,1,GSM674367,train,non_smoker
GSE27272,8,1,GSM674368,train,non_smoker
GSE27272,8,1,GSM674369,train,smoker
GSE27272,8,1,GSM674370,train,non_smoker
GSE27272,8,1,GSM674371,train,non_smoker
GSE27272,8,1,GSM674372,train,smoker
GSE27272,8,1,GSM674373,train,non_smoker
GSE27272,8,1,GSM674374,train,smoker
GSE27272,8,1,GSM674375,train,non_smoker
GSE27272,8,1,GSM674376,train,smoker
GSE27272,8,1,GSM674377,train,smoker
GSE27272,8,1,GSM674378,train,smoker
GSE27272,8,1,GSM674379,train,non_smoker
GSE27272,8,1,GSM674381,train,non_smoker
GSE27272,8,1,GSM674383,train,smoker
GSE27272,8,1,GSM674384,train,non_smoker
GSE27272,8,1,GSM674385,train,non_smoker
GSE27272,8,1,GSM674386,train,smoker
GSE27272,8,1,GSM674387,train,smoker
GSE27272,8,1,GSM674388,train,non_smoker
GSE27272,8,1,GSM674389,train,non_smoker
GSE27272,8,1,GSM674390,train,non_smoker
GSE27272,8,1,GSM674391,train,non_smoker
GSE27272,8,1,GSM674392,train,smoker
GSE27272,8,1,GSM674393,train,non_smoker
GSE27272,8,1,GSM674394,train,non_smoker
GSE27272,8,1,GSM674395,train,non_smoker
GSE27272,8,1,GSM674396,train,smoker
GSE27272,8,1,GSM674397,train,non_smoker
GSE27272,8,1,GSM674398,train,non_smoker
GSE27272,8,1,GSM674399,train,smoker
GSE27272,8,1,GSM674400,train,non_smoker
GSE27272,8,1,GSM674403,train,non_smoker
GSE27272,8,1,GSM674404,train,smoker
GSE27272,8,1,GSM674406,train,non_smoker
GSE27272,8,1,GSM674407,train,non_smoker
GSE27272,8,1,GSM674182,test,smoker
GSE27272,8,1,GSM674190,test,non_smoker
GSE27272,8,1,GSM674192,test,non_smoker
GSE27272,8,1,GSM674197,test,smoker
GSE27272,8,1,GSM674217,test,smoker
GSE27272,8,1,GSM674221,test,non_smoker
GSE27272,8,1,GSM674236,test,non_smoker
GSE27272,8,1,GSM674284,test,non_smoker
GSE27272,8,1,GSM674286,test,smoker
GSE27272,8,1,GSM674302,test,non_smoker
GSE27272,8,1,GSM674306,test,non_smoker
GSE27272,8,1,GSM674321,test,smoker
GSE27272,8,1,GSM674328,test,non_smoker
GSE27272,8,1,GSM674362,test,smoker
GSE27272,8,1,GSM674380,test,non_smoker
GSE27272,8,1,GSM674382,test,non_smoker
GSE27272,8,1,GSM674401,test,non_smoker
GSE27272,8,1,GSM674402,test,non_smoker
GSE27272,8,1,GSM674405,test,non_smoker
GSE27272,8,2,GSM674181,train,non_smoker
GSE27272,8,2,GSM674182,train,smoker
GSE27272,8,2,GSM674183,train,non_smoker
GSE27272,8,2,GSM674184,train,non_smoker
GSE27272,8,2,GSM674185,train,non_smoker
GSE27272,8,2,GSM674186,train,non_smoker
GSE27272,8,2,GSM674187,train,non_smoker
GSE27272,8,2,GSM674189,train,smoker
GSE27272,8,2,GSM674190,train,non_smoker
GSE27272,8,2,GSM674191,train,non_smoker
GSE27272,8,2,GSM674192,train,non_smoker
GSE27272,8,2,GSM674193,train,non_smoker
GSE27272,8,2,GSM674194,train,non_smoker
GSE27272,8,2,GSM674195,train,non_smoker
GSE27272,8,2,GSM674196,train,smoker
GSE27272,8,2,GSM674197,train,smoker
GSE27272,8,2,GSM674198,train,non_smoker
GSE27272,8,2,GSM674199,train,smoker
GSE27272,8,2,GSM674200,train,non_smoker
GSE27272,8,2,GSM674201,train,non_smoker
GSE27272,8,2,GSM674202,train,non_smoker
GSE27272,8,2,GSM674203,train,non_smoker
GSE27272,8,2,GSM674204,train,non_smoker
GSE27272,8,2,GSM674205,train,non_smoker
GSE27272,8,2,GSM674206,train,non_smoker
GSE27272,8,2,GSM674207,train,smoker
GSE27272,8,2,GSM674208,train,non_smoker
GSE27272,8,2,GSM674209,train,non_smoker
GSE27272,8,2,GSM674212,train,non_smoker
GSE27272,8,2,GSM674213,train,smoker
GSE27272,8,2,GSM674214,train,non_smoker
GSE27272,8,2,GSM674215,train,smoker
GSE27272,8,2,GSM674216,train,smoker
GSE27272,8,2,GSM674217,train,smoker
GSE27272,8,2,GSM674218,train,non_smoker
GSE27272,8,2,GSM674219,train,non_smoker
GSE27272,8,2,GSM674221,train,non_smoker
GSE27272,8,2,GSM674222,train,smoker
GSE27272,8,2,GSM674223,train,non_smoker
GSE27272,8,2,GSM674224,train,smoker
GSE27272,8,2,GSM674225,train,non_smoker
GSE27272,8,2,GSM674226,train,non_smoker
GSE27272,8,2,GSM674227,train,smoker
GSE27272,8,2,GSM674228,train,smoker
GSE27272,8,2,GSM674229,train,non_smoker
GSE27272,8,2,GSM674230,train,non_smoker
GSE27272,8,2,GSM674232,train,non_smoker
GSE27272,8,2,GSM674233,train,smoker
GSE27272,8,2,GSM674234,train,non_smoker
GSE27272,8,2,GSM674235,train,non_smoker
GSE27272,8,2,GSM674236,train,non_smoker
GSE27272,8,2,GSM674237,train,non_smoker
GSE27272,8,2,GSM674238,train,smoker
GSE27272,8,2,GSM674239,train,non_smoker
GSE27272,8,2,GSM674240,train,non_smoker
GSE27272,8,2,GSM674241,train,smoker
GSE27272,8,2,GSM674242,train,non_smoker
GSE27272,8,2,GSM674243,train,non_smoker
GSE27272,8,2,GSM674244,train,non_smoker
GSE27272,8,2,GSM674245,train,non_smoker
GSE27272,8,2,GSM674282,train,non_smoker
GSE27272,8,2,GSM674283,train,smoker
GSE27272,8,2,GSM674284,train,non_smoker
GSE27272,8,2,GSM674285,train,non_smoker
GSE27272,8,2,GSM674286,train,smoker
GSE27272,8,2,GSM674287,train,non_smoker
GSE27272,8,2,GSM674288,train,non_smoker
GSE27272,8,2,GSM674289,train,non_smoker
GSE27272,8,2,GSM674292,train,non_smoker
GSE27272,8,2,GSM674293,train,smoker
GSE27272,8,2,GSM674294,train,smoker
GSE27272,8,2,GSM674295,train,non_smoker
GSE27272,8,2,GSM674296,train,smoker
GSE27272,8,2,GSM674297,train,non_smoker
GSE27272,8,2,GSM674298,train,non_smoker
GSE27272,8,2,GSM674299,train,non_smoker
GSE27272,8,2,GSM674300,train,non_smoker
GSE27272,8,2,GSM674301,train,non_smoker
GSE27272,8,2,GSM674302,train,non_smoker
GSE27272,8,2,GSM674303,train,smoker
GSE27272,8,2,GSM674304,train,non_smoker
GSE27272,8,2,GSM674305,train,non_smoker
GSE27272,8,2,GSM674306,train,non_smoker
GSE27272,8,2,GSM674307,train,smoker
GSE27272,8,2,GSM674308,train,non_smoker
GSE27272,8,2,GSM674309,train,non_smoker
GSE27272,8,2,GSM674310,train,smoker
GSE27272,8,2,GSM674311,train,smoker
GSE27272,8,2,GSM674313,train,non_smoker
GSE27272,8,2,GSM674315,train,non_smoker
GSE27272,8,2,GSM674316,train,non_smoker
GSE27272,8,2,GSM674317,train,smoker
GSE27272,8,2,GSM674318,train,non_smoker
GSE27272,8,2,GSM674319,train,smoker
GSE27272,8,2,GSM674320,train,non_smoker
GSE27272,8,2,GSM674321,train,smoker
GSE27272,8,2,GSM674322,train,smoker
GSE27272,8,2,GSM674323,train,non_smoker
GSE27272,8,2,GSM674324,train,non_smoker
GSE27272,8,2,GSM674325,train,non_smoker
GSE27272,8,2,GSM674326,train,smoker
GSE27272,8,2,GSM674327,train,non_smoker
GSE27272,8,2,GSM674328,train,non_smoker
GSE27272,8,2,GSM674329,train,smoker
GSE27272,8,2,GSM674330,train,non_smoker
GSE27272,8,2,GSM674331,train,non_smoker
GSE27272,8,2,GSM674332,train,non_smoker
GSE27272,8,2,GSM674333,train,smoker
GSE27272,8,2,GSM674334,train,non_smoker
GSE27272,8,2,GSM674345,train,smoker
GSE27272,8,2,GSM674346,train,non_smoker
GSE27272,8,2,GSM674347,train,non_smoker
GSE27272,8,2,GSM674348,train,non_smoker
GSE27272,8,2,GSM674349,train,non_smoker
GSE27272,8,2,GSM674352,train,smoker
GSE27272,8,2,GSM674354,train,non_smoker
GSE27272,8,2,GSM674355,train,non_smoker
GSE27272,8,2,GSM674357,train,non_smoker
GSE27272,8,2,GSM674358,train,non_smoker
GSE27272,8,2,GSM674359,train,smoker
GSE27272,8,2,GSM674360,train,smoker
GSE27272,8,2,GSM674361,train,non_smoker
GSE27272,8,2,GSM674362,train,smoker
GSE27272,8,2,GSM674363,train,non_smoker
GSE27272,8,2,GSM674364,train,non_smoker
GSE27272,8,2,GSM674365,train,non_smoker
GSE27272,8,2,GSM674366,train,non_smoker
GSE27272,8,2,GSM674367,train,non_smoker
GSE27272,8,2,GSM674368,train,non_smoker
GSE27272,8,2,GSM674369,train,smoker
GSE27272,8,2,GSM674370,train,non_smoker
GSE27272,8,2,GSM674371,train,non_smoker
GSE27272,8,2,GSM674372,train,smoker
GSE27272,8,2,GSM674373,train,non_smoker
GSE27272,8,2,GSM674375,train,non_smoker
GSE27272,8,2,GSM674376,train,smoker
GSE27272,8,2,GSM674377,train,smoker
GSE27272,8,2,GSM674378,train,smoker
GSE27272,8,2,GSM674380,train,non_smoker
GSE27272,8,2,GSM674382,train,non_smoker
GSE27272,8,2,GSM674383,train,smoker
GSE27272,8,2,GSM674384,train,non_smoker
GSE27272,8,2,GSM674385,train,non_smoker
GSE27272,8,2,GSM674386,train,smoker
GSE27272,8,2,GSM674387,train,smoker
GSE27272,8,2,GSM674388,train,non_smoker
GSE27272,8,2,GSM674389,train,non_smoker
GSE27272,8,2,GSM674390,train,non_smoker
GSE27272,8,2,GSM674391,train,non_smoker
GSE27272,8,2,GSM674392,train,smoker
GSE27272,8,2,GSM674393,train,non_smoker
GSE27272,8,2,GSM674394,train,non_smoker
GSE27272,8,2,GSM674395,train,non_smoker
GSE27272,8,2,GSM674396,train,smoker
GSE27272,8,2,GSM674397,train,non_smoker
GSE27272,8,2,GSM674398,train,non_smoker
GSE27272,8,2,GSM674399,train,smoker
GSE27272,8,2,GSM674400,train,non_smoker
GSE27272,8,2,GSM674401,train,non_smoker
GSE27272,8,2,GSM674402,train,non_smoker
GSE27272,8,2,GSM674403,train,non_smoker
GSE27272,8,2,GSM674405,train,non_smoker
GSE27272,8,2,GSM674406,train,non_smoker
GSE27272,8,2,GSM674407,train,non_smoker
GSE27272,8,2,GSM674188,test,smoker
GSE27272,8,2,GSM674210,test,non_smoker
GSE27272,8,2,GSM674211,test,smoker
GSE27272,8,2,GSM674220,test,non_smoker
GSE27272,8,2,GSM674231,test,non_smoker
GSE27272,8,2,GSM674290,test,non_smoker
GSE27272,8,2,GSM674291,test,non_smoker
GSE27272,8,2,GSM674312,test,smoker
GSE27272,8,2,GSM674314,test,non_smoker
GSE27272,8,2,GSM674335,test,non_smoker
GSE27272,8,2,GSM674344,test,non_smoker
GSE27272,8,2,GSM674350,test,non_smoker
GSE27272,8,2,GSM674351,test,smoker
GSE27272,8,2,GSM674353,test,non_smoker
GSE27272,8,2,GSM674356,test,non_smoker
GSE27272,8,2,GSM674374,test,smoker
GSE27272,8,2,GSM674379,test,non_smoker
GSE27272,8,2,GSM674381,test,non_smoker
GSE27272,8,2,GSM674404,test,smoker
GSE27272,8,3,GSM674181,train,non_smoker
GSE27272,8,3,GSM674182,train,smoker
GSE27272,8,3,GSM674184,train,non_smoker
GSE27272,8,3,GSM674185,train,non_smoker
GSE27272,8,3,GSM674186,train,non_smoker
GSE27272,8,3,GSM674187,train,non_smoker
GSE27272,8,3,GSM674188,train,smoker
GSE27272,8,3,GSM674190,train,non_smoker
GSE27272,8,3,GSM674191,train,non_smoker
GSE27272,8,3,GSM674192,train,non_smoker
GSE27272,8,3,GSM674193,train,non_smoker
GSE27272,8,3,GSM674194,train,non_smoker
GSE27272,8,3,GSM674195,train,non_smoker
GSE27272,8,3,GSM674196,train,smoker
GSE27272,8,3,GSM674197,train,smoker
GSE27272,8,3,GSM674198,train,non_smoker
GSE27272,8,3,GSM674199,train,smoker
GSE27272,8,3,GSM674200,train,non_smoker
GSE27272,8,3,GSM674201,train,non_smoker
GSE27272,8,3,GSM674203,train,non_smoker
GSE27272,8,3,GSM674205,train,non_smoker
GSE27272,8,3,GSM674206,train,non_smoker
GSE27272,8,3,GSM674207,train,smoker
GSE27272,8,3,GSM674208,train,non_smoker
GSE27272,8,3,GSM674209,train,non_smoker
GSE27272,8,3,GSM674210,train,non_smoker
GSE27272,8,3,GSM674211,train,smoker
GSE27272,8,3,GSM674212,train,non_smoker
GSE27272,8,3,GSM674214,train,non_smoker
GSE27272,8,3,GSM674215,train,smoker
GSE27272,8,3,GSM674217,train,smoker
GSE27272,8,3,GSM674219,train,non_smoker
GSE27272,8,3,GSM674220,train,non_smoker
GSE27272,8,3,GSM674221,train,non_smoker
GSE27272,8,3,GSM674222,train,smoker
GSE27272,8,3,GSM674223,train,non_smoker
GSE27272,8,3,GSM674225,train,non_smoker
GSE27272,8,3,GSM674226,train,non_smoker
GSE27272,8,3,GSM674227,train,smoker
GSE27272,8,3,GSM674228,train,smoker
GSE27272,8,3,GSM674229,train,non_smoker
GSE27272,8,3,GSM674231,train,non_smoker
GSE27272,8,3,GSM674233,train,smoker
GSE27272,8,3,GSM674234,train,non_smoker
GSE27272,8,3,GSM674235,train,non_smoker
GSE27272,8,3,GSM674236,train,non_smoker
GSE27272,8,3,GSM674237,train,non_smoker
GSE27272,8,3,GSM674238,train,smoker
GSE27272,8,3,GSM674239,train,non_smoker
GSE27272,8,3,GSM674241,train,smoker
GSE27272,8,3,GSM674242,train,non_smoker
GSE27272,8,3,GSM674243,train,non_smoker
GSE27272,8,3,GSM674244,train,non_smoker
GSE27272,8,3,GSM674245,train,non_smoker
GSE27272,8,3,GSM674282,train,non_smoker
GSE27272,8,3,GSM674283,train,smoker
GSE27272,8,3,GSM674284,train,non_smoker
GSE27272,8,3,GSM674285,train,non_smoker
GSE27272,8,3,GSM674286,train,smoker
GSE27272,8,3,GSM674287,train,non_smoker
GSE27272,8,3,GSM674288,train,non_smoker
GSE27272,8,3,GSM674289,train,non_smoker
GSE27272,8,3,GSM674290,train,non_smoker
GSE27272,8,3,GSM674291,train,non_smoker
GSE27272,8,3,GSM674292,train,non_smoker
GSE27272,8,3,GSM674293,train,smoker
GSE27272,8,3,GSM674294,train,smoker
GSE27272,8,3,GSM674295,train,non_smoker
GSE27272,8,3,GSM674296,train,smoker
GSE27272,8,3,GSM674297,train,non_smoker
GSE27272,8,3,GSM674299,train,non_smoker
GSE27272,8,3,GSM674300,train,non_smoker
GSE27272,8,3,GSM674301,train,non_smoker
GSE27272,8,3,GSM674302,train,non_smoker
GSE27272,8,3,GSM674303,train,smoker
GSE27272,8,3,GSM674304,train,non_smoker
GSE27272,8,3,GSM674305,train,non_smoker
GSE27272,8,3,GSM674306,train,non_smoker
GSE27272,8,3,GSM674307,train,smoker
GSE27272,8,3,GSM674309,train,non_smoker
GSE27272,8,3,GSM674310,train,smoker
GSE27272,8,3,GSM674311,train,smoker
GSE27272,8,3,GSM674312,train,smoker
GSE27272,8,3,GSM674313,train,non_smoker
GSE27272,8,3,GSM674314,train,non_smoker
GSE27272,8,3,GSM674315,train,non_smoker
GSE27272,8,3,GSM674316,train,non_smoker
GSE27272,8,3,GSM674317,train,smoker
GSE27272,8,3,GSM674318,train,non_smoker
GSE27272,8,3,GSM674319,train,smoker
GSE27272,8,3,GSM674320,train,non_smoker
GSE27272,8,3,GSM674321,train,smoker
GSE27272,8,3,GSM674322,train,smoker
GSE27272,8,3,GSM674323,train,non_smoker
GSE27272,8,3,GSM674325,train,non_smoker
GSE27272,8,3,GSM674328,train,non_smoker
GSE27272,8,3,GSM674329,train,smoker
GSE27272,8,3,GSM674330,train,non_smoker
GSE27272,8,3,GSM674331,train,non_smoker
GSE27272,8,3,GSM674332,train,non_smoker
GSE27272,8,3,GSM674333,train,smoker
GSE27272,8,3,GSM674334,train,non_smoker
GSE27272,8,3,GSM674335,train,non_smoker
GSE27272,8,3,GSM674344,train,non_smoker
GSE27272,8,3,GSM674345,train,smoker
GSE27272,8,3,GSM674346,train,non_smoker
GSE27272,8,3,GSM674347,train,non_smoker
GSE27272,8,3,GSM674348,train,non_smoker
GSE27272,8,3,GSM674349,train,non_smoker
GSE27272,8,3,GSM674350,train,non_smoker
GSE27272,8,3,GSM674351,train,smoker
GSE27272,8,3,GSM674352,train,smoker
GSE27272,8,3,GSM674353,train,non_smoker
GSE27272,8,3,GSM674354,train,non_smoker
GSE27272,8,3,GSM674355,train,non_smoker
GSE27272,8,3,GSM674356,train,non_smoker
GSE27272,8,3,GSM674358,train,non_smoker
GSE27272,8,3,GSM674359,train,smoker
GSE27272,8,3,GSM674361,train,non_smoker
GSE27272,8,3,GSM674362,train,smoker
GSE27272,8,3,GSM674363,train,non_smoker
GSE27272,8,3,GSM674364,train,non_smoker
GSE27272,8,3,GSM674365,train,non_smoker
GSE27272,8,3,GSM674367,train,non_smoker
GSE27272,8,3,GSM674368,train,non_smoker
GSE27272,8,3,GSM674369,train,smoker
GSE27272,8,3,GSM674370,train,non_smoker
GSE27272,8,3,GSM674371,train,non_smoker
GSE27272,8,3,GSM674372,train,smoker
GSE27272,8,3,GSM674373,train,non_smoker
GSE27272,8,3,GSM674374,train,smoker
GSE27272,8,3,GSM674375,train,non_smoker
GSE27272,8,3,GSM674376,train,smoker
GSE27272,8,3,GSM674377,train,smoker
GSE27272,8,3,GSM674378,train,smoker
GSE27272,8,3,GSM674379,train,non_smoker
GSE27272,8,3,GSM674380,train,non_smoker
GSE27272,8,3,GSM674381,train,non_smoker
GSE27272,8,3,GSM674382,train,non_smoker
GSE27272,8,3,GSM674383,train,smoker
GSE27272,8,3,GSM674384,train,non_smoker
GSE27272,8,3,GSM674385,train,non_smoker
GSE27272,8,3,GSM674386,train,smoker
GSE27272,8,3,GSM674387,train,smoker
GSE27272,8,3,GSM674388,train,non_smoker
GSE27272,8,3,GSM674389,train,non_smoker
GSE27272,8,3,GSM674390,train,non_smoker
GSE27272,8,3,GSM674391,train,non_smoker
GSE27272,8,3,GSM674392,train,smoker
GSE27272,8,3,GSM674393,train,non_smoker
GSE27272,8,3,GSM674394,train,non_smoker
GSE27272,8,3,GSM674395,train,non_smoker
GSE27272,8,3,GSM674396,train,smoker
GSE27272,8,3,GSM674397,train,non_smoker
GSE27272,8,3,GSM674398,train,non_smoker
GSE27272,8,3,GSM674399,train,smoker
GSE27272,8,3,GSM674400,train,non_smoker
GSE27272,8,3,GSM674401,train,non_smoker
GSE27272,8,3,GSM674402,train,non_smoker
GSE27272,8,3,GSM674403,train,non_smoker
GSE27272,8,3,GSM674404,train,smoker
GSE27272,8,3,GSM674405,train,non_smoker
GSE27272,8,3,GSM674406,train,non_smoker
GSE27272,8,3,GSM674407,train,non_smoker
GSE27272,8,3,GSM674183,test,non_smoker
GSE27272,8,3,GSM674189,test,smoker
GSE27272,8,3,GSM674202,test,non_smoker
GSE27272,8,3,GSM674204,test,non_smoker
GSE27272,8,3,GSM674213,test,smoker
GSE27272,8,3,GSM674216,test,smoker
GSE27272,8,3,GSM674218,test,non_smoker
GSE27272,8,3,GSM674224,test,smoker
GSE27272,8,3,GSM674230,test,non_smoker
GSE27272,8,3,GSM674232,test,non_smoker
GSE27272,8,3,GSM674240,test,non_smoker
GSE27272,8,3,GSM674298,test,non_smoker
GSE27272,8,3,GSM674308,test,non_smoker
GSE27272,8,3,GSM674324,test,non_smoker
GSE27272,8,3,GSM674326,test,smoker
GSE27272,8,3,GSM674327,test,non_smoker
GSE27272,8,3,GSM674357,test,non_smoker
GSE27272,8,3,GSM674360,test,smoker
GSE27272,8,3,GSM674366,test,non_smoker
GSE27272,8,4,GSM674181,train,non_smoker
GSE27272,8,4,GSM674182,train,smoker
GSE27272,8,4,GSM674183,train,non_smoker
GSE27272,8,4,GSM674184,train,non_smoker
GSE27272,8,4,GSM674186,train,non_smoker
GSE27272,8,4,GSM674187,train,non_smoker
GSE27272,8,4,GSM674188,train,smoker
GSE27272,8,4,GSM674189,train,smoker
GSE27272,8,4,GSM674190,train,non_smoker
GSE27272,8,4,GSM674191,train,non_smoker
GSE27272,8,4,GSM674192,train,non_smoker
GSE27272,8,4,GSM674194,train,non_smoker
GSE27272,8,4,GSM674196,train,smoker
GSE27272,8,4,GSM674197,train,smoker
GSE27272,8,4,GSM674198,train,non_smoker
GSE27272,8,4,GSM674200,train,non_smoker
GSE27272,8,4,GSM674201,train,non_smoker
GSE27272,8,4,GSM674202,train,non_smoker
GSE27272,8,4,GSM674204,train,non_smoker
GSE27272,8,4,GSM674205,train,non_smoker
GSE27272,8,4,GSM674206,train,non_smoker
GSE27272,8,4,GSM674207,train,smoker
GSE27272,8,4,GSM674208,train,non_smoker
GSE27272,8,4,GSM674209,train,non_smoker
GSE27272,8,4,GSM674210,train,non_smoker
GSE27272,8,4,GSM674211,train,smoker
GSE27272,8,4,GSM674212,train,non_smoker
GSE27272,8,4,GSM674213,train,smoker
GSE27272,8,4,GSM674214,train,non_smoker
GSE27272,8,4,GSM674215,train,smoker
GSE27272,8,4,GSM674216,train,smoker
GSE27272,8,4,GSM674217,train,smoker
GSE27272,8,4,GSM674218,train,non_smoker
GSE27272,8,4,GSM674220,train,non_smoker
GSE27272,8,4,GSM674221,train,non_smoker
GSE27272,8,4,GSM674222,train,smoker
GSE27272,8,4,GSM674223,train,non_smoker
GSE27272,8,4,GSM674224,train,smoker
GSE27272,8,4,GSM674226,train,non_smoker
GSE27272,8,4,GSM674227,train,smoker
GSE27272,8,4,GSM674228,train,smoker
GSE27272,8,4,GSM674229,train,non_smoker
GSE27272,8,4,GSM674230,train,non_smoker
GSE27272,8,4,GSM674231,train,non_smoker
GSE27272,8,4,GSM674232,train,non_smoker
GSE27272,8,4,GSM674233,train,smoker
GSE27272,8,4,GSM674235,train,non_smoker
GSE27272,8,4,GSM674236,train,non_smoker
GSE27272,8,4,GSM674237,train,non_smoker
GSE27272,8,4,GSM674238,train,smoker
GSE27272,8,4,GSM674239,train,non_smoker
GSE27272,8,4,GSM674240,train,non_smoker
GSE27272,8,4,GSM674242,train,non_smoker
GSE27272,8,4,GSM674243,train,non_smoker
GSE27272,8,4,GSM674244,train,non_smoker
GSE27272,8,4,GSM674245,train,non_smoker
GSE27272,8,4,GSM674282,train,non_smoker
GSE27272,8,4,GSM674283,train,smoker
GSE27272,8,4,GSM674284,train,non_smoker
GSE27272,8,4,GSM674285,train,non_smoker
GSE27272,8,4,GSM674286,train,smoker
GSE27272,8,4,GSM674287,train,non_smoker
GSE27272,8,4,GSM674289,train,non_smoker
GSE27272,8,4,GSM674290,train,non_smoker
GSE27272,8,4,GSM674291,train,non_smoker
GSE27272,8,4,GSM674292,train,non_smoker
GSE27272,8,4,GSM674293,train,smoker
GSE27272,8,4,GSM674294,train,smoker
GSE27272,8,4,GSM674295,train,non_smoker
GSE27272,8,4,GSM674297,train,non_smoker
GSE27272,8,4,GSM674298,train,non_smoker
GSE27272,8,4,GSM674299,train,non_smoker
GSE27272,8,4,GSM674300,train,non_smoker
GSE27272,8,4,GSM674301,train,non_smoker
GSE27272,8,4,GSM674302,train,non_smoker
GSE27272,8,4,GSM674303,train,smoker
GSE27272,8,4,GSM674304,train,non_smoker
GSE27272,8,4,GSM674305,train,non_smoker
GSE27272,8,4,GSM674306,train,non_smoker
GSE27272,8,4,GSM674307,train,smoker
GSE27272,8,4,GSM674308,train,non_smoker
GSE27272,8,4,GSM674309,train,non_smoker
GSE27272,8,4,GSM674310,train,smoker
GSE27272,8,4,GSM674311,train,smoker
GSE27272,8,4,GSM674312,train,smoker
GSE27272,8,4,GSM674313,train,non_smoker
GSE27272,8,4,GSM674314,train,non_smoker
GSE27272,8,4,GSM674315,train,non_smoker
GSE27272,8,4,GSM674316,train,non_smoker
GSE27272,8,4,GSM674319,train,smoker
GSE27272,8,4,GSM674320,train,non_smoker
GSE27272,8,4,GSM674321,train,smoker
GSE27272,8,4,GSM674323,train,non_smoker
GSE27272,8,4,GSM674324,train,non_smoker
GSE27272,8,4,GSM674326,train,smoker
GSE27272,8,4,GSM674327,train,non_smoker
GSE27272,8,4,GSM674328,train,non_smoker
GSE27272,8,4,GSM674330,train,non_smoker
GSE27272,8,4,GSM674331,train,non_smoker
GSE27272,8,4,GSM674332,train,non_smoker
GSE27272,8,4,GSM674333,train,smoker
GSE27272,8,4,GSM674334,train,non_smoker
GSE27272,8,4,GSM674335,train,non_smoker
GSE27272,8,4,GSM674344,train,non_smoker
GSE27272,8,4,GSM674345,train,smoker
GSE27272,8,4,GSM674346,train,non_smoker
GSE27272,8,4,GSM674347,train,non_smoker
GSE27272,8,4,GSM674348,train,non_smoker
GSE27272,8,4,GSM674349,train,non_smoker
GSE27272,8,4,GSM674350,train,non_smoker
GSE27272,8,4,GSM674351,train,smoker
GSE27272,8,4,GSM674352,train,smoker
GSE27272,8,4,GSM674353,train,non_smoker
GSE27272,8,4,GSM674354,train,non_smoker
GSE27272,8,4,GSM674355,train,non_smoker
GSE27272,8,4,GSM674356,train,non_smoker
GSE27272,8,4,GSM674357,train,non_smoker
GSE27272,8,4,GSM674358,train,non_smoker
GSE27272,8,4,GSM674359,train,smoker
GSE27272,8,4,GSM674360,train,smoker
GSE27272,8,4,GSM674361,train,non_smoker
GSE27272,8,4,GSM674362,train,smoker
GSE27272,8,4,GSM674363,train,non_smoker
GSE27272,8,4,GSM674364,train,non_smoker
GSE27272,8,4,GSM674365,train,non_smoker
GSE27272,8,4,GSM674366,train,non_smoker
GSE27272,8,4,GSM674367,train,non_smoker
GSE27272,8,4,GSM674368,train,non_smoker
GSE27272,8,4,GSM674369,train,smoker
GSE27272,8,4,GSM674370,train,non_smoker
GSE27272,8,4,GSM674371,train,non_smoker
GSE27272,8,4,GSM674372,train,smoker
GSE27272,8,4,GSM674373,train,non_smoker
GSE27272,8,4,GSM674374,train,smoker
GSE27272,8,4,GSM674375,train,non_smoker
GSE27272,8,4,GSM674376,train,smoker
GSE27272,8,4,GSM674377,train,smoker
GSE27272,8,4,GSM674378,train,smoker
GSE27272,8,4,GSM674379,train,non_smoker
GSE27272,8,4,GSM674380,train,non_smoker
GSE27272,8,4,GSM674381,train,non_smoker
GSE27272,8,4,GSM674382,train,non_smoker
GSE27272,8,4,GSM674383,train,smoker
GSE27272,8,4,GSM674385,train,non_smoker
GSE27272,8,4,GSM674386,train,smoker
GSE27272,8,4,GSM674387,train,smoker
GSE27272,8,4,GSM674389,train,non_smoker
GSE27272,8,4,GSM674390,train,non_smoker
GSE27272,8,4,GSM674391,train,non_smoker
GSE27272,8,4,GSM674392,train,smoker
GSE27272,8,4,GSM674393,train,non_smoker
GSE27272,8,4,GSM674394,train,non_smoker
GSE27272,8,4,GSM674395,train,non_smoker
GSE27272,8,4,GSM674396,train,smoker
GSE27272,8,4,GSM674397,train,non_smoker
GSE27272,8,4,GSM674398,train,non_smoker
GSE27272,8,4,GSM674399,train,smoker
GSE27272,8,4,GSM674400,train,non_smoker
GSE27272,8,4,GSM674401,train,non_smoker
GSE27272,8,4,GSM674402,train,non_smoker
GSE27272,8,4,GSM674404,train,smoker
GSE27272,8,4,GSM674405,train,non_smoker
GSE27272,8,4,GSM674406,train,non_smoker
GSE27272,8,4,GSM674407,train,non_smoker
GSE27272,8,4,GSM674185,test,non_smoker
GSE27272,8,4,GSM674193,test,non_smoker
GSE27272,8,4,GSM674195,test,non_smoker
GSE27272,8,4,GSM674199,test,smoker
GSE27272,8,4,GSM674203,test,non_smoker
GSE27272,8,4,GSM674219,test,non_smoker
GSE27272,8,4,GSM674225,test,non_smoker
GSE27272,8,4,GSM674234,test,non_smoker
GSE27272,8,4,GSM674241,test,smoker
GSE27272,8,4,GSM674288,test,non_smoker
GSE27272,8,4,GSM674296,test,smoker
GSE27272,8,4,GSM674317,test,smoker
GSE27272,8,4,GSM674318,test,non_smoker
GSE27272,8,4,GSM674322,test,smoker
GSE27272,8,4,GSM674325,test,non_smoker
GSE27272,8,4,GSM674329,test,smoker
GSE27272,8,4,GSM674384,test,non_smoker
GSE27272,8,4,GSM674388,test,non_smoker
GSE27272,8,4,GSM674403,test,non_smoker
GSE27272,8,5,GSM674181,train,non_smoker
GSE27272,8,5,GSM674182,train,smoker
GSE27272,8,5,GSM674183,train,non_smoker
GSE27272,8,5,GSM674184,train,non_smoker
GSE27272,8,5,GSM674185,train,non_smoker
GSE27272,8,5,GSM674186,train,non_smoker
GSE27272,8,5,GSM674187,train,non_smoker
GSE27272,8,5,GSM674188,train,smoker
GSE27272,8,5,GSM674189,train,smoker
GSE27272,8,5,GSM674190,train,non_smoker
GSE27272,8,5,GSM674192,train,non_smoker
GSE27272,8,5,GSM674193,train,non_smoker
GSE27272,8,5,GSM674194,train,non_smoker
GSE27272,8,5,GSM674195,train,non_smoker
GSE27272,8,5,GSM674196,train,smoker
GSE27272,8,5,GSM674197,train,smoker
GSE27272,8,5,GSM674198,train,non_smoker
GSE27272,8,5,GSM674199,train,smoker
GSE27272,8,5,GSM674201,train,non_smoker
GSE27272,8,5,GSM674202,train,non_smoker
GSE27272,8,5,GSM674203,train,non_smoker
GSE27272,8,5,GSM674204,train,non_smoker
GSE27272,8,5,GSM674205,train,non_smoker
GSE27272,8,5,GSM674206,train,non_smoker
GSE27272,8,5,GSM674207,train,smoker
GSE27272,8,5,GSM674208,train,non_smoker
GSE27272,8,5,GSM674210,train,non_smoker
GSE27272,8,5,GSM674211,train,smoker
GSE27272,8,5,GSM674212,train,non_smoker
GSE27272,8,5,GSM674213,train,smoker
GSE27272,8,5,GSM674214,train,non_smoker
GSE27272,8,5,GSM674215,train,smoker
GSE27272,8,5,GSM674216,train,smoker
GSE27272,8,5,GSM674217,train,smoker
GSE27272,8,5,GSM674218,train,non_smoker
GSE27272,8,5,GSM674219,train,non_smoker
GSE27272,8,5,GSM674220,train,non_smoker
GSE27272,8,5,GSM674221,train,non_smoker
GSE27272,8,5,GSM674223,train,non_smoker
GSE27272,8,5,GSM674224,train,smoker
GSE27272,8,5,GSM674225,train,non_smoker
GSE27272,8,5,GSM674226,train,non_smoker
GSE27272,8,5,GSM674227,train,smoker
GSE27272,8,5,GSM674229,train,non_smoker
GSE27272,8,5,GSM674230,train,non_smoker
GSE27272,8,5,GSM674231,train,non_smoker
GSE27272,8,5,GSM674232,train,non_smoker
GSE27272,8,5,GSM674233,train,smoker
GSE27272,8,5,GSM674234,train,non_smoker
GSE27272,8,5,GSM674235,train,non_smoker
GSE27272,8,5,GSM674236,train,non_smoker
GSE27272,8,5,GSM674239,train,non_smoker
GSE27272,8,5,GSM674240,train,non_smoker
GSE27272,8,5,GSM674241,train,smoker
GSE27272,8,5,GSM674242,train,non_smoker
GSE27272,8,5,GSM674243,train,non_smoker
GSE27272,8,5,GSM674244,train,non_smoker
GSE27272,8,5,GSM674245,train,non_smoker
GSE27272,8,5,GSM674282,train,non_smoker
GSE27272,8,5,GSM674283,train,smoker
GSE27272,8,5,GSM674284,train,non_smoker
GSE27272,8,5,GSM674285,train,non_smoker
GSE27272,8,5,GSM674286,train,smoker
GSE27272,8,5,GSM674288,train,non_smoker
GSE27272,8,5,GSM674289,train,non_smoker
GSE27272,8,5,GSM674290,train,non_smoker
GSE27272,8,5,GSM674291,train,non_smoker
GSE27272,8,5,GSM674292,train,non_smoker
GSE27272,8,5,GSM674293,train,smoker
GSE27272,8,5,GSM674296,train,smoker
GSE27272,8,5,GSM674297,train,non_smoker
GSE27272,8,5,GSM674298,train,non_smoker
GSE27272,8,5,GSM674299,train,non_smoker
GSE27272,8,5,GSM674300,train,non_smoker
GSE27272,8,5,GSM674301,train,non_smoker
GSE27272,8,5,GSM674302,train,non_smoker
GSE27272,8,5,GSM674304,train,non_smoker
GSE27272,8,5,GSM674305,train,non_smoker
GSE27272,8,5,GSM674306,train,non_smoker
GSE27272,8,5,GSM674307,train,smoker
GSE27272,8,5,GSM674308,train,non_smoker
GSE27272,8,5,GSM674309,train,non_smoker
GSE27272,8,5,GSM674310,train,smoker
GSE27272,8,5,GSM674311,train,smoker
GSE27272,8,5,GSM674312,train,smoker
GSE27272,8,5,GSM674313,train,non_smoker
GSE27272,8,5,GSM674314,train,non_smoker
GSE27272,8,5,GSM674315,train,non_smoker
GSE27272,8,5,GSM674317,train,smoker
GSE27272,8,5,GSM674318,train,non_smoker
GSE27272,8,5,GSM674319,train,smoker
GSE27272,8,5,GSM674320,train,non_smoker
GSE27272,8,5,GSM674321,train,smoker
GSE27272,8,5,GSM674322,train,smoker
GSE27272,8,5,GSM674323,train,non_smoker
GSE27272,8,5,GSM674324,train,non_smoker
GSE27272,8,5,GSM674325,train,non_smoker
GSE27272,8,5,GSM674326,train,smoker
GSE27272,8,5,GSM674327,train,non_smoker
GSE27272,8,5,GSM674328,train,non_smoker
GSE27272,8,5,GSM674329,train,smoker
GSE27272,8,5,GSM674331,train,non_smoker
GSE27272,8,5,GSM674332,train,non_smoker
GSE27272,8,5,GSM674333,train,smoker
GSE27272,8,5,GSM674334,train,non_smoker
GSE27272,8,5,GSM674335,train,non_smoker
GSE27272,8,5,GSM674344,train,non_smoker
GSE27272,8,5,GSM674345,train,smoker
GSE27272,8,5,GSM674346,train,non_smoker
GSE27272,8,5,GSM674347,train,non_smoker
GSE27272,8,5,GSM674348,train,non_smoker
GSE27272,8,5,GSM674349,train,non_smoker
GSE27272,8,5,GSM674350,train,non_smoker
GSE27272,8,5,GSM674351,train,smoker
GSE27272,8,5,GSM674352,train,smoker
GSE27272,8,5,GSM674353,train,non_smoker
GSE27272,8,5,GSM674354,train,non_smoker
GSE27272,8,5,GSM674355,train,non_smoker
GSE27272,8,5,GSM674356,train,non_smoker
GSE27272,8,5,GSM674357,train,non_smoker
GSE27272,8,5,GSM674358,train,non_smoker
GSE27272,8,5,GSM674359,train,smoker
GSE27272,8,5,GSM674360,train,smoker
GSE27272,8,5,GSM674361,train,non_smoker
GSE27272,8,5,GSM674362,train,smoker
GSE27272,8,5,GSM674363,train,non_smoker
GSE27272,8,5,GSM674364,train,non_smoker
GSE27272,8,5,GSM674366,train,non_smoker
GSE27272,8,5,GSM674367,train,non_smoker
GSE27272,8,5,GSM674369,train,smoker
GSE27272,8,5,GSM674370,train,non_smoker
GSE27272,8,5,GSM674371,train,non_smoker
GSE27272,8,5,GSM674374,train,smoker
GSE27272,8,5,GSM674375,train,non_smoker
GSE27272,8,5,GSM674376,train,smoker
GSE27272,8,5,GSM674377,train,smoker
GSE27272,8,5,GSM674378,train,smoker
GSE27272,8,5,GSM674379,train,non_smoker
GSE27272,8,5,GSM674380,train,non_smoker
GSE27272,8,5,GSM674381,train,non_smoker
GSE27272,8,5,GSM674382,train,non_smoker
GSE27272,8,5,GSM674383,train,smoker
GSE27272,8,5,GSM674384,train,non_smoker
GSE27272,8,5,GSM674385,train,non_smoker
GSE27272,8,5,GSM674386,train,smoker
GSE27272,8,5,GSM674387,train,smoker
GSE27272,8,5,GSM674388,train,non_smoker
GSE27272,8,5,GSM674389,train,non_smoker
GSE27272,8,5,GSM674392,train,smoker
GSE27272,8,5,GSM674393,train,non_smoker
GSE27272,8,5,GSM674394,train,non_smoker
GSE27272,8,5,GSM674395,train,non_smoker
GSE27272,8,5,GSM674396,train,smoker
GSE27272,8,5,GSM674397,train,non_smoker
GSE27272,8,5,GSM674398,train,non_smoker
GSE27272,8,5,GSM674399,train,smoker
GSE27272,8,5,GSM674400,train,non_smoker
GSE27272,8,5,GSM674401,train,non_smoker
GSE27272,8,5,GSM674402,train,non_smoker
GSE27272,8,5,GSM674403,train,non_smoker
GSE27272,8,5,GSM674404,train,smoker
GSE27272,8,5,GSM674405,train,non_smoker
GSE27272,8,5,GSM674406,train,non_smoker
GSE27272,8,5,GSM674407,train,non_smoker
GSE27272,8,5,GSM674191,test,non_smoker
GSE27272,8,5,GSM674200,test,non_smoker
GSE27272,8,5,GSM674209,test,non_smoker
GSE27272,8,5,GSM674222,test,smoker
GSE27272,8,5,GSM674228,test,smoker
GSE27272,8,5,GSM674237,test,non_smoker
GSE27272,8,5,GSM674238,test,smoker
GSE27272,8,5,GSM674287,test,non_smoker
GSE27272,8,5,GSM674294,test,smoker
GSE27272,8,5,GSM674295,test,non_smoker
GSE27272,8,5,GSM674303,test,smoker
GSE27272,8,5,GSM674316,test,non_smoker
GSE27272,8,5,GSM674330,test,non_smoker
GSE27272,8,5,GSM674365,test,non_smoker
GSE27272,8,5,GSM674368,test,non_smoker
GSE27272,8,5,GSM674372,test,smoker
GSE27272,8,5,GSM674373,test,non_smoker
GSE27272,8,5,GSM674390,test,non_smoker
GSE27272,8,5,GSM674391,test,non_smoker
GSE27272,8,6,GSM674182,train,smoker
GSE27272,8,6,GSM674183,train,non_smoker
GSE27272,8,6,GSM674184,train,non_smoker
GSE27272,8,6,GSM674185,train,non_smoker
GSE27272,8,6,GSM674186,train,non_smoker
GSE27272,8,6,GSM674187,train,non_smoker
GSE27272,8,6,GSM674188,train,smoker
GSE27272,8,6,GSM674189,train,smoker
GSE27272,8,6,GSM674190,train,non_smoker
GSE27272,8,6,GSM674191,train,non_smoker
GSE27272,8,6,GSM674192,train,non_smoker
GSE27272,8,6,GSM674193,train,non_smoker
GSE27272,8,6,GSM674195,train,non_smoker
GSE27272,8,6,GSM674196,train,smoker
GSE27272,8,6,GSM674197,train,smoker
GSE27272,8,6,GSM674199,train,smoker
GSE27272,8,6,GSM674200,train,non_smoker
GSE27272,8,6,GSM674202,train,non_smoker
GSE27272,8,6,GSM674203,train,non_smoker
GSE27272,8,6,GSM674204,train,non_smoker
GSE27272,8,6,GSM674205,train,non_smoker
GSE27272,8,6,GSM674206,train,non_smoker
GSE27272,8,6,GSM674207,train,smoker
GSE27272,8,6,GSM674208,train,non_smoker
GSE27272,8,6,GSM674209,train,non_smoker
GSE27272,8,6,GSM674210,train,non_smoker
GSE27272,8,6,GSM674211,train,smoker
GSE27272,8,6,GSM674212,train,non_smoker
GSE27272,8,6,GSM674213,train,smoker
GSE27272,8,6,GSM674215,train,smoker
GSE27272,8,6,GSM674216,train,smoker
GSE27272,8,6,GSM674217,train,smoker
GSE27272,8,6,GSM674218,train,non_smoker
GSE27272,8,6,GSM674219,train,non_smoker
GSE27272,8,6,GSM674220,train,non_smoker
GSE27272,8,6,GSM674221,train,non_smoker
GSE27272,8,6,GSM674222,train,smoker
GSE27272,8,6,GSM674224,train,smoker
GSE27272,8,6,GSM674225,train,non_smoker
GSE27272,8,6,GSM674226,train,non_smoker
GSE27272,8,6,GSM674227,train,smoker
GSE27272,8,6,GSM674228,train,smoker
GSE27272,8,6,GSM674229,train,non_smoker
GSE27272,8,6,GSM674230,train,non_smoker
GSE27272,8,6,GSM674231,train,non_smoker
GSE27272,8,6,GSM674232,train,non_smoker
GSE27272,8,6,GSM674234,train,non_smoker
GSE27272,8,6,GSM674235,train,non_smoker
GSE27272,8,6,GSM674236,train,non_smoker
GSE27272,8,6,GSM674237,train,non_smoker
GSE27272,8,6,GSM674238,train,smoker
GSE27272,8,6,GSM674239,train,non_smoker
GSE27272,8,6,GSM674240,train,non_smoker
GSE27272,8,6,GSM674241,train,smoker
GSE27272,8,6,GSM674242,train,non_smoker
GSE27272,8,6,GSM674243,train,non_smoker
GSE27272,8,6,GSM674244,train,non_smoker
GSE27272,8,6,GSM674245,train,non_smoker
GSE27272,8,6,GSM674282,train,non_smoker
GSE27272,8,6,GSM674284,train,non_smoker
GSE27272,8,6,GSM674286,train,smoker
GSE27272,8,6,GSM674287,train,non_smoker
GSE27272,8,6,GSM674288,train,non_smoker
GSE27272,8,6,GSM674289,train,non_smoker
GSE27272,8,6,GSM674290,train,non_smoker
GSE27272,8,6,GSM674291,train,non_smoker
GSE27272,8,6,GSM674292,train,non_smoker
GSE27272,8,6,GSM674293,train,smoker
GSE27272,8,6,GSM674294,train,smoker
GSE27272,8,6,GSM674295,train,non_smoker
GSE27272,8,6,GSM674296,train,smoker
GSE27272,8,6,GSM674297,train,non_smoker
GSE27272,8,6,GSM674298,train,non_smoker
GSE27272,8,6,GSM674299,train,non_smoker
GSE27272,8,6,GSM674300,train,non_smoker
GSE27272,8,6,GSM674301,train,non_smoker
GSE27272,8,6,GSM674302,train,non_smoker
GSE27272,8,6,GSM674303,train,smoker
GSE27272,8,6,GSM674304,train,non_smoker
GSE27272,8,6,GSM674306,train,non_smoker
GSE27272,8,6,GSM674307,train,smoker
GSE27272,8,6,GSM674308,train,non_smoker
GSE27272,8,6,GSM674309,train,non_smoker
GSE27272,8,6,GSM674310,train,smoker
GSE27272,8,6,GSM674311,train,smoker
GSE27272,8,6,GSM674312,train,smoker
GSE27272,8,6,GSM674313,train,non_smoker
GSE27272,8,6,GSM674314,train,non_smoker
GSE27272,8,6,GSM674315,train,non_smoker
GSE27272,8,6,GSM674316,train,non_smoker
GSE27272,8,6,GSM674317,train,smoker
GSE27272,8,6,GSM674318,train,non_smoker
GSE27272,8,6,GSM674321,train,smoker
GSE27272,8,6,GSM674322,train,smoker
GSE27272,8,6,GSM674323,train,non_smoker
GSE27272,8,6,GSM674324,train,non_smoker
GSE27272,8,6,GSM674325,train,non_smoker
GSE27272,8,6,GSM674326,train,smoker
GSE27272,8,6,GSM674327,train,non_smoker
GSE27272,8,6,GSM674328,train,non_smoker
GSE27272,8,6,GSM674329,train,smoker
GSE27272,8,6,GSM674330,train,non_smoker
GSE27272,8,6,GSM674331,train,non_smoker
GSE27272,8,6,GSM674332,train,non_smoker
GSE27272,8,6,GSM674333,train,smoker
GSE27272,8,6,GSM674334,train,non_smoker
GSE27272,8,6,GSM674335,train,non_smoker
GSE27272,8,6,GSM674344,train,non_smoker
GSE27272,8,6,GSM674345,train,smoker
GSE27272,8,6,GSM674347,train,non_smoker
GSE27272,8,6,GSM674348,train,non_smoker
GSE27272,8,6,GSM674349,train,non_smoker
GSE27272,8,6,GSM674350,train,non_smoker
GSE27272,8,6,GSM674351,train,smoker
GSE27272,8,6,GSM674353,train,non_smoker
GSE27272,8,6,GSM674354,train,non_smoker
GSE27272,8,6,GSM674355,train,non_smoker
GSE27272,8,6,GSM674356,train,non_smoker
GSE27272,8,6,GSM674357,train,non_smoker
GSE27272,8,6,GSM674358,train,non_smoker
GSE27272,8,6,GSM674360,train,smoker
GSE27272,8,6,GSM674361,train,non_smoker
GSE27272,8,6,GSM674362,train,smoker
GSE27272,8,6,GSM674363,train,non_smoker
GSE27272,8,6,GSM674364,train,non_smoker
GSE27272,8,6,GSM674365,train,non_smoker
GSE27272,8,6,GSM674366,train,non_smoker
GSE27272,8,6,GSM674367,train,non_smoker
GSE27272,8,6,GSM674368,train,non_smoker
GSE27272,8,6,GSM674369,train,smoker
GSE27272,8,6,GSM674370,train,non_smoker
GSE27272,8,6,GSM674371,train,non_smoker
GSE27272,8,6,GSM674372,train,smoker
GSE27272,8,6,GSM674373,train,non_smoker
GSE27272,8,6,GSM674374,train,smoker
GSE27272,8,6,GSM674375,train,non_smoker
GSE27272,8,6,GSM674376,train,smoker
GSE27272,8,6,GSM674377,train,smoker
GSE27272,8,6,GSM674378,train,smoker
GSE27272,8,6,GSM674379,train,non_smoker
GSE27272,8,6,GSM674380,train,non_smoker
GSE27272,8,6,GSM674381,train,non_smoker
GSE27272,8,6,GSM674382,train,non_smoker
GSE27272,8,6,GSM674383,train,smoker
GSE27272,8,6,GSM674384,train,non_smoker
GSE27272,8,6,GSM674386,train,smoker
GSE27272,8,6,GSM674387,train,smoker
GSE27272,8,6,GSM674388,train,non_smoker
GSE27272,8,6,GSM674389,train,non_smoker
GSE27272,8,6,GSM674390,train,non_smoker
GSE27272,8,6,GSM674391,train,non_smoker
GSE27272,8,6,GSM674392,train,smoker
GSE27272,8,6,GSM674393,train,non_smoker
GSE27272,8,6,GSM674394,train,non_smoker
GSE27272,8,6,GSM674395,train,non_smoker
GSE27272,8,6,GSM674396,train,smoker
GSE27272,8,6,GSM674397,train,non_smoker
GSE27272,8,6,GSM674398,train,non_smoker
GSE27272,8,6,GSM674399,train,smoker
GSE27272,8,6,GSM674400,train,non_smoker
GSE27272,8,6,GSM674401,train,non_smoker
GSE27272,8,6,GSM674402,train,non_smoker
GSE27272,8,6,GSM674403,train,non_smoker
GSE27272,8,6,GSM674404,train,smoker
GSE27272,8,6,GSM674405,train,non_smoker
GSE27272,8,6,GSM674181,test,non_smoker
GSE27272,8,6,GSM674194,test,non_smoker
GSE27272,8,6,GSM674198,test,non_smoker
GSE27272,8,6,GSM674201,test,non_smoker
GSE27272,8,6,GSM674214,test,non_smoker
GSE27272,8,6,GSM674223,test,non_smoker
GSE27272,8,6,GSM674233,test,smoker
GSE27272,8,6,GSM674283,test,smoker
GSE27272,8,6,GSM674285,test,non_smoker
GSE27272,8,6,GSM674305,test,non_smoker
GSE27272,8,6,GSM674319,test,smoker
GSE27272,8,6,GSM674320,test,non_smoker
GSE27272,8,6,GSM674346,test,non_smoker
GSE27272,8,6,GSM674352,test,smoker
GSE27272,8,6,GSM674359,test,smoker
GSE27272,8,6,GSM674385,test,non_smoker
GSE27272,8,6,GSM674406,test,non_smoker
GSE27272,8,6,GSM674407,test,non_smoker
GSE27272,8,7,GSM674181,train,non_smoker
GSE27272,8,7,GSM674182,train,smoker
GSE27272,8,7,GSM674183,train,non_smoker
GSE27272,8,7,GSM674184,train,non_smoker
GSE27272,8,7,GSM674185,train,non_smoker
GSE27272,8,7,GSM674186,train,non_smoker
GSE27272,8,7,GSM674187,train,non_smoker
GSE27272,8,7,GSM674188,train,smoker
GSE27272,8,7,GSM674189,train,smoker
GSE27272,8,7,GSM674190,train,non_smoker
GSE27272,8,7,GSM674191,train,non_smoker
GSE27272,8,7,GSM674192,train,non_smoker
GSE27272,8,7,GSM674193,train,non_smoker
GSE27272,8,7,GSM674194,train,non_smoker
GSE27272,8,7,GSM674195,train,non_smoker
GSE27272,8,7,GSM674196,train,smoker
GSE27272,8,7,GSM674197,train,smoker
GSE27272,8,7,GSM674198,train,non_smoker
GSE27272,8,7,GSM674199,train,smoker
GSE27272,8,7,GSM674200,train,non_smoker
GSE27272,8,7,GSM674201,train,non_smoker
GSE27272,8,7,GSM674202,train,non_smoker
GSE27272,8,7,GSM674203,train,non_smoker
GSE27272,8,7,GSM674204,train,non_smoker
GSE27272,8,7,GSM674205,train,non_smoker
GSE27272,8,7,GSM674207,train,smoker
GSE27272,8,7,GSM674209,train,non_smoker
GSE27272,8,7,GSM674210,train,non_smoker
GSE27272,8,7,GSM674211,train,smoker
GSE27272,8,7,GSM674213,train,smoker
GSE27272,8,7,GSM674214,train,non_smoker
GSE27272,8,7,GSM674216,train,smoker
GSE27272,8,7,GSM674217,train,smoker
GSE27272,8,7,GSM674218,train,non_smoker
GSE27272,8,7,GSM674219,train,non_smoker
GSE27272,8,7,GSM674220,train,non_smoker
GSE27272,8,7,GSM674221,train,non_smoker
GSE27272,8,7,GSM674222,train,smoker
GSE27272,8,7,GSM674223,train,non_smoker
GSE27272,8,7,GSM674224,train,smoker
GSE27272,8,7,GSM674225,train,non_smoker
GSE27272,8,7,GSM674226,train,non_smoker
GSE27272,8,7,GSM674227,train,smoker
GSE27272,8,7,GSM674228,train,smoker
GSE27272,8,7,GSM674229,train,non_smoker
GSE27272,8,7,GSM674230,train,non_smoker
GSE27272,8,7,GSM674231,train,non_smoker
GSE27272,8,7,GSM674232,train,non_smoker
GSE27272,8,7,GSM674233,train,smoker
GSE27272,8,7,GSM674234,train,non_smoker
GSE27272,8,7,GSM674235,train,non_smoker
GSE27272,8,7,GSM674236,train,non_smoker
GSE27272,8,7,GSM674237,train,non_smoker
GSE27272,8,7,GSM674238,train,smoker
GSE27272,8,7,GSM674239,train,non_smoker
GSE27272,8,7,GSM674240,train,non_smoker
GSE27272,8,7,GSM674241,train,smoker
GSE27272,8,7,GSM674242,train,non_smoker
GSE27272,8,7,GSM674244,train,non_smoker
GSE27272,8,7,GSM674245,train,non_smoker
GSE27272,8,7,GSM674283,train,smoker
GSE27272,8,7,GSM674284,train,non_smoker
GSE27272,8,7,GSM674285,train,non_smoker
GSE27272,8,7,GSM674286,train,smoker
GSE27272,8,7,GSM674287,train,non_smoker
GSE27272,8,7,GSM674288,train,non_smoker
GSE27272,8,7,GSM674289,train,non_smoker
GSE27272,8,7,GSM674290,train,non_smoker
GSE27272,8,7,GSM674291,train,non_smoker
GSE27272,8,7,GSM674292,train,non_smoker
GSE27272,8,7,GSM674293,train,smoker
GSE27272,8,7,GSM674294,train,smoker
GSE27272,8,7,GSM674295,train,non_smoker
GSE27272,8,7,GSM674296,train,smoker
GSE27272,8,7,GSM674297,train,non_smoker
GSE27272,8,7,GSM674298,train,non_smoker
GSE27272,8,7,GSM674301,train,non_smoker
GSE27272,8,7,GSM674302,train,non_smoker
GSE27272,8,7,GSM674303,train,smoker
GSE27272,8,7,GSM674304,train,non_smoker
GSE27272,8,7,GSM674305,train,non_smoker
GSE27272,8,7,GSM674306,train,non_smoker
GSE27272,8,7,GSM674307,train,smoker
GSE27272,8,7,GSM674308,train,non_smoker
GSE27272,8,7,GSM674309,train,non_smoker
GSE27272,8,7,GSM674311,train,smoker
GSE27272,8,7,GSM674312,train,smoker
GSE27272,8,7,GSM674313,train,non_smoker
GSE27272,8,7,GSM674314,train,non_smoker
GSE27272,8,7,GSM674315,train,non_smoker
GSE27272,8,7,GSM674316,train,non_smoker
GSE27272,8,7,GSM674317,train,smoker
GSE27272,8,7,GSM674318,train,non_smoker
GSE27272,8,7,GSM674319,train,smoker
GSE27272,8,7,GSM674320,train,non_smoker
GSE27272,8,7,GSM674321,train,smoker
GSE27272,8,7,GSM674322,train,smoker
GSE27272,8,7,GSM674323,train,non_smoker
GSE27272,8,7,GSM674324,train,non_smoker
GSE27272,8,7,GSM674325,train,non_smoker
GSE27272,8,7,GSM674326,train,smoker
GSE27272,8,7,GSM674327,train,non_smoker
GSE27272,8,7,GSM674328,train,non_smoker
GSE27272,8,7,GSM674329,train,smoker
GSE27272,8,7,GSM674330,train,non_smoker
GSE27272,8,7,GSM674331,train,non_smoker
GSE27272,8,7,GSM674333,train,smoker
GSE27272,8,7,GSM674334,train,non_smoker
GSE27272,8,7,GSM674335,train,non_smoker
GSE27272,8,7,GSM674344,train,non_smoker
GSE27272,8,7,GSM674346,train,non_smoker
GSE27272,8,7,GSM674347,train,non_smoker
GSE27272,8,7,GSM674348,train,non_smoker
GSE27272,8,7,GSM674349,train,non_smoker
GSE27272,8,7,GSM674350,train,non_smoker
GSE27272,8,7,GSM674351,train,smoker
GSE27272,8,7,GSM674352,train,smoker
GSE27272,8,7,GSM674353,train,non_smoker
GSE27272,8,7,GSM674354,train,non_smoker
GSE27272,8,7,GSM674355,train,non_smoker
GSE27272,8,7,GSM674356,train,non_smoker
GSE27272,8,7,GSM674357,train,non_smoker
GSE27272,8,7,GSM674359,train,smoker
GSE27272,8,7,GSM674360,train,smoker
GSE27272,8,7,GSM674361,train,non_smoker
GSE27272,8,7,GSM674362,train,smoker
GSE27272,8,7,GSM674365,train,non_smoker
GSE27272,8,7,GSM674366,train,non_smoker
GSE27272,8,7,GSM674367,train,non_smoker
GSE27272,8,7,GSM674368,train,non_smoker
GSE27272,8,7,GSM674369,train,smoker
GSE27272,8,7,GSM674370,train,non_smoker
GSE27272,8,7,GSM674371,train,non_smoker
GSE27272,8,7,GSM674372,train,smoker
GSE27272,8,7,GSM674373,train,non_smoker
GSE27272,8,7,GSM674374,train,smoker
GSE27272,8,7,GSM674375,train,non_smoker
GSE27272,8,7,GSM674376,train,smoker
GSE27272,8,7,GSM674378,train,smoker
GSE27272,8,7,GSM674379,train,non_smoker
GSE27272,8,7,GSM674380,train,non_smoker
GSE27272,8,7,GSM674381,train,non_smoker
GSE27272,8,7,GSM674382,train,non_smoker
GSE27272,8,7,GSM674383,train,smoker
GSE27272,8,7,GSM674384,train,non_smoker
GSE27272,8,7,GSM674385,train,non_smoker
GSE27272,8,7,GSM674387,train,smoker
GSE27272,8,7,GSM674388,train,non_smoker
GSE27272,8,7,GSM674389,train,non_smoker
GSE27272,8,7,GSM674390,train,non_smoker
GSE27272,8,7,GSM674391,train,non_smoker
GSE27272,8,7,GSM674392,train,smoker
GSE27272,8,7,GSM674393,train,non_smoker
GSE27272,8,7,GSM674394,train,non_smoker
GSE27272,8,7,GSM674396,train,smoker
GSE27272,8,7,GSM674397,train,non_smoker
GSE27272,8,7,GSM674399,train,smoker
GSE27272,8,7,GSM674400,train,non_smoker
GSE27272,8,7,GSM674401,train,non_smoker
GSE27272,8,7,GSM674402,train,non_smoker
GSE27272,8,7,GSM674403,train,non_smoker
GSE27272,8,7,GSM674404,train,smoker
GSE27272,8,7,GSM674405,train,non_smoker
GSE27272,8,7,GSM674406,train,non_smoker
GSE27272,8,7,GSM674407,train,non_smoker
GSE27272,8,7,GSM674206,test,non_smoker
GSE27272,8,7,GSM674208,test,non_smoker
GSE27272,8,7,GSM674212,test,non_smoker
GSE27272,8,7,GSM674215,test,smoker
GSE27272,8,7,GSM674243,test,non_smoker
GSE27272,8,7,GSM674282,test,non_smoker
GSE27272,8,7,GSM674299,test,non_smoker
GSE27272,8,7,GSM674300,test,non_smoker
GSE27272,8,7,GSM674310,test,smoker
GSE27272,8,7,GSM674332,test,non_smoker
GSE27272,8,7,GSM674345,test,smoker
GSE27272,8,7,GSM674358,test,non_smoker
GSE27272,8,7,GSM674363,test,non_smoker
GSE27272,8,7,GSM674364,test,non_smoker
GSE27272,8,7,GSM674377,test,smoker
GSE27272,8,7,GSM674386,test,smoker
GSE27272,8,7,GSM674395,test,non_smoker
GSE27272,8,7,GSM674398,test,non_smoker
GSE27272,8,8,GSM674181,train,non_smoker
GSE27272,8,8,GSM674182,train,smoker
GSE27272,8,8,GSM674183,train,non_smoker
GSE27272,8,8,GSM674184,train,non_smoker
GSE27272,8,8,GSM674185,train,non_smoker
GSE27272,8,8,GSM674186,train,non_smoker
GSE27272,8,8,GSM674187,train,non_smoker
GSE27272,8,8,GSM674188,train,smoker
GSE27272,8,8,GSM674189,train,smoker
GSE27272,8,8,GSM674190,train,non_smoker
GSE27272,8,8,GSM674191,train,non_smoker
GSE27272,8,8,GSM674192,train,non_smoker
GSE27272,8,8,GSM674193,train,non_smoker
GSE27272,8,8,GSM674194,train,non_smoker
GSE27272,8,8,GSM674195,train,non_smoker
GSE27272,8,8,GSM674196,train,smoker
GSE27272,8,8,GSM674197,train,smoker
GSE27272,8,8,GSM674198,train,non_smoker
GSE27272,8,8,GSM674199,train,smoker
GSE27272,8,8,GSM674200,train,non_smoker
GSE27272,8,8,GSM674201,train,non_smoker
GSE27272,8,8,GSM674202,train,non_smoker
GSE27272,8,8,GSM674203,train,non_smoker
GSE27272,8,8,GSM674204,train,non_smoker
GSE27272,8,8,GSM674206,train,non_smoker
GSE27272,8,8,GSM674207,train,smoker
GSE27272,8,8,GSM674208,train,non_smoker
GSE27272,8,8,GSM674209,train,non_smoker
GSE27272,8,8,GSM674210,train,non_smoker
GSE27272,8,8,GSM674211,train,smoker
GSE27272,8,8,GSM674212,train,non_smoker
GSE27272,8,8,GSM674213,train,smoker
GSE27272,8,8,GSM674214,train,non_smoker
GSE27272,8,8,GSM674215,train,smoker
GSE27272,8,8,GSM674216,train,smoker
GSE27272,8,8,GSM674217,train,smoker
GSE27272,8,8,GSM674218,train,non_smoker
GSE27272,8,8,GSM674219,train,non_smoker
GSE27272,8,8,GSM674220,train,non_smoker
GSE27272,8,8,GSM674221,train,non_smoker
GSE27272,8,8,GSM674222,train,smoker
GSE27272,8,8,GSM674223,train,non_smoker
GSE27272,8,8,GSM674224,train,smoker
GSE27272,8,8,GSM674225,train,non_smoker
GSE27272,8,8,GSM674227,train,smoker
GSE27272,8,8,GSM674228,train,smoker
GSE27272,8,8,GSM674229,train,non_smoker
GSE27272,8,8,GSM674230,train,non_smoker
GSE27272,8,8,GSM674231,train,non_smoker
GSE27272,8,8,GSM674232,train,non_smoker
GSE27272,8,8,GSM674233,train,smoker
GSE27272,8,8,GSM674234,train,non_smoker
GSE27272,8,8,GSM674235,train,non_smoker
GSE27272,8,8,GSM674236,train,non_smoker
GSE27272,8,8,GSM674237,train,non_smoker
GSE27272,8,8,GSM674238,train,smoker
GSE27272,8,8,GSM674239,train,non_smoker
GSE27272,8,8,GSM674240,train,non_smoker
GSE27272,8,8,GSM674241,train,smoker
GSE27272,8,8,GSM674243,train,non_smoker
GSE27272,8,8,GSM674245,train,non_smoker
GSE27272,8,8,GSM674282,train,non_smoker
GSE27272,8,8,GSM674283,train,smoker
GSE27272,8,8,GSM674284,train,non_smoker
GSE27272,8,8,GSM674285,train,non_smoker
GSE27272,8,8,GSM674286,train,smoker
GSE27272,8,8,GSM674287,train,non_smoker
GSE27272,8,8,GSM674288,train,non_smoker
GSE27272,8,8,GSM674289,train,non_smoker
GSE27272,8,8,GSM674290,train,non_smoker
GSE27272,8,8,GSM674291,train,non_smoker
GSE27272,8,8,GSM674293,train,smoker
GSE27272,8,8,GSM674294,train,smoker
GSE27272,8,8,GSM674295,train,non_smoker
GSE27272,8,8,GSM674296,train,smoker
GSE27272,8,8,GSM674297,train,non_smoker
GSE27272,8,8,GSM674298,train,non_smoker
GSE27272,8,8,GSM674299,train,non_smoker
GSE27272,8,8,GSM674300,train,non_smoker
GSE27272,8,8,GSM674301,train,non_smoker
GSE27272,8,8,GSM674302,train,non_smoker
GSE27272,8,8,GSM674303,train,smoker
GSE27272,8,8,GSM674304,train,non_smoker
GSE27272,8,8,GSM674305,train,non_smoker
GSE27272,8,8,GSM674306,train,non_smoker
GSE27272,8,8,GSM674307,train,smoker
GSE27272,8,8,GSM674308,train,non_smoker
GSE27272,8,8,GSM674309,train,non_smoker
GSE27272,8,8,GSM674310,train,smoker
GSE27272,8,8,GSM674311,train,smoker
GSE27272,8,8,GSM674312,train,smoker
GSE27272,8,8,GSM674313,train,non_smoker
GSE27272,8,8,GSM674314,train,non_smoker
GSE27272,8,8,GSM674315,train,non_smoker
GSE27272,8,8,GSM674316,train,non_smoker
GSE27272,8,8,GSM674317,train,smoker
GSE27272,8,8,GSM674318,train,non_smoker
GSE27272,8,8,GSM674319,train,smoker
GSE27272,8,8,GSM674320,train,non_smoker
GSE27272,8,8,GSM674321,train,smoker
GSE27272,8,8,GSM674322,train,smoker
GSE27272,8,8,GSM674324,train,non_smoker
GSE27272,8,8,GSM674325,train,non_smoker
GSE27272,8,8,GSM674326,train,smoker
GSE27272,8,8,GSM674327,train,non_smoker
GSE27272,8,8,GSM674328,train,non_smoker
GSE27272,8,8,GSM674329,train,smoker
GSE27272,8,8,GSM674330,train,non_smoker
GSE27272,8,8,GSM674331,train,non_smoker
GSE27272,8,8,GSM674332,train,non_smoker
GSE27272,8,8,GSM674333,train,smoker
GSE27272,8,8,GSM674335,train,non_smoker
GSE27272,8,8,GSM674344,train,non_smoker
GSE27272,8,8,GSM674345,train,smoker
GSE27272,8,8,GSM674346,train,non_smoker
GSE27272,8,8,GSM674347,train,non_smoker
GSE27272,8,8,GSM674350,train,non_smoker
GSE27272,8,8,GSM674351,train,smoker
GSE27272,8,8,GSM674352,train,smoker
GSE27272,8,8,GSM674353,train,non_smoker
GSE27272,8,8,GSM674354,train,non_smoker
GSE27272,8,8,GSM674355,train,non_smoker
GSE27272,8,8,GSM674356,train,non_smoker
GSE27272,8,8,GSM674357,train,non_smoker
GSE27272,8,8,GSM674358,train,non_smoker
GSE27272,8,8,GSM674359,train,smoker
GSE27272,8,8,GSM674360,train,smoker
GSE27272,8,8,GSM674362,train,smoker
GSE27272,8,8,GSM674363,train,non_smoker
GSE27272,8,8,GSM674364,train,non_smoker
GSE27272,8,8,GSM674365,train,non_smoker
GSE27272,8,8,GSM674366,train,non_smoker
GSE27272,8,8,GSM674367,train,non_smoker
GSE27272,8,8,GSM674368,train,non_smoker
GSE27272,8,8,GSM674370,train,non_smoker
GSE27272,8,8,GSM674371,train,non_smoker
GSE27272,8,8,GSM674372,train,smoker
GSE27272,8,8,GSM674373,train,non_smoker
GSE27272,8,8,GSM674374,train,smoker
GSE27272,8,8,GSM674376,train,smoker
GSE27272,8,8,GSM674377,train,smoker
GSE27272,8,8,GSM674378,train,smoker
GSE27272,8,8,GSM674379,train,non_smoker
GSE27272,8,8,GSM674380,train,non_smoker
GSE27272,8,8,GSM674381,train,non_smoker
GSE27272,8,8,GSM674382,train,non_smoker
GSE27272,8,8,GSM674384,train,non_smoker
GSE27272,8,8,GSM674385,train,non_smoker
GSE27272,8,8,GSM674386,train,smoker
GSE27272,8,8,GSM674387,train,smoker
GSE27272,8,8,GSM674388,train,non_smoker
GSE27272,8,8,GSM674390,train,non_smoker
GSE27272,8,8,GSM674391,train,non_smoker
GSE27272,8,8,GSM674393,train,non_smoker
GSE27272,8,8,GSM674394,train,non_smoker
GSE27272,8,8,GSM674395,train,non_smoker
GSE27272,8,8,GSM674397,train,non_smoker
GSE27272,8,8,GSM674398,train,non_smoker
GSE27272,8,8,GSM674401,train,non_smoker
GSE27272,8,8,GSM674402,train,non_smoker
GSE27272,8,8,GSM674403,train,non_smoker
GSE27272,8,8,GSM674404,train,smoker
GSE27272,8,8,GSM674405,train,non_smoker
GSE27272,8,8,GSM674406,train,non_smoker
GSE27272,8,8,GSM674407,train,non_smoker
GSE27272,8,8,GSM674205,test,non_smoker
GSE27272,8,8,GSM674226,test,non_smoker
GSE27272,8,8,GSM674242,test,non_smoker
GSE27272,8,8,GSM674244,test,non_smoker
GSE27272,8,8,GSM674292,test,non_smoker
GSE27272,8,8,GSM674323,test,non_smoker
GSE27272,8,8,GSM674334,test,non_smoker
GSE27272,8,8,GSM674348,test,non_smoker
GSE27272,8,8,GSM674349,test,non_smoker
GSE27272,8,8,GSM674361,test,non_smoker
GSE27272,8,8,GSM674369,test,smoker
GSE27272,8,8,GSM674375,test,non_smoker
GSE27272,8,8,GSM674383,test,smoker
GSE27272,8,8,GSM674389,test,non_smoker
GSE27272,8,8,GSM674392,test,smoker
GSE27272,8,8,GSM674396,test,smoker
GSE27272,8,8,GSM674399,test,smoker
GSE27272,8,8,GSM674400,test,non_smoker
GSE27272,8,9,GSM674181,train,non_smoker
GSE27272,8,9,GSM674182,train,smoker
GSE27272,8,9,GSM674183,train,non_smoker
GSE27272,8,9,GSM674184,train,non_smoker
GSE27272,8,9,GSM674185,train,non_smoker
GSE27272,8,9,GSM674186,train,non_smoker
GSE27272,8,9,GSM674188,train,smoker
GSE27272,8,9,GSM674189,train,smoker
GSE27272,8,9,GSM674190,train,non_smoker
GSE27272,8,9,GSM674191,train,non_smoker
GSE27272,8,9,GSM674192,train,non_smoker
GSE27272,8,9,GSM674193,train,non_smoker
GSE27272,8,9,GSM674194,train,non_smoker
GSE27272,8,9,GSM674195,train,non_smoker
GSE27272,8,9,GSM674196,train,smoker
GSE27272,8,9,GSM674197,train,smoker
GSE27272,8,9,GSM674198,train,non_smoker
GSE27272,8,9,GSM674199,train,smoker
GSE27272,8,9,GSM674200,train,non_smoker
GSE27272,8,9,GSM674201,train,non_smoker
GSE27272,8,9,GSM674202,train,non_smoker
GSE27272,8,9,GSM674203,train,non_smoker
GSE27272,8,9,GSM674204,train,non_smoker
GSE27272,8,9,GSM674205,train,non_smoker
GSE27272,8,9,GSM674206,train,non_smoker
GSE27272,8,9,GSM674207,train,smoker
GSE27272,8,9,GSM674208,train,non_smoker
GSE27272,8,9,GSM674209,train,non_smoker
GSE27272,8,9,GSM674210,train,non_smoker
GSE27272,8,9,GSM674211,train,smoker
GSE27272,8,9,GSM674212,train,non_smoker
GSE27272,8,9,GSM674213,train,smoker
GSE27272,8,9,GSM674214,train,non_smoker
GSE27272,8,9,GSM674215,train,smoker
GSE27272,8,9,GSM674216,train,smoker
GSE27272,8,9,GSM674217,train,smoker
GSE27272,8,9,GSM674218,train,non_smoker
GSE27272,8,9,GSM674219,train,non_smoker
GSE27272,8,9,GSM674220,train,non_smoker
GSE27272,8,9,GSM674221,train,non_smoker
GSE27272,8,9,GSM674222,train,smoker
GSE27272,8,9,GSM674223,train,non_smoker
GSE27272,8,9,GSM674224,train,smoker
GSE27272,8,9,GSM674225,train,non_smoker
GSE27272,8,9,GSM674226,train,non_smoker
GSE27272,8,9,GSM674228,train,smoker
GSE27272,8,9,GSM674229,train,non_smoker
GSE27272,8,9,GSM674230,train,non_smoker
GSE27272,8,9,GSM674231,train,non_smoker
GSE27272,8,9,GSM674232,train,non_smoker
GSE27272,8,9,GSM674233,train,smoker
GSE27272,8,9,GSM674234,train,non_smoker
GSE27272,8,9,GSM674236,train,non_smoker
GSE27272,8,9,GSM674237,train,non_smoker
GSE27272,8,9,GSM674238,train,smoker
GSE27272,8,9,GSM674240,train,non_smoker
GSE27272,8,9,GSM674241,train,smoker
GSE27272,8,9,GSM674242,train,non_smoker
GSE27272,8,9,GSM674243,train,non_smoker
GSE27272,8,9,GSM674244,train,non_smoker
GSE27272,8,9,GSM674245,train,non_smoker
GSE27272,8,9,GSM674282,train,non_smoker
GSE27272,8,9,GSM674283,train,smoker
GSE27272,8,9,GSM674284,train,non_smoker
GSE27272,8,9,GSM674285,train,non_smoker
GSE27272,8,9,GSM674286,train,smoker
GSE27272,8,9,GSM674287,train,non_smoker
GSE27272,8,9,GSM674288,train,non_smoker
GSE27272,8,9,GSM674289,train,non_smoker
GSE27272,8,9,GSM674290,train,non_smoker
GSE27272,8,9,GSM674291,train,non_smoker
GSE27272,8,9,GSM674292,train,non_smoker
GSE27272,8,9,GSM674293,train,smoker
GSE27272,8,9,GSM674294,train,smoker
GSE27272,8,9,GSM674295,train,non_smoker
GSE27272,8,9,GSM674296,train,smoker
GSE27272,8,9,GSM674298,train,non_smoker
GSE27272,8,9,GSM674299,train,non_smoker
GSE27272,8,9,GSM674300,train,non_smoker
GSE27272,8,9,GSM674301,train,non_smoker
GSE27272,8,9,GSM674302,train,non_smoker
GSE27272,8,9,GSM674303,train,smoker
GSE27272,8,9,GSM674305,train,non_smoker
GSE27272,8,9,GSM674306,train,non_smoker
GSE27272,8,9,GSM674308,train,non_smoker
GSE27272,8,9,GSM674309,train,non_smoker
GSE27272,8,9,GSM674310,train,smoker
GSE27272,8,9,GSM674311,train,smoker
GSE27272,8,9,GSM674312,train,smoker
GSE27272,8,9,GSM674314,train,non_smoker
GSE27272,8,9,GSM674315,train,non_smoker
GSE27272,8,9,GSM674316,train,non_smoker
GSE27272,8,9,GSM674317,train,smoker
GSE27272,8,9,GSM674318,train,non_smoker
GSE27272,8,9,GSM674319,train,smoker
GSE27272,8,9,GSM674320,train,non_smoker
GSE27272,8,9,GSM674321,train,smoker
GSE27272,8,9,GSM674322,train,smoker
GSE27272,8,9,GSM674323,train,non_smoker
GSE27272,8,9,GSM674324,train,non_smoker
GSE27272,8,9,GSM674325,train,non_smoker
GSE27272,8,9,GSM674326,train,smoker
GSE27272,8,9,GSM674327,train,non_smoker
GSE27272,8,9,GSM674328,train,non_smoker
GSE27272,8,9,GSM674329,train,smoker
GSE27272,8,9,GSM674330,train,non_smoker
GSE27272,8,9,GSM674331,train,non_smoker
GSE27272,8,9,GSM674332,train,non_smoker
GSE27272,8,9,GSM674334,train,non_smoker
GSE27272,8,9,GSM674335,train,non_smoker
GSE27272,8,9,GSM674344,train,non_smoker
GSE27272,8,9,GSM674345,train,smoker
GSE27272,8,9,GSM674346,train,non_smoker
GSE27272,8,9,GSM674348,train,non_smoker
GSE27272,8,9,GSM674349,train,non_smoker
GSE27272,8,9,GSM674350,train,non_smoker
GSE27272,8,9,GSM674351,train,smoker
GSE27272,8,9,GSM674352,train,smoker
GSE27272,8,9,GSM674353,train,non_smoker
GSE27272,8,9,GSM674354,train,non_smoker
GSE27272,8,9,GSM674356,train,non_smoker
GSE27272,8,9,GSM674357,train,non_smoker
GSE27272,8,9,GSM674358,train,non_smoker
GSE27272,8,9,GSM674359,train,smoker
GSE27272,8,9,GSM674360,train,smoker
GSE27272,8,9,GSM674361,train,non_smoker
GSE27272,8,9,GSM674362,train,smoker
GSE27272,8,9,GSM674363,train,non_smoker
GSE27272,8,9,GSM674364,train,non_smoker
GSE27272,8,9,GSM674365,train,non_smoker
GSE27272,8,9,GSM674366,train,non_smoker
GSE27272,8,9,GSM674368,train,non_smoker
GSE27272,8,9,GSM674369,train,smoker
GSE27272,8,9,GSM674371,train,non_smoker
GSE27272,8,9,GSM674372,train,smoker
GSE27272,8,9,GSM674373,train,non_smoker
GSE27272,8,9,GSM674374,train,smoker
GSE27272,8,9,GSM674375,train,non_smoker
GSE27272,8,9,GSM674376,train,smoker
GSE27272,8,9,GSM674377,train,smoker
GSE27272,8,9,GSM674379,train,non_smoker
GSE27272,8,9,GSM674380,train,non_smoker
GSE27272,8,9,GSM674381,train,non_smoker
GSE27272,8,9,GSM674382,train,non_smoker
GSE27272,8,9,GSM674383,train,smoker
GSE27272,8,9,GSM674384,train,non_smoker
GSE27272,8,9,GSM674385,train,non_smoker
GSE27272,8,9,GSM674386,train,smoker
GSE27272,8,9,GSM674388,train,non_smoker
GSE27272,8,9,GSM674389,train,non_smoker
GSE27272,8,9,GSM674390,train,non_smoker
GSE27272,8,9,GSM674391,train,non_smoker
GSE27272,8,9,GSM674392,train,smoker
GSE27272,8,9,GSM674394,train,non_smoker
GSE27272,8,9,GSM674395,train,non_smoker
GSE27272,8,9,GSM674396,train,smoker
GSE27272,8,9,GSM674398,train,non_smoker
GSE27272,8,9,GSM674399,train,smoker
GSE27272,8,9,GSM674400,train,non_smoker
GSE27272,8,9,GSM674401,train,non_smoker
GSE27272,8,9,GSM674402,train,non_smoker
GSE27272,8,9,GSM674403,train,non_smoker
GSE27272,8,9,GSM674404,train,smoker
GSE27272,8,9,GSM674405,train,non_smoker
GSE27272,8,9,GSM674406,train,non_smoker
GSE27272,8,9,GSM674407,train,non_smoker
GSE27272,8,9,GSM674187,test,non_smoker
GSE27272,8,9,GSM674227,test,smoker
GSE27272,8,9,GSM674235,test,non_smoker
GSE27272,8,9,GSM674239,test,non_smoker
GSE27272,8,9,GSM674297,test,non_smoker
GSE27272,8,9,GSM674304,test,non_smoker
GSE27272,8,9,GSM674307,test,smoker
GSE27272,8,9,GSM674313,test,non_smoker
GSE27272,8,9,GSM674333,test,smoker
GSE27272,8,9,GSM674347,test,non_smoker
GSE27272,8,9,GSM674355,test,non_smoker
GSE27272,8,9,GSM674367,test,non_smoker
GSE27272,8,9,GSM674370,test,non_smoker
GSE27272,8,9,GSM674378,test,smoker
GSE27272,8,9,GSM674387,test,smoker
GSE27272,8,9,GSM674393,test,non_smoker
GSE27272,8,9,GSM674397,test,non_smoker
GSE27272,8,10,GSM674181,train,non_smoker
GSE27272,8,10,GSM674182,train,smoker
GSE27272,8,10,GSM674183,train,non_smoker
GSE27272,8,10,GSM674185,train,non_smoker
GSE27272,8,10,GSM674187,train,non_smoker
GSE27272,8,10,GSM674188,train,smoker
GSE27272,8,10,GSM674189,train,smoker
GSE27272,8,10,GSM674190,train,non_smoker
GSE27272,8,10,GSM674191,train,non_smoker
GSE27272,8,10,GSM674192,train,non_smoker
GSE27272,8,10,GSM674193,train,non_smoker
GSE27272,8,10,GSM674194,train,non_smoker
GSE27272,8,10,GSM674195,train,non_smoker
GSE27272,8,10,GSM674197,train,smoker
GSE27272,8,10,GSM674198,train,non_smoker
GSE27272,8,10,GSM674199,train,smoker
GSE27272,8,10,GSM674200,train,non_smoker
GSE27272,8,10,GSM674201,train,non_smoker
GSE27272,8,10,GSM674202,train,non_smoker
GSE27272,8,10,GSM674203,train,non_smoker
GSE27272,8,10,GSM674204,train,non_smoker
GSE27272,8,10,GSM674205,train,non_smoker
GSE27272,8,10,GSM674206,train,non_smoker
GSE27272,8,10,GSM674208,train,non_smoker
GSE27272,8,10,GSM674209,train,non_smoker
GSE27272,8,10,GSM674210,train,non_smoker
GSE27272,8,10,GSM674211,train,smoker
GSE27272,8,10,GSM674212,train,non_smoker
GSE27272,8,10,GSM674213,train,smoker
GSE27272,8,10,GSM674214,train,non_smoker
GSE27272,8,10,GSM674215,train,smoker
GSE27272,8,10,GSM674216,train,smoker
GSE27272,8,10,GSM674217,train,smoker
GSE27272,8,10,GSM674218,train,non_smoker
GSE27272,8,10,GSM674219,train,non_smoker
GSE27272,8,10,GSM674220,train,non_smoker
GSE27272,8,10,GSM674221,train,non_smoker
GSE27272,8,10,GSM674222,train,smoker
GSE27272,8,10,GSM674223,train,non_smoker
GSE27272,8,10,GSM674224,train,smoker
GSE27272,8,10,GSM674225,train,non_smoker
GSE27272,8,10,GSM674226,train,non_smoker
GSE27272,8,10,GSM674227,train,smoker
GSE27272,8,10,GSM674228,train,smoker
GSE27272,8,10,GSM674230,train,non_smoker
GSE27272,8,10,GSM674231,train,non_smoker
GSE27272,8,10,GSM674232,train,non_smoker
GSE27272,8,10,GSM674233,train,smoker
GSE27272,8,10,GSM674234,train,non_smoker
GSE27272,8,10,GSM674235,train,non_smoker
GSE27272,8,10,GSM674236,train,non_smoker
GSE27272,8,10,GSM674237,train,non_smoker
GSE27272,8,10,GSM674238,train,smoker
GSE27272,8,10,GSM674239,train,non_smoker
GSE27272,8,10,GSM674240,train,non_smoker
GSE27272,8,10,GSM674241,train,smoker
GSE27272,8,10,GSM674242,train,non_smoker
GSE27272,8,10,GSM674243,train,non_smoker
GSE27272,8,10,GSM674244,train,non_smoker
GSE27272,8,10,GSM674282,train,non_smoker
GSE27272,8,10,GSM674283,train,smoker
GSE27272,8,10,GSM674284,train,non_smoker
GSE27272,8,10,GSM674285,train,non_smoker
GSE27272,8,10,GSM674286,train,smoker
GSE27272,8,10,GSM674287,train,non_smoker
GSE27272,8,10,GSM674288,train,non_smoker
GSE27272,8,10,GSM674290,train,non_smoker
GSE27272,8,10,GSM674291,train,non_smoker
GSE27272,8,10,GSM674292,train,non_smoker
GSE27272,8,10,GSM674294,train,smoker
GSE27272,8,10,GSM674295,train,non_smoker
GSE27272,8,10,GSM674296,train,smoker
GSE27272,8,10,GSM674297,train,non_smoker
GSE27272,8,10,GSM674298,train,non_smoker
GSE27272,8,10,GSM674299,train,non_smoker
GSE27272,8,10,GSM674300,train,non_smoker
GSE27272,8,10,GSM674302,train,non_smoker
GSE27272,8,10,GSM674303,train,smoker
GSE27272,8,10,GSM674304,train,non_smoker
GSE27272,8,10,GSM674305,train,non_smoker
GSE27272,8,10,GSM674306,train,non_smoker
GSE27272,8,10,GSM674307,train,smoker
GSE27272,8,10,GSM674308,train,non_smoker
GSE27272,8,10,GSM674310,train,smoker
GSE27272,8,10,GSM674312,train,smoker
GSE27272,8,10,GSM674313,train,non_smoker
GSE27272,8,10,GSM674314,train,non_smoker
GSE27272,8,10,GSM674316,train,non_smoker
GSE27272,8,10,GSM674317,train,smoker
GSE27272,8,10,GSM674318,train,non_smoker
GSE27272,8,10,GSM674319,train,smoker
GSE27272,8,10,GSM674320,train,non_smoker
GSE27272,8,10,GSM674321,train,smoker
GSE27272,8,10,GSM674322,train,smoker
GSE27272,8,10,GSM674323,train,non_smoker
GSE27272,8,10,GSM674324,train,non_smoker
GSE27272,8,10,GSM674325,train,non_smoker
GSE27272,8,10,GSM674326,train,smoker
GSE27272,8,10,GSM674327,train,non_smoker
GSE27272,8,10,GSM674328,train,non_smoker
GSE27272,8,10,GSM674329,train,smoker
GSE27272,8,10,GSM674330,train,non_smoker
GSE27272,8,10,GSM674332,train,non_smoker
GSE27272,8,10,GSM674333,train,smoker
GSE27272,8,10,GSM674334,train,non_smoker
GSE27272,8,10,GSM674335,train,non_smoker
GSE27272,8,10,GSM674344,train,non_smoker
GSE27272,8,10,GSM674345,train,smoker
GSE27272,8,10,GSM674346,train,non_smoker
GSE27272,8,10,GSM674347,train,non_smoker
GSE27272,8,10,GSM674348,train,non_smoker
GSE27272,8,10,GSM674349,train,non_smoker
GSE27272,8,10,GSM674350,train,non_smoker
GSE27272,8,10,GSM674351,train,smoker
GSE27272,8,10,GSM674352,train,smoker
GSE27272,8,10,GSM674353,train,non_smoker
GSE27272,8,10,GSM674355,train,non_smoker
GSE27272,8,10,GSM674356,train,non_smoker
GSE27272,8,10,GSM674357,train,non_smoker
GSE27272,8,10,GSM674358,train,non_smoker
GSE27272,8,10,GSM674359,train,smoker
GSE27272,8,10,GSM674360,train,smoker
GSE27272,8,10,GSM674361,train,non_smoker
GSE27272,8,10,GSM674362,train,smoker
GSE27272,8,10,GSM674363,train,non_smoker
GSE27272,8,10,GSM674364,train,non_smoker
GSE27272,8,10,GSM674365,train,non_smoker
GSE27272,8,10,GSM674366,train,non_smoker
GSE27272,8,10,GSM674367,train,non_smoker
GSE27272,8,10,GSM674368,train,non_smoker
GSE27272,8,10,GSM674369,train,smoker
GSE27272,8,10,GSM674370,train,non_smoker
GSE27272,8,10,GSM674372,train,smoker
GSE27272,8,10,GSM674373,train,non_smoker
GSE27272,8,10,GSM674374,train,smoker
GSE27272,8,10,GSM674375,train,non_smoker
GSE27272,8,10,GSM674377,train,smoker
GSE27272,8,10,GSM674378,train,smoker
GSE27272,8,10,GSM674379,train,non_smoker
GSE27272,8,10,GSM674380,train,non_smoker
GSE27272,8,10,GSM674381,train,non_smoker
GSE27272,8,10,GSM674382,train,non_smoker
GSE27272,8,10,GSM674383,train,smoker
GSE27272,8,10,GSM674384,train,non_smoker
GSE27272,8,10,GSM674385,train,non_smoker
GSE27272,8,10,GSM674386,train,smoker
GSE27272,8,10,GSM674387,train,smoker
GSE27272,8,10,GSM674388,train,non_smoker
GSE27272,8,10,GSM674389,train,non_smoker
GSE27272,8,10,GSM674390,train,non_smoker
GSE27272,8,10,GSM674391,train,non_smoker
GSE27272,8,10,GSM674392,train,smoker
GSE27272,8,10,GSM674393,train,non_smoker
GSE27272,8,10,GSM674395,train,non_smoker
GSE27272,8,10,GSM674396,train,smoker
GSE27272,8,10,GSM674397,train,non_smoker
GSE27272,8,10,GSM674398,train,non_smoker
GSE27272,8,10,GSM674399,train,smoker
GSE27272,8,10,GSM674400,train,non_smoker
GSE27272,8,10,GSM674401,train,non_smoker
GSE27272,8,10,GSM674402,train,non_smoker
GSE27272,8,10,GSM674403,train,non_smoker
GSE27272,8,10,GSM674404,train,smoker
GSE27272,8,10,GSM674405,train,non_smoker
GSE27272,8,10,GSM674406,train,non_smoker
GSE27272,8,10,GSM674407,train,non_smoker
GSE27272,8,10,GSM674184,test,non_smoker
GSE27272,8,10,GSM674186,test,non_smoker
GSE27272,8,10,GSM674196,test,smoker
GSE27272,8,10,GSM674207,test,smoker
GSE27272,8,10,GSM674229,test,non_smoker
GSE27272,8,10,GSM674245,test,non_smoker
GSE27272,8,10,GSM674289,test,non_smoker
GSE27272,8,10,GSM674293,test,smoker
GSE27272,8,10,GSM674301,test,non_smoker
GSE27272,8,10,GSM674309,test,non_smoker
GSE27272,8,10,GSM674311,test,smoker
GSE27272,8,10,GSM674315,test,non_smoker
GSE27272,8,10,GSM674331,test,non_smoker
GSE27272,8,10,GSM674354,test,non_smoker
GSE27272,8,10,GSM674371,test,non_smoker
GSE27272,8,10,GSM674376,test,smoker
GSE27272,8,10,GSM674394,test,non_smoker
GSE27272,9,1,GSM674181,train,non_smoker
GSE27272,9,1,GSM674182,train,smoker
GSE27272,9,1,GSM674183,train,non_smoker
GSE27272,9,1,GSM674184,train,non_smoker
GSE27272,9,1,GSM674186,train,non_smoker
GSE27272,9,1,GSM674187,train,non_smoker
GSE27272,9,1,GSM674188,train,smoker
GSE27272,9,1,GSM674189,train,smoker
GSE27272,9,1,GSM674190,train,non_smoker
GSE27272,9,1,GSM674193,train,non_smoker
GSE27272,9,1,GSM674194,train,non_smoker
GSE27272,9,1,GSM674195,train,non_smoker
GSE27272,9,1,GSM674196,train,smoker
GSE27272,9,1,GSM674197,train,smoker
GSE27272,9,1,GSM674198,train,non_smoker
GSE27272,9,1,GSM674199,train,smoker
GSE27272,9,1,GSM674200,train,non_smoker
GSE27272,9,1,GSM674201,train,non_smoker
GSE27272,9,1,GSM674202,train,non_smoker
GSE27272,9,1,GSM674203,train,non_smoker
GSE27272,9,1,GSM674204,train,non_smoker
GSE27272,9,1,GSM674205,train,non_smoker
GSE27272,9,1,GSM674206,train,non_smoker
GSE27272,9,1,GSM674207,train,smoker
GSE27272,9,1,GSM674208,train,non_smoker
GSE27272,9,1,GSM674209,train,non_smoker
GSE27272,9,1,GSM674210,train,non_smoker
GSE27272,9,1,GSM674211,train,smoker
GSE27272,9,1,GSM674212,train,non_smoker
GSE27272,9,1,GSM674214,train,non_smoker
GSE27272,9,1,GSM674216,train,smoker
GSE27272,9,1,GSM674218,train,non_smoker
GSE27272,9,1,GSM674219,train,non_smoker
GSE27272,9,1,GSM674220,train,non_smoker
GSE27272,9,1,GSM674221,train,non_smoker
GSE27272,9,1,GSM674222,train,smoker
GSE27272,9,1,GSM674223,train,non_smoker
GSE27272,9,1,GSM674224,train,smoker
GSE27272,9,1,GSM674225,train,non_smoker
GSE27272,9,1,GSM674226,train,non_smoker
GSE27272,9,1,GSM674227,train,smoker
GSE27272,9,1,GSM674228,train,smoker
GSE27272,9,1,GSM674229,train,non_smoker
GSE27272,9,1,GSM674230,train,non_smoker
GSE27272,9,1,GSM674231,train,non_smoker
GSE27272,9,1,GSM674232,train,non_smoker
GSE27272,9,1,GSM674233,train,smoker
GSE27272,9,1,GSM674234,train,non_smoker
GSE27272,9,1,GSM674235,train,non_smoker
GSE27272,9,1,GSM674236,train,non_smoker
GSE27272,9,1,GSM674237,train,non_smoker
GSE27272,9,1,GSM674238,train,smoker
GSE27272,9,1,GSM674239,train,non_smoker
GSE27272,9,1,GSM674240,train,non_smoker
GSE27272,9,1,GSM674241,train,smoker
GSE27272,9,1,GSM674242,train,non_smoker
GSE27272,9,1,GSM674243,train,non_smoker
GSE27272,9,1,GSM674244,train,non_smoker
GSE27272,9,1,GSM674245,train,non_smoker
GSE27272,9,1,GSM674282,train,non_smoker
GSE27272,9,1,GSM674283,train,smoker
GSE27272,9,1,GSM674284,train,non_smoker
GSE27272,9,1,GSM674285,train,non_smoker
GSE27272,9,1,GSM674287,train,non_smoker
GSE27272,9,1,GSM674288,train,non_smoker
GSE27272,9,1,GSM674289,train,non_smoker
GSE27272,9,1,GSM674290,train,non_smoker
GSE27272,9,1,GSM674291,train,non_smoker
GSE27272,9,1,GSM674292,train,non_smoker
GSE27272,9,1,GSM674293,train,smoker
GSE27272,9,1,GSM674294,train,smoker
GSE27272,9,1,GSM674295,train,non_smoker
GSE27272,9,1,GSM674298,train,non_smoker
GSE27272,9,1,GSM674299,train,non_smoker
GSE27272,9,1,GSM674300,train,non_smoker
GSE27272,9,1,GSM674303,train,smoker
GSE27272,9,1,GSM674304,train,non_smoker
GSE27272,9,1,GSM674305,train,non_smoker
GSE27272,9,1,GSM674307,train,smoker
GSE27272,9,1,GSM674308,train,non_smoker
GSE27272,9,1,GSM674310,train,smoker
GSE27272,9,1,GSM674311,train,smoker
GSE27272,9,1,GSM674312,train,smoker
GSE27272,9,1,GSM674314,train,non_smoker
GSE27272,9,1,GSM674315,train,non_smoker
GSE27272,9,1,GSM674316,train,non_smoker
GSE27272,9,1,GSM674317,train,smoker
GSE27272,9,1,GSM674318,train,non_smoker
GSE27272,9,1,GSM674319,train,smoker
GSE27272,9,1,GSM674320,train,non_smoker
GSE27272,9,1,GSM674321,train,smoker
GSE27272,9,1,GSM674322,train,smoker
GSE27272,9,1,GSM674323,train,non_smoker
GSE27272,9,1,GSM674324,train,non_smoker
GSE27272,9,1,GSM674325,train,non_smoker
GSE27272,9,1,GSM674326,train,smoker
GSE27272,9,1,GSM674327,train,non_smoker
GSE27272,9,1,GSM674328,train,non_smoker
GSE27272,9,1,GSM674329,train,smoker
GSE27272,9,1,GSM674330,train,non_smoker
GSE27272,9,1,GSM674331,train,non_smoker
GSE27272,9,1,GSM674332,train,non_smoker
GSE27272,9,1,GSM674333,train,smoker
GSE27272,9,1,GSM674334,train,non_smoker
GSE27272,9,1,GSM674335,train,non_smoker
GSE27272,9,1,GSM674344,train,non_smoker
GSE27272,9,1,GSM674345,train,smoker
GSE27272,9,1,GSM674346,train,non_smoker
GSE27272,9,1,GSM674347,train,non_smoker
GSE27272,9,1,GSM674348,train,non_smoker
GSE27272,9,1,GSM674349,train,non_smoker
GSE27272,9,1,GSM674350,train,non_smoker
GSE27272,9,1,GSM674351,train,smoker
GSE27272,9,1,GSM674353,train,non_smoker
GSE27272,9,1,GSM674354,train,non_smoker
GSE27272,9,1,GSM674355,train,non_smoker
GSE27272,9,1,GSM674356,train,non_smoker
GSE27272,9,1,GSM674357,train,non_smoker
GSE27272,9,1,GSM674358,train,non_smoker
GSE27272,9,1,GSM674359,train,smoker
GSE27272,9,1,GSM674360,train,smoker
GSE27272,9,1,GSM674361,train,non_smoker
GSE27272,9,1,GSM674362,train,smoker
GSE27272,9,1,GSM674363,train,non_smoker
GSE27272,9,1,GSM674364,train,non_smoker
GSE27272,9,1,GSM674365,train,non_smoker
GSE27272,9,1,GSM674366,train,non_smoker
GSE27272,9,1,GSM674367,train,non_smoker
GSE27272,9,1,GSM674368,train,non_smoker
GSE27272,9,1,GSM674369,train,smoker
GSE27272,9,1,GSM674370,train,non_smoker
GSE27272,9,1,GSM674372,train,smoker
GSE27272,9,1,GSM674373,train,non_smoker
GSE27272,9,1,GSM674374,train,smoker
GSE27272,9,1,GSM674375,train,non_smoker
GSE27272,9,1,GSM674376,train,smoker
GSE27272,9,1,GSM674377,train,smoker
GSE27272,9,1,GSM674378,train,smoker
GSE27272,9,1,GSM674379,train,non_smoker
GSE27272,9,1,GSM674381,train,non_smoker
GSE27272,9,1,GSM674382,train,non_smoker
GSE27272,9,1,GSM674383,train,smoker
GSE27272,9,1,GSM674384,train,non_smoker
GSE27272,9,1,GSM674385,train,non_smoker
GSE27272,9,1,GSM674386,train,smoker
GSE27272,9,1,GSM674387,train,smoker
GSE27272,9,1,GSM674388,train,non_smoker
GSE27272,9,1,GSM674389,train,non_smoker
GSE27272,9,1,GSM674390,train,non_smoker
GSE27272,9,1,GSM674391,train,non_smoker
GSE27272,9,1,GSM674392,train,smoker
GSE27272,9,1,GSM674393,train,non_smoker
GSE27272,9,1,GSM674394,train,non_smoker
GSE27272,9,1,GSM674395,train,non_smoker
GSE27272,9,1,GSM674396,train,smoker
GSE27272,9,1,GSM674397,train,non_smoker
GSE27272,9,1,GSM674398,train,non_smoker
GSE27272,9,1,GSM674399,train,smoker
GSE27272,9,1,GSM674401,train,non_smoker
GSE27272,9,1,GSM674402,train,non_smoker
GSE27272,9,1,GSM674403,train,non_smoker
GSE27272,9,1,GSM674404,train,smoker
GSE27272,9,1,GSM674406,train,non_smoker
GSE27272,9,1,GSM674407,train,non_smoker
GSE27272,9,1,GSM674185,test,non_smoker
GSE27272,9,1,GSM674191,test,non_smoker
GSE27272,9,1,GSM674192,test,non_smoker
GSE27272,9,1,GSM674213,test,smoker
GSE27272,9,1,GSM674215,test,smoker
GSE27272,9,1,GSM674217,test,smoker
GSE27272,9,1,GSM674286,test,smoker
GSE27272,9,1,GSM674296,test,smoker
GSE27272,9,1,GSM674297,test,non_smoker
GSE27272,9,1,GSM674301,test,non_smoker
GSE27272,9,1,GSM674302,test,non_smoker
GSE27272,9,1,GSM674306,test,non_smoker
GSE27272,9,1,GSM674309,test,non_smoker
GSE27272,9,1,GSM674313,test,non_smoker
GSE27272,9,1,GSM674352,test,smoker
GSE27272,9,1,GSM674371,test,non_smoker
GSE27272,9,1,GSM674380,test,non_smoker
GSE27272,9,1,GSM674400,test,non_smoker
GSE27272,9,1,GSM674405,test,non_smoker
GSE27272,9,2,GSM674181,train,non_smoker
GSE27272,9,2,GSM674182,train,smoker
GSE27272,9,2,GSM674183,train,non_smoker
GSE27272,9,2,GSM674184,train,non_smoker
GSE27272,9,2,GSM674185,train,non_smoker
GSE27272,9,2,GSM674187,train,non_smoker
GSE27272,9,2,GSM674188,train,smoker
GSE27272,9,2,GSM674190,train,non_smoker
GSE27272,9,2,GSM674191,train,non_smoker
GSE27272,9,2,GSM674192,train,non_smoker
GSE27272,9,2,GSM674193,train,non_smoker
GSE27272,9,2,GSM674194,train,non_smoker
GSE27272,9,2,GSM674195,train,non_smoker
GSE27272,9,2,GSM674196,train,smoker
GSE27272,9,2,GSM674197,train,smoker
GSE27272,9,2,GSM674198,train,non_smoker
GSE27272,9,2,GSM674199,train,smoker
GSE27272,9,2,GSM674200,train,non_smoker
GSE27272,9,2,GSM674201,train,non_smoker
GSE27272,9,2,GSM674202,train,non_smoker
GSE27272,9,2,GSM674203,train,non_smoker
GSE27272,9,2,GSM674204,train,non_smoker
GSE27272,9,2,GSM674205,train,non_smoker
GSE27272,9,2,GSM674206,train,non_smoker
GSE27272,9,2,GSM674207,train,smoker
GSE27272,9,2,GSM674208,train,non_smoker
GSE27272,9,2,GSM674209,train,non_smoker
GSE27272,9,2,GSM674210,train,non_smoker
GSE27272,9,2,GSM674211,train,smoker
GSE27272,9,2,GSM674212,train,non_smoker
GSE27272,9,2,GSM674213,train,smoker
GSE27272,9,2,GSM674214,train,non_smoker
GSE27272,9,2,GSM674215,train,smoker
GSE27272,9,2,GSM674216,train,smoker
GSE27272,9,2,GSM674217,train,smoker
GSE27272,9,2,GSM674218,train,non_smoker
GSE27272,9,2,GSM674219,train,non_smoker
GSE27272,9,2,GSM674220,train,non_smoker
GSE27272,9,2,GSM674221,train,non_smoker
GSE27272,9,2,GSM674222,train,smoker
GSE27272,9,2,GSM674223,train,non_smoker
GSE27272,9,2,GSM674224,train,smoker
GSE27272,9,2,GSM674225,train,non_smoker
GSE27272,9,2,GSM674226,train,non_smoker
GSE27272,9,2,GSM674227,train,smoker
GSE27272,9,2,GSM674228,train,smoker
GSE27272,9,2,GSM674230,train,non_smoker
GSE27272,9,2,GSM674231,train,non_smoker
GSE27272,9,2,GSM674232,train,non_smoker
GSE27272,9,2,GSM674233,train,smoker
GSE27272,9,2,GSM674234,train,non_smoker
GSE27272,9,2,GSM674235,train,non_smoker
GSE27272,9,2,GSM674236,train,non_smoker
GSE27272,9,2,GSM674237,train,non_smoker
GSE27272,9,2,GSM674238,train,smoker
GSE27272,9,2,GSM674239,train,non_smoker
GSE27272,9,2,GSM674240,train,non_smoker
GSE27272,9,2,GSM674241,train,smoker
GSE27272,9,2,GSM674242,train,non_smoker
GSE27272,9,2,GSM674243,train,non_smoker
GSE27272,9,2,GSM674244,train,non_smoker
GSE27272,9,2,GSM674245,train,non_smoker
GSE27272,9,2,GSM674282,train,non_smoker
GSE27272,9,2,GSM674283,train,smoker
GSE27272,9,2,GSM674284,train,non_smoker
GSE27272,9,2,GSM674285,train,non_smoker
GSE27272,9,2,GSM674286,train,smoker
GSE27272,9,2,GSM674288,train,non_smoker
GSE27272,9,2,GSM674289,train,non_smoker
GSE27272,9,2,GSM674290,train,non_smoker
GSE27272,9,2,GSM674291,train,non_smoker
GSE27272,9,2,GSM674292,train,non_smoker
GSE27272,9,2,GSM674293,train,smoker
GSE27272,9,2,GSM674294,train,smoker
GSE27272,9,2,GSM674296,train,smoker
GSE27272,9,2,GSM674297,train,non_smoker
GSE27272,9,2,GSM674298,train,non_smoker
GSE27272,9,2,GSM674299,train,non_smoker
GSE27272,9,2,GSM674300,train,non_smoker
GSE27272,9,2,GSM674301,train,non_smoker
GSE27272,9,2,GSM674302,train,non_smoker
GSE27272,9,2,GSM674303,train,smoker
GSE27272,9,2,GSM674304,train,non_smoker
GSE27272,9,2,GSM674305,train,non_smoker
GSE27272,9,2,GSM674306,train,non_smoker
GSE27272,9,2,GSM674307,train,smoker
GSE27272,9,2,GSM674308,train,non_smoker
GSE27272,9,2,GSM674309,train,non_smoker
GSE27272,9,2,GSM674313,train,non_smoker
GSE27272,9,2,GSM674314,train,non_smoker
GSE27272,9,2,GSM674315,train,non_smoker
GSE27272,9,2,GSM674316,train,non_smoker
GSE27272,9,2,GSM674317,train,smoker
GSE27272,9,2,GSM674318,train,non_smoker
GSE27272,9,2,GSM674319,train,smoker
GSE27272,9,2,GSM674320,train,non_smoker
GSE27272,9,2,GSM674321,train,smoker
GSE27272,9,2,GSM674322,train,smoker
GSE27272,9,2,GSM674323,train,non_smoker
GSE27272,9,2,GSM674324,train,non_smoker
GSE27272,9,2,GSM674325,train,non_smoker
GSE27272,9,2,GSM674326,train,smoker
GSE27272,9,2,GSM674327,train,non_smoker
GSE27272,9,2,GSM674328,train,non_smoker
GSE27272,9,2,GSM674329,train,smoker
GSE27272,9,2,GSM674330,train,non_smoker
GSE27272,9,2,GSM674331,train,non_smoker
GSE27272,9,2,GSM674332,train,non_smoker
GSE27272,9,2,GSM674333,train,smoker
GSE27272,9,2,GSM674334,train,non_smoker
GSE27272,9,2,GSM674344,train,non_smoker
GSE27272,9,2,GSM674345,train,smoker
GSE27272,9,2,GSM674347,train,non_smoker
GSE27272,9,2,GSM674348,train,non_smoker
GSE27272,9,2,GSM674349,train,non_smoker
GSE27272,9,2,GSM674350,train,non_smoker
GSE27272,9,2,GSM674351,train,smoker
GSE27272,9,2,GSM674352,train,smoker
GSE27272,9,2,GSM674353,train,non_smoker
GSE27272,9,2,GSM674354,train,non_smoker
GSE27272,9,2,GSM674355,train,non_smoker
GSE27272,9,2,GSM674356,train,non_smoker
GSE27272,9,2,GSM674357,train,non_smoker
GSE27272,9,2,GSM674359,train,smoker
GSE27272,9,2,GSM674361,train,non_smoker
GSE27272,9,2,GSM674362,train,smoker
GSE27272,9,2,GSM674365,train,non_smoker
GSE27272,9,2,GSM674366,train,non_smoker
GSE27272,9,2,GSM674367,train,non_smoker
GSE27272,9,2,GSM674368,train,non_smoker
GSE27272,9,2,GSM674369,train,smoker
GSE27272,9,2,GSM674370,train,non_smoker
GSE27272,9,2,GSM674371,train,non_smoker
GSE27272,9,2,GSM674372,train,smoker
GSE27272,9,2,GSM674374,train,smoker
GSE27272,9,2,GSM674375,train,non_smoker
GSE27272,9,2,GSM674376,train,smoker
GSE27272,9,2,GSM674377,train,smoker
GSE27272,9,2,GSM674378,train,smoker
GSE27272,9,2,GSM674380,train,non_smoker
GSE27272,9,2,GSM674381,train,non_smoker
GSE27272,9,2,GSM674382,train,non_smoker
GSE27272,9,2,GSM674383,train,smoker
GSE27272,9,2,GSM674384,train,non_smoker
GSE27272,9,2,GSM674385,train,non_smoker
GSE27272,9,2,GSM674386,train,smoker
GSE27272,9,2,GSM674388,train,non_smoker
GSE27272,9,2,GSM674390,train,non_smoker
GSE27272,9,2,GSM674391,train,non_smoker
GSE27272,9,2,GSM674392,train,smoker
GSE27272,9,2,GSM674393,train,non_smoker
GSE27272,9,2,GSM674394,train,non_smoker
GSE27272,9,2,GSM674395,train,non_smoker
GSE27272,9,2,GSM674396,train,smoker
GSE27272,9,2,GSM674397,train,non_smoker
GSE27272,9,2,GSM674399,train,smoker
GSE27272,9,2,GSM674400,train,non_smoker
GSE27272,9,2,GSM674401,train,non_smoker
GSE27272,9,2,GSM674402,train,non_smoker
GSE27272,9,2,GSM674403,train,non_smoker
GSE27272,9,2,GSM674404,train,smoker
GSE27272,9,2,GSM674405,train,non_smoker
GSE27272,9,2,GSM674406,train,non_smoker
GSE27272,9,2,GSM674407,train,non_smoker
GSE27272,9,2,GSM674186,test,non_smoker
GSE27272,9,2,GSM674189,test,smoker
GSE27272,9,2,GSM674229,test,non_smoker
GSE27272,9,2,GSM674287,test,non_smoker
GSE27272,9,2,GSM674295,test,non_smoker
GSE27272,9,2,GSM674310,test,smoker
GSE27272,9,2,GSM674311,test,smoker
GSE27272,9,2,GSM674312,test,smoker
GSE27272,9,2,GSM674335,test,non_smoker
GSE27272,9,2,GSM674346,test,non_smoker
GSE27272,9,2,GSM674358,test,non_smoker
GSE27272,9,2,GSM674360,test,smoker
GSE27272,9,2,GSM674363,test,non_smoker
GSE27272,9,2,GSM674364,test,non_smoker
GSE27272,9,2,GSM674373,test,non_smoker
GSE27272,9,2,GSM674379,test,non_smoker
GSE27272,9,2,GSM674387,test,smoker
GSE27272,9,2,GSM674389,test,non_smoker
GSE27272,9,2,GSM674398,test,non_smoker
GSE27272,9,3,GSM674181,train,non_smoker
GSE27272,9,3,GSM674182,train,smoker
GSE27272,9,3,GSM674183,train,non_smoker
GSE27272,9,3,GSM674184,train,non_smoker
GSE27272,9,3,GSM674185,train,non_smoker
GSE27272,9,3,GSM674186,train,non_smoker
GSE27272,9,3,GSM674187,train,non_smoker
GSE27272,9,3,GSM674188,train,smoker
GSE27272,9,3,GSM674189,train,smoker
GSE27272,9,3,GSM674190,train,non_smoker
GSE27272,9,3,GSM674191,train,non_smoker
GSE27272,9,3,GSM674192,train,non_smoker
GSE27272,9,3,GSM674193,train,non_smoker
GSE27272,9,3,GSM674195,train,non_smoker
GSE27272,9,3,GSM674197,train,smoker
GSE27272,9,3,GSM674198,train,non_smoker
GSE27272,9,3,GSM674199,train,smoker
GSE27272,9,3,GSM674200,train,non_smoker
GSE27272,9,3,GSM674201,train,non_smoker
GSE27272,9,3,GSM674202,train,non_smoker
GSE27272,9,3,GSM674203,train,non_smoker
GSE27272,9,3,GSM674205,train,non_smoker
GSE27272,9,3,GSM674206,train,non_smoker
GSE27272,9,3,GSM674209,train,non_smoker
GSE27272,9,3,GSM674210,train,non_smoker
GSE27272,9,3,GSM674211,train,smoker
GSE27272,9,3,GSM674212,train,non_smoker
GSE27272,9,3,GSM674213,train,smoker
GSE27272,9,3,GSM674214,train,non_smoker
GSE27272,9,3,GSM674215,train,smoker
GSE27272,9,3,GSM674216,train,smoker
GSE27272,9,3,GSM674217,train,smoker
GSE27272,9,3,GSM674218,train,non_smoker
GSE27272,9,3,GSM674219,train,non_smoker
GSE27272,9,3,GSM674221,train,non_smoker
GSE27272,9,3,GSM674222,train,smoker
GSE27272,9,3,GSM674223,train,non_smoker
GSE27272,9,3,GSM674224,train,smoker
GSE27272,9,3,GSM674226,train,non_smoker
GSE27272,9,3,GSM674227,train,smoker
GSE27272,9,3,GSM674228,train,smoker
GSE27272,9,3,GSM674229,train,non_smoker
GSE27272,9,3,GSM674230,train,non_smoker
GSE27272,9,3,GSM674231,train,non_smoker
GSE27272,9,3,GSM674232,train,non_smoker
GSE27272,9,3,GSM674233,train,smoker
GSE27272,9,3,GSM674234,train,non_smoker
GSE27272,9,3,GSM674235,train,non_smoker
GSE27272,9,3,GSM674236,train,non_smoker
GSE27272,9,3,GSM674237,train,non_smoker
GSE27272,9,3,GSM674238,train,smoker
GSE27272,9,3,GSM674239,train,non_smoker
GSE27272,9,3,GSM674240,train,non_smoker
GSE27272,9,3,GSM674241,train,smoker
GSE27272,9,3,GSM674243,train,non_smoker
GSE27272,9,3,GSM674244,train,non_smoker
GSE27272,9,3,GSM674245,train,non_smoker
GSE27272,9,3,GSM674282,train,non_smoker
GSE27272,9,3,GSM674283,train,smoker
GSE27272,9,3,GSM674284,train,non_smoker
GSE27272,9,3,GSM674285,train,non_smoker
GSE27272,9,3,GSM674286,train,smoker
GSE27272,9,3,GSM674287,train,non_smoker
GSE27272,9,3,GSM674288,train,non_smoker
GSE27272,9,3,GSM674289,train,non_smoker
GSE27272,9,3,GSM674290,train,non_smoker
GSE27272,9,3,GSM674291,train,non_smoker
GSE27272,9,3,GSM674292,train,non_smoker
GSE27272,9,3,GSM674293,train,smoker
GSE27272,9,3,GSM674294,train,smoker
GSE27272,9,3,GSM674295,train,non_smoker
GSE27272,9,3,GSM674296,train,smoker
GSE27272,9,3,GSM674297,train,non_smoker
GSE27272,9,3,GSM674298,train,non_smoker
GSE27272,9,3,GSM674299,train,non_smoker
GSE27272,9,3,GSM674300,train,non_smoker
GSE27272,9,3,GSM674301,train,non_smoker
GSE27272,9,3,GSM674302,train,non_smoker
GSE27272,9,3,GSM674303,train,smoker
GSE27272,9,3,GSM674304,train,non_smoker
GSE27272,9,3,GSM674305,train,non_smoker
GSE27272,9,3,GSM674306,train,non_smoker
GSE27272,9,3,GSM674307,train,smoker
GSE27272,9,3,GSM674308,train,non_smoker
GSE27272,9,3,GSM674309,train,non_smoker
GSE27272,9,3,GSM674310,train,smoker
GSE27272,9,3,GSM674311,train,smoker
GSE27272,9,3,GSM674312,train,smoker
GSE27272,9,3,GSM674313,train,non_smoker
GSE27272,9,3,GSM674315,train,non_smoker
GSE27272,9,3,GSM674316,train,non_smoker
GSE27272,9,3,GSM674317,train,smoker
GSE27272,9,3,GSM674318,train,non_smoker
GSE27272,9,3,GSM674319,train,smoker
GSE27272,9,3,GSM674320,train,non_smoker
GSE27272,9,3,GSM674321,train,smoker
GSE27272,9,3,GSM674322,train,smoker
GSE27272,9,3,GSM674323,train,non_smoker
GSE27272,9,3,GSM674324,train,non_smoker
GSE27272,9,3,GSM674325,train,non_smoker
GSE27272,9,3,GSM674326,train,smoker
GSE27272,9,3,GSM674327,train,non_smoker
GSE27272,9,3,GSM674328,train,non_smoker
GSE27272,9,3,GSM674330,train,non_smoker
GSE27272,9,3,GSM674331,train,non_smoker
GSE27272,9,3,GSM674332,train,non_smoker
GSE27272,9,3,GSM674334,train,non_smoker
GSE27272,9,3,GSM674335,train,non_smoker
GSE27272,9,3,GSM674344,train,non_smoker
GSE27272,9,3,GSM674345,train,smoker
GSE27272,9,3,GSM674346,train,non_smoker
GSE27272,9,3,GSM674347,train,non_smoker
GSE27272,9,3,GSM674348,train,non_smoker
GSE27272,9,3,GSM674349,train,non_smoker
GSE27272,9,3,GSM674351,train,smoker
GSE27272,9,3,GSM674352,train,smoker
GSE27272,9,3,GSM674353,train,non_smoker
GSE27272,9,3,GSM674354,train,non_smoker
GSE27272,9,3,GSM674355,train,non_smoker
GSE27272,9,3,GSM674356,train,non_smoker
GSE27272,9,3,GSM674358,train,non_smoker
GSE27272,9,3,GSM674359,train,smoker
GSE27272,9,3,GSM674360,train,smoker
GSE27272,9,3,GSM674362,train,smoker
GSE27272,9,3,GSM674363,train,non_smoker
GSE27272,9,3,GSM674364,train,non_smoker
GSE27272,9,3,GSM674365,train,non_smoker
GSE27272,9,3,GSM674366,train,non_smoker
GSE27272,9,3,GSM674367,train,non_smoker
GSE27272,9,3,GSM674370,train,non_smoker
GSE27272,9,3,GSM674371,train,non_smoker
GSE27272,9,3,GSM674372,train,smoker
GSE27272,9,3,GSM674373,train,non_smoker
GSE27272,9,3,GSM674375,train,non_smoker
GSE27272,9,3,GSM674376,train,smoker
GSE27272,9,3,GSM674377,train,smoker
GSE27272,9,3,GSM674378,train,smoker
GSE27272,9,3,GSM674379,train,non_smoker
GSE27272,9,3,GSM674380,train,non_smoker
GSE27272,9,3,GSM674381,train,non_smoker
GSE27272,9,3,GSM674382,train,non_smoker
GSE27272,9,3,GSM674383,train,smoker
GSE27272,9,3,GSM674384,train,non_smoker
GSE27272,9,3,GSM674385,train,non_smoker
GSE27272,9,3,GSM674386,train,smoker
GSE27272,9,3,GSM674387,train,smoker
GSE27272,9,3,GSM674388,train,non_smoker
GSE27272,9,3,GSM674389,train,non_smoker
GSE27272,9,3,GSM674390,train,non_smoker
GSE27272,9,3,GSM674392,train,smoker
GSE27272,9,3,GSM674393,train,non_smoker
GSE27272,9,3,GSM674394,train,non_smoker
GSE27272,9,3,GSM674395,train,non_smoker
GSE27272,9,3,GSM674396,train,smoker
GSE27272,9,3,GSM674397,train,non_smoker
GSE27272,9,3,GSM674398,train,non_smoker
GSE27272,9,3,GSM674399,train,smoker
GSE27272,9,3,GSM674400,train,non_smoker
GSE27272,9,3,GSM674401,train,non_smoker
GSE27272,9,3,GSM674403,train,non_smoker
GSE27272,9,3,GSM674404,train,smoker
GSE27272,9,3,GSM674405,train,non_smoker
GSE27272,9,3,GSM674406,train,non_smoker
GSE27272,9,3,GSM674407,train,non_smoker
GSE27272,9,3,GSM674194,test,non_smoker
GSE27272,9,3,GSM674196,test,smoker
GSE27272,9,3,GSM674204,test,non_smoker
GSE27272,9,3,GSM674207,test,smoker
GSE27272,9,3,GSM674208,test,non_smoker
GSE27272,9,3,GSM674220,test,non_smoker
GSE27272,9,3,GSM674225,test,non_smoker
GSE27272,9,3,GSM674242,test,non_smoker
GSE27272,9,3,GSM674314,test,non_smoker
GSE27272,9,3,GSM674329,test,smoker
GSE27272,9,3,GSM674333,test,smoker
GSE27272,9,3,GSM674350,test,non_smoker
GSE27272,9,3,GSM674357,test,non_smoker
GSE27272,9,3,GSM674361,test,non_smoker
GSE27272,9,3,GSM674368,test,non_smoker
GSE27272,9,3,GSM674369,test,smoker
GSE27272,9,3,GSM674374,test,smoker
GSE27272,9,3,GSM674391,test,non_smoker
GSE27272,9,3,GSM674402,test,non_smoker
GSE27272,9,4,GSM674182,train,smoker
GSE27272,9,4,GSM674184,train,non_smoker
GSE27272,9,4,GSM674185,train,non_smoker
GSE27272,9,4,GSM674186,train,non_smoker
GSE27272,9,4,GSM674187,train,non_smoker
GSE27272,9,4,GSM674188,train,smoker
GSE27272,9,4,GSM674189,train,smoker
GSE27272,9,4,GSM674190,train,non_smoker
GSE27272,9,4,GSM674191,train,non_smoker
GSE27272,9,4,GSM674192,train,non_smoker
GSE27272,9,4,GSM674194,train,non_smoker
GSE27272,9,4,GSM674196,train,smoker
GSE27272,9,4,GSM674197,train,smoker
GSE27272,9,4,GSM674198,train,non_smoker
GSE27272,9,4,GSM674199,train,smoker
GSE27272,9,4,GSM674200,train,non_smoker
GSE27272,9,4,GSM674201,train,non_smoker
GSE27272,9,4,GSM674203,train,non_smoker
GSE27272,9,4,GSM674204,train,non_smoker
GSE27272,9,4,GSM674206,train,non_smoker
GSE27272,9,4,GSM674207,train,smoker
GSE27272,9,4,GSM674208,train,non_smoker
GSE27272,9,4,GSM674209,train,non_smoker
GSE27272,9,4,GSM674210,train,non_smoker
GSE27272,9,4,GSM674211,train,smoker
GSE27272,9,4,GSM674212,train,non_smoker
GSE27272,9,4,GSM674213,train,smoker
GSE27272,9,4,GSM674214,train,non_smoker
GSE27272,9,4,GSM674215,train,smoker
GSE27272,9,4,GSM674216,train,smoker
GSE27272,9,4,GSM674217,train,smoker
GSE27272,9,4,GSM674218,train,non_smoker
GSE27272,9,4,GSM674219,train,non_smoker
GSE27272,9,4,GSM674220,train,non_smoker
GSE27272,9,4,GSM674221,train,non_smoker
GSE27272,9,4,GSM674222,train,smoker
GSE27272,9,4,GSM674223,train,non_smoker
GSE27272,9,4,GSM674224,train,smoker
GSE27272,9,4,GSM674225,train,non_smoker
GSE27272,9,4,GSM674226,train,non_smoker
GSE27272,9,4,GSM674228,train,smoker
GSE27272,9,4,GSM674229,train,non_smoker
GSE27272,9,4,GSM674230,train,non_smoker
GSE27272,9,4,GSM674231,train,non_smoker
GSE27272,9,4,GSM674232,train,non_smoker
GSE27272,9,4,GSM674233,train,smoker
GSE27272,9,4,GSM674235,train,non_smoker
GSE27272,9,4,GSM674236,train,non_smoker
GSE27272,9,4,GSM674237,train,non_smoker
GSE27272,9,4,GSM674238,train,smoker
GSE27272,9,4,GSM674239,train,non_smoker
GSE27272,9,4,GSM674240,train,non_smoker
GSE27272,9,4,GSM674241,train,smoker
GSE27272,9,4,GSM674242,train,non_smoker
GSE27272,9,4,GSM674243,train,non_smoker
GSE27272,9,4,GSM674244,train,non_smoker
GSE27272,9,4,GSM674245,train,non_smoker
GSE27272,9,4,GSM674283,train,smoker
GSE27272,9,4,GSM674284,train,non_smoker
GSE27272,9,4,GSM674285,train,non_smoker
GSE27272,9,4,GSM674286,train,smoker
GSE27272,9,4,GSM674287,train,non_smoker
GSE27272,9,4,GSM674288,train,non_smoker
GSE27272,9,4,GSM674290,train,non_smoker
GSE27272,9,4,GSM674291,train,non_smoker
GSE27272,9,4,GSM674292,train,non_smoker
GSE27272,9,4,GSM674294,train,smoker
GSE27272,9,4,GSM674295,train,non_smoker
GSE27272,9,4,GSM674296,train,smoker
GSE27272,9,4,GSM674297,train,non_smoker
GSE27272,9,4,GSM674298,train,non_smoker
GSE27272,9,4,GSM674299,train,non_smoker
GSE27272,9,4,GSM674300,train,non_smoker
GSE27272,9,4,GSM674301,train,non_smoker
GSE27272,9,4,GSM674302,train,non_smoker
GSE27272,9,4,GSM674303,train,smoker
GSE27272,9,4,GSM674304,train,non_smoker
GSE27272,9,4,GSM674305,train,non_smoker
GSE27272,9,4,GSM674306,train,non_smoker
GSE27272,9,4,GSM674307,train,smoker
GSE27272,9,4,GSM674308,train,non_smoker
GSE27272,9,4,GSM674309,train,non_smoker
GSE27272,9,4,GSM674310,train,smoker
GSE27272,9,4,GSM674311,train,smoker
GSE27272,9,4,GSM674312,train,smoker
GSE27272,9,4,GSM674313,train,non_smoker
GSE27272,9,4,GSM674314,train,non_smoker
GSE27272,9,4,GSM674315,train,non_smoker
GSE27272,9,4,GSM674316,train,non_smoker
GSE27272,9,4,GSM674317,train,smoker
GSE27272,9,4,GSM674318,train,non_smoker
GSE27272,9,4,GSM674319,train,smoker
GSE27272,9,4,GSM674320,train,non_smoker
GSE27272,9,4,GSM674321,train,smoker
GSE27272,9,4,GSM674323,train,non_smoker
GSE27272,9,4,GSM674324,train,non_smoker
GSE27272,9,4,GSM674325,train,non_smoker
GSE27272,9,4,GSM674326,train,smoker
GSE27272,9,4,GSM674327,train,non_smoker
GSE27272,9,4,GSM674328,train,non_smoker
GSE27272,9,4,GSM674329,train,smoker
GSE27272,9,4,GSM674330,train,non_smoker
GSE27272,9,4,GSM674332,train,non_smoker
GSE27272,9,4,GSM674333,train,smoker
GSE27272,9,4,GSM674334,train,non_smoker
GSE27272,9,4,GSM674335,train,non_smoker
GSE27272,9,4,GSM674344,train,non_smoker
GSE27272,9,4,GSM674346,train,non_smoker
GSE27272,9,4,GSM674348,train,non_smoker
GSE27272,9,4,GSM674349,train,non_smoker
GSE27272,9,4,GSM674350,train,non_smoker
GSE27272,9,4,GSM674351,train,smoker
GSE27272,9,4,GSM674352,train,smoker
GSE27272,9,4,GSM674353,train,non_smoker
GSE27272,9,4,GSM674354,train,non_smoker
GSE27272,9,4,GSM674355,train,non_smoker
GSE27272,9,4,GSM674356,train,non_smoker
GSE27272,9,4,GSM674357,train,non_smoker
GSE27272,9,4,GSM674358,train,non_smoker
GSE27272,9,4,GSM674359,train,smoker
GSE27272,9,4,GSM674360,train,smoker
GSE27272,9,4,GSM674361,train,non_smoker
GSE27272,9,4,GSM674362,train,smoker
GSE27272,9,4,GSM674363,train,non_smoker
GSE27272,9,4,GSM674364,train,non_smoker
GSE27272,9,4,GSM674365,train,non_smoker
GSE27272,9,4,GSM674366,train,non_smoker
GSE27272,9,4,GSM674367,train,non_smoker
GSE27272,9,4,GSM674368,train,non_smoker
GSE27272,9,4,GSM674369,train,smoker
GSE27272,9,4,GSM674370,train,non_smoker
GSE27272,9,4,GSM674371,train,non_smoker
GSE27272,9,4,GSM674372,train,smoker
GSE27272,9,4,GSM674373,train,non_smoker
GSE27272,9,4,GSM674374,train,smoker
GSE27272,9,4,GSM674375,train,non_smoker
GSE27272,9,4,GSM674376,train,smoker
GSE27272,9,4,GSM674377,train,smoker
GSE27272,9,4,GSM674379,train,non_smoker
GSE27272,9,4,GSM674380,train,non_smoker
GSE27272,9,4,GSM674381,train,non_smoker
GSE27272,9,4,GSM674382,train,non_smoker
GSE27272,9,4,GSM674383,train,smoker
GSE27272,9,4,GSM674384,train,non_smoker
GSE27272,9,4,GSM674385,train,non_smoker
GSE27272,9,4,GSM674386,train,smoker
GSE27272,9,4,GSM674387,train,smoker
GSE27272,9,4,GSM674388,train,non_smoker
GSE27272,9,4,GSM674389,train,non_smoker
GSE27272,9,4,GSM674390,train,non_smoker
GSE27272,9,4,GSM674391,train,non_smoker
GSE27272,9,4,GSM674392,train,smoker
GSE27272,9,4,GSM674393,train,non_smoker
GSE27272,9,4,GSM674395,train,non_smoker
GSE27272,9,4,GSM674396,train,smoker
GSE27272,9,4,GSM674398,train,non_smoker
GSE27272,9,4,GSM674399,train,smoker
GSE27272,9,4,GSM674400,train,non_smoker
GSE27272,9,4,GSM674401,train,non_smoker
GSE27272,9,4,GSM674402,train,non_smoker
GSE27272,9,4,GSM674403,train,non_smoker
GSE27272,9,4,GSM674405,train,non_smoker
GSE27272,9,4,GSM674406,train,non_smoker
GSE27272,9,4,GSM674407,train,non_smoker
GSE27272,9,4,GSM674181,test,non_smoker
GSE27272,9,4,GSM674183,test,non_smoker
GSE27272,9,4,GSM674193,test,non_smoker
GSE27272,9,4,GSM674195,test,non_smoker
GSE27272,9,4,GSM674202,test,non_smoker
GSE27272,9,4,GSM674205,test,non_smoker
GSE27272,9,4,GSM674227,test,smoker
GSE27272,9,4,GSM674234,test,non_smoker
GSE27272,9,4,GSM674282,test,non_smoker
GSE27272,9,4,GSM674289,test,non_smoker
GSE27272,9,4,GSM674293,test,smoker
GSE27272,9,4,GSM674322,test,smoker
GSE27272,9,4,GSM674331,test,non_smoker
GSE27272,9,4,GSM674345,test,smoker
GSE27272,9,4,GSM674347,test,non_smoker
GSE27272,9,4,GSM674378,test,smoker
GSE27272,9,4,GSM674394,test,non_smoker
GSE27272,9,4,GSM674397,test,non_smoker
GSE27272,9,4,GSM674404,test,smoker
GSE27272,9,5,GSM674181,train,non_smoker
GSE27272,9,5,GSM674182,train,smoker
GSE27272,9,5,GSM674183,train,non_smoker
GSE27272,9,5,GSM674184,train,non_smoker
GSE27272,9,5,GSM674185,train,non_smoker
GSE27272,9,5,GSM674186,train,non_smoker
GSE27272,9,5,GSM674188,train,smoker
GSE27272,9,5,GSM674189,train,smoker
GSE27272,9,5,GSM674190,train,non_smoker
GSE27272,9,5,GSM674191,train,non_smoker
GSE27272,9,5,GSM674192,train,non_smoker
GSE27272,9,5,GSM674193,train,non_smoker
GSE27272,9,5,GSM674194,train,non_smoker
GSE27272,9,5,GSM674195,train,non_smoker
GSE27272,9,5,GSM674196,train,smoker
GSE27272,9,5,GSM674198,train,non_smoker
GSE27272,9,5,GSM674199,train,smoker
GSE27272,9,5,GSM674200,train,non_smoker
GSE27272,9,5,GSM674201,train,non_smoker
GSE27272,9,5,GSM674202,train,non_smoker
GSE27272,9,5,GSM674203,train,non_smoker
GSE27272,9,5,GSM674204,train,non_smoker
GSE27272,9,5,GSM674205,train,non_smoker
GSE27272,9,5,GSM674206,train,non_smoker
GSE27272,9,5,GSM674207,train,smoker
GSE27272,9,5,GSM674208,train,non_smoker
GSE27272,9,5,GSM674210,train,non_smoker
GSE27272,9,5,GSM674211,train,smoker
GSE27272,9,5,GSM674212,train,non_smoker
GSE27272,9,5,GSM674213,train,smoker
GSE27272,9,5,GSM674214,train,non_smoker
GSE27272,9,5,GSM674215,train,smoker
GSE27272,9,5,GSM674216,train,smoker
GSE27272,9,5,GSM674217,train,smoker
GSE27272,9,5,GSM674218,train,non_smoker
GSE27272,9,5,GSM674219,train,non_smoker
GSE27272,9,5,GSM674220,train,non_smoker
GSE27272,9,5,GSM674221,train,non_smoker
GSE27272,9,5,GSM674222,train,smoker
GSE27272,9,5,GSM674224,train,smoker
GSE27272,9,5,GSM674225,train,non_smoker
GSE27272,9,5,GSM674227,train,smoker
GSE27272,9,5,GSM674228,train,smoker
GSE27272,9,5,GSM674229,train,non_smoker
GSE27272,9,5,GSM674230,train,non_smoker
GSE27272,9,5,GSM674232,train,non_smoker
GSE27272,9,5,GSM674233,train,smoker
GSE27272,9,5,GSM674234,train,non_smoker
GSE27272,9,5,GSM674235,train,non_smoker
GSE27272,9,5,GSM674237,train,non_smoker
GSE27272,9,5,GSM674238,train,smoker
GSE27272,9,5,GSM674239,train,non_smoker
GSE27272,9,5,GSM674240,train,non_smoker
GSE27272,9,5,GSM674241,train,smoker
GSE27272,9,5,GSM674242,train,non_smoker
GSE27272,9,5,GSM674243,train,non_smoker
GSE27272,9,5,GSM674244,train,non_smoker
GSE27272,9,5,GSM674245,train,non_smoker
GSE27272,9,5,GSM674282,train,non_smoker
GSE27272,9,5,GSM674283,train,smoker
GSE27272,9,5,GSM674284,train,non_smoker
GSE27272,9,5,GSM674285,train,non_smoker
GSE27272,9,5,GSM674286,train,smoker
GSE27272,9,5,GSM674287,train,non_smoker
GSE27272,9,5,GSM674288,train,non_smoker
GSE27272,9,5,GSM674289,train,non_smoker
GSE27272,9,5,GSM674290,train,non_smoker
GSE27272,9,5,GSM674291,train,non_smoker
GSE27272,9,5,GSM674293,train,smoker
GSE27272,9,5,GSM674294,train,smoker
GSE27272,9,5,GSM674295,train,non_smoker
GSE27272,9,5,GSM674296,train,smoker
GSE27272,9,5,GSM674297,train,non_smoker
GSE27272,9,5,GSM674298,train,non_smoker
GSE27272,9,5,GSM674299,train,non_smoker
GSE27272,9,5,GSM674300,train,non_smoker
GSE27272,9,5,GSM674301,train,non_smoker
GSE27272,9,5,GSM674302,train,non_smoker
GSE27272,9,5,GSM674303,train,smoker
GSE27272,9,5,GSM674305,train,non_smoker
GSE27272,9,5,GSM674306,train,non_smoker
GSE27272,9,5,GSM674307,train,smoker
GSE27272,9,5,GSM674308,train,non_smoker
GSE27272,9,5,GSM674309,train,non_smoker
GSE27272,9,5,GSM674310,train,smoker
GSE27272,9,5,GSM674311,train,smoker
GSE27272,9,5,GSM674312,train,smoker
GSE27272,9,5,GSM674313,train,non_smoker
GSE27272,9,5,GSM674314,train,non_smoker
GSE27272,9,5,GSM674316,train,non_smoker
GSE27272,9,5,GSM674318,train,non_smoker
GSE27272,9,5,GSM674319,train,smoker
GSE27272,9,5,GSM674320,train,non_smoker
GSE27272,9,5,GSM674321,train,smoker
GSE27272,9,5,GSM674322,train,smoker
GSE27272,9,5,GSM674323,train,non_smoker
GSE27272,9,5,GSM674324,train,non_smoker
GSE27272,9,5,GSM674325,train,non_smoker
GSE27272,9,5,GSM674326,train,smoker
GSE27272,9,5,GSM674327,train,non_smoker
GSE27272,9,5,GSM674328,train,non_smoker
GSE27272,9,5,GSM674329,train,smoker
GSE27272,9,5,GSM674330,train,non_smoker
GSE27272,9,5,GSM674331,train,non_smoker
GSE27272,9,5,GSM674332,train,non_smoker
GSE27272,9,5,GSM674333,train,smoker
GSE27272,9,5,GSM674334,train,non_smoker
GSE27272,9,5,GSM674335,train,non_smoker
GSE27272,9,5,GSM674345,train,smoker
GSE27272,9,5,GSM674346,train,non_smoker
GSE27272,9,5,GSM674347,train,non_smoker
GSE27272,9,5,GSM674348,train,non_smoker
GSE27272,9,5,GSM674350,train,non_smoker
GSE27272,9,5,GSM674351,train,smoker
GSE27272,9,5,GSM674352,train,smoker
GSE27272,9,5,GSM674353,train,non_smoker
GSE27272,9,5,GSM674354,train,non_smoker
GSE27272,9,5,GSM674355,train,non_smoker
GSE27272,9,5,GSM674356,train,non_smoker
GSE27272,9,5,GSM674357,train,non_smoker
GSE27272,9,5,GSM674358,train,non_smoker
GSE27272,9,5,GSM674360,train,smoker
GSE27272,9,5,GSM674361,train,non_smoker
GSE27272,9,5,GSM674362,train,smoker
GSE27272,9,5,GSM674363,train,non_smoker
GSE27272,9,5,GSM674364,train,non_smoker
GSE27272,9,5,GSM674365,train,non_smoker
GSE27272,9,5,GSM674366,train,non_smoker
GSE27272,9,5,GSM674367,train,non_smoker
GSE27272,9,5,GSM674368,train,non_smoker
GSE27272,9,5,GSM674369,train,smoker
GSE27272,9,5,GSM674370,train,non_smoker
GSE27272,9,5,GSM674371,train,non_smoker
GSE27272,9,5,GSM674373,train,non_smoker
GSE27272,9,5,GSM674374,train,smoker
GSE27272,9,5,GSM674375,train,non_smoker
GSE27272,9,5,GSM674376,train,smoker
GSE27272,9,5,GSM674378,train,smoker
GSE27272,9,5,GSM674379,train,non_smoker
GSE27272,9,5,GSM674380,train,non_smoker
GSE27272,9,5,GSM674381,train,non_smoker
GSE27272,9,5,GSM674382,train,non_smoker
GSE27272,9,5,GSM674383,train,smoker
GSE27272,9,5,GSM674384,train,non_smoker
GSE27272,9,5,GSM674385,train,non_smoker
GSE27272,9,5,GSM674386,train,smoker
GSE27272,9,5,GSM674387,train,smoker
GSE27272,9,5,GSM674388,train,non_smoker
GSE27272,9,5,GSM674389,train,non_smoker
GSE27272,9,5,GSM674390,train,non_smoker
GSE27272,9,5,GSM674391,train,non_smoker
GSE27272,9,5,GSM674392,train,smoker
GSE27272,9,5,GSM674394,train,non_smoker
GSE27272,9,5,GSM674395,train,non_smoker
GSE27272,9,5,GSM674396,train,smoker
GSE27272,9,5,GSM674397,train,non_smoker
GSE27272,9,5,GSM674398,train,non_smoker
GSE27272,9,5,GSM674400,train,non_smoker
GSE27272,9,5,GSM674401,train,non_smoker
GSE27272,9,5,GSM674402,train,non_smoker
GSE27272,9,5,GSM674403,train,non_smoker
GSE27272,9,5,GSM674404,train,smoker
GSE27272,9,5,GSM674405,train,non_smoker
GSE27272,9,5,GSM674406,train,non_smoker
GSE27272,9,5,GSM674187,test,non_smoker
GSE27272,9,5,GSM674197,test,smoker
GSE27272,9,5,GSM674209,test,non_smoker
GSE27272,9,5,GSM674223,test,non_smoker
GSE27272,9,5,GSM674226,test,non_smoker
GSE27272,9,5,GSM674231,test,non_smoker
GSE27272,9,5,GSM674236,test,non_smoker
GSE27272,9,5,GSM674292,test,non_smoker
GSE27272,9,5,GSM674304,test,non_smoker
GSE27272,9,5,GSM674315,test,non_smoker
GSE27272,9,5,GSM674317,test,smoker
GSE27272,9,5,GSM674344,test,non_smoker
GSE27272,9,5,GSM674349,test,non_smoker
GSE27272,9,5,GSM674359,test,smoker
GSE27272,9,5,GSM674372,test,smoker
GSE27272,9,5,GSM674377,test,smoker
GSE27272,9,5,GSM674393,test,non_smoker
GSE27272,9,5,GSM674399,test,smoker
GSE27272,9,5,GSM674407,test,non_smoker
GSE27272,9,6,GSM674181,train,non_smoker
GSE27272,9,6,GSM674182,train,smoker
GSE27272,9,6,GSM674183,train,non_smoker
GSE27272,9,6,GSM674185,train,non_smoker
GSE27272,9,6,GSM674186,train,non_smoker
GSE27272,9,6,GSM674187,train,non_smoker
GSE27272,9,6,GSM674189,train,smoker
GSE27272,9,6,GSM674190,train,non_smoker
GSE27272,9,6,GSM674191,train,non_smoker
GSE27272,9,6,GSM674192,train,non_smoker
GSE27272,9,6,GSM674193,train,non_smoker
GSE27272,9,6,GSM674194,train,non_smoker
GSE27272,9,6,GSM674195,train,non_smoker
GSE27272,9,6,GSM674196,train,smoker
GSE27272,9,6,GSM674197,train,smoker
GSE27272,9,6,GSM674198,train,non_smoker
GSE27272,9,6,GSM674199,train,smoker
GSE27272,9,6,GSM674200,train,non_smoker
GSE27272,9,6,GSM674201,train,non_smoker
GSE27272,9,6,GSM674202,train,non_smoker
GSE27272,9,6,GSM674203,train,non_smoker
GSE27272,9,6,GSM674204,train,non_smoker
GSE27272,9,6,GSM674205,train,non_smoker
GSE27272,9,6,GSM674206,train,non_smoker
GSE27272,9,6,GSM674207,train,smoker
GSE27272,9,6,GSM674208,train,non_smoker
GSE27272,9,6,GSM674209,train,non_smoker
GSE27272,9,6,GSM674210,train,non_smoker
GSE27272,9,6,GSM674212,train,non_smoker
GSE27272,9,6,GSM674213,train,smoker
GSE27272,9,6,GSM674214,train,non_smoker
GSE27272,9,6,GSM674215,train,smoker
GSE27272,9,6,GSM674216,train,smoker
GSE27272,9,6,GSM674217,train,smoker
GSE27272,9,6,GSM674218,train,non_smoker
GSE27272,9,6,GSM674219,train,non_smoker
GSE27272,9,6,GSM674220,train,non_smoker
GSE27272,9,6,GSM674221,train,non_smoker
GSE27272,9,6,GSM674222,train,smoker
GSE27272,9,6,GSM674223,train,non_smoker
GSE27272,9,6,GSM674224,train,smoker
GSE27272,9,6,GSM674225,train,non_smoker
GSE27272,9,6,GSM674226,train,non_smoker
GSE27272,9,6,GSM674227,train,smoker
GSE27272,9,6,GSM674228,train,smoker
GSE27272,9,6,GSM674229,train,non_smoker
GSE27272,9,6,GSM674230,train,non_smoker
GSE27272,9,6,GSM674231,train,non_smoker
GSE27272,9,6,GSM674232,train,non_smoker
GSE27272,9,6,GSM674233,train,smoker
GSE27272,9,6,GSM674234,train,non_smoker
GSE27272,9,6,GSM674235,train,non_smoker
GSE27272,9,6,GSM674236,train,non_smoker
GSE27272,9,6,GSM674239,train,non_smoker
GSE27272,9,6,GSM674240,train,non_smoker
GSE27272,9,6,GSM674241,train,smoker
GSE27272,9,6,GSM674242,train,non_smoker
GSE27272,9,6,GSM674243,train,non_smoker
GSE27272,9,6,GSM674244,train,non_smoker
GSE27272,9,6,GSM674245,train,non_smoker
GSE27272,9,6,GSM674282,train,non_smoker
GSE27272,9,6,GSM674283,train,smoker
GSE27272,9,6,GSM674284,train,non_smoker
GSE27272,9,6,GSM674285,train,non_smoker
GSE27272,9,6,GSM674286,train,smoker
GSE27272,9,6,GSM674287,train,non_smoker
GSE27272,9,6,GSM674289,train,non_smoker
GSE27272,9,6,GSM674290,train,non_smoker
GSE27272,9,6,GSM674291,train,non_smoker
GSE27272,9,6,GSM674292,train,non_smoker
GSE27272,9,6,GSM674293,train,smoker
GSE27272,9,6,GSM674294,train,smoker
GSE27272,9,6,GSM674295,train,non_smoker
GSE27272,9,6,GSM674296,train,smoker
GSE27272,9,6,GSM674297,train,non_smoker
GSE27272,9,6,GSM674300,train,non_smoker
GSE27272,9,6,GSM674301,train,non_smoker
GSE27272,9,6,GSM674302,train,non_smoker
GSE27272,9,6,GSM674303,train,smoker
GSE27272,9,6,GSM674304,train,non_smoker
GSE27272,9,6,GSM674305,train,non_smoker
GSE27272,9,6,GSM674306,train,non_smoker
GSE27272,9,6,GSM674309,train,non_smoker
GSE27272,9,6,GSM674310,train,smoker
GSE27272,9,6,GSM674311,train,smoker
GSE27272,9,6,GSM674312,train,smoker
GSE27272,9,6,GSM674313,train,non_smoker
GSE27272,9,6,GSM674314,train,non_smoker
GSE27272,9,6,GSM674315,train,non_smoker
GSE27272,9,6,GSM674316,train,non_smoker
GSE27272,9,6,GSM674317,train,smoker
GSE27272,9,6,GSM674319,train,smoker
GSE27272,9,6,GSM674320,train,non_smoker
GSE27272,9,6,GSM674322,train,smoker
GSE27272,9,6,GSM674323,train,non_smoker
GSE27272,9,6,GSM674324,train,non_smoker
GSE27272,9,6,GSM674326,train,smoker
GSE27272,9,6,GSM674327,train,non_smoker
GSE27272,9,6,GSM674328,train,non_smoker
GSE27272,9,6,GSM674329,train,smoker
GSE27272,9,6,GSM674330,train,non_smoker
GSE27272,9,6,GSM674331,train,non_smoker
GSE27272,9,6,GSM674332,train,non_smoker
GSE27272,9,6,GSM674333,train,smoker
GSE27272,9,6,GSM674334,train,non_smoker
GSE27272,9,6,GSM674335,train,non_smoker
GSE27272,9,6,GSM674344,train,non_smoker
GSE27272,9,6,GSM674345,train,smoker
GSE27272,9,6,GSM674346,train,non_smoker
GSE27272,9,6,GSM674347,train,non_smoker
GSE27272,9,6,GSM674348,train,non_smoker
GSE27272,9,6,GSM674349,train,non_smoker
GSE27272,9,6,GSM674350,train,non_smoker
GSE27272,9,6,GSM674351,train,smoker
GSE27272,9,6,GSM674352,train,smoker
GSE27272,9,6,GSM674353,train,non_smoker
GSE27272,9,6,GSM674354,train,non_smoker
GSE27272,9,6,GSM674355,train,non_smoker
GSE27272,9,6,GSM674356,train,non_smoker
GSE27272,9,6,GSM674357,train,non_smoker
GSE27272,9,6,GSM674358,train,non_smoker
GSE27272,9,6,GSM674359,train,smoker
GSE27272,9,6,GSM674360,train,smoker
GSE27272,9,6,GSM674361,train,non_smoker
GSE27272,9,6,GSM674362,train,smoker
GSE27272,9,6,GSM674363,train,non_smoker
GSE27272,9,6,GSM674364,train,non_smoker
GSE27272,9,6,GSM674365,train,non_smoker
GSE27272,9,6,GSM674367,train,non_smoker
GSE27272,9,6,GSM674368,train,non_smoker
GSE27272,9,6,GSM674369,train,smoker
GSE27272,9,6,GSM674370,train,non_smoker
GSE27272,9,6,GSM674371,train,non_smoker
GSE27272,9,6,GSM674372,train,smoker
GSE27272,9,6,GSM674373,train,non_smoker
GSE27272,9,6,GSM674374,train,smoker
GSE27272,9,6,GSM674375,train,non_smoker
GSE27272,9,6,GSM674376,train,smoker
GSE27272,9,6,GSM674377,train,smoker
GSE27272,9,6,GSM674378,train,smoker
GSE27272,9,6,GSM674379,train,non_smoker
GSE27272,9,6,GSM674380,train,non_smoker
GSE27272,9,6,GSM674382,train,non_smoker
GSE27272,9,6,GSM674383,train,smoker
GSE27272,9,6,GSM674385,train,non_smoker
GSE27272,9,6,GSM674386,train,smoker
GSE27272,9,6,GSM674387,train,smoker
GSE27272,9,6,GSM674389,train,non_smoker
GSE27272,9,6,GSM674390,train,non_smoker
GSE27272,9,6,GSM674391,train,non_smoker
GSE27272,9,6,GSM674392,train,smoker
GSE27272,9,6,GSM674393,train,non_smoker
GSE27272,9,6,GSM674394,train,non_smoker
GSE27272,9,6,GSM674395,train,non_smoker
GSE27272,9,6,GSM674396,train,smoker
GSE27272,9,6,GSM674397,train,non_smoker
GSE27272,9,6,GSM674398,train,non_smoker
GSE27272,9,6,GSM674399,train,smoker
GSE27272,9,6,GSM674400,train,non_smoker
GSE27272,9,6,GSM674402,train,non_smoker
GSE27272,9,6,GSM674403,train,non_smoker
GSE27272,9,6,GSM674404,train,smoker
GSE27272,9,6,GSM674405,train,non_smoker
GSE27272,9,6,GSM674406,train,non_smoker
GSE27272,9,6,GSM674407,train,non_smoker
GSE27272,9,6,GSM674184,test,non_smoker
GSE27272,9,6,GSM674188,test,smoker
GSE27272,9,6,GSM674211,test,smoker
GSE27272,9,6,GSM674237,test,non_smoker
GSE27272,9,6,GSM674238,test,smoker
GSE27272,9,6,GSM674288,test,non_smoker
GSE27272,9,6,GSM674298,test,non_smoker
GSE27272,9,6,GSM674299,test,non_smoker
GSE27272,9,6,GSM674307,test,smoker
GSE27272,9,6,GSM674308,test,non_smoker
GSE27272,9,6,GSM674318,test,non_smoker
GSE27272,9,6,GSM674321,test,smoker
GSE27272,9,6,GSM674325,test,non_smoker
GSE27272,9,6,GSM674366,test,non_smoker
GSE27272,9,6,GSM674381,test,non_smoker
GSE27272,9,6,GSM674384,test,non_smoker
GSE27272,9,6,GSM674388,test,non_smoker
GSE27272,9,6,GSM674401,test,non_smoker
GSE27272,9,7,GSM674181,train,non_smoker
GSE27272,9,7,GSM674182,train,smoker
GSE27272,9,7,GSM674183,train,non_smoker
GSE27272,9,7,GSM674184,train,non_smoker
GSE27272,9,7,GSM674185,train,non_smoker
GSE27272,9,7,GSM674186,train,non_smoker
GSE27272,9,7,GSM674187,train,non_smoker
GSE27272,9,7,GSM674188,train,smoker
GSE27272,9,7,GSM674189,train,smoker
GSE27272,9,7,GSM674190,train,non_smoker
GSE27272,9,7,GSM674191,train,non_smoker
GSE27272,9,7,GSM674192,train,non_smoker
GSE27272,9,7,GSM674193,train,non_smoker
GSE27272,9,7,GSM674194,train,non_smoker
GSE27272,9,7,GSM674195,train,non_smoker
GSE27272,9,7,GSM674196,train,smoker
GSE27272,9,7,GSM674197,train,smoker
GSE27272,9,7,GSM674198,train,non_smoker
GSE27272,9,7,GSM674199,train,smoker
GSE27272,9,7,GSM674200,train,non_smoker
GSE27272,9,7,GSM674201,train,non_smoker
GSE27272,9,7,GSM674202,train,non_smoker
GSE27272,9,7,GSM674203,train,non_smoker
GSE27272,9,7,GSM674204,train,non_smoker
GSE27272,9,7,GSM674205,train,non_smoker
GSE27272,9,7,GSM674206,train,non_smoker
GSE27272,9,7,GSM674207,train,smoker
GSE27272,9,7,GSM674208,train,non_smoker
GSE27272,9,7,GSM674209,train,non_smoker
GSE27272,9,7,GSM674210,train,non_smoker
GSE27272,9,7,GSM674211,train,smoker
GSE27272,9,7,GSM674212,train,non_smoker
GSE27272,9,7,GSM674213,train,smoker
GSE27272,9,7,GSM674215,train,smoker
GSE27272,9,7,GSM674216,train,smoker
GSE27272,9,7,GSM674217,train,smoker
GSE27272,9,7,GSM674218,train,non_smoker
GSE27272,9,7,GSM674219,train,non_smoker
GSE27272,9,7,GSM674220,train,non_smoker
GSE27272,9,7,GSM674221,train,non_smoker
GSE27272,9,7,GSM674222,train,smoker
GSE27272,9,7,GSM674223,train,non_smoker
GSE27272,9,7,GSM674224,train,smoker
GSE27272,9,7,GSM674225,train,non_smoker
GSE27272,9,7,GSM674226,train,non_smoker
GSE27272,9,7,GSM674227,train,smoker
GSE27272,9,7,GSM674228,train,smoker
GSE27272,9,7,GSM674229,train,non_smoker
GSE27272,9,7,GSM674230,train,non_smoker
GSE27272,9,7,GSM674231,train,non_smoker
GSE27272,9,7,GSM674234,train,non_smoker
GSE27272,9,7,GSM674235,train,non_smoker
GSE27272,9,7,GSM674236,train,non_smoker
GSE27272,9,7,GSM674237,train,non_smoker
GSE27272,9,7,GSM674238,train,smoker
GSE27272,9,7,GSM674239,train,non_smoker
GSE27272,9,7,GSM674241,train,smoker
GSE27272,9,7,GSM674242,train,non_smoker
GSE27272,9,7,GSM674243,train,non_smoker
GSE27272,9,7,GSM674282,train,non_smoker
GSE27272,9,7,GSM674284,train,non_smoker
GSE27272,9,7,GSM674285,train,non_smoker
GSE27272,9,7,GSM674286,train,smoker
GSE27272,9,7,GSM674287,train,non_smoker
GSE27272,9,7,GSM674288,train,non_smoker
GSE27272,9,7,GSM674289,train,non_smoker
GSE27272,9,7,GSM674291,train,non_smoker
GSE27272,9,7,GSM674292,train,non_smoker
GSE27272,9,7,GSM674293,train,smoker
GSE27272,9,7,GSM674294,train,smoker
GSE27272,9,7,GSM674295,train,non_smoker
GSE27272,9,7,GSM674296,train,smoker
GSE27272,9,7,GSM674297,train,non_smoker
GSE27272,9,7,GSM674298,train,non_smoker
GSE27272,9,7,GSM674299,train,non_smoker
GSE27272,9,7,GSM674301,train,non_smoker
GSE27272,9,7,GSM674302,train,non_smoker
GSE27272,9,7,GSM674303,train,smoker
GSE27272,9,7,GSM674304,train,non_smoker
GSE27272,9,7,GSM674305,train,non_smoker
GSE27272,9,7,GSM674306,train,non_smoker
GSE27272,9,7,GSM674307,train,smoker
GSE27272,9,7,GSM674308,train,non_smoker
GSE27272,9,7,GSM674309,train,non_smoker
GSE27272,9,7,GSM674310,train,smoker
GSE27272,9,7,GSM674311,train,smoker
GSE27272,9,7,GSM674312,train,smoker
GSE27272,9,7,GSM674313,train,non_smoker
GSE27272,9,7,GSM674314,train,non_smoker
GSE27272,9,7,GSM674315,train,non_smoker
GSE27272,9,7,GSM674316,train,non_smoker
GSE27272,9,7,GSM674317,train,smoker
GSE27272,9,7,GSM674318,train,non_smoker
GSE27272,9,7,GSM674319,train,smoker
GSE27272,9,7,GSM674321,train,smoker
GSE27272,9,7,GSM674322,train,smoker
GSE27272,9,7,GSM674323,train,non_smoker
GSE27272,9,7,GSM674324,train,non_smoker
GSE27272,9,7,GSM674325,train,non_smoker
GSE27272,9,7,GSM674326,train,smoker
GSE27272,9,7,GSM674328,train,non_smoker
GSE27272,9,7,GSM674329,train,smoker
GSE27272,9,7,GSM674330,train,non_smoker
GSE27272,9,7,GSM674331,train,non_smoker
GSE27272,9,7,GSM674333,train,smoker
GSE27272,9,7,GSM674334,train,non_smoker
GSE27272,9,7,GSM674335,train,non_smoker
GSE27272,9,7,GSM674344,train,non_smoker
GSE27272,9,7,GSM674345,train,smoker
GSE27272,9,7,GSM674346,train,non_smoker
GSE27272,9,7,GSM674347,train,non_smoker
GSE27272,9,7,GSM674348,train,non_smoker
GSE27272,9,7,GSM674349,train,non_smoker
GSE27272,9,7,GSM674350,train,non_smoker
GSE27272,9,7,GSM674352,train,smoker
GSE27272,9,7,GSM674353,train,non_smoker
GSE27272,9,7,GSM674355,train,non_smoker
GSE27272,9,7,GSM674357,train,non_smoker
GSE27272,9,7,GSM674358,train,non_smoker
GSE27272,9,7,GSM674359,train,smoker
GSE27272,9,7,GSM674360,train,smoker
GSE27272,9,7,GSM674361,train,non_smoker
GSE27272,9,7,GSM674363,train,non_smoker
GSE27272,9,7,GSM674364,train,non_smoker
GSE27272,9,7,GSM674365,train,non_smoker
GSE27272,9,7,GSM674366,train,non_smoker
GSE27272,9,7,GSM674367,train,non_smoker
GSE27272,9,7,GSM674368,train,non_smoker
GSE27272,9,7,GSM674369,train,smoker
GSE27272,9,7,GSM674370,train,non_smoker
GSE27272,9,7,GSM674371,train,non_smoker
GSE27272,9,7,GSM674372,train,smoker
GSE27272,9,7,GSM674373,train,non_smoker
GSE27272,9,7,GSM674374,train,smoker
GSE27272,9,7,GSM674375,train,non_smoker
GSE27272,9,7,GSM674376,train,smoker
GSE27272,9,7,GSM674377,train,smoker
GSE27272,9,7,GSM674378,train,smoker
GSE27272,9,7,GSM674379,train,non_smoker
GSE27272,9,7,GSM674380,train,non_smoker
GSE27272,9,7,GSM674381,train,non_smoker
GSE27272,9,7,GSM674382,train,non_smoker
GSE27272,9,7,GSM674383,train,smoker
GSE27272,9,7,GSM674384,train,non_smoker
GSE27272,9,7,GSM674386,train,smoker
GSE27272,9,7,GSM674387,train,smoker
GSE27272,9,7,GSM674388,train,non_smoker
GSE27272,9,7,GSM674389,train,non_smoker
GSE27272,9,7,GSM674390,train,non_smoker
GSE27272,9,7,GSM674391,train,non_smoker
GSE27272,9,7,GSM674393,train,non_smoker
GSE27272,9,7,GSM674394,train,non_smoker
GSE27272,9,7,GSM674395,train,non_smoker
GSE27272,9,7,GSM674396,train,smoker
GSE27272,9,7,GSM674397,train,non_smoker
GSE27272,9,7,GSM674398,train,non_smoker
GSE27272,9,7,GSM674399,train,smoker
GSE27272,9,7,GSM674400,train,non_smoker
GSE27272,9,7,GSM674401,train,non_smoker
GSE27272,9,7,GSM674402,train,non_smoker
GSE27272,9,7,GSM674403,train,non_smoker
GSE27272,9,7,GSM674404,train,smoker
GSE27272,9,7,GSM674405,train,non_smoker
GSE27272,9,7,GSM674406,train,non_smoker
GSE27272,9,7,GSM674407,train,non_smoker
GSE27272,9,7,GSM674214,test,non_smoker
GSE27272,9,7,GSM674232,test,non_smoker
GSE27272,9,7,GSM674233,test,smoker
GSE27272,9,7,GSM674240,test,non_smoker
GSE27272,9,7,GSM674244,test,non_smoker
GSE27272,9,7,GSM674245,test,non_smoker
GSE27272,9,7,GSM674283,test,smoker
GSE27272,9,7,GSM674290,test,non_smoker
GSE27272,9,7,GSM674300,test,non_smoker
GSE27272,9,7,GSM674320,test,non_smoker
GSE27272,9,7,GSM674327,test,non_smoker
GSE27272,9,7,GSM674332,test,non_smoker
GSE27272,9,7,GSM674351,test,smoker
GSE27272,9,7,GSM674354,test,non_smoker
GSE27272,9,7,GSM674356,test,non_smoker
GSE27272,9,7,GSM674362,test,smoker
GSE27272,9,7,GSM674385,test,non_smoker
GSE27272,9,7,GSM674392,test,smoker
GSE27272,9,8,GSM674181,train,non_smoker
GSE27272,9,8,GSM674183,train,non_smoker
GSE27272,9,8,GSM674184,train,non_smoker
GSE27272,9,8,GSM674185,train,non_smoker
GSE27272,9,8,GSM674186,train,non_smoker
GSE27272,9,8,GSM674187,train,non_smoker
GSE27272,9,8,GSM674188,train,smoker
GSE27272,9,8,GSM674189,train,smoker
GSE27272,9,8,GSM674190,train,non_smoker
GSE27272,9,8,GSM674191,train,non_smoker
GSE27272,9,8,GSM674192,train,non_smoker
GSE27272,9,8,GSM674193,train,non_smoker
GSE27272,9,8,GSM674194,train,non_smoker
GSE27272,9,8,GSM674195,train,non_smoker
GSE27272,9,8,GSM674196,train,smoker
GSE27272,9,8,GSM674197,train,smoker
GSE27272,9,8,GSM674200,train,non_smoker
GSE27272,9,8,GSM674201,train,non_smoker
GSE27272,9,8,GSM674202,train,non_smoker
GSE27272,9,8,GSM674204,train,non_smoker
GSE27272,9,8,GSM674205,train,non_smoker
GSE27272,9,8,GSM674206,train,non_smoker
GSE27272,9,8,GSM674207,train,smoker
GSE27272,9,8,GSM674208,train,non_smoker
GSE27272,9,8,GSM674209,train,non_smoker
GSE27272,9,8,GSM674211,train,smoker
GSE27272,9,8,GSM674212,train,non_smoker
GSE27272,9,8,GSM674213,train,smoker
GSE27272,9,8,GSM674214,train,non_smoker
GSE27272,9,8,GSM674215,train,smoker
GSE27272,9,8,GSM674217,train,smoker
GSE27272,9,8,GSM674219,train,non_smoker
GSE27272,9,8,GSM674220,train,non_smoker
GSE27272,9,8,GSM674221,train,non_smoker
GSE27272,9,8,GSM674222,train,smoker
GSE27272,9,8,GSM674223,train,non_smoker
GSE27272,9,8,GSM674224,train,smoker
GSE27272,9,8,GSM674225,train,non_smoker
GSE27272,9,8,GSM674226,train,non_smoker
GSE27272,9,8,GSM674227,train,smoker
GSE27272,9,8,GSM674228,train,smoker
GSE27272,9,8,GSM674229,train,non_smoker
GSE27272,9,8,GSM674230,train,non_smoker
GSE27272,9,8,GSM674231,train,non_smoker
GSE27272,9,8,GSM674232,train,non_smoker
GSE27272,9,8,GSM674233,train,smoker
GSE27272,9,8,GSM674234,train,non_smoker
GSE27272,9,8,GSM674235,train,non_smoker
GSE27272,9,8,GSM674236,train,non_smoker
GSE27272,9,8,GSM674237,train,non_smoker
GSE27272,9,8,GSM674238,train,smoker
GSE27272,9,8,GSM674239,train,non_smoker
GSE27272,9,8,GSM674240,train,non_smoker
GSE27272,9,8,GSM674241,train,smoker
GSE27272,9,8,GSM674242,train,non_smoker
GSE27272,9,8,GSM674244,train,non_smoker
GSE27272,9,8,GSM674245,train,non_smoker
GSE27272,9,8,GSM674282,train,non_smoker
GSE27272,9,8,GSM674283,train,smoker
GSE27272,9,8,GSM674286,train,smoker
GSE27272,9,8,GSM674287,train,non_smoker
GSE27272,9,8,GSM674288,train,non_smoker
GSE27272,9,8,GSM674289,train,non_smoker
GSE27272,9,8,GSM674290,train,non_smoker
GSE27272,9,8,GSM674292,train,non_smoker
GSE27272,9,8,GSM674293,train,smoker
GSE27272,9,8,GSM674294,train,smoker
GSE27272,9,8,GSM674295,train,non_smoker
GSE27272,9,8,GSM674296,train,smoker
GSE27272,9,8,GSM674297,train,non_smoker
GSE27272,9,8,GSM674298,train,non_smoker
GSE27272,9,8,GSM674299,train,non_smoker
GSE27272,9,8,GSM674300,train,non_smoker
GSE27272,9,8,GSM674301,train,non_smoker
GSE27272,9,8,GSM674302,train,non_smoker
GSE27272,9,8,GSM674303,train,smoker
GSE27272,9,8,GSM674304,train,non_smoker
GSE27272,9,8,GSM674305,train,non_smoker
GSE27272,9,8,GSM674306,train,non_smoker
GSE27272,9,8,GSM674307,train,smoker
GSE27272,9,8,GSM674308,train,non_smoker
GSE27272,9,8,GSM674309,train,non_smoker
GSE27272,9,8,GSM674310,train,smoker
GSE27272,9,8,GSM674311,train,smoker
GSE27272,9,8,GSM674312,train,smoker
GSE27272,9,8,GSM674313,train,non_smoker
GSE27272,9,8,GSM674314,train,non_smoker
GSE27272,9,8,GSM674315,train,non_smoker
GSE27272,9,8,GSM674317,train,smoker
GSE27272,9,8,GSM674318,train,non_smoker
GSE27272,9,8,GSM674319,train,smoker
GSE27272,9,8,GSM674320,train,non_smoker
GSE27272,9,8,GSM674321,train,smoker
GSE27272,9,8,GSM674322,train,smoker
GSE27272,9,8,GSM674323,train,non_smoker
GSE27272,9,8,GSM674325,train,non_smoker
GSE27272,9,8,GSM674327,train,non_smoker
GSE27272,9,8,GSM674328,train,non_smoker
GSE27272,9,8,GSM674329,train,smoker
GSE27272,9,8,GSM674330,train,non_smoker
GSE27272,9,8,GSM674331,train,non_smoker
GSE27272,9,8,GSM674332,train,non_smoker
GSE27272,9,8,GSM674333,train,smoker
GSE27272,9,8,GSM674335,train,non_smoker
GSE27272,9,8,GSM674344,train,non_smoker
GSE27272,9,8,GSM674345,train,smoker
GSE27272,9,8,GSM674346,train,non_smoker
GSE27272,9,8,GSM674347,train,non_smoker
GSE27272,9,8,GSM674348,train,non_smoker
GSE27272,9,8,GSM674349,train,non_smoker
GSE27272,9,8,GSM674350,train,non_smoker
GSE27272,9,8,GSM674351,train,smoker
GSE27272,9,8,GSM674352,train,smoker
GSE27272,9,8,GSM674353,train,non_smoker
GSE27272,9,8,GSM674354,train,non_smoker
GSE27272,9,8,GSM674355,train,non_smoker
GSE27272,9,8,GSM674356,train,non_smoker
GSE27272,9,8,GSM674357,train,non_smoker
GSE27272,9,8,GSM674358,train,non_smoker
GSE27272,9,8,GSM674359,train,smoker
GSE27272,9,8,GSM674360,train,smoker
GSE27272,9,8,GSM674361,train,non_smoker
GSE27272,9,8,GSM674362,train,smoker
GSE27272,9,8,GSM674363,train,non_smoker
GSE27272,9,8,GSM674364,train,non_smoker
GSE27272,9,8,GSM674365,train,non_smoker
GSE27272,9,8,GSM674366,train,non_smoker
GSE27272,9,8,GSM674367,train,non_smoker
GSE27272,9,8,GSM674368,train,non_smoker
GSE27272,9,8,GSM674369,train,smoker
GSE27272,9,8,GSM674370,train,non_smoker
GSE27272,9,8,GSM674371,train,non_smoker
GSE27272,9,8,GSM674372,train,smoker
GSE27272,9,8,GSM674373,train,non_smoker
GSE27272,9,8,GSM674374,train,smoker
GSE27272,9,8,GSM674375,train,non_smoker
GSE27272,9,8,GSM674376,train,smoker
GSE27272,9,8,GSM674377,train,smoker
GSE27272,9,8,GSM674378,train,smoker
GSE27272,9,8,GSM674379,train,non_smoker
GSE27272,9,8,GSM674380,train,non_smoker
GSE27272,9,8,GSM674381,train,non_smoker
GSE27272,9,8,GSM674382,train,non_smoker
GSE27272,9,8,GSM674384,train,non_smoker
GSE27272,9,8,GSM674385,train,non_smoker
GSE27272,9,8,GSM674386,train,smoker
GSE27272,9,8,GSM674387,train,smoker
GSE27272,9,8,GSM674388,train,non_smoker
GSE27272,9,8,GSM674389,train,non_smoker
GSE27272,9,8,GSM674391,train,non_smoker
GSE27272,9,8,GSM674392,train,smoker
GSE27272,9,8,GSM674393,train,non_smoker
GSE27272,9,8,GSM674394,train,non_smoker
GSE27272,9,8,GSM674395,train,non_smoker
GSE27272,9,8,GSM674396,train,smoker
GSE27272,9,8,GSM674397,train,non_smoker
GSE27272,9,8,GSM674398,train,non_smoker
GSE27272,9,8,GSM674399,train,smoker
GSE27272,9,8,GSM674400,train,non_smoker
GSE27272,9,8,GSM674401,train,non_smoker
GSE27272,9,8,GSM674402,train,non_smoker
GSE27272,9,8,GSM674404,train,smoker
GSE27272,9,8,GSM674405,train,non_smoker
GSE27272,9,8,GSM674406,train,non_smoker
GSE27272,9,8,GSM674407,train,non_smoker
GSE27272,9,8,GSM674182,test,smoker
GSE27272,9,8,GSM674198,test,non_smoker
GSE27272,9,8,GSM674199,test,smoker
GSE27272,9,8,GSM674203,test,non_smoker
GSE27272,9,8,GSM674210,test,non_smoker
GSE27272,9,8,GSM674216,test,smoker
GSE27272,9,8,GSM674218,test,non_smoker
GSE27272,9,8,GSM674243,test,non_smoker
GSE27272,9,8,GSM674284,test,non_smoker
GSE27272,9,8,GSM674285,test,non_smoker
GSE27272,9,8,GSM674291,test,non_smoker
GSE27272,9,8,GSM674316,test,non_smoker
GSE27272,9,8,GSM674324,test,non_smoker
GSE27272,9,8,GSM674326,test,smoker
GSE27272,9,8,GSM674334,test,non_smoker
GSE27272,9,8,GSM674383,test,smoker
GSE27272,9,8,GSM674390,test,non_smoker
GSE27272,9,8,GSM674403,test,non_smoker
GSE27272,9,9,GSM674181,train,non_smoker
GSE27272,9,9,GSM674182,train,smoker
GSE27272,9,9,GSM674183,train,non_smoker
GSE27272,9,9,GSM674184,train,non_smoker
GSE27272,9,9,GSM674185,train,non_smoker
GSE27272,9,9,GSM674186,train,non_smoker
GSE27272,9,9,GSM674187,train,non_smoker
GSE27272,9,9,GSM674188,train,smoker
GSE27272,9,9,GSM674189,train,smoker
GSE27272,9,9,GSM674191,train,non_smoker
GSE27272,9,9,GSM674192,train,non_smoker
GSE27272,9,9,GSM674193,train,non_smoker
GSE27272,9,9,GSM674194,train,non_smoker
GSE27272,9,9,GSM674195,train,non_smoker
GSE27272,9,9,GSM674196,train,smoker
GSE27272,9,9,GSM674197,train,smoker
GSE27272,9,9,GSM674198,train,non_smoker
GSE27272,9,9,GSM674199,train,smoker
GSE27272,9,9,GSM674202,train,non_smoker
GSE27272,9,9,GSM674203,train,non_smoker
GSE27272,9,9,GSM674204,train,non_smoker
GSE27272,9,9,GSM674205,train,non_smoker
GSE27272,9,9,GSM674207,train,smoker
GSE27272,9,9,GSM674208,train,non_smoker
GSE27272,9,9,GSM674209,train,non_smoker
GSE27272,9,9,GSM674210,train,non_smoker
GSE27272,9,9,GSM674211,train,smoker
GSE27272,9,9,GSM674212,train,non_smoker
GSE27272,9,9,GSM674213,train,smoker
GSE27272,9,9,GSM674214,train,non_smoker
GSE27272,9,9,GSM674215,train,smoker
GSE27272,9,9,GSM674216,train,smoker
GSE27272,9,9,GSM674217,train,smoker
GSE27272,9,9,GSM674218,train,non_smoker
GSE27272,9,9,GSM674219,train,non_smoker
GSE27272,9,9,GSM674220,train,non_smoker
GSE27272,9,9,GSM674221,train,non_smoker
GSE27272,9,9,GSM674222,train,smoker
GSE27272,9,9,GSM674223,train,non_smoker
GSE27272,9,9,GSM674224,train,smoker
GSE27272,9,9,GSM674225,train,non_smoker
GSE27272,9,9,GSM674226,train,non_smoker
GSE27272,9,9,GSM674227,train,smoker
GSE27272,9,9,GSM674229,train,non_smoker
GSE27272,9,9,GSM674231,train,non_smoker
GSE27272,9,9,GSM674232,train,non_smoker
GSE27272,9,9,GSM674233,train,smoker
GSE27272,9,9,GSM674234,train,non_smoker
GSE27272,9,9,GSM674236,train,non_smoker
GSE27272,9,9,GSM674237,train,non_smoker
GSE27272,9,9,GSM674238,train,smoker
GSE27272,9,9,GSM674239,train,non_smoker
GSE27272,9,9,GSM674240,train,non_smoker
GSE27272,9,9,GSM674241,train,smoker
GSE27272,9,9,GSM674242,train,non_smoker
GSE27272,9,9,GSM674243,train,non_smoker
GSE27272,9,9,GSM674244,train,non_smoker
GSE27272,9,9,GSM674245,train,non_smoker
GSE27272,9,9,GSM674282,train,non_smoker
GSE27272,9,9,GSM674283,train,smoker
GSE27272,9,9,GSM674284,train,non_smoker
GSE27272,9,9,GSM674285,train,non_smoker
GSE27272,9,9,GSM674286,train,smoker
GSE27272,9,9,GSM674287,train,non_smoker
GSE27272,9,9,GSM674288,train,non_smoker
GSE27272,9,9,GSM674289,train,non_smoker
GSE27272,9,9,GSM674290,train,non_smoker
GSE27272,9,9,GSM674291,train,non_smoker
GSE27272,9,9,GSM674292,train,non_smoker
GSE27272,9,9,GSM674293,train,smoker
GSE27272,9,9,GSM674294,train,smoker
GSE27272,9,9,GSM674295,train,non_smoker
GSE27272,9,9,GSM674296,train,smoker
GSE27272,9,9,GSM674297,train,non_smoker
GSE27272,9,9,GSM674298,train,non_smoker
GSE27272,9,9,GSM674299,train,non_smoker
GSE27272,9,9,GSM674300,train,non_smoker
GSE27272,9,9,GSM674301,train,non_smoker
GSE27272,9,9,GSM674302,train,non_smoker
GSE27272,9,9,GSM674304,train,non_smoker
GSE27272,9,9,GSM674305,train,non_smoker
GSE27272,9,9,GSM674306,train,non_smoker
GSE27272,9,9,GSM674307,train,smoker
GSE27272,9,9,GSM674308,train,non_smoker
GSE27272,9,9,GSM674309,train,non_smoker
GSE27272,9,9,GSM674310,train,smoker
GSE27272,9,9,GSM674311,train,smoker
GSE27272,9,9,GSM674312,train,smoker
GSE27272,9,9,GSM674313,train,non_smoker
GSE27272,9,9,GSM674314,train,non_smoker
GSE27272,9,9,GSM674315,train,non_smoker
GSE27272,9,9,GSM674316,train,non_smoker
GSE27272,9,9,GSM674317,train,smoker
GSE27272,9,9,GSM674318,train,non_smoker
GSE27272,9,9,GSM674319,train,smoker
GSE27272,9,9,GSM674320,train,non_smoker
GSE27272,9,9,GSM674321,train,smoker
GSE27272,9,9,GSM674322,train,smoker
GSE27272,9,9,GSM674324,train,non_smoker
GSE27272,9,9,GSM674325,train,non_smoker
GSE27272,9,9,GSM674326,train,smoker
GSE27272,9,9,GSM674327,train,non_smoker
GSE27272,9,9,GSM674329,train,smoker
GSE27272,9,9,GSM674331,train,non_smoker
GSE27272,9,9,GSM674332,train,non_smoker
GSE27272,9,9,GSM674333,train,smoker
GSE27272,9,9,GSM674334,train,non_smoker
GSE27272,9,9,GSM674335,train,non_smoker
GSE27272,9,9,GSM674344,train,non_smoker
GSE27272,9,9,GSM674345,train,smoker
GSE27272,9,9,GSM674346,train,non_smoker
GSE27272,9,9,GSM674347,train,non_smoker
GSE27272,9,9,GSM674349,train,non_smoker
GSE27272,9,9,GSM674350,train,non_smoker
GSE27272,9,9,GSM674351,train,smoker
GSE27272,9,9,GSM674352,train,smoker
GSE27272,9,9,GSM674353,train,non_smoker
GSE27272,9,9,GSM674354,train,non_smoker
GSE27272,9,9,GSM674355,train,non_smoker
GSE27272,9,9,GSM674356,train,non_smoker
GSE27272,9,9,GSM674357,train,non_smoker
GSE27272,9,9,GSM674358,train,non_smoker
GSE27272,9,9,GSM674359,train,smoker
GSE27272,9,9,GSM674360,train,smoker
GSE27272,9,9,GSM674361,train,non_smoker
GSE27272,9,9,GSM674362,train,smoker
GSE27272,9,9,GSM674363,train,non_smoker
GSE27272,9,9,GSM674364,train,non_smoker
GSE27272,9,9,GSM674365,train,non_smoker
GSE27272,9,9,GSM674366,train,non_smoker
GSE27272,9,9,GSM674367,train,non_smoker
GSE27272,9,9,GSM674368,train,non_smoker
GSE27272,9,9,GSM674369,train,smoker
GSE27272,9,9,GSM674370,train,non_smoker
GSE27272,9,9,GSM674371,train,non_smoker
GSE27272,9,9,GSM674372,train,smoker
GSE27272,9,9,GSM674373,train,non_smoker
GSE27272,9,9,GSM674374,train,smoker
GSE27272,9,9,GSM674375,train,non_smoker
GSE27272,9,9,GSM674377,train,smoker
GSE27272,9,9,GSM674378,train,smoker
GSE27272,9,9,GSM674379,train,non_smoker
GSE27272,9,9,GSM674380,train,non_smoker
GSE27272,9,9,GSM674381,train,non_smoker
GSE27272,9,9,GSM674382,train,non_smoker
GSE27272,9,9,GSM674383,train,smoker
GSE27272,9,9,GSM674384,train,non_smoker
GSE27272,9,9,GSM674385,train,non_smoker
GSE27272,9,9,GSM674387,train,smoker
GSE27272,9,9,GSM674388,train,non_smoker
GSE27272,9,9,GSM674389,train,non_smoker
GSE27272,9,9,GSM674390,train,non_smoker
GSE27272,9,9,GSM674391,train,non_smoker
GSE27272,9,9,GSM674392,train,smoker
GSE27272,9,9,GSM674393,train,non_smoker
GSE27272,9,9,GSM674394,train,non_smoker
GSE27272,9,9,GSM674397,train,non_smoker
GSE27272,9,9,GSM674398,train,non_smoker
GSE27272,9,9,GSM674399,train,smoker
GSE27272,9,9,GSM674400,train,non_smoker
GSE27272,9,9,GSM674401,train,non_smoker
GSE27272,9,9,GSM674402,train,non_smoker
GSE27272,9,9,GSM674403,train,non_smoker
GSE27272,9,9,GSM674404,train,smoker
GSE27272,9,9,GSM674405,train,non_smoker
GSE27272,9,9,GSM674407,train,non_smoker
GSE27272,9,9,GSM674190,test,non_smoker
GSE27272,9,9,GSM674200,test,non_smoker
GSE27272,9,9,GSM674201,test,non_smoker
GSE27272,9,9,GSM674206,test,non_smoker
GSE27272,9,9,GSM674228,test,smoker
GSE27272,9,9,GSM674230,test,non_smoker
GSE27272,9,9,GSM674235,test,non_smoker
GSE27272,9,9,GSM674303,test,smoker
GSE27272,9,9,GSM674323,test,non_smoker
GSE27272,9,9,GSM674328,test,non_smoker
GSE27272,9,9,GSM674330,test,non_smoker
GSE27272,9,9,GSM674348,test,non_smoker
GSE27272,9,9,GSM674376,test,smoker
GSE27272,9,9,GSM674386,test,smoker
GSE27272,9,9,GSM674395,test,non_smoker
GSE27272,9,9,GSM674396,test,smoker
GSE27272,9,9,GSM674406,test,non_smoker
GSE27272,9,10,GSM674181,train,non_smoker
GSE27272,9,10,GSM674182,train,smoker
GSE27272,9,10,GSM674183,train,non_smoker
GSE27272,9,10,GSM674184,train,non_smoker
GSE27272,9,10,GSM674185,train,non_smoker
GSE27272,9,10,GSM674186,train,non_smoker
GSE27272,9,10,GSM674187,train,non_smoker
GSE27272,9,10,GSM674188,train,smoker
GSE27272,9,10,GSM674189,train,smoker
GSE27272,9,10,GSM674190,train,non_smoker
GSE27272,9,10,GSM674191,train,non_smoker
GSE27272,9,10,GSM674192,train,non_smoker
GSE27272,9,10,GSM674193,train,non_smoker
GSE27272,9,10,GSM674194,train,non_smoker
GSE27272,9,10,GSM674195,train,non_smoker
GSE27272,9,10,GSM674196,train,smoker
GSE27272,9,10,GSM674197,train,smoker
GSE27272,9,10,GSM674198,train,non_smoker
GSE27272,9,10,GSM674199,train,smoker
GSE27272,9,10,GSM674200,train,non_smoker
GSE27272,9,10,GSM674201,train,non_smoker
GSE27272,9,10,GSM674202,train,non_smoker
GSE27272,9,10,GSM674203,train,non_smoker
GSE27272,9,10,GSM674204,train,non_smoker
GSE27272,9,10,GSM674205,train,non_smoker
GSE27272,9,10,GSM674206,train,non_smoker
GSE27272,9,10,GSM674207,train,smoker
GSE27272,9,10,GSM674208,train,non_smoker
GSE27272,9,10,GSM674209,train,non_smoker
GSE27272,9,10,GSM674210,train,non_smoker
GSE27272,9,10,GSM674211,train,smoker
GSE27272,9,10,GSM674213,train,smoker
GSE27272,9,10,GSM674214,train,non_smoker
GSE27272,9,10,GSM674215,train,smoker
GSE27272,9,10,GSM674216,train,smoker
GSE27272,9,10,GSM674217,train,smoker
GSE27272,9,10,GSM674218,train,non_smoker
GSE27272,9,10,GSM674220,train,non_smoker
GSE27272,9,10,GSM674223,train,non_smoker
GSE27272,9,10,GSM674225,train,non_smoker
GSE27272,9,10,GSM674226,train,non_smoker
GSE27272,9,10,GSM674227,train,smoker
GSE27272,9,10,GSM674228,train,smoker
GSE27272,9,10,GSM674229,train,non_smoker
GSE27272,9,10,GSM674230,train,non_smoker
GSE27272,9,10,GSM674231,train,non_smoker
GSE27272,9,10,GSM674232,train,non_smoker
GSE27272,9,10,GSM674233,train,smoker
GSE27272,9,10,GSM674234,train,non_smoker
GSE27272,9,10,GSM674235,train,non_smoker
GSE27272,9,10,GSM674236,train,non_smoker
GSE27272,9,10,GSM674237,train,non_smoker
GSE27272,9,10,GSM674238,train,smoker
GSE27272,9,10,GSM674240,train,non_smoker
GSE27272,9,10,GSM674242,train,non_smoker
GSE27272,9,10,GSM674243,train,non_smoker
GSE27272,9,10,GSM674244,train,non_smoker
GSE27272,9,10,GSM674245,train,non_smoker
GSE27272,9,10,GSM674282,train,non_smoker
GSE27272,9,10,GSM674283,train,smoker
GSE27272,9,10,GSM674284,train,non_smoker
GSE27272,9,10,GSM674285,train,non_smoker
GSE27272,9,10,GSM674286,train,smoker
GSE27272,9,10,GSM674287,train,non_smoker
GSE27272,9,10,GSM674288,train,non_smoker
GSE27272,9,10,GSM674289,train,non_smoker
GSE27272,9,10,GSM674290,train,non_smoker
GSE27272,9,10,GSM674291,train,non_smoker
GSE27272,9,10,GSM674292,train,non_smoker
GSE27272,9,10,GSM674293,train,smoker
GSE27272,9,10,GSM674295,train,non_smoker
GSE27272,9,10,GSM674296,train,smoker
GSE27272,9,10,GSM674297,train,non_smoker
GSE27272,9,10,GSM674298,train,non_smoker
GSE27272,9,10,GSM674299,train,non_smoker
GSE27272,9,10,GSM674300,train,non_smoker
GSE27272,9,10,GSM674301,train,non_smoker
GSE27272,9,10,GSM674302,train,non_smoker
GSE27272,9,10,GSM674303,train,smoker
GSE27272,9,10,GSM674304,train,non_smoker
GSE27272,9,10,GSM674306,train,non_smoker
GSE27272,9,10,GSM674307,train,smoker
GSE27272,9,10,GSM674308,train,non_smoker
GSE27272,9,10,GSM674309,train,non_smoker
GSE27272,9,10,GSM674310,train,smoker
GSE27272,9,10,GSM674311,train,smoker
GSE27272,9,10,GSM674312,train,smoker
GSE27272,9,10,GSM674313,train,non_smoker
GSE27272,9,10,GSM674314,train,non_smoker
GSE27272,9,10,GSM674315,train,non_smoker
GSE27272,9,10,GSM674316,train,non_smoker
GSE27272,9,10,GSM674317,train,smoker
GSE27272,9,10,GSM674318,train,non_smoker
GSE27272,9,10,GSM674320,train,non_smoker
GSE27272,9,10,GSM674321,train,smoker
GSE27272,9,10,GSM674322,train,smoker
GSE27272,9,10,GSM674323,train,non_smoker
GSE27272,9,10,GSM674324,train,non_smoker
GSE27272,9,10,GSM674325,train,non_smoker
GSE27272,9,10,GSM674326,train,smoker
GSE27272,9,10,GSM674327,train,non_smoker
GSE27272,9,10,GSM674328,train,non_smoker
GSE27272,9,10,GSM674329,train,smoker
GSE27272,9,10,GSM674330,train,non_smoker
GSE27272,9,10,GSM674331,train,non_smoker
GSE27272,9,10,GSM674332,train,non_smoker
GSE27272,9,10,GSM674333,train,smoker
GSE27272,9,10,GSM674334,train,non_smoker
GSE27272,9,10,GSM674335,train,non_smoker
GSE27272,9,10,GSM674344,train,non_smoker
GSE27272,9,10,GSM674345,train,smoker
GSE27272,9,10,GSM674346,train,non_smoker
GSE27272,9,10,GSM674347,train,non_smoker
GSE27272,9,10,GSM674348,train,non_smoker
GSE27272,9,10,GSM674349,train,non_smoker
GSE27272,9,10,GSM674350,train,non_smoker
GSE27272,9,10,GSM674351,train,smoker
GSE27272,9,10,GSM674352,train,smoker
GSE27272,9,10,GSM674354,train,non_smoker
GSE27272,9,10,GSM674356,train,non_smoker
GSE27272,9,10,GSM674357,train,non_smoker
GSE27272,9,10,GSM674358,train,non_smoker
GSE27272,9,10,GSM674359,train,smoker
GSE27272,9,10,GSM674360,train,smoker
GSE27272,9,10,GSM674361,train,non_smoker
GSE27272,9,10,GSM674362,train,smoker
GSE27272,9,10,GSM674363,train,non_smoker
GSE27272,9,10,GSM674364,train,non_smoker
GSE27272,9,10,GSM674366,train,non_smoker
GSE27272,9,10,GSM674368,train,non_smoker
GSE27272,9,10,GSM674369,train,smoker
GSE27272,9,10,GSM674371,train,non_smoker
GSE27272,9,10,GSM674372,train,smoker
GSE27272,9,10,GSM674373,train,non_smoker
GSE27272,9,10,GSM674374,train,smoker
GSE27272,9,10,GSM674376,train,smoker
GSE27272,9,10,GSM674377,train,smoker
GSE27272,9,10,GSM674378,train,smoker
GSE27272,9,10,GSM674379,train,non_smoker
GSE27272,9,10,GSM674380,train,non_smoker
GSE27272,9,10,GSM674381,train,non_smoker
GSE27272,9,10,GSM674383,train,smoker
GSE27272,9,10,GSM674384,train,non_smoker
GSE27272,9,10,GSM674385,train,non_smoker
GSE27272,9,10,GSM674386,train,smoker
GSE27272,9,10,GSM674387,train,smoker
GSE27272,9,10,GSM674388,train,non_smoker
GSE27272,9,10,GSM674389,train,non_smoker
GSE27272,9,10,GSM674390,train,non_smoker
GSE27272,9,10,GSM674391,train,non_smoker
GSE27272,9,10,GSM674392,train,smoker
GSE27272,9,10,GSM674393,train,non_smoker
GSE27272,9,10,GSM674394,train,non_smoker
GSE27272,9,10,GSM674395,train,non_smoker
GSE27272,9,10,GSM674396,train,smoker
GSE27272,9,10,GSM674397,train,non_smoker
GSE27272,9,10,GSM674398,train,non_smoker
GSE27272,9,10,GSM674399,train,smoker
GSE27272,9,10,GSM674400,train,non_smoker
GSE27272,9,10,GSM674401,train,non_smoker
GSE27272,9,10,GSM674402,train,non_smoker
GSE27272,9,10,GSM674403,train,non_smoker
GSE27272,9,10,GSM674404,train,smoker
GSE27272,9,10,GSM674405,train,non_smoker
GSE27272,9,10,GSM674406,train,non_smoker
GSE27272,9,10,GSM674407,train,non_smoker
GSE27272,9,10,GSM674212,test,non_smoker
GSE27272,9,10,GSM674219,test,non_smoker
GSE27272,9,10,GSM674221,test,non_smoker
GSE27272,9,10,GSM674222,test,smoker
GSE27272,9,10,GSM674224,test,smoker
GSE27272,9,10,GSM674239,test,non_smoker
GSE27272,9,10,GSM674241,test,smoker
GSE27272,9,10,GSM674294,test,smoker
GSE27272,9,10,GSM674305,test,non_smoker
GSE27272,9,10,GSM674319,test,smoker
GSE27272,9,10,GSM674353,test,non_smoker
GSE27272,9,10,GSM674355,test,non_smoker
GSE27272,9,10,GSM674365,test,non_smoker
GSE27272,9,10,GSM674367,test,non_smoker
GSE27272,9,10,GSM674370,test,non_smoker
GSE27272,9,10,GSM674375,test,non_smoker
GSE27272,9,10,GSM674382,test,non_smoker
GSE27272,10,1,GSM674181,train,non_smoker
GSE27272,10,1,GSM674182,train,smoker
GSE27272,10,1,GSM674183,train,non_smoker
GSE27272,10,1,GSM674184,train,non_smoker
GSE27272,10,1,GSM674185,train,non_smoker
GSE27272,10,1,GSM674186,train,non_smoker
GSE27272,10,1,GSM674187,train,non_smoker
GSE27272,10,1,GSM674188,train,smoker
GSE27272,10,1,GSM674189,train,smoker
GSE27272,10,1,GSM674190,train,non_smoker
GSE27272,10,1,GSM674191,train,non_smoker
GSE27272,10,1,GSM674192,train,non_smoker
GSE27272,10,1,GSM674193,train,non_smoker
GSE27272,10,1,GSM674194,train,non_smoker
GSE27272,10,1,GSM674195,train,non_smoker
GSE27272,10,1,GSM674196,train,smoker
GSE27272,10,1,GSM674197,train,smoker
GSE27272,10,1,GSM674199,train,smoker
GSE27272,10,1,GSM674200,train,non_smoker
GSE27272,10,1,GSM674201,train,non_smoker
GSE27272,10,1,GSM674202,train,non_smoker
GSE27272,10,1,GSM674203,train,non_smoker
GSE27272,10,1,GSM674204,train,non_smoker
GSE27272,10,1,GSM674205,train,non_smoker
GSE27272,10,1,GSM674206,train,non_smoker
GSE27272,10,1,GSM674207,train,smoker
GSE27272,10,1,GSM674208,train,non_smoker
GSE27272,10,1,GSM674209,train,non_smoker
GSE27272,10,1,GSM674210,train,non_smoker
GSE27272,10,1,GSM674211,train,smoker
GSE27272,10,1,GSM674212,train,non_smoker
GSE27272,10,1,GSM674213,train,smoker
GSE27272,10,1,GSM674214,train,non_smoker
GSE27272,10,1,GSM674215,train,smoker
GSE27272,10,1,GSM674216,train,smoker
GSE27272,10,1,GSM674217,train,smoker
GSE27272,10,1,GSM674218,train,non_smoker
GSE27272,10,1,GSM674219,train,non_smoker
GSE27272,10,1,GSM674220,train,non_smoker
GSE27272,10,1,GSM674221,train,non_smoker
GSE27272,10,1,GSM674222,train,smoker
GSE27272,10,1,GSM674223,train,non_smoker
GSE27272,10,1,GSM674224,train,smoker
GSE27272,10,1,GSM674225,train,non_smoker
GSE27272,10,1,GSM674229,train,non_smoker
GSE27272,10,1,GSM674230,train,non_smoker
GSE27272,10,1,GSM674231,train,non_smoker
GSE27272,10,1,GSM674232,train,non_smoker
GSE27272,10,1,GSM674233,train,smoker
GSE27272,10,1,GSM674234,train,non_smoker
GSE27272,10,1,GSM674235,train,non_smoker
GSE27272,10,1,GSM674237,train,non_smoker
GSE27272,10,1,GSM674238,train,smoker
GSE27272,10,1,GSM674239,train,non_smoker
GSE27272,10,1,GSM674240,train,non_smoker
GSE27272,10,1,GSM674241,train,smoker
GSE27272,10,1,GSM674242,train,non_smoker
GSE27272,10,1,GSM674243,train,non_smoker
GSE27272,10,1,GSM674244,train,non_smoker
GSE27272,10,1,GSM674245,train,non_smoker
GSE27272,10,1,GSM674282,train,non_smoker
GSE27272,10,1,GSM674283,train,smoker
GSE27272,10,1,GSM674284,train,non_smoker
GSE27272,10,1,GSM674285,train,non_smoker
GSE27272,10,1,GSM674286,train,smoker
GSE27272,10,1,GSM674287,train,non_smoker
GSE27272,10,1,GSM674288,train,non_smoker
GSE27272,10,1,GSM674291,train,non_smoker
GSE27272,10,1,GSM674292,train,non_smoker
GSE27272,10,1,GSM674293,train,smoker
GSE27272,10,1,GSM674294,train,smoker
GSE27272,10,1,GSM674295,train,non_smoker
GSE27272,10,1,GSM674296,train,smoker
GSE27272,10,1,GSM674297,train,non_smoker
GSE27272,10,1,GSM674299,train,non_smoker
GSE27272,10,1,GSM674300,train,non_smoker
GSE27272,10,1,GSM674301,train,non_smoker
GSE27272,10,1,GSM674303,train,smoker
GSE27272,10,1,GSM674304,train,non_smoker
GSE27272,10,1,GSM674305,train,non_smoker
GSE27272,10,1,GSM674306,train,non_smoker
GSE27272,10,1,GSM674308,train,non_smoker
GSE27272,10,1,GSM674309,train,non_smoker
GSE27272,10,1,GSM674310,train,smoker
GSE27272,10,1,GSM674311,train,smoker
GSE27272,10,1,GSM674313,train,non_smoker
GSE27272,10,1,GSM674314,train,non_smoker
GSE27272,10,1,GSM674315,train,non_smoker
GSE27272,10,1,GSM674316,train,non_smoker
GSE27272,10,1,GSM674317,train,smoker
GSE27272,10,1,GSM674318,train,non_smoker
GSE27272,10,1,GSM674319,train,smoker
GSE27272,10,1,GSM674320,train,non_smoker
GSE27272,10,1,GSM674321,train,smoker
GSE27272,10,1,GSM674322,train,smoker
GSE27272,10,1,GSM674323,train,non_smoker
GSE27272,10,1,GSM674324,train,non_smoker
GSE27272,10,1,GSM674325,train,non_smoker
GSE27272,10,1,GSM674326,train,smoker
GSE27272,10,1,GSM674328,train,non_smoker
GSE27272,10,1,GSM674329,train,smoker
GSE27272,10,1,GSM674330,train,non_smoker
GSE27272,10,1,GSM674331,train,non_smoker
GSE27272,10,1,GSM674332,train,non_smoker
GSE27272,10,1,GSM674333,train,smoker
GSE27272,10,1,GSM674334,train,non_smoker
GSE27272,10,1,GSM674335,train,non_smoker
GSE27272,10,1,GSM674344,train,non_smoker
GSE27272,10,1,GSM674345,train,smoker
GSE27272,10,1,GSM674346,train,non_smoker
GSE27272,10,1,GSM674347,train,non_smoker
GSE27272,10,1,GSM674348,train,non_smoker
GSE27272,10,1,GSM674349,train,non_smoker
GSE27272,10,1,GSM674350,train,non_smoker
GSE27272,10,1,GSM674351,train,smoker
GSE27272,10,1,GSM674352,train,smoker
GSE27272,10,1,GSM674353,train,non_smoker
GSE27272,10,1,GSM674354,train,non_smoker
GSE27272,10,1,GSM674355,train,non_smoker
GSE27272,10,1,GSM674356,train,non_smoker
GSE27272,10,1,GSM674357,train,non_smoker
GSE27272,10,1,GSM674358,train,non_smoker
GSE27272,10,1,GSM674359,train,smoker
GSE27272,10,1,GSM674360,train,smoker
GSE27272,10,1,GSM674361,train,non_smoker
GSE27272,10,1,GSM674362,train,smoker
GSE27272,10,1,GSM674363,train,non_smoker
GSE27272,10,1,GSM674365,train,non_smoker
GSE27272,10,1,GSM674366,train,non_smoker
GSE27272,10,1,GSM674367,train,non_smoker
GSE27272,10,1,GSM674369,train,smoker
GSE27272,10,1,GSM674370,train,non_smoker
GSE27272,10,1,GSM674371,train,non_smoker
GSE27272,10,1,GSM674372,train,smoker
GSE27272,10,1,GSM674373,train,non_smoker
GSE27272,10,1,GSM674375,train,non_smoker
GSE27272,10,1,GSM674376,train,smoker
GSE27272,10,1,GSM674377,train,smoker
GSE27272,10,1,GSM674378,train,smoker
GSE27272,10,1,GSM674380,train,non_smoker
GSE27272,10,1,GSM674381,train,non_smoker
GSE27272,10,1,GSM674382,train,non_smoker
GSE27272,10,1,GSM674383,train,smoker
GSE27272,10,1,GSM674384,train,non_smoker
GSE27272,10,1,GSM674385,train,non_smoker
GSE27272,10,1,GSM674386,train,smoker
GSE27272,10,1,GSM674387,train,smoker
GSE27272,10,1,GSM674388,train,non_smoker
GSE27272,10,1,GSM674389,train,non_smoker
GSE27272,10,1,GSM674390,train,non_smoker
GSE27272,10,1,GSM674391,train,non_smoker
GSE27272,10,1,GSM674392,train,smoker
GSE27272,10,1,GSM674393,train,non_smoker
GSE27272,10,1,GSM674397,train,non_smoker
GSE27272,10,1,GSM674398,train,non_smoker
GSE27272,10,1,GSM674399,train,smoker
GSE27272,10,1,GSM674400,train,non_smoker
GSE27272,10,1,GSM674401,train,non_smoker
GSE27272,10,1,GSM674402,train,non_smoker
GSE27272,10,1,GSM674403,train,non_smoker
GSE27272,10,1,GSM674404,train,smoker
GSE27272,10,1,GSM674405,train,non_smoker
GSE27272,10,1,GSM674406,train,non_smoker
GSE27272,10,1,GSM674407,train,non_smoker
GSE27272,10,1,GSM674198,test,non_smoker
GSE27272,10,1,GSM674226,test,non_smoker
GSE27272,10,1,GSM674227,test,smoker
GSE27272,10,1,GSM674228,test,smoker
GSE27272,10,1,GSM674236,test,non_smoker
GSE27272,10,1,GSM674289,test,non_smoker
GSE27272,10,1,GSM674290,test,non_smoker
GSE27272,10,1,GSM674298,test,non_smoker
GSE27272,10,1,GSM674302,test,non_smoker
GSE27272,10,1,GSM674307,test,smoker
GSE27272,10,1,GSM674312,test,smoker
GSE27272,10,1,GSM674327,test,non_smoker
GSE27272,10,1,GSM674364,test,non_smoker
GSE27272,10,1,GSM674368,test,non_smoker
GSE27272,10,1,GSM674374,test,smoker
GSE27272,10,1,GSM674379,test,non_smoker
GSE27272,10,1,GSM674394,test,non_smoker
GSE27272,10,1,GSM674395,test,non_smoker
GSE27272,10,1,GSM674396,test,smoker
GSE27272,10,2,GSM674181,train,non_smoker
GSE27272,10,2,GSM674182,train,smoker
GSE27272,10,2,GSM674184,train,non_smoker
GSE27272,10,2,GSM674185,train,non_smoker
GSE27272,10,2,GSM674186,train,non_smoker
GSE27272,10,2,GSM674187,train,non_smoker
GSE27272,10,2,GSM674188,train,smoker
GSE27272,10,2,GSM674189,train,smoker
GSE27272,10,2,GSM674190,train,non_smoker
GSE27272,10,2,GSM674191,train,non_smoker
GSE27272,10,2,GSM674192,train,non_smoker
GSE27272,10,2,GSM674193,train,non_smoker
GSE27272,10,2,GSM674194,train,non_smoker
GSE27272,10,2,GSM674195,train,non_smoker
GSE27272,10,2,GSM674196,train,smoker
GSE27272,10,2,GSM674197,train,smoker
GSE27272,10,2,GSM674198,train,non_smoker
GSE27272,10,2,GSM674199,train,smoker
GSE27272,10,2,GSM674200,train,non_smoker
GSE27272,10,2,GSM674201,train,non_smoker
GSE27272,10,2,GSM674202,train,non_smoker
GSE27272,10,2,GSM674203,train,non_smoker
GSE27272,10,2,GSM674204,train,non_smoker
GSE27272,10,2,GSM674205,train,non_smoker
GSE27272,10,2,GSM674206,train,non_smoker
GSE27272,10,2,GSM674207,train,smoker
GSE27272,10,2,GSM674208,train,non_smoker
GSE27272,10,2,GSM674209,train,non_smoker
GSE27272,10,2,GSM674210,train,non_smoker
GSE27272,10,2,GSM674211,train,smoker
GSE27272,10,2,GSM674212,train,non_smoker
GSE27272,10,2,GSM674213,train,smoker
GSE27272,10,2,GSM674215,train,smoker
GSE27272,10,2,GSM674216,train,smoker
GSE27272,10,2,GSM674217,train,smoker
GSE27272,10,2,GSM674218,train,non_smoker
GSE27272,10,2,GSM674219,train,non_smoker
GSE27272,10,2,GSM674220,train,non_smoker
GSE27272,10,2,GSM674221,train,non_smoker
GSE27272,10,2,GSM674222,train,smoker
GSE27272,10,2,GSM674223,train,non_smoker
GSE27272,10,2,GSM674226,train,non_smoker
GSE27272,10,2,GSM674227,train,smoker
GSE27272,10,2,GSM674228,train,smoker
GSE27272,10,2,GSM674229,train,non_smoker
GSE27272,10,2,GSM674230,train,non_smoker
GSE27272,10,2,GSM674231,train,non_smoker
GSE27272,10,2,GSM674232,train,non_smoker
GSE27272,10,2,GSM674234,train,non_smoker
GSE27272,10,2,GSM674236,train,non_smoker
GSE27272,10,2,GSM674237,train,non_smoker
GSE27272,10,2,GSM674238,train,smoker
GSE27272,10,2,GSM674239,train,non_smoker
GSE27272,10,2,GSM674240,train,non_smoker
GSE27272,10,2,GSM674241,train,smoker
GSE27272,10,2,GSM674242,train,non_smoker
GSE27272,10,2,GSM674244,train,non_smoker
GSE27272,10,2,GSM674245,train,non_smoker
GSE27272,10,2,GSM674282,train,non_smoker
GSE27272,10,2,GSM674283,train,smoker
GSE27272,10,2,GSM674284,train,non_smoker
GSE27272,10,2,GSM674285,train,non_smoker
GSE27272,10,2,GSM674286,train,smoker
GSE27272,10,2,GSM674287,train,non_smoker
GSE27272,10,2,GSM674288,train,non_smoker
GSE27272,10,2,GSM674289,train,non_smoker
GSE27272,10,2,GSM674290,train,non_smoker
GSE27272,10,2,GSM674291,train,non_smoker
GSE27272,10,2,GSM674293,train,smoker
GSE27272,10,2,GSM674295,train,non_smoker
GSE27272,10,2,GSM674296,train,smoker
GSE27272,10,2,GSM674298,train,non_smoker
GSE27272,10,2,GSM674299,train,non_smoker
GSE27272,10,2,GSM674300,train,non_smoker
GSE27272,10,2,GSM674301,train,non_smoker
GSE27272,10,2,GSM674302,train,non_smoker
GSE27272,10,2,GSM674303,train,smoker
GSE27272,10,2,GSM674304,train,non_smoker
GSE27272,10,2,GSM674306,train,non_smoker
GSE27272,10,2,GSM674307,train,smoker
GSE27272,10,2,GSM674308,train,non_smoker
GSE27272,10,2,GSM674309,train,non_smoker
GSE27272,10,2,GSM674310,train,smoker
GSE27272,10,2,GSM674312,train,smoker
GSE27272,10,2,GSM674313,train,non_smoker
GSE27272,10,2,GSM674314,train,non_smoker
GSE27272,10,2,GSM674315,train,non_smoker
GSE27272,10,2,GSM674316,train,non_smoker
GSE27272,10,2,GSM674317,train,smoker
GSE27272,10,2,GSM674318,train,non_smoker
GSE27272,10,2,GSM674319,train,smoker
GSE27272,10,2,GSM674320,train,non_smoker
GSE27272,10,2,GSM674321,train,smoker
GSE27272,10,2,GSM674322,train,smoker
GSE27272,10,2,GSM674323,train,non_smoker
GSE27272,10,2,GSM674324,train,non_smoker
GSE27272,10,2,GSM674325,train,non_smoker
GSE27272,10,2,GSM674326,train,smoker
GSE27272,10,2,GSM674327,train,non_smoker
GSE27272,10,2,GSM674328,train,non_smoker
GSE27272,10,2,GSM674329,train,smoker
GSE27272,10,2,GSM674330,train,non_smoker
GSE27272,10,2,GSM674331,train,non_smoker
GSE27272,10,2,GSM674332,train,non_smoker
GSE27272,10,2,GSM674333,train,smoker
GSE27272,10,2,GSM674334,train,non_smoker
GSE27272,10,2,GSM674335,train,non_smoker
GSE27272,10,2,GSM674344,train,non_smoker
GSE27272,10,2,GSM674345,train,smoker
GSE27272,10,2,GSM674346,train,non_smoker
GSE27272,10,2,GSM674347,train,non_smoker
GSE27272,10,2,GSM674348,train,non_smoker
GSE27272,10,2,GSM674349,train,non_smoker
GSE27272,10,2,GSM674350,train,non_smoker
GSE27272,10,2,GSM674351,train,smoker
GSE27272,10,2,GSM674352,train,smoker
GSE27272,10,2,GSM674353,train,non_smoker
GSE27272,10,2,GSM674354,train,non_smoker
GSE27272,10,2,GSM674355,train,non_smoker
GSE27272,10,2,GSM674356,train,non_smoker
GSE27272,10,2,GSM674357,train,non_smoker
GSE27272,10,2,GSM674358,train,non_smoker
GSE27272,10,2,GSM674359,train,smoker
GSE27272,10,2,GSM674360,train,smoker
GSE27272,10,2,GSM674361,train,non_smoker
GSE27272,10,2,GSM674362,train,smoker
GSE27272,10,2,GSM674363,train,non_smoker
GSE27272,10,2,GSM674364,train,non_smoker
GSE27272,10,2,GSM674366,train,non_smoker
GSE27272,10,2,GSM674368,train,non_smoker
GSE27272,10,2,GSM674369,train,smoker
GSE27272,10,2,GSM674370,train,non_smoker
GSE27272,10,2,GSM674371,train,non_smoker
GSE27272,10,2,GSM674372,train,smoker
GSE27272,10,2,GSM674373,train,non_smoker
GSE27272,10,2,GSM674374,train,smoker
GSE27272,10,2,GSM674375,train,non_smoker
GSE27272,10,2,GSM674376,train,smoker
GSE27272,10,2,GSM674377,train,smoker
GSE27272,10,2,GSM674378,train,smoker
GSE27272,10,2,GSM674379,train,non_smoker
GSE27272,10,2,GSM674381,train,non_smoker
GSE27272,10,2,GSM674382,train,non_smoker
GSE27272,10,2,GSM674383,train,smoker
GSE27272,10,2,GSM674385,train,non_smoker
GSE27272,10,2,GSM674387,train,smoker
GSE27272,10,2,GSM674388,train,non_smoker
GSE27272,10,2,GSM674389,train,non_smoker
GSE27272,10,2,GSM674390,train,non_smoker
GSE27272,10,2,GSM674393,train,non_smoker
GSE27272,10,2,GSM674394,train,non_smoker
GSE27272,10,2,GSM674395,train,non_smoker
GSE27272,10,2,GSM674396,train,smoker
GSE27272,10,2,GSM674397,train,non_smoker
GSE27272,10,2,GSM674398,train,non_smoker
GSE27272,10,2,GSM674399,train,smoker
GSE27272,10,2,GSM674400,train,non_smoker
GSE27272,10,2,GSM674401,train,non_smoker
GSE27272,10,2,GSM674402,train,non_smoker
GSE27272,10,2,GSM674403,train,non_smoker
GSE27272,10,2,GSM674404,train,smoker
GSE27272,10,2,GSM674405,train,non_smoker
GSE27272,10,2,GSM674406,train,non_smoker
GSE27272,10,2,GSM674407,train,non_smoker
GSE27272,10,2,GSM674183,test,non_smoker
GSE27272,10,2,GSM674214,test,non_smoker
GSE27272,10,2,GSM674224,test,smoker
GSE27272,10,2,GSM674225,test,non_smoker
GSE27272,10,2,GSM674233,test,smoker
GSE27272,10,2,GSM674235,test,non_smoker
GSE27272,10,2,GSM674243,test,non_smoker
GSE27272,10,2,GSM674292,test,non_smoker
GSE27272,10,2,GSM674294,test,smoker
GSE27272,10,2,GSM674297,test,non_smoker
GSE27272,10,2,GSM674305,test,non_smoker
GSE27272,10,2,GSM674311,test,smoker
GSE27272,10,2,GSM674365,test,non_smoker
GSE27272,10,2,GSM674367,test,non_smoker
GSE27272,10,2,GSM674380,test,non_smoker
GSE27272,10,2,GSM674384,test,non_smoker
GSE27272,10,2,GSM674386,test,smoker
GSE27272,10,2,GSM674391,test,non_smoker
GSE27272,10,2,GSM674392,test,smoker
GSE27272,10,3,GSM674181,train,non_smoker
GSE27272,10,3,GSM674182,train,smoker
GSE27272,10,3,GSM674183,train,non_smoker
GSE27272,10,3,GSM674184,train,non_smoker
GSE27272,10,3,GSM674186,train,non_smoker
GSE27272,10,3,GSM674187,train,non_smoker
GSE27272,10,3,GSM674188,train,smoker
GSE27272,10,3,GSM674189,train,smoker
GSE27272,10,3,GSM674190,train,non_smoker
GSE27272,10,3,GSM674191,train,non_smoker
GSE27272,10,3,GSM674192,train,non_smoker
GSE27272,10,3,GSM674194,train,non_smoker
GSE27272,10,3,GSM674195,train,non_smoker
GSE27272,10,3,GSM674197,train,smoker
GSE27272,10,3,GSM674198,train,non_smoker
GSE27272,10,3,GSM674199,train,smoker
GSE27272,10,3,GSM674200,train,non_smoker
GSE27272,10,3,GSM674201,train,non_smoker
GSE27272,10,3,GSM674202,train,non_smoker
GSE27272,10,3,GSM674203,train,non_smoker
GSE27272,10,3,GSM674205,train,non_smoker
GSE27272,10,3,GSM674206,train,non_smoker
GSE27272,10,3,GSM674207,train,smoker
GSE27272,10,3,GSM674208,train,non_smoker
GSE27272,10,3,GSM674210,train,non_smoker
GSE27272,10,3,GSM674211,train,smoker
GSE27272,10,3,GSM674212,train,non_smoker
GSE27272,10,3,GSM674213,train,smoker
GSE27272,10,3,GSM674214,train,non_smoker
GSE27272,10,3,GSM674215,train,smoker
GSE27272,10,3,GSM674216,train,smoker
GSE27272,10,3,GSM674217,train,smoker
GSE27272,10,3,GSM674218,train,non_smoker
GSE27272,10,3,GSM674219,train,non_smoker
GSE27272,10,3,GSM674220,train,non_smoker
GSE27272,10,3,GSM674221,train,non_smoker
GSE27272,10,3,GSM674222,train,smoker
GSE27272,10,3,GSM674223,train,non_smoker
GSE27272,10,3,GSM674224,train,smoker
GSE27272,10,3,GSM674225,train,non_smoker
GSE27272,10,3,GSM674226,train,non_smoker
GSE27272,10,3,GSM674227,train,smoker
GSE27272,10,3,GSM674228,train,smoker
GSE27272,10,3,GSM674229,train,non_smoker
GSE27272,10,3,GSM674230,train,non_smoker
GSE27272,10,3,GSM674231,train,non_smoker
GSE27272,10,3,GSM674232,train,non_smoker
GSE27272,10,3,GSM674233,train,smoker
GSE27272,10,3,GSM674234,train,non_smoker
GSE27272,10,3,GSM674235,train,non_smoker
GSE27272,10,3,GSM674236,train,non_smoker
GSE27272,10,3,GSM674237,train,non_smoker
GSE27272,10,3,GSM674238,train,smoker
GSE27272,10,3,GSM674240,train,non_smoker
GSE27272,10,3,GSM674242,train,non_smoker
GSE27272,10,3,GSM674243,train,non_smoker
GSE27272,10,3,GSM674244,train,non_smoker
GSE27272,10,3,GSM674245,train,non_smoker
GSE27272,10,3,GSM674282,train,non_smoker
GSE27272,10,3,GSM674283,train,smoker
GSE27272,10,3,GSM674284,train,non_smoker
GSE27272,10,3,GSM674285,train,non_smoker
GSE27272,10,3,GSM674286,train,smoker
GSE27272,10,3,GSM674287,train,non_smoker
GSE27272,10,3,GSM674288,train,non_smoker
GSE27272,10,3,GSM674289,train,non_smoker
GSE27272,10,3,GSM674290,train,non_smoker
GSE27272,10,3,GSM674291,train,non_smoker
GSE27272,10,3,GSM674292,train,non_smoker
GSE27272,10,3,GSM674293,train,smoker
GSE27272,10,3,GSM674294,train,smoker
GSE27272,10,3,GSM674295,train,non_smoker
GSE27272,10,3,GSM674296,train,smoker
GSE27272,10,3,GSM674297,train,non_smoker
GSE27272,10,3,GSM674298,train,non_smoker
GSE27272,10,3,GSM674299,train,non_smoker
GSE27272,10,3,GSM674300,train,non_smoker
GSE27272,10,3,GSM674301,train,non_smoker
GSE27272,10,3,GSM674302,train,non_smoker
GSE27272,10,3,GSM674303,train,smoker
GSE27272,10,3,GSM674304,train,non_smoker
GSE27272,10,3,GSM674305,train,non_smoker
GSE27272,10,3,GSM674306,train,non_smoker
GSE27272,10,3,GSM674307,train,smoker
GSE27272,10,3,GSM674308,train,non_smoker
GSE27272,10,3,GSM674309,train,non_smoker
GSE27272,10,3,GSM674310,train,smoker
GSE27272,10,3,GSM674311,train,smoker
GSE27272,10,3,GSM674312,train,smoker
GSE27272,10,3,GSM674313,train,non_smoker
GSE27272,10,3,GSM674314,train,non_smoker
GSE27272,10,3,GSM674315,train,non_smoker
GSE27272,10,3,GSM674316,train,non_smoker
GSE27272,10,3,GSM674317,train,smoker
GSE27272,10,3,GSM674318,train,non_smoker
GSE27272,10,3,GSM674319,train,smoker
GSE27272,10,3,GSM674321,train,smoker
GSE27272,10,3,GSM674322,train,smoker
GSE27272,10,3,GSM674323,train,non_smoker
GSE27272,10,3,GSM674324,train,non_smoker
GSE27272,10,3,GSM674325,train,non_smoker
GSE27272,10,3,GSM674326,train,smoker
GSE27272,10,3,GSM674327,train,non_smoker
GSE27272,10,3,GSM674328,train,non_smoker
GSE27272,10,3,GSM674329,train,smoker
GSE27272,10,3,GSM674330,train,non_smoker
GSE27272,10,3,GSM674331,train,non_smoker
GSE27272,10,3,GSM674333,train,smoker
GSE27272,10,3,GSM674334,train,non_smoker
GSE27272,10,3,GSM674335,train,non_smoker
GSE27272,10,3,GSM674344,train,non_smoker
GSE27272,10,3,GSM674345,train,smoker
GSE27272,10,3,GSM674346,train,non_smoker
GSE27272,10,3,GSM674348,train,non_smoker
GSE27272,10,3,GSM674349,train,non_smoker
GSE27272,10,3,GSM674351,train,smoker
GSE27272,10,3,GSM674352,train,smoker
GSE27272,10,3,GSM674353,train,non_smoker
GSE27272,10,3,GSM674354,train,non_smoker
GSE27272,10,3,GSM674355,train,non_smoker
GSE27272,10,3,GSM674357,train,non_smoker
GSE27272,10,3,GSM674358,train,non_smoker
GSE27272,10,3,GSM674359,train,smoker
GSE27272,10,3,GSM674360,train,smoker
GSE27272,10,3,GSM674363,train,non_smoker
GSE27272,10,3,GSM674364,train,non_smoker
GSE27272,10,3,GSM674365,train,non_smoker
GSE27272,10,3,GSM674366,train,non_smoker
GSE27272,10,3,GSM674367,train,non_smoker
GSE27272,10,3,GSM674368,train,non_smoker
GSE27272,10,3,GSM674371,train,non_smoker
GSE27272,10,3,GSM674372,train,smoker
GSE27272,10,3,GSM674373,train,non_smoker
GSE27272,10,3,GSM674374,train,smoker
GSE27272,10,3,GSM674375,train,non_smoker
GSE27272,10,3,GSM674376,train,smoker
GSE27272,10,3,GSM674377,train,smoker
GSE27272,10,3,GSM674378,train,smoker
GSE27272,10,3,GSM674379,train,non_smoker
GSE27272,10,3,GSM674380,train,non_smoker
GSE27272,10,3,GSM674381,train,non_smoker
GSE27272,10,3,GSM674382,train,non_smoker
GSE27272,10,3,GSM674383,train,smoker
GSE27272,10,3,GSM674384,train,non_smoker
GSE27272,10,3,GSM674385,train,non_smoker
GSE27272,10,3,GSM674386,train,smoker
GSE27272,10,3,GSM674388,train,non_smoker
GSE27272,10,3,GSM674389,train,non_smoker
GSE27272,10,3,GSM674390,train,non_smoker
GSE27272,10,3,GSM674391,train,non_smoker
GSE27272,10,3,GSM674392,train,smoker
GSE27272,10,3,GSM674393,train,non_smoker
GSE27272,10,3,GSM674394,train,non_smoker
GSE27272,10,3,GSM674395,train,non_smoker
GSE27272,10,3,GSM674396,train,smoker
GSE27272,10,3,GSM674397,train,non_smoker
GSE27272,10,3,GSM674398,train,non_smoker
GSE27272,10,3,GSM674400,train,non_smoker
GSE27272,10,3,GSM674401,train,non_smoker
GSE27272,10,3,GSM674402,train,non_smoker
GSE27272,10,3,GSM674403,train,non_smoker
GSE27272,10,3,GSM674404,train,smoker
GSE27272,10,3,GSM674405,train,non_smoker
GSE27272,10,3,GSM674406,train,non_smoker
GSE27272,10,3,GSM674185,test,non_smoker
GSE27272,10,3,GSM674193,test,non_smoker
GSE27272,10,3,GSM674196,test,smoker
GSE27272,10,3,GSM674204,test,non_smoker
GSE27272,10,3,GSM674209,test,non_smoker
GSE27272,10,3,GSM674239,test,non_smoker
GSE27272,10,3,GSM674241,test,smoker
GSE27272,10,3,GSM674320,test,non_smoker
GSE27272,10,3,GSM674332,test,non_smoker
GSE27272,10,3,GSM674347,test,non_smoker
GSE27272,10,3,GSM674350,test,non_smoker
GSE27272,10,3,GSM674356,test,non_smoker
GSE27272,10,3,GSM674361,test,non_smoker
GSE27272,10,3,GSM674362,test,smoker
GSE27272,10,3,GSM674369,test,smoker
GSE27272,10,3,GSM674370,test,non_smoker
GSE27272,10,3,GSM674387,test,smoker
GSE27272,10,3,GSM674399,test,smoker
GSE27272,10,3,GSM674407,test,non_smoker
GSE27272,10,4,GSM674181,train,non_smoker
GSE27272,10,4,GSM674183,train,non_smoker
GSE27272,10,4,GSM674184,train,non_smoker
GSE27272,10,4,GSM674185,train,non_smoker
GSE27272,10,4,GSM674186,train,non_smoker
GSE27272,10,4,GSM674188,train,smoker
GSE27272,10,4,GSM674189,train,smoker
GSE27272,10,4,GSM674191,train,non_smoker
GSE27272,10,4,GSM674193,train,non_smoker
GSE27272,10,4,GSM674194,train,non_smoker
GSE27272,10,4,GSM674196,train,smoker
GSE27272,10,4,GSM674197,train,smoker
GSE27272,10,4,GSM674198,train,non_smoker
GSE27272,10,4,GSM674199,train,smoker
GSE27272,10,4,GSM674201,train,non_smoker
GSE27272,10,4,GSM674202,train,non_smoker
GSE27272,10,4,GSM674203,train,non_smoker
GSE27272,10,4,GSM674204,train,non_smoker
GSE27272,10,4,GSM674205,train,non_smoker
GSE27272,10,4,GSM674207,train,smoker
GSE27272,10,4,GSM674208,train,non_smoker
GSE27272,10,4,GSM674209,train,non_smoker
GSE27272,10,4,GSM674211,train,smoker
GSE27272,10,4,GSM674212,train,non_smoker
GSE27272,10,4,GSM674213,train,smoker
GSE27272,10,4,GSM674214,train,non_smoker
GSE27272,10,4,GSM674215,train,smoker
GSE27272,10,4,GSM674216,train,smoker
GSE27272,10,4,GSM674217,train,smoker
GSE27272,10,4,GSM674218,train,non_smoker
GSE27272,10,4,GSM674219,train,non_smoker
GSE27272,10,4,GSM674220,train,non_smoker
GSE27272,10,4,GSM674221,train,non_smoker
GSE27272,10,4,GSM674222,train,smoker
GSE27272,10,4,GSM674223,train,non_smoker
GSE27272,10,4,GSM674224,train,smoker
GSE27272,10,4,GSM674225,train,non_smoker
GSE27272,10,4,GSM674226,train,non_smoker
GSE27272,10,4,GSM674227,train,smoker
GSE27272,10,4,GSM674228,train,smoker
GSE27272,10,4,GSM674229,train,non_smoker
GSE27272,10,4,GSM674230,train,non_smoker
GSE27272,10,4,GSM674231,train,non_smoker
GSE27272,10,4,GSM674232,train,non_smoker
GSE27272,10,4,GSM674233,train,smoker
GSE27272,10,4,GSM674234,train,non_smoker
GSE27272,10,4,GSM674235,train,non_smoker
GSE27272,10,4,GSM674236,train,non_smoker
GSE27272,10,4,GSM674237,train,non_smoker
GSE27272,10,4,GSM674238,train,smoker
GSE27272,10,4,GSM674239,train,non_smoker
GSE27272,10,4,GSM674240,train,non_smoker
GSE27272,10,4,GSM674241,train,smoker
GSE27272,10,4,GSM674242,train,non_smoker
GSE27272,10,4,GSM674243,train,non_smoker
GSE27272,10,4,GSM674244,train,non_smoker
GSE27272,10,4,GSM674245,train,non_smoker
GSE27272,10,4,GSM674282,train,non_smoker
GSE27272,10,4,GSM674283,train,smoker
GSE27272,10,4,GSM674284,train,non_smoker
GSE27272,10,4,GSM674285,train,non_smoker
GSE27272,10,4,GSM674286,train,smoker
GSE27272,10,4,GSM674287,train,non_smoker
GSE27272,10,4,GSM674288,train,non_smoker
GSE27272,10,4,GSM674289,train,non_smoker
GSE27272,10,4,GSM674290,train,non_smoker
GSE27272,10,4,GSM674292,train,non_smoker
GSE27272,10,4,GSM674294,train,smoker
GSE27272,10,4,GSM674295,train,non_smoker
GSE27272,10,4,GSM674296,train,smoker
GSE27272,10,4,GSM674297,train,non_smoker
GSE27272,10,4,GSM674298,train,non_smoker
GSE27272,10,4,GSM674299,train,non_smoker
GSE27272,10,4,GSM674300,train,non_smoker
GSE27272,10,4,GSM674301,train,non_smoker
GSE27272,10,4,GSM674302,train,non_smoker
GSE27272,10,4,GSM674303,train,smoker
GSE27272,10,4,GSM674304,train,non_smoker
GSE27272,10,4,GSM674305,train,non_smoker
GSE27272,10,4,GSM674306,train,non_smoker
GSE27272,10,4,GSM674307,train,smoker
GSE27272,10,4,GSM674308,train,non_smoker
GSE27272,10,4,GSM674309,train,non_smoker
GSE27272,10,4,GSM674311,train,smoker
GSE27272,10,4,GSM674312,train,smoker
GSE27272,10,4,GSM674313,train,non_smoker
GSE27272,10,4,GSM674314,train,non_smoker
GSE27272,10,4,GSM674315,train,non_smoker
GSE27272,10,4,GSM674316,train,non_smoker
GSE27272,10,4,GSM674318,train,non_smoker
GSE27272,10,4,GSM674319,train,smoker
GSE27272,10,4,GSM674320,train,non_smoker
GSE27272,10,4,GSM674322,train,smoker
GSE27272,10,4,GSM674323,train,non_smoker
GSE27272,10,4,GSM674324,train,non_smoker
GSE27272,10,4,GSM674325,train,non_smoker
GSE27272,10,4,GSM674326,train,smoker
GSE27272,10,4,GSM674327,train,non_smoker
GSE27272,10,4,GSM674328,train,non_smoker
GSE27272,10,4,GSM674329,train,smoker
GSE27272,10,4,GSM674330,train,non_smoker
GSE27272,10,4,GSM674331,train,non_smoker
GSE27272,10,4,GSM674332,train,non_smoker
GSE27272,10,4,GSM674333,train,smoker
GSE27272,10,4,GSM674334,train,non_smoker
GSE27272,10,4,GSM674344,train,non_smoker
GSE27272,10,4,GSM674345,train,smoker
GSE27272,10,4,GSM674346,train,non_smoker
GSE27272,10,4,GSM674347,train,non_smoker
GSE27272,10,4,GSM674348,train,non_smoker
GSE27272,10,4,GSM674349,train,non_smoker
GSE27272,10,4,GSM674350,train,non_smoker
GSE27272,10,4,GSM674351,train,smoker
GSE27272,10,4,GSM674353,train,non_smoker
GSE27272,10,4,GSM674355,train,non_smoker
GSE27272,10,4,GSM674356,train,non_smoker
GSE27272,10,4,GSM674357,train,non_smoker
GSE27272,10,4,GSM674358,train,non_smoker
GSE27272,10,4,GSM674359,train,smoker
GSE27272,10,4,GSM674360,train,smoker
GSE27272,10,4,GSM674361,train,non_smoker
GSE27272,10,4,GSM674362,train,smoker
GSE27272,10,4,GSM674363,train,non_smoker
GSE27272,10,4,GSM674364,train,non_smoker
GSE27272,10,4,GSM674365,train,non_smoker
GSE27272,10,4,GSM674366,train,non_smoker
GSE27272,10,4,GSM674367,train,non_smoker
GSE27272,10,4,GSM674368,train,non_smoker
GSE27272,10,4,GSM674369,train,smoker
GSE27272,10,4,GSM674370,train,non_smoker
GSE27272,10,4,GSM674371,train,non_smoker
GSE27272,10,4,GSM674372,train,smoker
GSE27272,10,4,GSM674373,train,non_smoker
GSE27272,10,4,GSM674374,train,smoker
GSE27272,10,4,GSM674375,train,non_smoker
GSE27272,10,4,GSM674376,train,smoker
GSE27272,10,4,GSM674377,train,smoker
GSE27272,10,4,GSM674378,train,smoker
GSE27272,10,4,GSM674379,train,non_smoker
GSE27272,10,4,GSM674380,train,non_smoker
GSE27272,10,4,GSM674381,train,non_smoker
GSE27272,10,4,GSM674382,train,non_smoker
GSE27272,10,4,GSM674383,train,smoker
GSE27272,10,4,GSM674384,train,non_smoker
GSE27272,10,4,GSM674385,train,non_smoker
GSE27272,10,4,GSM674386,train,smoker
GSE27272,10,4,GSM674387,train,smoker
GSE27272,10,4,GSM674388,train,non_smoker
GSE27272,10,4,GSM674389,train,non_smoker
GSE27272,10,4,GSM674391,train,non_smoker
GSE27272,10,4,GSM674392,train,smoker
GSE27272,10,4,GSM674393,train,non_smoker
GSE27272,10,4,GSM674394,train,non_smoker
GSE27272,10,4,GSM674395,train,non_smoker
GSE27272,10,4,GSM674396,train,smoker
GSE27272,10,4,GSM674397,train,non_smoker
GSE27272,10,4,GSM674398,train,non_smoker
GSE27272,10,4,GSM674399,train,smoker
GSE27272,10,4,GSM674401,train,non_smoker
GSE27272,10,4,GSM674402,train,non_smoker
GSE27272,10,4,GSM674403,train,non_smoker
GSE27272,10,4,GSM674404,train,smoker
GSE27272,10,4,GSM674405,train,non_smoker
GSE27272,10,4,GSM674407,train,non_smoker
GSE27272,10,4,GSM674182,test,smoker
GSE27272,10,4,GSM674187,test,non_smoker
GSE27272,10,4,GSM674190,test,non_smoker
GSE27272,10,4,GSM674192,test,non_smoker
GSE27272,10,4,GSM674195,test,non_smoker
GSE27272,10,4,GSM674200,test,non_smoker
GSE27272,10,4,GSM674206,test,non_smoker
GSE27272,10,4,GSM674210,test,non_smoker
GSE27272,10,4,GSM674291,test,non_smoker
GSE27272,10,4,GSM674293,test,smoker
GSE27272,10,4,GSM674310,test,smoker
GSE27272,10,4,GSM674317,test,smoker
GSE27272,10,4,GSM674321,test,smoker
GSE27272,10,4,GSM674335,test,non_smoker
GSE27272,10,4,GSM674352,test,smoker
GSE27272,10,4,GSM674354,test,non_smoker
GSE27272,10,4,GSM674390,test,non_smoker
GSE27272,10,4,GSM674400,test,non_smoker
GSE27272,10,4,GSM674406,test,non_smoker
GSE27272,10,5,GSM674181,train,non_smoker
GSE27272,10,5,GSM674182,train,smoker
GSE27272,10,5,GSM674183,train,non_smoker
GSE27272,10,5,GSM674184,train,non_smoker
GSE27272,10,5,GSM674185,train,non_smoker
GSE27272,10,5,GSM674187,train,non_smoker
GSE27272,10,5,GSM674188,train,smoker
GSE27272,10,5,GSM674190,train,non_smoker
GSE27272,10,5,GSM674191,train,non_smoker
GSE27272,10,5,GSM674192,train,non_smoker
GSE27272,10,5,GSM674193,train,non_smoker
GSE27272,10,5,GSM674194,train,non_smoker
GSE27272,10,5,GSM674195,train,non_smoker
GSE27272,10,5,GSM674196,train,smoker
GSE27272,10,5,GSM674197,train,smoker
GSE27272,10,5,GSM674198,train,non_smoker
GSE27272,10,5,GSM674199,train,smoker
GSE27272,10,5,GSM674200,train,non_smoker
GSE27272,10,5,GSM674201,train,non_smoker
GSE27272,10,5,GSM674202,train,non_smoker
GSE27272,10,5,GSM674203,train,non_smoker
GSE27272,10,5,GSM674204,train,non_smoker
GSE27272,10,5,GSM674205,train,non_smoker
GSE27272,10,5,GSM674206,train,non_smoker
GSE27272,10,5,GSM674207,train,smoker
GSE27272,10,5,GSM674208,train,non_smoker
GSE27272,10,5,GSM674209,train,non_smoker
GSE27272,10,5,GSM674210,train,non_smoker
GSE27272,10,5,GSM674211,train,smoker
GSE27272,10,5,GSM674212,train,non_smoker
GSE27272,10,5,GSM674213,train,smoker
GSE27272,10,5,GSM674214,train,non_smoker
GSE27272,10,5,GSM674215,train,smoker
GSE27272,10,5,GSM674217,train,smoker
GSE27272,10,5,GSM674218,train,non_smoker
GSE27272,10,5,GSM674219,train,non_smoker
GSE27272,10,5,GSM674220,train,non_smoker
GSE27272,10,5,GSM674221,train,non_smoker
GSE27272,10,5,GSM674222,train,smoker
GSE27272,10,5,GSM674223,train,non_smoker
GSE27272,10,5,GSM674224,train,smoker
GSE27272,10,5,GSM674225,train,non_smoker
GSE27272,10,5,GSM674226,train,non_smoker
GSE27272,10,5,GSM674227,train,smoker
GSE27272,10,5,GSM674228,train,smoker
GSE27272,10,5,GSM674229,train,non_smoker
GSE27272,10,5,GSM674230,train,non_smoker
GSE27272,10,5,GSM674231,train,non_smoker
GSE27272,10,5,GSM674232,train,non_smoker
GSE27272,10,5,GSM674233,train,smoker
GSE27272,10,5,GSM674234,train,non_smoker
GSE27272,10,5,GSM674235,train,non_smoker
GSE27272,10,5,GSM674236,train,non_smoker
GSE27272,10,5,GSM674237,train,non_smoker
GSE27272,10,5,GSM674238,train,smoker
GSE27272,10,5,GSM674239,train,non_smoker
GSE27272,10,5,GSM674240,train,non_smoker
GSE27272,10,5,GSM674241,train,smoker
GSE27272,10,5,GSM674242,train,non_smoker
GSE27272,10,5,GSM674243,train,non_smoker
GSE27272,10,5,GSM674244,train,non_smoker
GSE27272,10,5,GSM674245,train,non_smoker
GSE27272,10,5,GSM674282,train,non_smoker
GSE27272,10,5,GSM674283,train,smoker
GSE27272,10,5,GSM674284,train,non_smoker
GSE27272,10,5,GSM674285,train,non_smoker
GSE27272,10,5,GSM674286,train,smoker
GSE27272,10,5,GSM674287,train,non_smoker
GSE27272,10,5,GSM674288,train,non_smoker
GSE27272,10,5,GSM674289,train,non_smoker
GSE27272,10,5,GSM674290,train,non_smoker
GSE27272,10,5,GSM674291,train,non_smoker
GSE27272,10,5,GSM674292,train,non_smoker
GSE27272,10,5,GSM674293,train,smoker
GSE27272,10,5,GSM674294,train,smoker
GSE27272,10,5,GSM674295,train,non_smoker
GSE27272,10,5,GSM674296,train,smoker
GSE27272,10,5,GSM674297,train,non_smoker
GSE27272,10,5,GSM674298,train,non_smoker
GSE27272,10,5,GSM674299,train,non_smoker
GSE27272,10,5,GSM674300,train,non_smoker
GSE27272,10,5,GSM674301,train,non_smoker
GSE27272,10,5,GSM674302,train,non_smoker
GSE27272,10,5,GSM674303,train,smoker
GSE27272,10,5,GSM674305,train,non_smoker
GSE27272,10,5,GSM674306,train,non_smoker
GSE27272,10,5,GSM674307,train,smoker
GSE27272,10,5,GSM674308,train,non_smoker
GSE27272,10,5,GSM674309,train,non_smoker
GSE27272,10,5,GSM674310,train,smoker
GSE27272,10,5,GSM674311,train,smoker
GSE27272,10,5,GSM674312,train,smoker
GSE27272,10,5,GSM674314,train,non_smoker
GSE27272,10,5,GSM674315,train,non_smoker
GSE27272,10,5,GSM674316,train,non_smoker
GSE27272,10,5,GSM674317,train,smoker
GSE27272,10,5,GSM674319,train,smoker
GSE27272,10,5,GSM674320,train,non_smoker
GSE27272,10,5,GSM674321,train,smoker
GSE27272,10,5,GSM674322,train,smoker
GSE27272,10,5,GSM674323,train,non_smoker
GSE27272,10,5,GSM674325,train,non_smoker
GSE27272,10,5,GSM674326,train,smoker
GSE27272,10,5,GSM674327,train,non_smoker
GSE27272,10,5,GSM674330,train,non_smoker
GSE27272,10,5,GSM674332,train,non_smoker
GSE27272,10,5,GSM674333,train,smoker
GSE27272,10,5,GSM674334,train,non_smoker
GSE27272,10,5,GSM674335,train,non_smoker
GSE27272,10,5,GSM674344,train,non_smoker
GSE27272,10,5,GSM674345,train,smoker
GSE27272,10,5,GSM674346,train,non_smoker
GSE27272,10,5,GSM674347,train,non_smoker
GSE27272,10,5,GSM674348,train,non_smoker
GSE27272,10,5,GSM674349,train,non_smoker
GSE27272,10,5,GSM674350,train,non_smoker
GSE27272,10,5,GSM674351,train,smoker
GSE27272,10,5,GSM674352,train,smoker
GSE27272,10,5,GSM674353,train,non_smoker
GSE27272,10,5,GSM674354,train,non_smoker
GSE27272,10,5,GSM674355,train,non_smoker
GSE27272,10,5,GSM674356,train,non_smoker
GSE27272,10,5,GSM674357,train,non_smoker
GSE27272,10,5,GSM674361,train,non_smoker
GSE27272,10,5,GSM674362,train,smoker
GSE27272,10,5,GSM674363,train,non_smoker
GSE27272,10,5,GSM674364,train,non_smoker
GSE27272,10,5,GSM674365,train,non_smoker
GSE27272,10,5,GSM674367,train,non_smoker
GSE27272,10,5,GSM674368,train,non_smoker
GSE27272,10,5,GSM674369,train,smoker
GSE27272,10,5,GSM674370,train,non_smoker
GSE27272,10,5,GSM674371,train,non_smoker
GSE27272,10,5,GSM674373,train,non_smoker
GSE27272,10,5,GSM674374,train,smoker
GSE27272,10,5,GSM674375,train,non_smoker
GSE27272,10,5,GSM674376,train,smoker
GSE27272,10,5,GSM674377,train,smoker
GSE27272,10,5,GSM674378,train,smoker
GSE27272,10,5,GSM674379,train,non_smoker
GSE27272,10,5,GSM674380,train,non_smoker
GSE27272,10,5,GSM674381,train,non_smoker
GSE27272,10,5,GSM674382,train,non_smoker
GSE27272,10,5,GSM674383,train,smoker
GSE27272,10,5,GSM674384,train,non_smoker
GSE27272,10,5,GSM674385,train,non_smoker
GSE27272,10,5,GSM674386,train,smoker
GSE27272,10,5,GSM674387,train,smoker
GSE27272,10,5,GSM674389,train,non_smoker
GSE27272,10,5,GSM674390,train,non_smoker
GSE27272,10,5,GSM674391,train,non_smoker
GSE27272,10,5,GSM674392,train,smoker
GSE27272,10,5,GSM674394,train,non_smoker
GSE27272,10,5,GSM674395,train,non_smoker
GSE27272,10,5,GSM674396,train,smoker
GSE27272,10,5,GSM674397,train,non_smoker
GSE27272,10,5,GSM674398,train,non_smoker
GSE27272,10,5,GSM674399,train,smoker
GSE27272,10,5,GSM674400,train,non_smoker
GSE27272,10,5,GSM674401,train,non_smoker
GSE27272,10,5,GSM674403,train,non_smoker
GSE27272,10,5,GSM674404,train,smoker
GSE27272,10,5,GSM674406,train,non_smoker
GSE27272,10,5,GSM674407,train,non_smoker
GSE27272,10,5,GSM674186,test,non_smoker
GSE27272,10,5,GSM674189,test,smoker
GSE27272,10,5,GSM674216,test,smoker
GSE27272,10,5,GSM674304,test,non_smoker
GSE27272,10,5,GSM674313,test,non_smoker
GSE27272,10,5,GSM674318,test,non_smoker
GSE27272,10,5,GSM674324,test,non_smoker
GSE27272,10,5,GSM674328,test,non_smoker
GSE27272,10,5,GSM674329,test,smoker
GSE27272,10,5,GSM674331,test,non_smoker
GSE27272,10,5,GSM674358,test,non_smoker
GSE27272,10,5,GSM674359,test,smoker
GSE27272,10,5,GSM674360,test,smoker
GSE27272,10,5,GSM674366,test,non_smoker
GSE27272,10,5,GSM674372,test,smoker
GSE27272,10,5,GSM674388,test,non_smoker
GSE27272,10,5,GSM674393,test,non_smoker
GSE27272,10,5,GSM674402,test,non_smoker
GSE27272,10,5,GSM674405,test,non_smoker
GSE27272,10,6,GSM674181,train,non_smoker
GSE27272,10,6,GSM674182,train,smoker
GSE27272,10,6,GSM674183,train,non_smoker
GSE27272,10,6,GSM674184,train,non_smoker
GSE27272,10,6,GSM674185,train,non_smoker
GSE27272,10,6,GSM674186,train,non_smoker
GSE27272,10,6,GSM674187,train,non_smoker
GSE27272,10,6,GSM674188,train,smoker
GSE27272,10,6,GSM674189,train,smoker
GSE27272,10,6,GSM674190,train,non_smoker
GSE27272,10,6,GSM674191,train,non_smoker
GSE27272,10,6,GSM674192,train,non_smoker
GSE27272,10,6,GSM674193,train,non_smoker
GSE27272,10,6,GSM674194,train,non_smoker
GSE27272,10,6,GSM674195,train,non_smoker
GSE27272,10,6,GSM674196,train,smoker
GSE27272,10,6,GSM674197,train,smoker
GSE27272,10,6,GSM674198,train,non_smoker
GSE27272,10,6,GSM674200,train,non_smoker
GSE27272,10,6,GSM674201,train,non_smoker
GSE27272,10,6,GSM674202,train,non_smoker
GSE27272,10,6,GSM674203,train,non_smoker
GSE27272,10,6,GSM674204,train,non_smoker
GSE27272,10,6,GSM674205,train,non_smoker
GSE27272,10,6,GSM674206,train,non_smoker
GSE27272,10,6,GSM674207,train,smoker
GSE27272,10,6,GSM674208,train,non_smoker
GSE27272,10,6,GSM674209,train,non_smoker
GSE27272,10,6,GSM674210,train,non_smoker
GSE27272,10,6,GSM674211,train,smoker
GSE27272,10,6,GSM674213,train,smoker
GSE27272,10,6,GSM674214,train,non_smoker
GSE27272,10,6,GSM674215,train,smoker
GSE27272,10,6,GSM674216,train,smoker
GSE27272,10,6,GSM674218,train,non_smoker
GSE27272,10,6,GSM674219,train,non_smoker
GSE27272,10,6,GSM674220,train,non_smoker
GSE27272,10,6,GSM674223,train,non_smoker
GSE27272,10,6,GSM674224,train,smoker
GSE27272,10,6,GSM674225,train,non_smoker
GSE27272,10,6,GSM674226,train,non_smoker
GSE27272,10,6,GSM674227,train,smoker
GSE27272,10,6,GSM674228,train,smoker
GSE27272,10,6,GSM674229,train,non_smoker
GSE27272,10,6,GSM674230,train,non_smoker
GSE27272,10,6,GSM674231,train,non_smoker
GSE27272,10,6,GSM674232,train,non_smoker
GSE27272,10,6,GSM674233,train,smoker
GSE27272,10,6,GSM674234,train,non_smoker
GSE27272,10,6,GSM674235,train,non_smoker
GSE27272,10,6,GSM674236,train,non_smoker
GSE27272,10,6,GSM674237,train,non_smoker
GSE27272,10,6,GSM674238,train,smoker
GSE27272,10,6,GSM674239,train,non_smoker
GSE27272,10,6,GSM674241,train,smoker
GSE27272,10,6,GSM674242,train,non_smoker
GSE27272,10,6,GSM674243,train,non_smoker
GSE27272,10,6,GSM674244,train,non_smoker
GSE27272,10,6,GSM674245,train,non_smoker
GSE27272,10,6,GSM674282,train,non_smoker
GSE27272,10,6,GSM674284,train,non_smoker
GSE27272,10,6,GSM674285,train,non_smoker
GSE27272,10,6,GSM674286,train,smoker
GSE27272,10,6,GSM674287,train,non_smoker
GSE27272,10,6,GSM674289,train,non_smoker
GSE27272,10,6,GSM674290,train,non_smoker
GSE27272,10,6,GSM674291,train,non_smoker
GSE27272,10,6,GSM674292,train,non_smoker
GSE27272,10,6,GSM674293,train,smoker
GSE27272,10,6,GSM674294,train,smoker
GSE27272,10,6,GSM674296,train,smoker
GSE27272,10,6,GSM674297,train,non_smoker
GSE27272,10,6,GSM674298,train,non_smoker
GSE27272,10,6,GSM674299,train,non_smoker
GSE27272,10,6,GSM674300,train,non_smoker
GSE27272,10,6,GSM674301,train,non_smoker
GSE27272,10,6,GSM674302,train,non_smoker
GSE27272,10,6,GSM674303,train,smoker
GSE27272,10,6,GSM674304,train,non_smoker
GSE27272,10,6,GSM674305,train,non_smoker
GSE27272,10,6,GSM674306,train,non_smoker
GSE27272,10,6,GSM674307,train,smoker
GSE27272,10,6,GSM674308,train,non_smoker
GSE27272,10,6,GSM674309,train,non_smoker
GSE27272,10,6,GSM674310,train,smoker
GSE27272,10,6,GSM674311,train,smoker
GSE27272,10,6,GSM674312,train,smoker
GSE27272,10,6,GSM674313,train,non_smoker
GSE27272,10,6,GSM674314,train,non_smoker
GSE27272,10,6,GSM674315,train,non_smoker
GSE27272,10,6,GSM674316,train,non_smoker
GSE27272,10,6,GSM674317,train,smoker
GSE27272,10,6,GSM674318,train,non_smoker
GSE27272,10,6,GSM674319,train,smoker
GSE27272,10,6,GSM674320,train,non_smoker
GSE27272,10,6,GSM674321,train,smoker
GSE27272,10,6,GSM674322,train,smoker
GSE27272,10,6,GSM674323,train,non_smoker
GSE27272,10,6,GSM674324,train,non_smoker
GSE27272,10,6,GSM674326,train,smoker
GSE27272,10,6,GSM674327,train,non_smoker
GSE27272,10,6,GSM674328,train,non_smoker
GSE27272,10,6,GSM674329,train,smoker
GSE27272,10,6,GSM674330,train,non_smoker
GSE27272,10,6,GSM674331,train,non_smoker
GSE27272,10,6,GSM674332,train,non_smoker
GSE27272,10,6,GSM674333,train,smoker
GSE27272,10,6,GSM674335,train,non_smoker
GSE27272,10,6,GSM674344,train,non_smoker
GSE27272,10,6,GSM674345,train,smoker
GSE27272,10,6,GSM674346,train,non_smoker
GSE27272,10,6,GSM674347,train,non_smoker
GSE27272,10,6,GSM674350,train,non_smoker
GSE27272,10,6,GSM674352,train,smoker
GSE27272,10,6,GSM674353,train,non_smoker
GSE27272,10,6,GSM674354,train,non_smoker
GSE27272,10,6,GSM674356,train,non_smoker
GSE27272,10,6,GSM674357,train,non_smoker
GSE27272,10,6,GSM674358,train,non_smoker
GSE27272,10,6,GSM674359,train,smoker
GSE27272,10,6,GSM674360,train,smoker
GSE27272,10,6,GSM674361,train,non_smoker
GSE27272,10,6,GSM674362,train,smoker
GSE27272,10,6,GSM674363,train,non_smoker
GSE27272,10,6,GSM674364,train,non_smoker
GSE27272,10,6,GSM674365,train,non_smoker
GSE27272,10,6,GSM674366,train,non_smoker
GSE27272,10,6,GSM674367,train,non_smoker
GSE27272,10,6,GSM674368,train,non_smoker
GSE27272,10,6,GSM674369,train,smoker
GSE27272,10,6,GSM674370,train,non_smoker
GSE27272,10,6,GSM674372,train,smoker
GSE27272,10,6,GSM674373,train,non_smoker
GSE27272,10,6,GSM674374,train,smoker
GSE27272,10,6,GSM674376,train,smoker
GSE27272,10,6,GSM674377,train,smoker
GSE27272,10,6,GSM674378,train,smoker
GSE27272,10,6,GSM674379,train,non_smoker
GSE27272,10,6,GSM674380,train,non_smoker
GSE27272,10,6,GSM674381,train,non_smoker
GSE27272,10,6,GSM674382,train,non_smoker
GSE27272,10,6,GSM674383,train,smoker
GSE27272,10,6,GSM674384,train,non_smoker
GSE27272,10,6,GSM674385,train,non_smoker
GSE27272,10,6,GSM674386,train,smoker
GSE27272,10,6,GSM674387,train,smoker
GSE27272,10,6,GSM674388,train,non_smoker
GSE27272,10,6,GSM674389,train,non_smoker
GSE27272,10,6,GSM674390,train,non_smoker
GSE27272,10,6,GSM674391,train,non_smoker
GSE27272,10,6,GSM674392,train,smoker
GSE27272,10,6,GSM674393,train,non_smoker
GSE27272,10,6,GSM674394,train,non_smoker
GSE27272,10,6,GSM674395,train,non_smoker
GSE27272,10,6,GSM674396,train,smoker
GSE27272,10,6,GSM674398,train,non_smoker
GSE27272,10,6,GSM674399,train,smoker
GSE27272,10,6,GSM674400,train,non_smoker
GSE27272,10,6,GSM674401,train,non_smoker
GSE27272,10,6,GSM674402,train,non_smoker
GSE27272,10,6,GSM674403,train,non_smoker
GSE27272,10,6,GSM674404,train,smoker
GSE27272,10,6,GSM674405,train,non_smoker
GSE27272,10,6,GSM674406,train,non_smoker
GSE27272,10,6,GSM674407,train,non_smoker
GSE27272,10,6,GSM674199,test,smoker
GSE27272,10,6,GSM674212,test,non_smoker
GSE27272,10,6,GSM674217,test,smoker
GSE27272,10,6,GSM674221,test,non_smoker
GSE27272,10,6,GSM674222,test,smoker
GSE27272,10,6,GSM674240,test,non_smoker
GSE27272,10,6,GSM674283,test,smoker
GSE27272,10,6,GSM674288,test,non_smoker
GSE27272,10,6,GSM674295,test,non_smoker
GSE27272,10,6,GSM674325,test,non_smoker
GSE27272,10,6,GSM674334,test,non_smoker
GSE27272,10,6,GSM674348,test,non_smoker
GSE27272,10,6,GSM674349,test,non_smoker
GSE27272,10,6,GSM674351,test,smoker
GSE27272,10,6,GSM674355,test,non_smoker
GSE27272,10,6,GSM674371,test,non_smoker
GSE27272,10,6,GSM674375,test,non_smoker
GSE27272,10,6,GSM674397,test,non_smoker
GSE27272,10,7,GSM674182,train,smoker
GSE27272,10,7,GSM674183,train,non_smoker
GSE27272,10,7,GSM674184,train,non_smoker
GSE27272,10,7,GSM674185,train,non_smoker
GSE27272,10,7,GSM674186,train,non_smoker
GSE27272,10,7,GSM674187,train,non_smoker
GSE27272,10,7,GSM674188,train,smoker
GSE27272,10,7,GSM674189,train,smoker
GSE27272,10,7,GSM674190,train,non_smoker
GSE27272,10,7,GSM674191,train,non_smoker
GSE27272,10,7,GSM674192,train,non_smoker
GSE27272,10,7,GSM674193,train,non_smoker
GSE27272,10,7,GSM674194,train,non_smoker
GSE27272,10,7,GSM674195,train,non_smoker
GSE27272,10,7,GSM674196,train,smoker
GSE27272,10,7,GSM674197,train,smoker
GSE27272,10,7,GSM674198,train,non_smoker
GSE27272,10,7,GSM674199,train,smoker
GSE27272,10,7,GSM674200,train,non_smoker
GSE27272,10,7,GSM674201,train,non_smoker
GSE27272,10,7,GSM674202,train,non_smoker
GSE27272,10,7,GSM674203,train,non_smoker
GSE27272,10,7,GSM674204,train,non_smoker
GSE27272,10,7,GSM674205,train,non_smoker
GSE27272,10,7,GSM674206,train,non_smoker
GSE27272,10,7,GSM674207,train,smoker
GSE27272,10,7,GSM674208,train,non_smoker
GSE27272,10,7,GSM674209,train,non_smoker
GSE27272,10,7,GSM674210,train,non_smoker
GSE27272,10,7,GSM674211,train,smoker
GSE27272,10,7,GSM674212,train,non_smoker
GSE27272,10,7,GSM674214,train,non_smoker
GSE27272,10,7,GSM674215,train,smoker
GSE27272,10,7,GSM674216,train,smoker
GSE27272,10,7,GSM674217,train,smoker
GSE27272,10,7,GSM674218,train,non_smoker
GSE27272,10,7,GSM674219,train,non_smoker
GSE27272,10,7,GSM674220,train,non_smoker
GSE27272,10,7,GSM674221,train,non_smoker
GSE27272,10,7,GSM674222,train,smoker
GSE27272,10,7,GSM674223,train,non_smoker
GSE27272,10,7,GSM674224,train,smoker
GSE27272,10,7,GSM674225,train,non_smoker
GSE27272,10,7,GSM674226,train,non_smoker
GSE27272,10,7,GSM674227,train,smoker
GSE27272,10,7,GSM674228,train,smoker
GSE27272,10,7,GSM674229,train,non_smoker
GSE27272,10,7,GSM674231,train,non_smoker
GSE27272,10,7,GSM674233,train,smoker
GSE27272,10,7,GSM674234,train,non_smoker
GSE27272,10,7,GSM674235,train,non_smoker
GSE27272,10,7,GSM674236,train,non_smoker
GSE27272,10,7,GSM674237,train,non_smoker
GSE27272,10,7,GSM674238,train,smoker
GSE27272,10,7,GSM674239,train,non_smoker
GSE27272,10,7,GSM674240,train,non_smoker
GSE27272,10,7,GSM674241,train,smoker
GSE27272,10,7,GSM674242,train,non_smoker
GSE27272,10,7,GSM674243,train,non_smoker
GSE27272,10,7,GSM674244,train,non_smoker
GSE27272,10,7,GSM674245,train,non_smoker
GSE27272,10,7,GSM674283,train,smoker
GSE27272,10,7,GSM674284,train,non_smoker
GSE27272,10,7,GSM674285,train,non_smoker
GSE27272,10,7,GSM674286,train,smoker
GSE27272,10,7,GSM674287,train,non_smoker
GSE27272,10,7,GSM674288,train,non_smoker
GSE27272,10,7,GSM674289,train,non_smoker
GSE27272,10,7,GSM674290,train,non_smoker
GSE27272,10,7,GSM674291,train,non_smoker
GSE27272,10,7,GSM674292,train,non_smoker
GSE27272,10,7,GSM674293,train,smoker
GSE27272,10,7,GSM674294,train,smoker
GSE27272,10,7,GSM674295,train,non_smoker
GSE27272,10,7,GSM674296,train,smoker
GSE27272,10,7,GSM674297,train,non_smoker
GSE27272,10,7,GSM674298,train,non_smoker
GSE27272,10,7,GSM674299,train,non_smoker
GSE27272,10,7,GSM674302,train,non_smoker
GSE27272,10,7,GSM674303,train,smoker
GSE27272,10,7,GSM674304,train,non_smoker
GSE27272,10,7,GSM674305,train,non_smoker
GSE27272,10,7,GSM674306,train,non_smoker
GSE27272,10,7,GSM674307,train,smoker
GSE27272,10,7,GSM674309,train,non_smoker
GSE27272,10,7,GSM674310,train,smoker
GSE27272,10,7,GSM674311,train,smoker
GSE27272,10,7,GSM674312,train,smoker
GSE27272,10,7,GSM674313,train,non_smoker
GSE27272,10,7,GSM674315,train,non_smoker
GSE27272,10,7,GSM674316,train,non_smoker
GSE27272,10,7,GSM674317,train,smoker
GSE27272,10,7,GSM674318,train,non_smoker
GSE27272,10,7,GSM674320,train,non_smoker
GSE27272,10,7,GSM674321,train,smoker
GSE27272,10,7,GSM674322,train,smoker
GSE27272,10,7,GSM674323,train,non_smoker
GSE27272,10,7,GSM674324,train,non_smoker
GSE27272,10,7,GSM674325,train,non_smoker
GSE27272,10,7,GSM674326,train,smoker
GSE27272,10,7,GSM674327,train,non_smoker
GSE27272,10,7,GSM674328,train,non_smoker
GSE27272,10,7,GSM674329,train,smoker
GSE27272,10,7,GSM674330,train,non_smoker
GSE27272,10,7,GSM674331,train,non_smoker
GSE27272,10,7,GSM674332,train,non_smoker
GSE27272,10,7,GSM674333,train,smoker
GSE27272,10,7,GSM674334,train,non_smoker
GSE27272,10,7,GSM674335,train,non_smoker
GSE27272,10,7,GSM674344,train,non_smoker
GSE27272,10,7,GSM674347,train,non_smoker
GSE27272,10,7,GSM674348,train,non_smoker
GSE27272,10,7,GSM674349,train,non_smoker
GSE27272,10,7,GSM674350,train,non_smoker
GSE27272,10,7,GSM674351,train,smoker
GSE27272,10,7,GSM674352,train,smoker
GSE27272,10,7,GSM674353,train,non_smoker
GSE27272,10,7,GSM674354,train,non_smoker
GSE27272,10,7,GSM674355,train,non_smoker
GSE27272,10,7,GSM674356,train,non_smoker
GSE27272,10,7,GSM674358,train,non_smoker
GSE27272,10,7,GSM674359,train,smoker
GSE27272,10,7,GSM674360,train,smoker
GSE27272,10,7,GSM674361,train,non_smoker
GSE27272,10,7,GSM674362,train,smoker
GSE27272,10,7,GSM674363,train,non_smoker
GSE27272,10,7,GSM674364,train,non_smoker
GSE27272,10,7,GSM674365,train,non_smoker
GSE27272,10,7,GSM674366,train,non_smoker
GSE27272,10,7,GSM674367,train,non_smoker
GSE27272,10,7,GSM674368,train,non_smoker
GSE27272,10,7,GSM674369,train,smoker
GSE27272,10,7,GSM674370,train,non_smoker
GSE27272,10,7,GSM674371,train,non_smoker
GSE27272,10,7,GSM674372,train,smoker
GSE27272,10,7,GSM674373,train,non_smoker
GSE27272,10,7,GSM674374,train,smoker
GSE27272,10,7,GSM674375,train,non_smoker
GSE27272,10,7,GSM674376,train,smoker
GSE27272,10,7,GSM674379,train,non_smoker
GSE27272,10,7,GSM674380,train,non_smoker
GSE27272,10,7,GSM674381,train,non_smoker
GSE27272,10,7,GSM674382,train,non_smoker
GSE27272,10,7,GSM674383,train,smoker
GSE27272,10,7,GSM674384,train,non_smoker
GSE27272,10,7,GSM674385,train,non_smoker
GSE27272,10,7,GSM674386,train,smoker
GSE27272,10,7,GSM674387,train,smoker
GSE27272,10,7,GSM674388,train,non_smoker
GSE27272,10,7,GSM674390,train,non_smoker
GSE27272,10,7,GSM674391,train,non_smoker
GSE27272,10,7,GSM674392,train,smoker
GSE27272,10,7,GSM674393,train,non_smoker
GSE27272,10,7,GSM674394,train,non_smoker
GSE27272,10,7,GSM674395,train,non_smoker
GSE27272,10,7,GSM674396,train,smoker
GSE27272,10,7,GSM674397,train,non_smoker
GSE27272,10,7,GSM674399,train,smoker
GSE27272,10,7,GSM674400,train,non_smoker
GSE27272,10,7,GSM674401,train,non_smoker
GSE27272,10,7,GSM674402,train,non_smoker
GSE27272,10,7,GSM674404,train,smoker
GSE27272,10,7,GSM674405,train,non_smoker
GSE27272,10,7,GSM674406,train,non_smoker
GSE27272,10,7,GSM674407,train,non_smoker
GSE27272,10,7,GSM674181,test,non_smoker
GSE27272,10,7,GSM674213,test,smoker
GSE27272,10,7,GSM674230,test,non_smoker
GSE27272,10,7,GSM674232,test,non_smoker
GSE27272,10,7,GSM674282,test,non_smoker
GSE27272,10,7,GSM674300,test,non_smoker
GSE27272,10,7,GSM674301,test,non_smoker
GSE27272,10,7,GSM674308,test,non_smoker
GSE27272,10,7,GSM674314,test,non_smoker
GSE27272,10,7,GSM674319,test,smoker
GSE27272,10,7,GSM674345,test,smoker
GSE27272,10,7,GSM674346,test,non_smoker
GSE27272,10,7,GSM674357,test,non_smoker
GSE27272,10,7,GSM674377,test,smoker
GSE27272,10,7,GSM674378,test,smoker
GSE27272,10,7,GSM674389,test,non_smoker
GSE27272,10,7,GSM674398,test,non_smoker
GSE27272,10,7,GSM674403,test,non_smoker
GSE27272,10,8,GSM674181,train,non_smoker
GSE27272,10,8,GSM674182,train,smoker
GSE27272,10,8,GSM674183,train,non_smoker
GSE27272,10,8,GSM674184,train,non_smoker
GSE27272,10,8,GSM674185,train,non_smoker
GSE27272,10,8,GSM674186,train,non_smoker
GSE27272,10,8,GSM674187,train,non_smoker
GSE27272,10,8,GSM674189,train,smoker
GSE27272,10,8,GSM674190,train,non_smoker
GSE27272,10,8,GSM674191,train,non_smoker
GSE27272,10,8,GSM674192,train,non_smoker
GSE27272,10,8,GSM674193,train,non_smoker
GSE27272,10,8,GSM674194,train,non_smoker
GSE27272,10,8,GSM674195,train,non_smoker
GSE27272,10,8,GSM674196,train,smoker
GSE27272,10,8,GSM674197,train,smoker
GSE27272,10,8,GSM674198,train,non_smoker
GSE27272,10,8,GSM674199,train,smoker
GSE27272,10,8,GSM674200,train,non_smoker
GSE27272,10,8,GSM674202,train,non_smoker
GSE27272,10,8,GSM674203,train,non_smoker
GSE27272,10,8,GSM674204,train,non_smoker
GSE27272,10,8,GSM674205,train,non_smoker
GSE27272,10,8,GSM674206,train,non_smoker
GSE27272,10,8,GSM674207,train,smoker
GSE27272,10,8,GSM674209,train,non_smoker
GSE27272,10,8,GSM674210,train,non_smoker
GSE27272,10,8,GSM674211,train,smoker
GSE27272,10,8,GSM674212,train,non_smoker
GSE27272,10,8,GSM674213,train,smoker
GSE27272,10,8,GSM674214,train,non_smoker
GSE27272,10,8,GSM674215,train,smoker
GSE27272,10,8,GSM674216,train,smoker
GSE27272,10,8,GSM674217,train,smoker
GSE27272,10,8,GSM674219,train,non_smoker
GSE27272,10,8,GSM674220,train,non_smoker
GSE27272,10,8,GSM674221,train,non_smoker
GSE27272,10,8,GSM674222,train,smoker
GSE27272,10,8,GSM674224,train,smoker
GSE27272,10,8,GSM674225,train,non_smoker
GSE27272,10,8,GSM674226,train,non_smoker
GSE27272,10,8,GSM674227,train,smoker
GSE27272,10,8,GSM674228,train,smoker
GSE27272,10,8,GSM674229,train,non_smoker
GSE27272,10,8,GSM674230,train,non_smoker
GSE27272,10,8,GSM674232,train,non_smoker
GSE27272,10,8,GSM674233,train,smoker
GSE27272,10,8,GSM674234,train,non_smoker
GSE27272,10,8,GSM674235,train,non_smoker
GSE27272,10,8,GSM674236,train,non_smoker
GSE27272,10,8,GSM674239,train,non_smoker
GSE27272,10,8,GSM674240,train,non_smoker
GSE27272,10,8,GSM674241,train,smoker
GSE27272,10,8,GSM674242,train,non_smoker
GSE27272,10,8,GSM674243,train,non_smoker
GSE27272,10,8,GSM674244,train,non_smoker
GSE27272,10,8,GSM674245,train,non_smoker
GSE27272,10,8,GSM674282,train,non_smoker
GSE27272,10,8,GSM674283,train,smoker
GSE27272,10,8,GSM674284,train,non_smoker
GSE27272,10,8,GSM674286,train,smoker
GSE27272,10,8,GSM674288,train,non_smoker
GSE27272,10,8,GSM674289,train,non_smoker
GSE27272,10,8,GSM674290,train,non_smoker
GSE27272,10,8,GSM674291,train,non_smoker
GSE27272,10,8,GSM674292,train,non_smoker
GSE27272,10,8,GSM674293,train,smoker
GSE27272,10,8,GSM674294,train,smoker
GSE27272,10,8,GSM674295,train,non_smoker
GSE27272,10,8,GSM674296,train,smoker
GSE27272,10,8,GSM674297,train,non_smoker
GSE27272,10,8,GSM674298,train,non_smoker
GSE27272,10,8,GSM674299,train,non_smoker
GSE27272,10,8,GSM674300,train,non_smoker
GSE27272,10,8,GSM674301,train,non_smoker
GSE27272,10,8,GSM674302,train,non_smoker
GSE27272,10,8,GSM674304,train,non_smoker
GSE27272,10,8,GSM674305,train,non_smoker
GSE27272,10,8,GSM674306,train,non_smoker
GSE27272,10,8,GSM674307,train,smoker
GSE27272,10,8,GSM674308,train,non_smoker
GSE27272,10,8,GSM674310,train,smoker
GSE27272,10,8,GSM674311,train,smoker
GSE27272,10,8,GSM674312,train,smoker
GSE27272,10,8,GSM674313,train,non_smoker
GSE27272,10,8,GSM674314,train,non_smoker
GSE27272,10,8,GSM674316,train,non_smoker
GSE27272,10,8,GSM674317,train,smoker
GSE27272,10,8,GSM674318,train,non_smoker
GSE27272,10,8,GSM674319,train,smoker
GSE27272,10,8,GSM674320,train,non_smoker
GSE27272,10,8,GSM674321,train,smoker
GSE27272,10,8,GSM674322,train,smoker
GSE27272,10,8,GSM674323,train,non_smoker
GSE27272,10,8,GSM674324,train,non_smoker
GSE27272,10,8,GSM674325,train,non_smoker
GSE27272,10,8,GSM674327,train,non_smoker
GSE27272,10,8,GSM674328,train,non_smoker
GSE27272,10,8,GSM674329,train,smoker
GSE27272,10,8,GSM674330,train,non_smoker
GSE27272,10,8,GSM674331,train,non_smoker
GSE27272,10,8,GSM674332,train,non_smoker
GSE27272,10,8,GSM674333,train,smoker
GSE27272,10,8,GSM674334,train,non_smoker
GSE27272,10,8,GSM674335,train,non_smoker
GSE27272,10,8,GSM674345,train,smoker
GSE27272,10,8,GSM674346,train,non_smoker
GSE27272,10,8,GSM674347,train,non_smoker
GSE27272,10,8,GSM674348,train,non_smoker
GSE27272,10,8,GSM674349,train,non_smoker
GSE27272,10,8,GSM674350,train,non_smoker
GSE27272,10,8,GSM674351,train,smoker
GSE27272,10,8,GSM674352,train,smoker
GSE27272,10,8,GSM674353,train,non_smoker
GSE27272,10,8,GSM674354,train,non_smoker
GSE27272,10,8,GSM674355,train,non_smoker
GSE27272,10,8,GSM674356,train,non_smoker
GSE27272,10,8,GSM674357,train,non_smoker
GSE27272,10,8,GSM674358,train,non_smoker
GSE27272,10,8,GSM674359,train,smoker
GSE27272,10,8,GSM674360,train,smoker
GSE27272,10,8,GSM674361,train,non_smoker
GSE27272,10,8,GSM674362,train,smoker
GSE27272,10,8,GSM674364,train,non_smoker
GSE27272,10,8,GSM674365,train,non_smoker
GSE27272,10,8,GSM674366,train,non_smoker
GSE27272,10,8,GSM674367,train,non_smoker
GSE27272,10,8,GSM674368,train,non_smoker
GSE27272,10,8,GSM674369,train,smoker
GSE27272,10,8,GSM674370,train,non_smoker
GSE27272,10,8,GSM674371,train,non_smoker
GSE27272,10,8,GSM674372,train,smoker
GSE27272,10,8,GSM674373,train,non_smoker
GSE27272,10,8,GSM674374,train,smoker
GSE27272,10,8,GSM674375,train,non_smoker
GSE27272,10,8,GSM674377,train,smoker
GSE27272,10,8,GSM674378,train,smoker
GSE27272,10,8,GSM674379,train,non_smoker
GSE27272,10,8,GSM674380,train,non_smoker
GSE27272,10,8,GSM674381,train,non_smoker
GSE27272,10,8,GSM674383,train,smoker
GSE27272,10,8,GSM674384,train,non_smoker
GSE27272,10,8,GSM674385,train,non_smoker
GSE27272,10,8,GSM674386,train,smoker
GSE27272,10,8,GSM674387,train,smoker
GSE27272,10,8,GSM674388,train,non_smoker
GSE27272,10,8,GSM674389,train,non_smoker
GSE27272,10,8,GSM674390,train,non_smoker
GSE27272,10,8,GSM674391,train,non_smoker
GSE27272,10,8,GSM674392,train,smoker
GSE27272,10,8,GSM674393,train,non_smoker
GSE27272,10,8,GSM674394,train,non_smoker
GSE27272,10,8,GSM674395,train,non_smoker
GSE27272,10,8,GSM674396,train,smoker
GSE27272,10,8,GSM674397,train,non_smoker
GSE27272,10,8,GSM674398,train,non_smoker
GSE27272,10,8,GSM674399,train,smoker
GSE27272,10,8,GSM674400,train,non_smoker
GSE27272,10,8,GSM674401,train,non_smoker
GSE27272,10,8,GSM674402,train,non_smoker
GSE27272,10,8,GSM674403,train,non_smoker
GSE27272,10,8,GSM674404,train,smoker
GSE27272,10,8,GSM674405,train,non_smoker
GSE27272,10,8,GSM674406,train,non_smoker
GSE27272,10,8,GSM674407,train,non_smoker
GSE27272,10,8,GSM674188,test,smoker
GSE27272,10,8,GSM674201,test,non_smoker
GSE27272,10,8,GSM674208,test,non_smoker
GSE27272,10,8,GSM674218,test,non_smoker
GSE27272,10,8,GSM674223,test,non_smoker
GSE27272,10,8,GSM674231,test,non_smoker
GSE27272,10,8,GSM674237,test,non_smoker
GSE27272,10,8,GSM674238,test,smoker
GSE27272,10,8,GSM674285,test,non_smoker
GSE27272,10,8,GSM674287,test,non_smoker
GSE27272,10,8,GSM674303,test,smoker
GSE27272,10,8,GSM674309,test,non_smoker
GSE27272,10,8,GSM674315,test,non_smoker
GSE27272,10,8,GSM674326,test,smoker
GSE27272,10,8,GSM674344,test,non_smoker
GSE27272,10,8,GSM674363,test,non_smoker
GSE27272,10,8,GSM674376,test,smoker
GSE27272,10,8,GSM674382,test,non_smoker
GSE27272,10,9,GSM674181,train,non_smoker
GSE27272,10,9,GSM674182,train,smoker
GSE27272,10,9,GSM674183,train,non_smoker
GSE27272,10,9,GSM674185,train,non_smoker
GSE27272,10,9,GSM674186,train,non_smoker
GSE27272,10,9,GSM674187,train,non_smoker
GSE27272,10,9,GSM674188,train,smoker
GSE27272,10,9,GSM674189,train,smoker
GSE27272,10,9,GSM674190,train,non_smoker
GSE27272,10,9,GSM674191,train,non_smoker
GSE27272,10,9,GSM674192,train,non_smoker
GSE27272,10,9,GSM674193,train,non_smoker
GSE27272,10,9,GSM674194,train,non_smoker
GSE27272,10,9,GSM674195,train,non_smoker
GSE27272,10,9,GSM674196,train,smoker
GSE27272,10,9,GSM674198,train,non_smoker
GSE27272,10,9,GSM674199,train,smoker
GSE27272,10,9,GSM674200,train,non_smoker
GSE27272,10,9,GSM674201,train,non_smoker
GSE27272,10,9,GSM674203,train,non_smoker
GSE27272,10,9,GSM674204,train,non_smoker
GSE27272,10,9,GSM674205,train,non_smoker
GSE27272,10,9,GSM674206,train,non_smoker
GSE27272,10,9,GSM674207,train,smoker
GSE27272,10,9,GSM674208,train,non_smoker
GSE27272,10,9,GSM674209,train,non_smoker
GSE27272,10,9,GSM674210,train,non_smoker
GSE27272,10,9,GSM674211,train,smoker
GSE27272,10,9,GSM674212,train,non_smoker
GSE27272,10,9,GSM674213,train,smoker
GSE27272,10,9,GSM674214,train,non_smoker
GSE27272,10,9,GSM674216,train,smoker
GSE27272,10,9,GSM674217,train,smoker
GSE27272,10,9,GSM674218,train,non_smoker
GSE27272,10,9,GSM674219,train,non_smoker
GSE27272,10,9,GSM674220,train,non_smoker
GSE27272,10,9,GSM674221,train,non_smoker
GSE27272,10,9,GSM674222,train,smoker
GSE27272,10,9,GSM674223,train,non_smoker
GSE27272,10,9,GSM674224,train,smoker
GSE27272,10,9,GSM674225,train,non_smoker
GSE27272,10,9,GSM674226,train,non_smoker
GSE27272,10,9,GSM674227,train,smoker
GSE27272,10,9,GSM674228,train,smoker
GSE27272,10,9,GSM674230,train,non_smoker
GSE27272,10,9,GSM674231,train,non_smoker
GSE27272,10,9,GSM674232,train,non_smoker
GSE27272,10,9,GSM674233,train,smoker
GSE27272,10,9,GSM674234,train,non_smoker
GSE27272,10,9,GSM674235,train,non_smoker
GSE27272,10,9,GSM674236,train,non_smoker
GSE27272,10,9,GSM674237,train,non_smoker
GSE27272,10,9,GSM674238,train,smoker
GSE27272,10,9,GSM674239,train,non_smoker
GSE27272,10,9,GSM674240,train,non_smoker
GSE27272,10,9,GSM674241,train,smoker
GSE27272,10,9,GSM674243,train,non_smoker
GSE27272,10,9,GSM674244,train,non_smoker
GSE27272,10,9,GSM674245,train,non_smoker
GSE27272,10,9,GSM674282,train,non_smoker
GSE27272,10,9,GSM674283,train,smoker
GSE27272,10,9,GSM674284,train,non_smoker
GSE27272,10,9,GSM674285,train,non_smoker
GSE27272,10,9,GSM674286,train,smoker
GSE27272,10,9,GSM674287,train,non_smoker
GSE27272,10,9,GSM674288,train,non_smoker
GSE27272,10,9,GSM674289,train,non_smoker
GSE27272,10,9,GSM674290,train,non_smoker
GSE27272,10,9,GSM674291,train,non_smoker
GSE27272,10,9,GSM674292,train,non_smoker
GSE27272,10,9,GSM674293,train,smoker
GSE27272,10,9,GSM674294,train,smoker
GSE27272,10,9,GSM674295,train,non_smoker
GSE27272,10,9,GSM674297,train,non_smoker
GSE27272,10,9,GSM674298,train,non_smoker
GSE27272,10,9,GSM674300,train,non_smoker
GSE27272,10,9,GSM674301,train,non_smoker
GSE27272,10,9,GSM674302,train,non_smoker
GSE27272,10,9,GSM674303,train,smoker
GSE27272,10,9,GSM674304,train,non_smoker
GSE27272,10,9,GSM674305,train,non_smoker
GSE27272,10,9,GSM674307,train,smoker
GSE27272,10,9,GSM674308,train,non_smoker
GSE27272,10,9,GSM674309,train,non_smoker
GSE27272,10,9,GSM674310,train,smoker
GSE27272,10,9,GSM674311,train,smoker
GSE27272,10,9,GSM674312,train,smoker
GSE27272,10,9,GSM674313,train,non_smoker
GSE27272,10,9,GSM674314,train,non_smoker
GSE27272,10,9,GSM674315,train,non_smoker
GSE27272,10,9,GSM674317,train,smoker
GSE27272,10,9,GSM674318,train,non_smoker
GSE27272,10,9,GSM674319,train,smoker
GSE27272,10,9,GSM674320,train,non_smoker
GSE27272,10,9,GSM674321,train,smoker
GSE27272,10,9,GSM674324,train,non_smoker
GSE27272,10,9,GSM674325,train,non_smoker
GSE27272,10,9,GSM674326,train,smoker
GSE27272,10,9,GSM674327,train,non_smoker
GSE27272,10,9,GSM674328,train,non_smoker
GSE27272,10,9,GSM674329,train,smoker
GSE27272,10,9,GSM674331,train,non_smoker
GSE27272,10,9,GSM674332,train,non_smoker
GSE27272,10,9,GSM674333,train,smoker
GSE27272,10,9,GSM674334,train,non_smoker
GSE27272,10,9,GSM674335,train,non_smoker
GSE27272,10,9,GSM674344,train,non_smoker
GSE27272,10,9,GSM674345,train,smoker
GSE27272,10,9,GSM674346,train,non_smoker
GSE27272,10,9,GSM674347,train,non_smoker
GSE27272,10,9,GSM674348,train,non_smoker
GSE27272,10,9,GSM674349,train,non_smoker
GSE27272,10,9,GSM674350,train,non_smoker
GSE27272,10,9,GSM674351,train,smoker
GSE27272,10,9,GSM674352,train,smoker
GSE27272,10,9,GSM674353,train,non_smoker
GSE27272,10,9,GSM674354,train,non_smoker
GSE27272,10,9,GSM674355,train,non_smoker
GSE27272,10,9,GSM674356,train,non_smoker
GSE27272,10,9,GSM674357,train,non_smoker
GSE27272,10,9,GSM674358,train,non_smoker
GSE27272,10,9,GSM674359,train,smoker
GSE27272,10,9,GSM674360,train,smoker
GSE27272,10,9,GSM674361,train,non_smoker
GSE27272,10,9,GSM674362,train,smoker
GSE27272,10,9,GSM674363,train,non_smoker
GSE27272,10,9,GSM674364,train,non_smoker
GSE27272,10,9,GSM674365,train,non_smoker
GSE27272,10,9,GSM674366,train,non_smoker
GSE27272,10,9,GSM674367,train,non_smoker
GSE27272,10,9,GSM674368,train,non_smoker
GSE27272,10,9,GSM674369,train,smoker
GSE27272,10,9,GSM674370,train,non_smoker
GSE27272,10,9,GSM674371,train,non_smoker
GSE27272,10,9,GSM674372,train,smoker
GSE27272,10,9,GSM674374,train,smoker
GSE27272,10,9,GSM674375,train,non_smoker
GSE27272,10,9,GSM674376,train,smoker
GSE27272,10,9,GSM674377,train,smoker
GSE27272,10,9,GSM674378,train,smoker
GSE27272,10,9,GSM674379,train,non_smoker
GSE27272,10,9,GSM674380,train,non_smoker
GSE27272,10,9,GSM674381,train,non_smoker
GSE27272,10,9,GSM674382,train,non_smoker
GSE27272,10,9,GSM674383,train,smoker
GSE27272,10,9,GSM674384,train,non_smoker
GSE27272,10,9,GSM674386,train,smoker
GSE27272,10,9,GSM674387,train,smoker
GSE27272,10,9,GSM674388,train,non_smoker
GSE27272,10,9,GSM674389,train,non_smoker
GSE27272,10,9,GSM674390,train,non_smoker
GSE27272,10,9,GSM674391,train,non_smoker
GSE27272,10,9,GSM674392,train,smoker
GSE27272,10,9,GSM674393,train,non_smoker
GSE27272,10,9,GSM674394,train,non_smoker
GSE27272,10,9,GSM674395,train,non_smoker
GSE27272,10,9,GSM674396,train,smoker
GSE27272,10,9,GSM674397,train,non_smoker
GSE27272,10,9,GSM674398,train,non_smoker
GSE27272,10,9,GSM674399,train,smoker
GSE27272,10,9,GSM674400,train,non_smoker
GSE27272,10,9,GSM674402,train,non_smoker
GSE27272,10,9,GSM674403,train,non_smoker
GSE27272,10,9,GSM674405,train,non_smoker
GSE27272,10,9,GSM674406,train,non_smoker
GSE27272,10,9,GSM674407,train,non_smoker
GSE27272,10,9,GSM674184,test,non_smoker
GSE27272,10,9,GSM674197,test,smoker
GSE27272,10,9,GSM674202,test,non_smoker
GSE27272,10,9,GSM674215,test,smoker
GSE27272,10,9,GSM674229,test,non_smoker
GSE27272,10,9,GSM674242,test,non_smoker
GSE27272,10,9,GSM674296,test,smoker
GSE27272,10,9,GSM674299,test,non_smoker
GSE27272,10,9,GSM674306,test,non_smoker
GSE27272,10,9,GSM674316,test,non_smoker
GSE27272,10,9,GSM674322,test,smoker
GSE27272,10,9,GSM674323,test,non_smoker
GSE27272,10,9,GSM674330,test,non_smoker
GSE27272,10,9,GSM674373,test,non_smoker
GSE27272,10,9,GSM674385,test,non_smoker
GSE27272,10,9,GSM674401,test,non_smoker
GSE27272,10,9,GSM674404,test,smoker
GSE27272,10,10,GSM674181,train,non_smoker
GSE27272,10,10,GSM674182,train,smoker
GSE27272,10,10,GSM674183,train,non_smoker
GSE27272,10,10,GSM674184,train,non_smoker
GSE27272,10,10,GSM674185,train,non_smoker
GSE27272,10,10,GSM674186,train,non_smoker
GSE27272,10,10,GSM674187,train,non_smoker
GSE27272,10,10,GSM674188,train,smoker
GSE27272,10,10,GSM674189,train,smoker
GSE27272,10,10,GSM674190,train,non_smoker
GSE27272,10,10,GSM674192,train,non_smoker
GSE27272,10,10,GSM674193,train,non_smoker
GSE27272,10,10,GSM674195,train,non_smoker
GSE27272,10,10,GSM674196,train,smoker
GSE27272,10,10,GSM674197,train,smoker
GSE27272,10,10,GSM674198,train,non_smoker
GSE27272,10,10,GSM674199,train,smoker
GSE27272,10,10,GSM674200,train,non_smoker
GSE27272,10,10,GSM674201,train,non_smoker
GSE27272,10,10,GSM674202,train,non_smoker
GSE27272,10,10,GSM674204,train,non_smoker
GSE27272,10,10,GSM674206,train,non_smoker
GSE27272,10,10,GSM674208,train,non_smoker
GSE27272,10,10,GSM674209,train,non_smoker
GSE27272,10,10,GSM674210,train,non_smoker
GSE27272,10,10,GSM674212,train,non_smoker
GSE27272,10,10,GSM674213,train,smoker
GSE27272,10,10,GSM674214,train,non_smoker
GSE27272,10,10,GSM674215,train,smoker
GSE27272,10,10,GSM674216,train,smoker
GSE27272,10,10,GSM674217,train,smoker
GSE27272,10,10,GSM674218,train,non_smoker
GSE27272,10,10,GSM674221,train,non_smoker
GSE27272,10,10,GSM674222,train,smoker
GSE27272,10,10,GSM674223,train,non_smoker
GSE27272,10,10,GSM674224,train,smoker
GSE27272,10,10,GSM674225,train,non_smoker
GSE27272,10,10,GSM674226,train,non_smoker
GSE27272,10,10,GSM674227,train,smoker
GSE27272,10,10,GSM674228,train,smoker
GSE27272,10,10,GSM674229,train,non_smoker
GSE27272,10,10,GSM674230,train,non_smoker
GSE27272,10,10,GSM674231,train,non_smoker
GSE27272,10,10,GSM674232,train,non_smoker
GSE27272,10,10,GSM674233,train,smoker
GSE27272,10,10,GSM674235,train,non_smoker
GSE27272,10,10,GSM674236,train,non_smoker
GSE27272,10,10,GSM674237,train,non_smoker
GSE27272,10,10,GSM674238,train,smoker
GSE27272,10,10,GSM674239,train,non_smoker
GSE27272,10,10,GSM674240,train,non_smoker
GSE27272,10,10,GSM674241,train,smoker
GSE27272,10,10,GSM674242,train,non_smoker
GSE27272,10,10,GSM674243,train,non_smoker
GSE27272,10,10,GSM674282,train,non_smoker
GSE27272,10,10,GSM674283,train,smoker
GSE27272,10,10,GSM674285,train,non_smoker
GSE27272,10,10,GSM674287,train,non_smoker
GSE27272,10,10,GSM674288,train,non_smoker
GSE27272,10,10,GSM674289,train,non_smoker
GSE27272,10,10,GSM674290,train,non_smoker
GSE27272,10,10,GSM674291,train,non_smoker
GSE27272,10,10,GSM674292,train,non_smoker
GSE27272,10,10,GSM674293,train,smoker
GSE27272,10,10,GSM674294,train,smoker
GSE27272,10,10,GSM674295,train,non_smoker
GSE27272,10,10,GSM674296,train,smoker
GSE27272,10,10,GSM674297,train,non_smoker
GSE27272,10,10,GSM674298,train,non_smoker
GSE27272,10,10,GSM674299,train,non_smoker
GSE27272,10,10,GSM674300,train,non_smoker
GSE27272,10,10,GSM674301,train,non_smoker
GSE27272,10,10,GSM674302,train,non_smoker
GSE27272,10,10,GSM674303,train,smoker
GSE27272,10,10,GSM674304,train,non_smoker
GSE27272,10,10,GSM674305,train,non_smoker
GSE27272,10,10,GSM674306,train,non_smoker
GSE27272,10,10,GSM674307,train,smoker
GSE27272,10,10,GSM674308,train,non_smoker
GSE27272,10,10,GSM674309,train,non_smoker
GSE27272,10,10,GSM674310,train,smoker
GSE27272,10,10,GSM674311,train,smoker
GSE27272,10,10,GSM674312,train,smoker
GSE27272,10,10,GSM674313,train,non_smoker
GSE27272,10,10,GSM674314,train,non_smoker
GSE27272,10,10,GSM674315,train,non_smoker
GSE27272,10,10,GSM674316,train,non_smoker
GSE27272,10,10,GSM674317,train,smoker
GSE27272,10,10,GSM674318,train,non_smoker
GSE27272,10,10,GSM674319,train,smoker
GSE27272,10,10,GSM674320,train,non_smoker
GSE27272,10,10,GSM674321,train,smoker
GSE27272,10,10,GSM674322,train,smoker
GSE27272,10,10,GSM674323,train,non_smoker
GSE27272,10,10,GSM674324,train,non_smoker
GSE27272,10,10,GSM674325,train,non_smoker
GSE27272,10,10,GSM674326,train,smoker
GSE27272,10,10,GSM674327,train,non_smoker
GSE27272,10,10,GSM674328,train,non_smoker
GSE27272,10,10,GSM674329,train,smoker
GSE27272,10,10,GSM674330,train,non_smoker
GSE27272,10,10,GSM674331,train,non_smoker
GSE27272,10,10,GSM674332,train,non_smoker
GSE27272,10,10,GSM674334,train,non_smoker
GSE27272,10,10,GSM674335,train,non_smoker
GSE27272,10,10,GSM674344,train,non_smoker
GSE27272,10,10,GSM674345,train,smoker
GSE27272,10,10,GSM674346,train,non_smoker
GSE27272,10,10,GSM674347,train,non_smoker
GSE27272,10,10,GSM674348,train,non_smoker
GSE27272,10,10,GSM674349,train,non_smoker
GSE27272,10,10,GSM674350,train,non_smoker
GSE27272,10,10,GSM674351,train,smoker
GSE27272,10,10,GSM674352,train,smoker
GSE27272,10,10,GSM674354,train,non_smoker
GSE27272,10,10,GSM674355,train,non_smoker
GSE27272,10,10,GSM674356,train,non_smoker
GSE27272,10,10,GSM674357,train,non_smoker
GSE27272,10,10,GSM674358,train,non_smoker
GSE27272,10,10,GSM674359,train,smoker
GSE27272,10,10,GSM674360,train,smoker
GSE27272,10,10,GSM674361,train,non_smoker
GSE27272,10,10,GSM674362,train,smoker
GSE27272,10,10,GSM674363,train,non_smoker
GSE27272,10,10,GSM674364,train,non_smoker
GSE27272,10,10,GSM674365,train,non_smoker
GSE27272,10,10,GSM674366,train,non_smoker
GSE27272,10,10,GSM674367,train,non_smoker
GSE27272,10,10,GSM674368,train,non_smoker
GSE27272,10,10,GSM674369,train,smoker
GSE27272,10,10,GSM674370,train,non_smoker
GSE27272,10,10,GSM674371,train,non_smoker
GSE27272,10,10,GSM674372,train,smoker
GSE27272,10,10,GSM674373,train,non_smoker
GSE27272,10,10,GSM674374,train,smoker
GSE27272,10,10,GSM674375,train,non_smoker
GSE27272,10,10,GSM674376,train,smoker
GSE27272,10,10,GSM674377,train,smoker
GSE27272,10,10,GSM674378,train,smoker
GSE27272,10,10,GSM674379,train,non_smoker
GSE27272,10,10,GSM674380,train,non_smoker
GSE27272,10,10,GSM674382,train,non_smoker
GSE27272,10,10,GSM674384,train,non_smoker
GSE27272,10,10,GSM674385,train,non_smoker
GSE27272,10,10,GSM674386,train,smoker
GSE27272,10,10,GSM674387,train,smoker
GSE27272,10,10,GSM674388,train,non_smoker
GSE27272,10,10,GSM674389,train,non_smoker
GSE27272,10,10,GSM674390,train,non_smoker
GSE27272,10,10,GSM674391,train,non_smoker
GSE27272,10,10,GSM674392,train,smoker
GSE27272,10,10,GSM674393,train,non_smoker
GSE27272,10,10,GSM674394,train,non_smoker
GSE27272,10,10,GSM674395,train,non_smoker
GSE27272,10,10,GSM674396,train,smoker
GSE27272,10,10,GSM674397,train,non_smoker
GSE27272,10,10,GSM674398,train,non_smoker
GSE27272,10,10,GSM674399,train,smoker
GSE27272,10,10,GSM674400,train,non_smoker
GSE27272,10,10,GSM674401,train,non_smoker
GSE27272,10,10,GSM674402,train,non_smoker
GSE27272,10,10,GSM674403,train,non_smoker
GSE27272,10,10,GSM674404,train,smoker
GSE27272,10,10,GSM674405,train,non_smoker
GSE27272,10,10,GSM674406,train,non_smoker
GSE27272,10,10,GSM674407,train,non_smoker
GSE27272,10,10,GSM674191,test,non_smoker
GSE27272,10,10,GSM674194,test,non_smoker
GSE27272,10,10,GSM674203,test,non_smoker
GSE27272,10,10,GSM674205,test,non_smoker
GSE27272,10,10,GSM674207,test,smoker
GSE27272,10,10,GSM674211,test,smoker
GSE27272,10,10,GSM674219,test,non_smoker
GSE27272,10,10,GSM674220,test,non_smoker
GSE27272,10,10,GSM674234,test,non_smoker
GSE27272,10,10,GSM674244,test,non_smoker
GSE27272,10,10,GSM674245,test,non_smoker
GSE27272,10,10,GSM674284,test,non_smoker
GSE27272,10,10,GSM674286,test,smoker
GSE27272,10,10,GSM674333,test,smoker
GSE27272,10,10,GSM674353,test,non_smoker
GSE27272,10,10,GSM674381,test,non_smoker
GSE27272,10,10,GSM674383,test,smoker
